<?xml version="1.0" encoding="UTF-8"?>
<!--  (c) Financial Services Agency, The Japanese Government.
      All Rights Reserved.
      For intellectual property policy and authorized uses of EDINET Taxonomy,
      refer to “EDINET Taxonomy Legal Statement” at http://www.fsa.go.jp/search/EDINET_Taxonomy_Legal_Statement.html
-->
<link:linkbase xmlns:link="http://www.xbrl.org/2003/linkbase" xmlns:xsi="http://www.w3.org/2001/XMLSchema-instance" xmlns:xlink="http://www.w3.org/1999/xlink" xmlns:xbrli="http://www.xbrl.org/2003/instance">
  <link:roleRef roleURI="http://disclosure.edinet-fsa.go.jp/role/jpcrp/rol_std_CabinetOfficeOrdinanceOnDisclosureOfCorporateInformationEtcFormNo10SemiannualSecuritiesReport" xlink:type="simple" xlink:href="../jpcrp_rt_2019-02-28.xsd#rol_std_CabinetOfficeOrdinanceOnDisclosureOfCorporateInformationEtcFormNo10SemiannualSecuritiesReport"/>
  <link:presentationLink xlink:type="extended" xlink:role="http://disclosure.edinet-fsa.go.jp/role/jpcrp/rol_std_CabinetOfficeOrdinanceOnDisclosureOfCorporateInformationEtcFormNo10SemiannualSecuritiesReport">
    <link:loc xlink:type="locator" xlink:href="../../../jppfs/2019-02-28/jppfs_cor_2019-02-28.xsd#jppfs_cor_SemiAnnualBalanceSheetHeading" xlink:label="SemiAnnualBalanceSheetHeading"/>
    <link:loc xlink:type="locator" xlink:href="../jpcrp_cor_2019-02-28.xsd#jpcrp_cor_SemiAnnualBalanceSheetTextBlock" xlink:label="SemiAnnualBalanceSheetTextBlock"/>
    <link:presentationArc xlink:type="arc" xlink:arcrole="http://www.xbrl.org/2003/arcrole/parent-child" xlink:from="SemiAnnualBalanceSheetHeading" xlink:to="SemiAnnualBalanceSheetTextBlock" order="1.0"/>
    <link:loc xlink:type="locator" xlink:href="../../../jppfs/2019-02-28/jppfs_cor_2019-02-28.xsd#jppfs_cor_SemiAnnualStatementOfIncomeHeading" xlink:label="SemiAnnualStatementOfIncomeHeading"/>
    <link:loc xlink:type="locator" xlink:href="../jpcrp_cor_2019-02-28.xsd#jpcrp_cor_SemiAnnualStatementOfIncomeTextBlock" xlink:label="SemiAnnualStatementOfIncomeTextBlock"/>
    <link:presentationArc xlink:type="arc" xlink:arcrole="http://www.xbrl.org/2003/arcrole/parent-child" xlink:from="SemiAnnualStatementOfIncomeHeading" xlink:to="SemiAnnualStatementOfIncomeTextBlock" order="1.0"/>
    <link:loc xlink:type="locator" xlink:href="../../../jppfs/2019-02-28/jppfs_cor_2019-02-28.xsd#jppfs_cor_SemiAnnualStatementOfChangesInEquityHeading" xlink:label="SemiAnnualStatementOfChangesInEquityHeading"/>
    <link:loc xlink:type="locator" xlink:href="../jpcrp_cor_2019-02-28.xsd#jpcrp_cor_SemiAnnualStatementOfChangesInEquityTextBlock" xlink:label="SemiAnnualStatementOfChangesInEquityTextBlock"/>
    <link:presentationArc xlink:type="arc" xlink:arcrole="http://www.xbrl.org/2003/arcrole/parent-child" xlink:from="SemiAnnualStatementOfChangesInEquityHeading" xlink:to="SemiAnnualStatementOfChangesInEquityTextBlock" order="1.0"/>
    <link:loc xlink:type="locator" xlink:href="../../../jppfs/2019-02-28/jppfs_cor_2019-02-28.xsd#jppfs_cor_SemiAnnualStatementOfCashFlowsHeading" xlink:label="SemiAnnualStatementOfCashFlowsHeading"/>
    <link:loc xlink:type="locator" xlink:href="../jpcrp_cor_2019-02-28.xsd#jpcrp_cor_SemiAnnualStatementOfCashFlowsTextBlock" xlink:label="SemiAnnualStatementOfCashFlowsTextBlock"/>
    <link:presentationArc xlink:type="arc" xlink:arcrole="http://www.xbrl.org/2003/arcrole/parent-child" xlink:from="SemiAnnualStatementOfCashFlowsHeading" xlink:to="SemiAnnualStatementOfCashFlowsTextBlock" order="1.0"/>
    <link:loc xlink:type="locator" xlink:href="../../../jppfs/2019-02-28/jppfs_cor_2019-02-28.xsd#jppfs_cor_SemiAnnualConsolidatedBalanceSheetHeading" xlink:label="SemiAnnualConsolidatedBalanceSheetHeading"/>
    <link:loc xlink:type="locator" xlink:href="../jpcrp_cor_2019-02-28.xsd#jpcrp_cor_SemiAnnualConsolidatedBalanceSheetTextBlock" xlink:label="SemiAnnualConsolidatedBalanceSheetTextBlock"/>
    <link:presentationArc xlink:type="arc" xlink:arcrole="http://www.xbrl.org/2003/arcrole/parent-child" xlink:from="SemiAnnualConsolidatedBalanceSheetHeading" xlink:to="SemiAnnualConsolidatedBalanceSheetTextBlock" order="1.0"/>
    <link:loc xlink:type="locator" xlink:href="../../../jppfs/2019-02-28/jppfs_cor_2019-02-28.xsd#jppfs_cor_SemiAnnualConsolidatedStatementOfIncomeAndConsolidatedStatementOfComprehensiveIncomeHeading" xlink:label="SemiAnnualConsolidatedStatementOfIncomeAndConsolidatedStatementOfComprehensiveIncomeHeading"/>
    <link:loc xlink:type="locator" xlink:href="../../../jppfs/2019-02-28/jppfs_cor_2019-02-28.xsd#jppfs_cor_SemiAnnualConsolidatedStatementOfIncomeHeading" xlink:label="SemiAnnualConsolidatedStatementOfIncomeHeading"/>
    <link:presentationArc xlink:type="arc" xlink:arcrole="http://www.xbrl.org/2003/arcrole/parent-child" xlink:from="SemiAnnualConsolidatedStatementOfIncomeAndConsolidatedStatementOfComprehensiveIncomeHeading" xlink:to="SemiAnnualConsolidatedStatementOfIncomeHeading" order="1.0"/>
    <link:loc xlink:type="locator" xlink:href="../jpcrp_cor_2019-02-28.xsd#jpcrp_cor_SemiAnnualConsolidatedStatementOfIncomeTextBlock" xlink:label="SemiAnnualConsolidatedStatementOfIncomeTextBlock"/>
    <link:presentationArc xlink:type="arc" xlink:arcrole="http://www.xbrl.org/2003/arcrole/parent-child" xlink:from="SemiAnnualConsolidatedStatementOfIncomeHeading" xlink:to="SemiAnnualConsolidatedStatementOfIncomeTextBlock" order="1.0"/>
    <link:loc xlink:type="locator" xlink:href="../../../jppfs/2019-02-28/jppfs_cor_2019-02-28.xsd#jppfs_cor_SemiAnnualConsolidatedStatementOfComprehensiveIncomeHeading" xlink:label="SemiAnnualConsolidatedStatementOfComprehensiveIncomeHeading"/>
    <link:presentationArc xlink:type="arc" xlink:arcrole="http://www.xbrl.org/2003/arcrole/parent-child" xlink:from="SemiAnnualConsolidatedStatementOfIncomeAndConsolidatedStatementOfComprehensiveIncomeHeading" xlink:to="SemiAnnualConsolidatedStatementOfComprehensiveIncomeHeading" order="2.0"/>
    <link:loc xlink:type="locator" xlink:href="../jpcrp_cor_2019-02-28.xsd#jpcrp_cor_SemiAnnualConsolidatedStatementOfComprehensiveIncomeTextBlock" xlink:label="SemiAnnualConsolidatedStatementOfComprehensiveIncomeTextBlock"/>
    <link:presentationArc xlink:type="arc" xlink:arcrole="http://www.xbrl.org/2003/arcrole/parent-child" xlink:from="SemiAnnualConsolidatedStatementOfComprehensiveIncomeHeading" xlink:to="SemiAnnualConsolidatedStatementOfComprehensiveIncomeTextBlock" order="1.0"/>
    <link:loc xlink:type="locator" xlink:href="../../../jppfs/2019-02-28/jppfs_cor_2019-02-28.xsd#jppfs_cor_SemiAnnualConsolidatedStatementOfComprehensiveIncomeSingleStatementHeading" xlink:label="SemiAnnualConsolidatedStatementOfComprehensiveIncomeSingleStatementHeading"/>
    <link:loc xlink:type="locator" xlink:href="../jpcrp_cor_2019-02-28.xsd#jpcrp_cor_SemiAnnualConsolidatedStatementOfComprehensiveIncomeSingleStatementTextBlock" xlink:label="SemiAnnualConsolidatedStatementOfComprehensiveIncomeSingleStatementTextBlock"/>
    <link:presentationArc xlink:type="arc" xlink:arcrole="http://www.xbrl.org/2003/arcrole/parent-child" xlink:from="SemiAnnualConsolidatedStatementOfComprehensiveIncomeSingleStatementHeading" xlink:to="SemiAnnualConsolidatedStatementOfComprehensiveIncomeSingleStatementTextBlock" order="1.0"/>
    <link:loc xlink:type="locator" xlink:href="../../../jppfs/2019-02-28/jppfs_cor_2019-02-28.xsd#jppfs_cor_SemiAnnualConsolidatedStatementOfChangesInEquityHeading" xlink:label="SemiAnnualConsolidatedStatementOfChangesInEquityHeading"/>
    <link:loc xlink:type="locator" xlink:href="../jpcrp_cor_2019-02-28.xsd#jpcrp_cor_SemiAnnualConsolidatedStatementOfChangesInEquityTextBlock" xlink:label="SemiAnnualConsolidatedStatementOfChangesInEquityTextBlock"/>
    <link:presentationArc xlink:type="arc" xlink:arcrole="http://www.xbrl.org/2003/arcrole/parent-child" xlink:from="SemiAnnualConsolidatedStatementOfChangesInEquityHeading" xlink:to="SemiAnnualConsolidatedStatementOfChangesInEquityTextBlock" order="1.0"/>
    <link:loc xlink:type="locator" xlink:href="../../../jppfs/2019-02-28/jppfs_cor_2019-02-28.xsd#jppfs_cor_SemiAnnualConsolidatedStatementOfCashFlowsHeading" xlink:label="SemiAnnualConsolidatedStatementOfCashFlowsHeading"/>
    <link:loc xlink:type="locator" xlink:href="../jpcrp_cor_2019-02-28.xsd#jpcrp_cor_SemiAnnualConsolidatedStatementOfCashFlowsTextBlock" xlink:label="SemiAnnualConsolidatedStatementOfCashFlowsTextBlock"/>
    <link:presentationArc xlink:type="arc" xlink:arcrole="http://www.xbrl.org/2003/arcrole/parent-child" xlink:from="SemiAnnualConsolidatedStatementOfCashFlowsHeading" xlink:to="SemiAnnualConsolidatedStatementOfCashFlowsTextBlock" order="1.0"/>
    <link:loc xlink:type="locator" xlink:href="../jpcrp_cor_2019-02-28.xsd#jpcrp_cor_SemiAnnualConsolidatedFinancialStatementsEtcHeading" xlink:label="SemiAnnualConsolidatedFinancialStatementsEtcHeading"/>
    <link:loc xlink:type="locator" xlink:href="../jpcrp_cor_2019-02-28.xsd#jpcrp_cor_SemiAnnualConsolidatedFinancialStatementsHeading" xlink:label="SemiAnnualConsolidatedFinancialStatementsHeading"/>
    <link:presentationArc xlink:type="arc" xlink:arcrole="http://www.xbrl.org/2003/arcrole/parent-child" xlink:from="SemiAnnualConsolidatedFinancialStatementsEtcHeading" xlink:to="SemiAnnualConsolidatedFinancialStatementsHeading" order="1.0"/>
    <link:presentationArc xlink:type="arc" xlink:arcrole="http://www.xbrl.org/2003/arcrole/parent-child" xlink:from="SemiAnnualConsolidatedFinancialStatementsHeading" xlink:to="SemiAnnualConsolidatedBalanceSheetHeading" order="1.0"/>
    <link:presentationArc xlink:type="arc" xlink:arcrole="http://www.xbrl.org/2003/arcrole/parent-child" xlink:from="SemiAnnualConsolidatedFinancialStatementsHeading" xlink:to="SemiAnnualConsolidatedStatementOfIncomeAndConsolidatedStatementOfComprehensiveIncomeHeading" order="2.0"/>
    <link:presentationArc xlink:type="arc" xlink:arcrole="http://www.xbrl.org/2003/arcrole/parent-child" xlink:from="SemiAnnualConsolidatedFinancialStatementsHeading" xlink:to="SemiAnnualConsolidatedStatementOfComprehensiveIncomeSingleStatementHeading" order="3.0"/>
    <link:presentationArc xlink:type="arc" xlink:arcrole="http://www.xbrl.org/2003/arcrole/parent-child" xlink:from="SemiAnnualConsolidatedFinancialStatementsHeading" xlink:to="SemiAnnualConsolidatedStatementOfChangesInEquityHeading" order="4.0"/>
    <link:presentationArc xlink:type="arc" xlink:arcrole="http://www.xbrl.org/2003/arcrole/parent-child" xlink:from="SemiAnnualConsolidatedFinancialStatementsHeading" xlink:to="SemiAnnualConsolidatedStatementOfCashFlowsHeading" order="5.0"/>
    <link:loc xlink:type="locator" xlink:href="../jpcrp_cor_2019-02-28.xsd#jpcrp_cor_SemiAnnualFinancialStatementsEtcHeading" xlink:label="SemiAnnualFinancialStatementsEtcHeading"/>
    <link:loc xlink:type="locator" xlink:href="../jpcrp_cor_2019-02-28.xsd#jpcrp_cor_SemiAnnualFinancialStatementsHeading" xlink:label="SemiAnnualFinancialStatementsHeading"/>
    <link:presentationArc xlink:type="arc" xlink:arcrole="http://www.xbrl.org/2003/arcrole/parent-child" xlink:from="SemiAnnualFinancialStatementsEtcHeading" xlink:to="SemiAnnualFinancialStatementsHeading" order="1.0"/>
    <link:presentationArc xlink:type="arc" xlink:arcrole="http://www.xbrl.org/2003/arcrole/parent-child" xlink:from="SemiAnnualFinancialStatementsHeading" xlink:to="SemiAnnualBalanceSheetHeading" order="1.0"/>
    <link:presentationArc xlink:type="arc" xlink:arcrole="http://www.xbrl.org/2003/arcrole/parent-child" xlink:from="SemiAnnualFinancialStatementsHeading" xlink:to="SemiAnnualStatementOfIncomeHeading" order="2.0"/>
    <link:presentationArc xlink:type="arc" xlink:arcrole="http://www.xbrl.org/2003/arcrole/parent-child" xlink:from="SemiAnnualFinancialStatementsHeading" xlink:to="SemiAnnualStatementOfChangesInEquityHeading" order="3.0"/>
    <link:presentationArc xlink:type="arc" xlink:arcrole="http://www.xbrl.org/2003/arcrole/parent-child" xlink:from="SemiAnnualFinancialStatementsHeading" xlink:to="SemiAnnualStatementOfCashFlowsHeading" order="4.0"/>
    <link:loc xlink:type="locator" xlink:href="../jpcrp_cor_2019-02-28.xsd#jpcrp_cor_CabinetOfficeOrdinanceOnDisclosureOfCorporateInformationEtcFormNo10SemiannualSecuritiesReportHeading" xlink:label="CabinetOfficeOrdinanceOnDisclosureOfCorporateInformationEtcFormNo10SemiannualSecuritiesReportHeading"/>
    <link:presentationArc xlink:type="arc" xlink:arcrole="http://www.xbrl.org/2003/arcrole/parent-child" xlink:from="CabinetOfficeOrdinanceOnDisclosureOfCorporateInformationEtcFormNo10SemiannualSecuritiesReportHeading" xlink:to="SemiAnnualConsolidatedFinancialStatementsEtcHeading" order="1.0"/>
    <link:presentationArc xlink:type="arc" xlink:arcrole="http://www.xbrl.org/2003/arcrole/parent-child" xlink:from="CabinetOfficeOrdinanceOnDisclosureOfCorporateInformationEtcFormNo10SemiannualSecuritiesReportHeading" xlink:to="SemiAnnualFinancialStatementsEtcHeading" order="2.0"/>
  </link:presentationLink>
</link:linkbase>
