<?xml version="1.0" encoding="UTF-8"?>
<!--  (c) Financial Services Agency, The Japanese Government.
      All Rights Reserved.
      For intellectual property policy and authorized uses of EDINET Taxonomy,
      refer to “EDINET Taxonomy Legal Statement” at http://www.fsa.go.jp/search/EDINET_Taxonomy_Legal_Statement.html
-->
<link:linkbase xmlns:link="http://www.xbrl.org/2003/linkbase" xmlns:xsi="http://www.w3.org/2001/XMLSchema-instance" xmlns:xlink="http://www.w3.org/1999/xlink" xmlns:xbrli="http://www.xbrl.org/2003/instance">
  <link:roleRef roleURI="http://disclosure.edinet-fsa.go.jp/role/jpcrp/rol_std_NotesStatementOfIncome" xlink:type="simple" xlink:href="../jpcrp_rt_2019-02-28.xsd#rol_std_NotesStatementOfIncome"/>
  <link:presentationLink xlink:type="extended" xlink:role="http://disclosure.edinet-fsa.go.jp/role/jpcrp/rol_std_NotesStatementOfIncome">
    <link:loc xlink:type="locator" xlink:href="../../../jppfs/2019-02-28/jppfs_cor_2019-02-28.xsd#jppfs_cor_ConsolidatedOrNonConsolidatedAxis" xlink:label="ConsolidatedOrNonConsolidatedAxis"/>
    <link:loc xlink:type="locator" xlink:href="../../../jppfs/2019-02-28/jppfs_cor_2019-02-28.xsd#jppfs_cor_NonConsolidatedMember" xlink:label="NonConsolidatedMember"/>
    <link:presentationArc xlink:type="arc" xlink:arcrole="http://www.xbrl.org/2003/arcrole/parent-child" xlink:from="ConsolidatedOrNonConsolidatedAxis" xlink:to="NonConsolidatedMember" order="1.0"/>
    <link:loc xlink:type="locator" xlink:href="../jpcrp_cor_2019-02-28.xsd#jpcrp_cor_MajorComponentsOfSellingGeneralAndAdministrativeExpensesTextBlock" xlink:label="MajorComponentsOfSellingGeneralAndAdministrativeExpensesTextBlock"/>
    <link:loc xlink:type="locator" xlink:href="../../../jppfs/2019-02-28/jppfs_cor_2019-02-28.xsd#jppfs_cor_DepreciationSGA" xlink:label="DepreciationSGA"/>
    <link:presentationArc xlink:type="arc" xlink:arcrole="http://www.xbrl.org/2003/arcrole/parent-child" xlink:from="MajorComponentsOfSellingGeneralAndAdministrativeExpensesTextBlock" xlink:to="DepreciationSGA" order="1.0"/>
    <link:loc xlink:type="locator" xlink:href="../../../jppfs/2019-02-28/jppfs_cor_2019-02-28.xsd#jppfs_cor_ProvisionOfAllowanceForDoubtfulAccountsSGA" xlink:label="ProvisionOfAllowanceForDoubtfulAccountsSGA"/>
    <link:presentationArc xlink:type="arc" xlink:arcrole="http://www.xbrl.org/2003/arcrole/parent-child" xlink:from="MajorComponentsOfSellingGeneralAndAdministrativeExpensesTextBlock" xlink:to="ProvisionOfAllowanceForDoubtfulAccountsSGA" order="2.0"/>
    <link:loc xlink:type="locator" xlink:href="../jpcrp_cor_2019-02-28.xsd#jpcrp_cor_NotesStatementOfIncomeHeading" xlink:label="NotesStatementOfIncomeHeading"/>
    <link:loc xlink:type="locator" xlink:href="../jpcrp_cor_2019-02-28.xsd#jpcrp_cor_NotesStatementOfIncomeTable" xlink:label="NotesStatementOfIncomeTable"/>
    <link:presentationArc xlink:type="arc" xlink:arcrole="http://www.xbrl.org/2003/arcrole/parent-child" xlink:from="NotesStatementOfIncomeHeading" xlink:to="NotesStatementOfIncomeTable" order="1.0"/>
    <link:presentationArc xlink:type="arc" xlink:arcrole="http://www.xbrl.org/2003/arcrole/parent-child" xlink:from="NotesStatementOfIncomeTable" xlink:to="ConsolidatedOrNonConsolidatedAxis" order="1.0"/>
    <link:loc xlink:type="locator" xlink:href="../jpcrp_cor_2019-02-28.xsd#jpcrp_cor_NotesStatementOfIncomeLineItems" xlink:label="NotesStatementOfIncomeLineItems"/>
    <link:presentationArc xlink:type="arc" xlink:arcrole="http://www.xbrl.org/2003/arcrole/parent-child" xlink:from="NotesStatementOfIncomeHeading" xlink:to="NotesStatementOfIncomeLineItems" order="2.0"/>
    <link:loc xlink:type="locator" xlink:href="../jpcrp_cor_2019-02-28.xsd#jpcrp_cor_NotesRegardingRevenueFromAffiliatedEntitiesTextBlock" xlink:label="NotesRegardingRevenueFromAffiliatedEntitiesTextBlock"/>
    <link:presentationArc xlink:type="arc" xlink:arcrole="http://www.xbrl.org/2003/arcrole/parent-child" xlink:from="NotesStatementOfIncomeLineItems" xlink:to="NotesRegardingRevenueFromAffiliatedEntitiesTextBlock" order="1.0"/>
    <link:loc xlink:type="locator" xlink:href="../jpcrp_cor_2019-02-28.xsd#jpcrp_cor_NotesRegardingLossOnConstructionContractsTextBlock" xlink:label="NotesRegardingLossOnConstructionContractsTextBlock"/>
    <link:presentationArc xlink:type="arc" xlink:arcrole="http://www.xbrl.org/2003/arcrole/parent-child" xlink:from="NotesStatementOfIncomeLineItems" xlink:to="NotesRegardingLossOnConstructionContractsTextBlock" order="2.0"/>
    <link:loc xlink:type="locator" xlink:href="../jpcrp_cor_2019-02-28.xsd#jpcrp_cor_NotesRegardingWriteDownsOfInventoriesTextBlock" xlink:label="NotesRegardingWriteDownsOfInventoriesTextBlock"/>
    <link:presentationArc xlink:type="arc" xlink:arcrole="http://www.xbrl.org/2003/arcrole/parent-child" xlink:from="NotesStatementOfIncomeLineItems" xlink:to="NotesRegardingWriteDownsOfInventoriesTextBlock" order="3.0"/>
    <link:loc xlink:type="locator" xlink:href="../jpcrp_cor_2019-02-28.xsd#jpcrp_cor_WriteDownsOfInventories" xlink:label="WriteDownsOfInventories"/>
    <link:presentationArc xlink:type="arc" xlink:arcrole="http://www.xbrl.org/2003/arcrole/parent-child" xlink:from="NotesRegardingWriteDownsOfInventoriesTextBlock" xlink:to="WriteDownsOfInventories" order="1.0"/>
    <link:presentationArc xlink:type="arc" xlink:arcrole="http://www.xbrl.org/2003/arcrole/parent-child" xlink:from="NotesStatementOfIncomeLineItems" xlink:to="MajorComponentsOfSellingGeneralAndAdministrativeExpensesTextBlock" order="4.0"/>
    <link:loc xlink:type="locator" xlink:href="../jpcrp_cor_2019-02-28.xsd#jpcrp_cor_ResearchAndDevelopmentExpensesIncludedInGeneralAndAdministrativeExpensesAndManufacturingCostForCurrentPeriodTextBlock" xlink:label="ResearchAndDevelopmentExpensesIncludedInGeneralAndAdministrativeExpensesAndManufacturingCostForCurrentPeriodTextBlock"/>
    <link:presentationArc xlink:type="arc" xlink:arcrole="http://www.xbrl.org/2003/arcrole/parent-child" xlink:from="NotesStatementOfIncomeLineItems" xlink:to="ResearchAndDevelopmentExpensesIncludedInGeneralAndAdministrativeExpensesAndManufacturingCostForCurrentPeriodTextBlock" order="5.0"/>
    <link:loc xlink:type="locator" xlink:href="../jpcrp_cor_2019-02-28.xsd#jpcrp_cor_ResearchAndDevelopmentExpensesIncludedInGeneralAndAdministrativeExpensesAndManufacturingCostForCurrentPeriod" xlink:label="ResearchAndDevelopmentExpensesIncludedInGeneralAndAdministrativeExpensesAndManufacturingCostForCurrentPeriod"/>
    <link:presentationArc xlink:type="arc" xlink:arcrole="http://www.xbrl.org/2003/arcrole/parent-child" xlink:from="ResearchAndDevelopmentExpensesIncludedInGeneralAndAdministrativeExpensesAndManufacturingCostForCurrentPeriodTextBlock" xlink:to="ResearchAndDevelopmentExpensesIncludedInGeneralAndAdministrativeExpensesAndManufacturingCostForCurrentPeriod" order="1.0"/>
    <link:loc xlink:type="locator" xlink:href="../../../jppfs/2019-02-28/jppfs_cor_2019-02-28.xsd#jppfs_cor_ResearchAndDevelopmentExpensesSGA" xlink:label="ResearchAndDevelopmentExpensesSGA"/>
    <link:presentationArc xlink:type="arc" xlink:arcrole="http://www.xbrl.org/2003/arcrole/parent-child" xlink:from="ResearchAndDevelopmentExpensesIncludedInGeneralAndAdministrativeExpensesAndManufacturingCostForCurrentPeriodTextBlock" xlink:to="ResearchAndDevelopmentExpensesSGA" order="2.0"/>
    <link:loc xlink:type="locator" xlink:href="../jpcrp_cor_2019-02-28.xsd#jpcrp_cor_NotesRegardingOperatingExpensesIncurredFromTransactionsWithAffiliatedEntitiesTextBlock" xlink:label="NotesRegardingOperatingExpensesIncurredFromTransactionsWithAffiliatedEntitiesTextBlock"/>
    <link:presentationArc xlink:type="arc" xlink:arcrole="http://www.xbrl.org/2003/arcrole/parent-child" xlink:from="NotesStatementOfIncomeLineItems" xlink:to="NotesRegardingOperatingExpensesIncurredFromTransactionsWithAffiliatedEntitiesTextBlock" order="6.0"/>
    <link:loc xlink:type="locator" xlink:href="../jpcrp_cor_2019-02-28.xsd#jpcrp_cor_NotesRegardingNonOperatingIncomeAndNonOperatingExpensesIncurredFromTransactionsWithAffiliatedEntitiesTextBlock" xlink:label="NotesRegardingNonOperatingIncomeAndNonOperatingExpensesIncurredFromTransactionsWithAffiliatedEntitiesTextBlock"/>
    <link:presentationArc xlink:type="arc" xlink:arcrole="http://www.xbrl.org/2003/arcrole/parent-child" xlink:from="NotesStatementOfIncomeLineItems" xlink:to="NotesRegardingNonOperatingIncomeAndNonOperatingExpensesIncurredFromTransactionsWithAffiliatedEntitiesTextBlock" order="7.0"/>
    <link:loc xlink:type="locator" xlink:href="../jpcrp_cor_2019-02-28.xsd#jpcrp_cor_NotesRegardingTotalAmountOfOperatingTransactionsFromOrToAffiliatedEntitiesAndTotalAmountOfNonOperatingTransactionsFromOrToAffiliatedEntitiesTextBlock" xlink:label="NotesRegardingTotalAmountOfOperatingTransactionsFromOrToAffiliatedEntitiesAndTotalAmountOfNonOperatingTransactionsFromOrToAffiliatedEntitiesTextBlock"/>
    <link:presentationArc xlink:type="arc" xlink:arcrole="http://www.xbrl.org/2003/arcrole/parent-child" xlink:from="NotesStatementOfIncomeLineItems" xlink:to="NotesRegardingTotalAmountOfOperatingTransactionsFromOrToAffiliatedEntitiesAndTotalAmountOfNonOperatingTransactionsFromOrToAffiliatedEntitiesTextBlock" order="8.0"/>
    <link:loc xlink:type="locator" xlink:href="../jpcrp_cor_2019-02-28.xsd#jpcrp_cor_NotesRegardingImpairmentLossTextBlock" xlink:label="NotesRegardingImpairmentLossTextBlock"/>
    <link:presentationArc xlink:type="arc" xlink:arcrole="http://www.xbrl.org/2003/arcrole/parent-child" xlink:from="NotesStatementOfIncomeLineItems" xlink:to="NotesRegardingImpairmentLossTextBlock" order="9.0"/>
    <link:loc xlink:type="locator" xlink:href="../jpcrp_cor_2019-02-28.xsd#jpcrp_cor_NotesRegardingReversalOfProvisionIncurredFromBusinessCombinationTextBlock" xlink:label="NotesRegardingReversalOfProvisionIncurredFromBusinessCombinationTextBlock"/>
    <link:presentationArc xlink:type="arc" xlink:arcrole="http://www.xbrl.org/2003/arcrole/parent-child" xlink:from="NotesStatementOfIncomeLineItems" xlink:to="NotesRegardingReversalOfProvisionIncurredFromBusinessCombinationTextBlock" order="10.0"/>
    <link:loc xlink:type="locator" xlink:href="../jpcrp_cor_2019-02-28.xsd#jpcrp_cor_NotesRegardingGainOnSalesOfPropertyPlantAndEquipmentTextBlock" xlink:label="NotesRegardingGainOnSalesOfPropertyPlantAndEquipmentTextBlock"/>
    <link:presentationArc xlink:type="arc" xlink:arcrole="http://www.xbrl.org/2003/arcrole/parent-child" xlink:from="NotesStatementOfIncomeLineItems" xlink:to="NotesRegardingGainOnSalesOfPropertyPlantAndEquipmentTextBlock" order="11.0"/>
    <link:loc xlink:type="locator" xlink:href="../jpcrp_cor_2019-02-28.xsd#jpcrp_cor_NotesRegardingLossOnSalesOfPropertyPlantAndEquipmentTextBlock" xlink:label="NotesRegardingLossOnSalesOfPropertyPlantAndEquipmentTextBlock"/>
    <link:presentationArc xlink:type="arc" xlink:arcrole="http://www.xbrl.org/2003/arcrole/parent-child" xlink:from="NotesStatementOfIncomeLineItems" xlink:to="NotesRegardingLossOnSalesOfPropertyPlantAndEquipmentTextBlock" order="12.0"/>
    <link:loc xlink:type="locator" xlink:href="../jpcrp_cor_2019-02-28.xsd#jpcrp_cor_NotesRegardingLossOnDisposalOfPropertyPlantAndEquipmentTextBlock" xlink:label="NotesRegardingLossOnDisposalOfPropertyPlantAndEquipmentTextBlock"/>
    <link:presentationArc xlink:type="arc" xlink:arcrole="http://www.xbrl.org/2003/arcrole/parent-child" xlink:from="NotesStatementOfIncomeLineItems" xlink:to="NotesRegardingLossOnDisposalOfPropertyPlantAndEquipmentTextBlock" order="13.0"/>
    <link:loc xlink:type="locator" xlink:href="../jpcrp_cor_2019-02-28.xsd#jpcrp_cor_NotesRegardingLossOnDisposalAndSalesOfPropertyPlantAndEquipmentTextBlock" xlink:label="NotesRegardingLossOnDisposalAndSalesOfPropertyPlantAndEquipmentTextBlock"/>
    <link:presentationArc xlink:type="arc" xlink:arcrole="http://www.xbrl.org/2003/arcrole/parent-child" xlink:from="NotesStatementOfIncomeLineItems" xlink:to="NotesRegardingLossOnDisposalAndSalesOfPropertyPlantAndEquipmentTextBlock" order="14.0"/>
  </link:presentationLink>
</link:linkbase>
