<?xml version="1.0" encoding="UTF-8"?>
<!--  (c) Financial Services Agency, The Japanese Government.
      All Rights Reserved.
      For intellectual property policy and authorized uses of EDINET Taxonomy,
      refer to “EDINET Taxonomy Legal Statement” at http://www.fsa.go.jp/search/EDINET_Taxonomy_Legal_Statement.html
-->
<link:linkbase xmlns:link="http://www.xbrl.org/2003/linkbase" xmlns:xsi="http://www.w3.org/2001/XMLSchema-instance" xmlns:xlink="http://www.w3.org/1999/xlink" xmlns:xbrli="http://www.xbrl.org/2003/instance">
  <link:roleRef roleURI="http://disclosure.edinet-fsa.go.jp/role/jpcrp/rol_std_NotesSemiAnnualStatementOfIncome" xlink:type="simple" xlink:href="../jpcrp_rt_2019-02-28.xsd#rol_std_NotesSemiAnnualStatementOfIncome"/>
  <link:presentationLink xlink:type="extended" xlink:role="http://disclosure.edinet-fsa.go.jp/role/jpcrp/rol_std_NotesSemiAnnualStatementOfIncome">
    <link:loc xlink:type="locator" xlink:href="../../../jppfs/2019-02-28/jppfs_cor_2019-02-28.xsd#jppfs_cor_ConsolidatedOrNonConsolidatedAxis" xlink:label="ConsolidatedOrNonConsolidatedAxis"/>
    <link:loc xlink:type="locator" xlink:href="../../../jppfs/2019-02-28/jppfs_cor_2019-02-28.xsd#jppfs_cor_NonConsolidatedMember" xlink:label="NonConsolidatedMember"/>
    <link:presentationArc xlink:type="arc" xlink:arcrole="http://www.xbrl.org/2003/arcrole/parent-child" xlink:from="ConsolidatedOrNonConsolidatedAxis" xlink:to="NonConsolidatedMember" order="1.0"/>
    <link:loc xlink:type="locator" xlink:href="../jpcrp_cor_2019-02-28.xsd#jpcrp_cor_NotesSemiAnnualStatementOfIncomeHeading" xlink:label="NotesSemiAnnualStatementOfIncomeHeading"/>
    <link:loc xlink:type="locator" xlink:href="../jpcrp_cor_2019-02-28.xsd#jpcrp_cor_NotesSemiAnnualStatementOfIncomeTable" xlink:label="NotesSemiAnnualStatementOfIncomeTable"/>
    <link:presentationArc xlink:type="arc" xlink:arcrole="http://www.xbrl.org/2003/arcrole/parent-child" xlink:from="NotesSemiAnnualStatementOfIncomeHeading" xlink:to="NotesSemiAnnualStatementOfIncomeTable" order="1.0"/>
    <link:presentationArc xlink:type="arc" xlink:arcrole="http://www.xbrl.org/2003/arcrole/parent-child" xlink:from="NotesSemiAnnualStatementOfIncomeTable" xlink:to="ConsolidatedOrNonConsolidatedAxis" order="1.0"/>
    <link:loc xlink:type="locator" xlink:href="../jpcrp_cor_2019-02-28.xsd#jpcrp_cor_NotesSemiAnnualStatementOfIncomeLineItems" xlink:label="NotesSemiAnnualStatementOfIncomeLineItems"/>
    <link:presentationArc xlink:type="arc" xlink:arcrole="http://www.xbrl.org/2003/arcrole/parent-child" xlink:from="NotesSemiAnnualStatementOfIncomeHeading" xlink:to="NotesSemiAnnualStatementOfIncomeLineItems" order="2.0"/>
    <link:loc xlink:type="locator" xlink:href="../jpcrp_cor_2019-02-28.xsd#jpcrp_cor_NotesRegardingSignificantComponentsOfNonOperatingIncomeTextBlock" xlink:label="NotesRegardingSignificantComponentsOfNonOperatingIncomeTextBlock"/>
    <link:presentationArc xlink:type="arc" xlink:arcrole="http://www.xbrl.org/2003/arcrole/parent-child" xlink:from="NotesSemiAnnualStatementOfIncomeLineItems" xlink:to="NotesRegardingSignificantComponentsOfNonOperatingIncomeTextBlock" order="1.0"/>
    <link:loc xlink:type="locator" xlink:href="../jpcrp_cor_2019-02-28.xsd#jpcrp_cor_NotesRegardingSignificantComponentsOfNonOperatingExpensesTextBlock" xlink:label="NotesRegardingSignificantComponentsOfNonOperatingExpensesTextBlock"/>
    <link:presentationArc xlink:type="arc" xlink:arcrole="http://www.xbrl.org/2003/arcrole/parent-child" xlink:from="NotesSemiAnnualStatementOfIncomeLineItems" xlink:to="NotesRegardingSignificantComponentsOfNonOperatingExpensesTextBlock" order="2.0"/>
    <link:loc xlink:type="locator" xlink:href="../jpcrp_cor_2019-02-28.xsd#jpcrp_cor_NotesRegardingSignificantComponentsOfExtraordinaryIncomeTextBlock" xlink:label="NotesRegardingSignificantComponentsOfExtraordinaryIncomeTextBlock"/>
    <link:presentationArc xlink:type="arc" xlink:arcrole="http://www.xbrl.org/2003/arcrole/parent-child" xlink:from="NotesSemiAnnualStatementOfIncomeLineItems" xlink:to="NotesRegardingSignificantComponentsOfExtraordinaryIncomeTextBlock" order="3.0"/>
    <link:loc xlink:type="locator" xlink:href="../jpcrp_cor_2019-02-28.xsd#jpcrp_cor_NotesRegardingSignificantComponentsOfExtraordinaryLossesTextBlock" xlink:label="NotesRegardingSignificantComponentsOfExtraordinaryLossesTextBlock"/>
    <link:presentationArc xlink:type="arc" xlink:arcrole="http://www.xbrl.org/2003/arcrole/parent-child" xlink:from="NotesSemiAnnualStatementOfIncomeLineItems" xlink:to="NotesRegardingSignificantComponentsOfExtraordinaryLossesTextBlock" order="4.0"/>
    <link:loc xlink:type="locator" xlink:href="../jpcrp_cor_2019-02-28.xsd#jpcrp_cor_NotesRegardingImpairmentLossTextBlock" xlink:label="NotesRegardingImpairmentLossTextBlock"/>
    <link:presentationArc xlink:type="arc" xlink:arcrole="http://www.xbrl.org/2003/arcrole/parent-child" xlink:from="NotesSemiAnnualStatementOfIncomeLineItems" xlink:to="NotesRegardingImpairmentLossTextBlock" order="5.0"/>
    <link:loc xlink:type="locator" xlink:href="../jpcrp_cor_2019-02-28.xsd#jpcrp_cor_NotesRegardingReversalOfProvisionIncurredFromBusinessCombinationTextBlock" xlink:label="NotesRegardingReversalOfProvisionIncurredFromBusinessCombinationTextBlock"/>
    <link:presentationArc xlink:type="arc" xlink:arcrole="http://www.xbrl.org/2003/arcrole/parent-child" xlink:from="NotesSemiAnnualStatementOfIncomeLineItems" xlink:to="NotesRegardingReversalOfProvisionIncurredFromBusinessCombinationTextBlock" order="6.0"/>
    <link:loc xlink:type="locator" xlink:href="../jpcrp_cor_2019-02-28.xsd#jpcrp_cor_DescriptionOfFactThatSimplifiedMethodOfTaxEffectAccountingWasAppliedTextBlock" xlink:label="DescriptionOfFactThatSimplifiedMethodOfTaxEffectAccountingWasAppliedTextBlock"/>
    <link:presentationArc xlink:type="arc" xlink:arcrole="http://www.xbrl.org/2003/arcrole/parent-child" xlink:from="NotesSemiAnnualStatementOfIncomeLineItems" xlink:to="DescriptionOfFactThatSimplifiedMethodOfTaxEffectAccountingWasAppliedTextBlock" order="7.0"/>
    <link:loc xlink:type="locator" xlink:href="../jpcrp_cor_2019-02-28.xsd#jpcrp_cor_NotesWhenThereIsSignificantSeasonalFluctuationInSalesOrOperatingExpensesTextBlock" xlink:label="NotesWhenThereIsSignificantSeasonalFluctuationInSalesOrOperatingExpensesTextBlock"/>
    <link:presentationArc xlink:type="arc" xlink:arcrole="http://www.xbrl.org/2003/arcrole/parent-child" xlink:from="NotesSemiAnnualStatementOfIncomeLineItems" xlink:to="NotesWhenThereIsSignificantSeasonalFluctuationInSalesOrOperatingExpensesTextBlock" order="8.0"/>
    <link:loc xlink:type="locator" xlink:href="../jpcrp_cor_2019-02-28.xsd#jpcrp_cor_NotesRegardingAmountOfDepreciationTextBlock" xlink:label="NotesRegardingAmountOfDepreciationTextBlock"/>
    <link:presentationArc xlink:type="arc" xlink:arcrole="http://www.xbrl.org/2003/arcrole/parent-child" xlink:from="NotesSemiAnnualStatementOfIncomeLineItems" xlink:to="NotesRegardingAmountOfDepreciationTextBlock" order="9.0"/>
  </link:presentationLink>
</link:linkbase>
