<?xml version="1.0" encoding="UTF-8"?>
<!--  (c) Financial Services Agency, The Japanese Government.
      All Rights Reserved.
      For intellectual property policy and authorized uses of EDINET Taxonomy,
      refer to “EDINET Taxonomy Legal Statement” at http://www.fsa.go.jp/search/EDINET_Taxonomy_Legal_Statement.html
-->
<link:linkbase xmlns:link="http://www.xbrl.org/2003/linkbase" xmlns:xsi="http://www.w3.org/2001/XMLSchema-instance" xmlns:xlink="http://www.w3.org/1999/xlink" xmlns:xbrli="http://www.xbrl.org/2003/instance">
  <link:roleRef roleURI="http://disclosure.edinet-fsa.go.jp/role/jpcrp/rol_std_ExplanationAboutCorporateGovernance-04" xlink:type="simple" xlink:href="../jpcrp_rt_2019-02-28.xsd#rol_std_ExplanationAboutCorporateGovernance-04"/>
  <link:presentationLink xlink:type="extended" xlink:role="http://disclosure.edinet-fsa.go.jp/role/jpcrp/rol_std_ExplanationAboutCorporateGovernance-04">
    <link:loc xlink:type="locator" xlink:href="../jpcrp_cor_2019-02-28.xsd#jpcrp_cor_ExplanationAboutCorporateGovernanceHeading" xlink:label="ExplanationAboutCorporateGovernanceHeading"/>
    <link:loc xlink:type="locator" xlink:href="../jpcrp_cor_2019-02-28.xsd#jpcrp_cor_EquitySecuritiesHeldInformationAboutCorporateGovernanceAbstract" xlink:label="EquitySecuritiesHeldInformationAboutCorporateGovernanceAbstract"/>
    <link:presentationArc xlink:type="arc" xlink:arcrole="http://www.xbrl.org/2003/arcrole/parent-child" xlink:from="ExplanationAboutCorporateGovernanceHeading" xlink:to="EquitySecuritiesHeldInformationAboutCorporateGovernanceAbstract" order="1.0"/>
    <link:loc xlink:type="locator" xlink:href="../jpcrp_cor_2019-02-28.xsd#jpcrp_cor_ReportingCompanyEquitySecuritiesHeldAbstract" xlink:label="ReportingCompanyEquitySecuritiesHeldAbstract"/>
    <link:presentationArc xlink:type="arc" xlink:arcrole="http://www.xbrl.org/2003/arcrole/parent-child" xlink:from="EquitySecuritiesHeldInformationAboutCorporateGovernanceAbstract" xlink:to="ReportingCompanyEquitySecuritiesHeldAbstract" order="1.0"/>
    <link:loc xlink:type="locator" xlink:href="../jpcrp_cor_2019-02-28.xsd#jpcrp_cor_InvestmentEquitySecuritiesHeldForPurposesOtherThanPureInvestmentReportingCompanyAbstract" xlink:label="InvestmentEquitySecuritiesHeldForPurposesOtherThanPureInvestmentReportingCompanyAbstract"/>
    <link:presentationArc xlink:type="arc" xlink:arcrole="http://www.xbrl.org/2003/arcrole/parent-child" xlink:from="ReportingCompanyEquitySecuritiesHeldAbstract" xlink:to="InvestmentEquitySecuritiesHeldForPurposesOtherThanPureInvestmentReportingCompanyAbstract" order="1.0"/>
    <link:loc xlink:type="locator" xlink:href="../jpcrp_cor_2019-02-28.xsd#jpcrp_cor_NumberOfNamesOfSecuritiesInvestmentEquitySecuritiesHeldForPurposesOtherThanPureInvestmentReportingCompany" xlink:label="NumberOfNamesOfSecuritiesInvestmentEquitySecuritiesHeldForPurposesOtherThanPureInvestmentReportingCompany"/>
    <link:presentationArc xlink:type="arc" xlink:arcrole="http://www.xbrl.org/2003/arcrole/parent-child" xlink:from="InvestmentEquitySecuritiesHeldForPurposesOtherThanPureInvestmentReportingCompanyAbstract" xlink:to="NumberOfNamesOfSecuritiesInvestmentEquitySecuritiesHeldForPurposesOtherThanPureInvestmentReportingCompany" order="1.0"/>
    <link:loc xlink:type="locator" xlink:href="../jpcrp_cor_2019-02-28.xsd#jpcrp_cor_BookValueInvestmentEquitySecuritiesHeldForPurposesOtherThanPureInvestmentReportingCompany" xlink:label="BookValueInvestmentEquitySecuritiesHeldForPurposesOtherThanPureInvestmentReportingCompany"/>
    <link:presentationArc xlink:type="arc" xlink:arcrole="http://www.xbrl.org/2003/arcrole/parent-child" xlink:from="InvestmentEquitySecuritiesHeldForPurposesOtherThanPureInvestmentReportingCompanyAbstract" xlink:to="BookValueInvestmentEquitySecuritiesHeldForPurposesOtherThanPureInvestmentReportingCompany" order="2.0"/>
  </link:presentationLink>
</link:linkbase>
