<?xml version="1.0" encoding="UTF-8"?>
<!--  (c) Financial Services Agency, The Japanese Government.
      All Rights Reserved.
      For intellectual property policy and authorized uses of EDINET Taxonomy,
      refer to “EDINET Taxonomy Legal Statement” at http://www.fsa.go.jp/search/EDINET_Taxonomy_Legal_Statement.html
-->
<link:linkbase xmlns:link="http://www.xbrl.org/2003/linkbase" xmlns:xsi="http://www.w3.org/2001/XMLSchema-instance" xmlns:xlink="http://www.w3.org/1999/xlink" xmlns:xbrli="http://www.xbrl.org/2003/instance">
  <link:roleRef roleURI="http://disclosure.edinet-fsa.go.jp/role/jppfs/rol_std_ConsolidatedBalanceSheet" xlink:type="simple" xlink:href="../../jppfs_rt_2024-11-01.xsd#rol_std_ConsolidatedBalanceSheet"/>
  <link:calculationLink xlink:type="extended" xlink:role="http://disclosure.edinet-fsa.go.jp/role/jppfs/rol_std_ConsolidatedBalanceSheet">
    <link:loc xlink:type="locator" xlink:href="../../jppfs_cor_2024-11-01.xsd#jppfs_cor_Assets" xlink:label="Assets"/>
    <link:loc xlink:type="locator" xlink:href="../../jppfs_cor_2024-11-01.xsd#jppfs_cor_CurrentAssets" xlink:label="CurrentAssets"/>
    <link:calculationArc xlink:type="arc" xlink:arcrole="http://www.xbrl.org/2003/arcrole/summation-item" xlink:from="Assets" xlink:to="CurrentAssets" order="1.0" weight="1"/>
    <link:loc xlink:type="locator" xlink:href="../../jppfs_cor_2024-11-01.xsd#jppfs_cor_NotesReceivableTradeNet" xlink:label="NotesReceivableTradeNet"/>
    <link:calculationArc xlink:type="arc" xlink:arcrole="http://www.xbrl.org/2003/arcrole/summation-item" xlink:from="CurrentAssets" xlink:to="NotesReceivableTradeNet" order="2.0" weight="1"/>
    <link:loc xlink:type="locator" xlink:href="../../jppfs_cor_2024-11-01.xsd#jppfs_cor_NotesReceivableTrade" xlink:label="NotesReceivableTrade"/>
    <link:calculationArc xlink:type="arc" xlink:arcrole="http://www.xbrl.org/2003/arcrole/summation-item" xlink:from="NotesReceivableTradeNet" xlink:to="NotesReceivableTrade" order="1.0" weight="1"/>
    <link:loc xlink:type="locator" xlink:href="../../jppfs_cor_2024-11-01.xsd#jppfs_cor_AllowanceForDoubtfulAccountsNotesReceivableTrade" xlink:label="AllowanceForDoubtfulAccountsNotesReceivableTrade"/>
    <link:calculationArc xlink:type="arc" xlink:arcrole="http://www.xbrl.org/2003/arcrole/summation-item" xlink:from="NotesReceivableTradeNet" xlink:to="AllowanceForDoubtfulAccountsNotesReceivableTrade" order="2.0" weight="1"/>
    <link:loc xlink:type="locator" xlink:href="../../jppfs_cor_2024-11-01.xsd#jppfs_cor_AccountsReceivableTradeNet" xlink:label="AccountsReceivableTradeNet"/>
    <link:calculationArc xlink:type="arc" xlink:arcrole="http://www.xbrl.org/2003/arcrole/summation-item" xlink:from="CurrentAssets" xlink:to="AccountsReceivableTradeNet" order="3.0" weight="1"/>
    <link:loc xlink:type="locator" xlink:href="../../jppfs_cor_2024-11-01.xsd#jppfs_cor_AccountsReceivableTrade" xlink:label="AccountsReceivableTrade"/>
    <link:calculationArc xlink:type="arc" xlink:arcrole="http://www.xbrl.org/2003/arcrole/summation-item" xlink:from="AccountsReceivableTradeNet" xlink:to="AccountsReceivableTrade" order="1.0" weight="1"/>
    <link:loc xlink:type="locator" xlink:href="../../jppfs_cor_2024-11-01.xsd#jppfs_cor_AllowanceForDoubtfulAccountsAccountsReceivableTrade" xlink:label="AllowanceForDoubtfulAccountsAccountsReceivableTrade"/>
    <link:calculationArc xlink:type="arc" xlink:arcrole="http://www.xbrl.org/2003/arcrole/summation-item" xlink:from="AccountsReceivableTradeNet" xlink:to="AllowanceForDoubtfulAccountsAccountsReceivableTrade" order="2.0" weight="1"/>
    <link:loc xlink:type="locator" xlink:href="../../jppfs_cor_2024-11-01.xsd#jppfs_cor_ContractAssetsNet" xlink:label="ContractAssetsNet"/>
    <link:calculationArc xlink:type="arc" xlink:arcrole="http://www.xbrl.org/2003/arcrole/summation-item" xlink:from="CurrentAssets" xlink:to="ContractAssetsNet" order="4.0" weight="1"/>
    <link:loc xlink:type="locator" xlink:href="../../jppfs_cor_2024-11-01.xsd#jppfs_cor_ContractAssets" xlink:label="ContractAssets"/>
    <link:calculationArc xlink:type="arc" xlink:arcrole="http://www.xbrl.org/2003/arcrole/summation-item" xlink:from="ContractAssetsNet" xlink:to="ContractAssets" order="1.0" weight="1"/>
    <link:loc xlink:type="locator" xlink:href="../../jppfs_cor_2024-11-01.xsd#jppfs_cor_AllowanceForDoubtfulAccountsContractAssets" xlink:label="AllowanceForDoubtfulAccountsContractAssets"/>
    <link:calculationArc xlink:type="arc" xlink:arcrole="http://www.xbrl.org/2003/arcrole/summation-item" xlink:from="ContractAssetsNet" xlink:to="AllowanceForDoubtfulAccountsContractAssets" order="2.0" weight="1"/>
    <link:loc xlink:type="locator" xlink:href="../../jppfs_cor_2024-11-01.xsd#jppfs_cor_LeaseReceivablesAndInvestmentAssetsNetCA" xlink:label="LeaseReceivablesAndInvestmentAssetsNetCA"/>
    <link:calculationArc xlink:type="arc" xlink:arcrole="http://www.xbrl.org/2003/arcrole/summation-item" xlink:from="CurrentAssets" xlink:to="LeaseReceivablesAndInvestmentAssetsNetCA" order="5.0" weight="1"/>
    <link:loc xlink:type="locator" xlink:href="../../jppfs_cor_2024-11-01.xsd#jppfs_cor_LeaseReceivablesAndInvestmentAssetsCA" xlink:label="LeaseReceivablesAndInvestmentAssetsCA"/>
    <link:calculationArc xlink:type="arc" xlink:arcrole="http://www.xbrl.org/2003/arcrole/summation-item" xlink:from="LeaseReceivablesAndInvestmentAssetsNetCA" xlink:to="LeaseReceivablesAndInvestmentAssetsCA" order="1.0" weight="1"/>
    <link:loc xlink:type="locator" xlink:href="../../jppfs_cor_2024-11-01.xsd#jppfs_cor_AllowanceForDoubtfulAccountsLeaseReceivablesAndInvestmentAssetsCA" xlink:label="AllowanceForDoubtfulAccountsLeaseReceivablesAndInvestmentAssetsCA"/>
    <link:calculationArc xlink:type="arc" xlink:arcrole="http://www.xbrl.org/2003/arcrole/summation-item" xlink:from="LeaseReceivablesAndInvestmentAssetsNetCA" xlink:to="AllowanceForDoubtfulAccountsLeaseReceivablesAndInvestmentAssetsCA" order="2.0" weight="1"/>
    <link:loc xlink:type="locator" xlink:href="../../jppfs_cor_2024-11-01.xsd#jppfs_cor_CashAndDeposits" xlink:label="CashAndDeposits"/>
    <link:calculationArc xlink:type="arc" xlink:arcrole="http://www.xbrl.org/2003/arcrole/summation-item" xlink:from="CurrentAssets" xlink:to="CashAndDeposits" order="1.0" weight="1"/>
    <link:loc xlink:type="locator" xlink:href="../../jppfs_cor_2024-11-01.xsd#jppfs_cor_ShortTermInvestmentSecurities" xlink:label="ShortTermInvestmentSecurities"/>
    <link:calculationArc xlink:type="arc" xlink:arcrole="http://www.xbrl.org/2003/arcrole/summation-item" xlink:from="CurrentAssets" xlink:to="ShortTermInvestmentSecurities" order="6.0" weight="1"/>
    <link:loc xlink:type="locator" xlink:href="../../jppfs_cor_2024-11-01.xsd#jppfs_cor_OtherCA" xlink:label="OtherCA"/>
    <link:calculationArc xlink:type="arc" xlink:arcrole="http://www.xbrl.org/2003/arcrole/summation-item" xlink:from="CurrentAssets" xlink:to="OtherCA" order="11.0" weight="1"/>
    <link:loc xlink:type="locator" xlink:href="../../jppfs_cor_2024-11-01.xsd#jppfs_cor_AllowanceForDoubtfulAccountsCA" xlink:label="AllowanceForDoubtfulAccountsCA"/>
    <link:calculationArc xlink:type="arc" xlink:arcrole="http://www.xbrl.org/2003/arcrole/summation-item" xlink:from="CurrentAssets" xlink:to="AllowanceForDoubtfulAccountsCA" order="12.0" weight="1"/>
    <link:loc xlink:type="locator" xlink:href="../../jppfs_cor_2024-11-01.xsd#jppfs_cor_NoncurrentAssets" xlink:label="NoncurrentAssets"/>
    <link:calculationArc xlink:type="arc" xlink:arcrole="http://www.xbrl.org/2003/arcrole/summation-item" xlink:from="Assets" xlink:to="NoncurrentAssets" order="2.0" weight="1"/>
    <link:loc xlink:type="locator" xlink:href="../../jppfs_cor_2024-11-01.xsd#jppfs_cor_PropertyPlantAndEquipment" xlink:label="PropertyPlantAndEquipment"/>
    <link:calculationArc xlink:type="arc" xlink:arcrole="http://www.xbrl.org/2003/arcrole/summation-item" xlink:from="NoncurrentAssets" xlink:to="PropertyPlantAndEquipment" order="1.0" weight="1"/>
    <link:loc xlink:type="locator" xlink:href="../../jppfs_cor_2024-11-01.xsd#jppfs_cor_Land" xlink:label="Land"/>
    <link:calculationArc xlink:type="arc" xlink:arcrole="http://www.xbrl.org/2003/arcrole/summation-item" xlink:from="PropertyPlantAndEquipment" xlink:to="Land" order="11.0" weight="1"/>
    <link:loc xlink:type="locator" xlink:href="../../jppfs_cor_2024-11-01.xsd#jppfs_cor_ConstructionInProgress" xlink:label="ConstructionInProgress"/>
    <link:calculationArc xlink:type="arc" xlink:arcrole="http://www.xbrl.org/2003/arcrole/summation-item" xlink:from="PropertyPlantAndEquipment" xlink:to="ConstructionInProgress" order="17.0" weight="1"/>
    <link:loc xlink:type="locator" xlink:href="../../jppfs_cor_2024-11-01.xsd#jppfs_cor_IntangibleAssets" xlink:label="IntangibleAssets"/>
    <link:calculationArc xlink:type="arc" xlink:arcrole="http://www.xbrl.org/2003/arcrole/summation-item" xlink:from="NoncurrentAssets" xlink:to="IntangibleAssets" order="2.0" weight="1"/>
    <link:loc xlink:type="locator" xlink:href="../../jppfs_cor_2024-11-01.xsd#jppfs_cor_RightToOperatePublicFacilities" xlink:label="RightToOperatePublicFacilities"/>
    <link:calculationArc xlink:type="arc" xlink:arcrole="http://www.xbrl.org/2003/arcrole/summation-item" xlink:from="IntangibleAssets" xlink:to="RightToOperatePublicFacilities" order="3.0" weight="1"/>
    <link:loc xlink:type="locator" xlink:href="../../jppfs_cor_2024-11-01.xsd#jppfs_cor_Goodwill" xlink:label="Goodwill"/>
    <link:calculationArc xlink:type="arc" xlink:arcrole="http://www.xbrl.org/2003/arcrole/summation-item" xlink:from="IntangibleAssets" xlink:to="Goodwill" order="1.0" weight="1"/>
    <link:loc xlink:type="locator" xlink:href="../../jppfs_cor_2024-11-01.xsd#jppfs_cor_LeaseAssetsIA" xlink:label="LeaseAssetsIA"/>
    <link:calculationArc xlink:type="arc" xlink:arcrole="http://www.xbrl.org/2003/arcrole/summation-item" xlink:from="IntangibleAssets" xlink:to="LeaseAssetsIA" order="2.0" weight="1"/>
    <link:loc xlink:type="locator" xlink:href="../../jppfs_cor_2024-11-01.xsd#jppfs_cor_OtherIA" xlink:label="OtherIA"/>
    <link:calculationArc xlink:type="arc" xlink:arcrole="http://www.xbrl.org/2003/arcrole/summation-item" xlink:from="IntangibleAssets" xlink:to="OtherIA" order="4.0" weight="1"/>
    <link:loc xlink:type="locator" xlink:href="../../jppfs_cor_2024-11-01.xsd#jppfs_cor_InvestmentsAndOtherAssets" xlink:label="InvestmentsAndOtherAssets"/>
    <link:calculationArc xlink:type="arc" xlink:arcrole="http://www.xbrl.org/2003/arcrole/summation-item" xlink:from="NoncurrentAssets" xlink:to="InvestmentsAndOtherAssets" order="3.0" weight="1"/>
    <link:loc xlink:type="locator" xlink:href="../../jppfs_cor_2024-11-01.xsd#jppfs_cor_NetDefinedBenefitAsset" xlink:label="NetDefinedBenefitAsset"/>
    <link:calculationArc xlink:type="arc" xlink:arcrole="http://www.xbrl.org/2003/arcrole/summation-item" xlink:from="InvestmentsAndOtherAssets" xlink:to="NetDefinedBenefitAsset" order="5.0" weight="1"/>
    <link:loc xlink:type="locator" xlink:href="../../jppfs_cor_2024-11-01.xsd#jppfs_cor_InvestmentSecurities" xlink:label="InvestmentSecurities"/>
    <link:calculationArc xlink:type="arc" xlink:arcrole="http://www.xbrl.org/2003/arcrole/summation-item" xlink:from="InvestmentsAndOtherAssets" xlink:to="InvestmentSecurities" order="1.0" weight="1"/>
    <link:loc xlink:type="locator" xlink:href="../../jppfs_cor_2024-11-01.xsd#jppfs_cor_DeferredTaxAssets" xlink:label="DeferredTaxAssets"/>
    <link:calculationArc xlink:type="arc" xlink:arcrole="http://www.xbrl.org/2003/arcrole/summation-item" xlink:from="InvestmentsAndOtherAssets" xlink:to="DeferredTaxAssets" order="6.0" weight="1"/>
    <link:loc xlink:type="locator" xlink:href="../../jppfs_cor_2024-11-01.xsd#jppfs_cor_OtherIOA" xlink:label="OtherIOA"/>
    <link:calculationArc xlink:type="arc" xlink:arcrole="http://www.xbrl.org/2003/arcrole/summation-item" xlink:from="InvestmentsAndOtherAssets" xlink:to="OtherIOA" order="7.0" weight="1"/>
    <link:loc xlink:type="locator" xlink:href="../../jppfs_cor_2024-11-01.xsd#jppfs_cor_DeferredAssets" xlink:label="DeferredAssets"/>
    <link:calculationArc xlink:type="arc" xlink:arcrole="http://www.xbrl.org/2003/arcrole/summation-item" xlink:from="Assets" xlink:to="DeferredAssets" order="3.0" weight="1"/>
    <link:loc xlink:type="locator" xlink:href="../../jppfs_cor_2024-11-01.xsd#jppfs_cor_DeferredOrganizationExpensesDA" xlink:label="DeferredOrganizationExpensesDA"/>
    <link:calculationArc xlink:type="arc" xlink:arcrole="http://www.xbrl.org/2003/arcrole/summation-item" xlink:from="DeferredAssets" xlink:to="DeferredOrganizationExpensesDA" order="1.0" weight="1"/>
    <link:loc xlink:type="locator" xlink:href="../../jppfs_cor_2024-11-01.xsd#jppfs_cor_BusinessCommencementExpensesDA" xlink:label="BusinessCommencementExpensesDA"/>
    <link:calculationArc xlink:type="arc" xlink:arcrole="http://www.xbrl.org/2003/arcrole/summation-item" xlink:from="DeferredAssets" xlink:to="BusinessCommencementExpensesDA" order="2.0" weight="1"/>
    <link:loc xlink:type="locator" xlink:href="../../jppfs_cor_2024-11-01.xsd#jppfs_cor_StockIssuanceCostDA" xlink:label="StockIssuanceCostDA"/>
    <link:calculationArc xlink:type="arc" xlink:arcrole="http://www.xbrl.org/2003/arcrole/summation-item" xlink:from="DeferredAssets" xlink:to="StockIssuanceCostDA" order="3.0" weight="1"/>
    <link:loc xlink:type="locator" xlink:href="../../jppfs_cor_2024-11-01.xsd#jppfs_cor_BondIssuanceCostDA" xlink:label="BondIssuanceCostDA"/>
    <link:calculationArc xlink:type="arc" xlink:arcrole="http://www.xbrl.org/2003/arcrole/summation-item" xlink:from="DeferredAssets" xlink:to="BondIssuanceCostDA" order="4.0" weight="1"/>
    <link:loc xlink:type="locator" xlink:href="../../jppfs_cor_2024-11-01.xsd#jppfs_cor_DevelopmentExpensesDA" xlink:label="DevelopmentExpensesDA"/>
    <link:calculationArc xlink:type="arc" xlink:arcrole="http://www.xbrl.org/2003/arcrole/summation-item" xlink:from="DeferredAssets" xlink:to="DevelopmentExpensesDA" order="5.0" weight="1"/>
    <link:loc xlink:type="locator" xlink:href="../../jppfs_cor_2024-11-01.xsd#jppfs_cor_LiabilitiesAndNetAssets" xlink:label="LiabilitiesAndNetAssets"/>
    <link:loc xlink:type="locator" xlink:href="../../jppfs_cor_2024-11-01.xsd#jppfs_cor_Liabilities" xlink:label="Liabilities"/>
    <link:calculationArc xlink:type="arc" xlink:arcrole="http://www.xbrl.org/2003/arcrole/summation-item" xlink:from="LiabilitiesAndNetAssets" xlink:to="Liabilities" order="1.0" weight="1"/>
    <link:loc xlink:type="locator" xlink:href="../../jppfs_cor_2024-11-01.xsd#jppfs_cor_CurrentLiabilities" xlink:label="CurrentLiabilities"/>
    <link:calculationArc xlink:type="arc" xlink:arcrole="http://www.xbrl.org/2003/arcrole/summation-item" xlink:from="Liabilities" xlink:to="CurrentLiabilities" order="1.0" weight="1"/>
    <link:loc xlink:type="locator" xlink:href="../../jppfs_cor_2024-11-01.xsd#jppfs_cor_ProvisionForProductWarranties" xlink:label="ProvisionForProductWarranties"/>
    <link:calculationArc xlink:type="arc" xlink:arcrole="http://www.xbrl.org/2003/arcrole/summation-item" xlink:from="CurrentLiabilities" xlink:to="ProvisionForProductWarranties" order="5.0" weight="1"/>
    <link:loc xlink:type="locator" xlink:href="../../jppfs_cor_2024-11-01.xsd#jppfs_cor_LiabilitiesRelatedToRightToOperatePublicFacilitiesCL" xlink:label="LiabilitiesRelatedToRightToOperatePublicFacilitiesCL"/>
    <link:calculationArc xlink:type="arc" xlink:arcrole="http://www.xbrl.org/2003/arcrole/summation-item" xlink:from="CurrentLiabilities" xlink:to="LiabilitiesRelatedToRightToOperatePublicFacilitiesCL" order="7.0" weight="1"/>
    <link:loc xlink:type="locator" xlink:href="../../jppfs_cor_2024-11-01.xsd#jppfs_cor_NotesAndAccountsPayableTrade" xlink:label="NotesAndAccountsPayableTrade"/>
    <link:calculationArc xlink:type="arc" xlink:arcrole="http://www.xbrl.org/2003/arcrole/summation-item" xlink:from="CurrentLiabilities" xlink:to="NotesAndAccountsPayableTrade" order="1.0" weight="1"/>
    <link:loc xlink:type="locator" xlink:href="../../jppfs_cor_2024-11-01.xsd#jppfs_cor_ShortTermLoansPayable" xlink:label="ShortTermLoansPayable"/>
    <link:calculationArc xlink:type="arc" xlink:arcrole="http://www.xbrl.org/2003/arcrole/summation-item" xlink:from="CurrentLiabilities" xlink:to="ShortTermLoansPayable" order="2.0" weight="1"/>
    <link:loc xlink:type="locator" xlink:href="../../jppfs_cor_2024-11-01.xsd#jppfs_cor_LeaseObligationsCL" xlink:label="LeaseObligationsCL"/>
    <link:calculationArc xlink:type="arc" xlink:arcrole="http://www.xbrl.org/2003/arcrole/summation-item" xlink:from="CurrentLiabilities" xlink:to="LeaseObligationsCL" order="3.0" weight="1"/>
    <link:loc xlink:type="locator" xlink:href="../../jppfs_cor_2024-11-01.xsd#jppfs_cor_IncomeTaxesPayable" xlink:label="IncomeTaxesPayable"/>
    <link:calculationArc xlink:type="arc" xlink:arcrole="http://www.xbrl.org/2003/arcrole/summation-item" xlink:from="CurrentLiabilities" xlink:to="IncomeTaxesPayable" order="4.0" weight="1"/>
    <link:loc xlink:type="locator" xlink:href="../../jppfs_cor_2024-11-01.xsd#jppfs_cor_AssetRetirementObligationsCL" xlink:label="AssetRetirementObligationsCL"/>
    <link:calculationArc xlink:type="arc" xlink:arcrole="http://www.xbrl.org/2003/arcrole/summation-item" xlink:from="CurrentLiabilities" xlink:to="AssetRetirementObligationsCL" order="6.0" weight="1"/>
    <link:loc xlink:type="locator" xlink:href="../../jppfs_cor_2024-11-01.xsd#jppfs_cor_OtherCL" xlink:label="OtherCL"/>
    <link:calculationArc xlink:type="arc" xlink:arcrole="http://www.xbrl.org/2003/arcrole/summation-item" xlink:from="CurrentLiabilities" xlink:to="OtherCL" order="8.0" weight="1"/>
    <link:loc xlink:type="locator" xlink:href="../../jppfs_cor_2024-11-01.xsd#jppfs_cor_NoncurrentLiabilities" xlink:label="NoncurrentLiabilities"/>
    <link:calculationArc xlink:type="arc" xlink:arcrole="http://www.xbrl.org/2003/arcrole/summation-item" xlink:from="Liabilities" xlink:to="NoncurrentLiabilities" order="2.0" weight="1"/>
    <link:loc xlink:type="locator" xlink:href="../../jppfs_cor_2024-11-01.xsd#jppfs_cor_DeferredTaxLiabilities" xlink:label="DeferredTaxLiabilities"/>
    <link:calculationArc xlink:type="arc" xlink:arcrole="http://www.xbrl.org/2003/arcrole/summation-item" xlink:from="NoncurrentLiabilities" xlink:to="DeferredTaxLiabilities" order="5.0" weight="1"/>
    <link:loc xlink:type="locator" xlink:href="../../jppfs_cor_2024-11-01.xsd#jppfs_cor_LiabilitiesRelatedToRightToOperatePublicFacilitiesNCL" xlink:label="LiabilitiesRelatedToRightToOperatePublicFacilitiesNCL"/>
    <link:calculationArc xlink:type="arc" xlink:arcrole="http://www.xbrl.org/2003/arcrole/summation-item" xlink:from="NoncurrentLiabilities" xlink:to="LiabilitiesRelatedToRightToOperatePublicFacilitiesNCL" order="8.0" weight="1"/>
    <link:loc xlink:type="locator" xlink:href="../../jppfs_cor_2024-11-01.xsd#jppfs_cor_NetDefinedBenefitLiability" xlink:label="NetDefinedBenefitLiability"/>
    <link:calculationArc xlink:type="arc" xlink:arcrole="http://www.xbrl.org/2003/arcrole/summation-item" xlink:from="NoncurrentLiabilities" xlink:to="NetDefinedBenefitLiability" order="6.0" weight="1"/>
    <link:loc xlink:type="locator" xlink:href="../../jppfs_cor_2024-11-01.xsd#jppfs_cor_BondsPayable" xlink:label="BondsPayable"/>
    <link:calculationArc xlink:type="arc" xlink:arcrole="http://www.xbrl.org/2003/arcrole/summation-item" xlink:from="NoncurrentLiabilities" xlink:to="BondsPayable" order="1.0" weight="1"/>
    <link:loc xlink:type="locator" xlink:href="../../jppfs_cor_2024-11-01.xsd#jppfs_cor_LongTermLoansPayable" xlink:label="LongTermLoansPayable"/>
    <link:calculationArc xlink:type="arc" xlink:arcrole="http://www.xbrl.org/2003/arcrole/summation-item" xlink:from="NoncurrentLiabilities" xlink:to="LongTermLoansPayable" order="2.0" weight="1"/>
    <link:loc xlink:type="locator" xlink:href="../../jppfs_cor_2024-11-01.xsd#jppfs_cor_LeaseObligationsNCL" xlink:label="LeaseObligationsNCL"/>
    <link:calculationArc xlink:type="arc" xlink:arcrole="http://www.xbrl.org/2003/arcrole/summation-item" xlink:from="NoncurrentLiabilities" xlink:to="LeaseObligationsNCL" order="3.0" weight="1"/>
    <link:loc xlink:type="locator" xlink:href="../../jppfs_cor_2024-11-01.xsd#jppfs_cor_LongTermIncomeTaxesPayable" xlink:label="LongTermIncomeTaxesPayable"/>
    <link:calculationArc xlink:type="arc" xlink:arcrole="http://www.xbrl.org/2003/arcrole/summation-item" xlink:from="NoncurrentLiabilities" xlink:to="LongTermIncomeTaxesPayable" order="4.0" weight="1"/>
    <link:loc xlink:type="locator" xlink:href="../../jppfs_cor_2024-11-01.xsd#jppfs_cor_AssetRetirementObligationsNCL" xlink:label="AssetRetirementObligationsNCL"/>
    <link:calculationArc xlink:type="arc" xlink:arcrole="http://www.xbrl.org/2003/arcrole/summation-item" xlink:from="NoncurrentLiabilities" xlink:to="AssetRetirementObligationsNCL" order="7.0" weight="1"/>
    <link:loc xlink:type="locator" xlink:href="../../jppfs_cor_2024-11-01.xsd#jppfs_cor_OtherNCL" xlink:label="OtherNCL"/>
    <link:calculationArc xlink:type="arc" xlink:arcrole="http://www.xbrl.org/2003/arcrole/summation-item" xlink:from="NoncurrentLiabilities" xlink:to="OtherNCL" order="9.0" weight="1"/>
    <link:loc xlink:type="locator" xlink:href="../../jppfs_cor_2024-11-01.xsd#jppfs_cor_ReservesUnderTheSpecialLaws1" xlink:label="ReservesUnderTheSpecialLaws1"/>
    <link:calculationArc xlink:type="arc" xlink:arcrole="http://www.xbrl.org/2003/arcrole/summation-item" xlink:from="Liabilities" xlink:to="ReservesUnderTheSpecialLaws1" order="3.0" weight="1"/>
    <link:loc xlink:type="locator" xlink:href="../../jppfs_cor_2024-11-01.xsd#jppfs_cor_ReservesUnderTheSpecialLaws2" xlink:label="ReservesUnderTheSpecialLaws2"/>
    <link:calculationArc xlink:type="arc" xlink:arcrole="http://www.xbrl.org/2003/arcrole/summation-item" xlink:from="Liabilities" xlink:to="ReservesUnderTheSpecialLaws2" order="4.0" weight="1"/>
    <link:loc xlink:type="locator" xlink:href="../../jppfs_cor_2024-11-01.xsd#jppfs_cor_NetAssets" xlink:label="NetAssets"/>
    <link:calculationArc xlink:type="arc" xlink:arcrole="http://www.xbrl.org/2003/arcrole/summation-item" xlink:from="LiabilitiesAndNetAssets" xlink:to="NetAssets" order="2.0" weight="1"/>
    <link:loc xlink:type="locator" xlink:href="../../jppfs_cor_2024-11-01.xsd#jppfs_cor_NonControllingInterests" xlink:label="NonControllingInterests"/>
    <link:calculationArc xlink:type="arc" xlink:arcrole="http://www.xbrl.org/2003/arcrole/summation-item" xlink:from="NetAssets" xlink:to="NonControllingInterests" order="5.0" weight="1"/>
    <link:loc xlink:type="locator" xlink:href="../../jppfs_cor_2024-11-01.xsd#jppfs_cor_ShareholdersEquity" xlink:label="ShareholdersEquity"/>
    <link:calculationArc xlink:type="arc" xlink:arcrole="http://www.xbrl.org/2003/arcrole/summation-item" xlink:from="NetAssets" xlink:to="ShareholdersEquity" order="1.0" weight="1"/>
    <link:loc xlink:type="locator" xlink:href="../../jppfs_cor_2024-11-01.xsd#jppfs_cor_CapitalStock" xlink:label="CapitalStock"/>
    <link:calculationArc xlink:type="arc" xlink:arcrole="http://www.xbrl.org/2003/arcrole/summation-item" xlink:from="ShareholdersEquity" xlink:to="CapitalStock" order="1.0" weight="1"/>
    <link:loc xlink:type="locator" xlink:href="../../jppfs_cor_2024-11-01.xsd#jppfs_cor_DepositForSubscriptionsToShares" xlink:label="DepositForSubscriptionsToShares"/>
    <link:calculationArc xlink:type="arc" xlink:arcrole="http://www.xbrl.org/2003/arcrole/summation-item" xlink:from="ShareholdersEquity" xlink:to="DepositForSubscriptionsToShares" order="2.0" weight="1"/>
    <link:loc xlink:type="locator" xlink:href="../../jppfs_cor_2024-11-01.xsd#jppfs_cor_CapitalSurplus" xlink:label="CapitalSurplus"/>
    <link:calculationArc xlink:type="arc" xlink:arcrole="http://www.xbrl.org/2003/arcrole/summation-item" xlink:from="ShareholdersEquity" xlink:to="CapitalSurplus" order="3.0" weight="1"/>
    <link:loc xlink:type="locator" xlink:href="../../jppfs_cor_2024-11-01.xsd#jppfs_cor_RetainedEarnings" xlink:label="RetainedEarnings"/>
    <link:calculationArc xlink:type="arc" xlink:arcrole="http://www.xbrl.org/2003/arcrole/summation-item" xlink:from="ShareholdersEquity" xlink:to="RetainedEarnings" order="4.0" weight="1"/>
    <link:loc xlink:type="locator" xlink:href="../../jppfs_cor_2024-11-01.xsd#jppfs_cor_TreasuryStock" xlink:label="TreasuryStock"/>
    <link:calculationArc xlink:type="arc" xlink:arcrole="http://www.xbrl.org/2003/arcrole/summation-item" xlink:from="ShareholdersEquity" xlink:to="TreasuryStock" order="5.0" weight="1"/>
    <link:loc xlink:type="locator" xlink:href="../../jppfs_cor_2024-11-01.xsd#jppfs_cor_DepositForSubscriptionsToTreasuryStock" xlink:label="DepositForSubscriptionsToTreasuryStock"/>
    <link:calculationArc xlink:type="arc" xlink:arcrole="http://www.xbrl.org/2003/arcrole/summation-item" xlink:from="ShareholdersEquity" xlink:to="DepositForSubscriptionsToTreasuryStock" order="6.0" weight="1"/>
    <link:loc xlink:type="locator" xlink:href="../../jppfs_cor_2024-11-01.xsd#jppfs_cor_ValuationAndTranslationAdjustments" xlink:label="ValuationAndTranslationAdjustments"/>
    <link:calculationArc xlink:type="arc" xlink:arcrole="http://www.xbrl.org/2003/arcrole/summation-item" xlink:from="NetAssets" xlink:to="ValuationAndTranslationAdjustments" order="2.0" weight="1"/>
    <link:loc xlink:type="locator" xlink:href="../../jppfs_cor_2024-11-01.xsd#jppfs_cor_ForeignCurrencyTranslationAdjustment" xlink:label="ForeignCurrencyTranslationAdjustment"/>
    <link:calculationArc xlink:type="arc" xlink:arcrole="http://www.xbrl.org/2003/arcrole/summation-item" xlink:from="ValuationAndTranslationAdjustments" xlink:to="ForeignCurrencyTranslationAdjustment" order="4.0" weight="1"/>
    <link:loc xlink:type="locator" xlink:href="../../jppfs_cor_2024-11-01.xsd#jppfs_cor_RemeasurementsOfDefinedBenefitPlans" xlink:label="RemeasurementsOfDefinedBenefitPlans"/>
    <link:calculationArc xlink:type="arc" xlink:arcrole="http://www.xbrl.org/2003/arcrole/summation-item" xlink:from="ValuationAndTranslationAdjustments" xlink:to="RemeasurementsOfDefinedBenefitPlans" order="5.0" weight="1"/>
    <link:loc xlink:type="locator" xlink:href="../../jppfs_cor_2024-11-01.xsd#jppfs_cor_ValuationDifferenceOnAvailableForSaleSecurities" xlink:label="ValuationDifferenceOnAvailableForSaleSecurities"/>
    <link:calculationArc xlink:type="arc" xlink:arcrole="http://www.xbrl.org/2003/arcrole/summation-item" xlink:from="ValuationAndTranslationAdjustments" xlink:to="ValuationDifferenceOnAvailableForSaleSecurities" order="1.0" weight="1"/>
    <link:loc xlink:type="locator" xlink:href="../../jppfs_cor_2024-11-01.xsd#jppfs_cor_DeferredGainsOrLossesOnHedges" xlink:label="DeferredGainsOrLossesOnHedges"/>
    <link:calculationArc xlink:type="arc" xlink:arcrole="http://www.xbrl.org/2003/arcrole/summation-item" xlink:from="ValuationAndTranslationAdjustments" xlink:to="DeferredGainsOrLossesOnHedges" order="2.0" weight="1"/>
    <link:loc xlink:type="locator" xlink:href="../../jppfs_cor_2024-11-01.xsd#jppfs_cor_RevaluationReserveForLand" xlink:label="RevaluationReserveForLand"/>
    <link:calculationArc xlink:type="arc" xlink:arcrole="http://www.xbrl.org/2003/arcrole/summation-item" xlink:from="ValuationAndTranslationAdjustments" xlink:to="RevaluationReserveForLand" order="3.0" weight="1"/>
    <link:loc xlink:type="locator" xlink:href="../../jppfs_cor_2024-11-01.xsd#jppfs_cor_ShareAwardRights" xlink:label="ShareAwardRights"/>
    <link:calculationArc xlink:type="arc" xlink:arcrole="http://www.xbrl.org/2003/arcrole/summation-item" xlink:from="NetAssets" xlink:to="ShareAwardRights" order="3.0" weight="1"/>
    <link:loc xlink:type="locator" xlink:href="../../jppfs_cor_2024-11-01.xsd#jppfs_cor_SubscriptionRightsToShares" xlink:label="SubscriptionRightsToShares"/>
    <link:calculationArc xlink:type="arc" xlink:arcrole="http://www.xbrl.org/2003/arcrole/summation-item" xlink:from="NetAssets" xlink:to="SubscriptionRightsToShares" order="4.0" weight="1"/>
  </link:calculationLink>
</link:linkbase>
