<?xml version="1.0" encoding="UTF-8"?>
<!--  (c) Financial Services Agency, The Japanese Government.
      All Rights Reserved.
      For intellectual property policy and authorized uses of EDINET Taxonomy,
      refer to “EDINET Taxonomy Legal Statement” at http://www.fsa.go.jp/search/EDINET_Taxonomy_Legal_Statement.html
-->
<link:linkbase xmlns:link="http://www.xbrl.org/2003/linkbase" xmlns:xsi="http://www.w3.org/2001/XMLSchema-instance" xmlns:xbrldt="http://xbrl.org/2005/xbrldt" xmlns:xlink="http://www.w3.org/1999/xlink" xmlns:xbrli="http://www.xbrl.org/2003/instance">
  <link:roleRef roleURI="http://disclosure.edinet-fsa.go.jp/role/jpigp/rol_std_NotesOtherIncomeAndOtherExpensesConsolidatedFinancialStatementsIFRS" xlink:type="simple" xlink:href="../jpigp_rt_2020-11-01.xsd#rol_std_NotesOtherIncomeAndOtherExpensesConsolidatedFinancialStatementsIFRS"/>
  <link:arcroleRef arcroleURI="http://xbrl.org/int/dim/arcrole/all" xlink:type="simple" xlink:href="http://www.xbrl.org/2005/xbrldt-2005.xsd#all"/>
  <link:arcroleRef arcroleURI="http://xbrl.org/int/dim/arcrole/dimension-default" xlink:type="simple" xlink:href="http://www.xbrl.org/2005/xbrldt-2005.xsd#dimension-default"/>
  <link:arcroleRef arcroleURI="http://xbrl.org/int/dim/arcrole/dimension-domain" xlink:type="simple" xlink:href="http://www.xbrl.org/2005/xbrldt-2005.xsd#dimension-domain"/>
  <link:arcroleRef arcroleURI="http://xbrl.org/int/dim/arcrole/domain-member" xlink:type="simple" xlink:href="http://www.xbrl.org/2005/xbrldt-2005.xsd#domain-member"/>
  <link:arcroleRef arcroleURI="http://xbrl.org/int/dim/arcrole/hypercube-dimension" xlink:type="simple" xlink:href="http://www.xbrl.org/2005/xbrldt-2005.xsd#hypercube-dimension"/>
  <link:definitionLink xlink:type="extended" xlink:role="http://disclosure.edinet-fsa.go.jp/role/jpigp/rol_std_NotesOtherIncomeAndOtherExpensesConsolidatedFinancialStatementsIFRS">
    <link:loc xlink:type="locator" xlink:href="../../../jppfs/2020-11-01/jppfs_cor_2020-11-01.xsd#jppfs_cor_ConsolidatedOrNonConsolidatedAxis" xlink:label="ConsolidatedOrNonConsolidatedAxis"/>
    <link:loc xlink:type="locator" xlink:href="../../../jppfs/2020-11-01/jppfs_cor_2020-11-01.xsd#jppfs_cor_ConsolidatedMember" xlink:label="ConsolidatedMember"/>
    <link:definitionArc xlink:type="arc" xlink:arcrole="http://xbrl.org/int/dim/arcrole/dimension-domain" xlink:from="ConsolidatedOrNonConsolidatedAxis" xlink:to="ConsolidatedMember" order="1.0"/>
    <link:loc xlink:type="locator" xlink:href="../../../jppfs/2020-11-01/jppfs_cor_2020-11-01.xsd#jppfs_cor_ConsolidatedMember" xlink:label="ConsolidatedMember_2"/>
    <link:definitionArc xlink:type="arc" xlink:arcrole="http://xbrl.org/int/dim/arcrole/dimension-default" xlink:from="ConsolidatedOrNonConsolidatedAxis" xlink:to="ConsolidatedMember_2" order="1.0"/>
    <link:loc xlink:type="locator" xlink:href="../jpigp_cor_2020-11-01.xsd#jpigp_cor_ComponentsOfOtherIncomeAndOtherExpensesIFRSTable" xlink:label="ComponentsOfOtherIncomeAndOtherExpensesIFRSTable"/>
    <link:definitionArc xlink:type="arc" xlink:arcrole="http://xbrl.org/int/dim/arcrole/hypercube-dimension" xlink:from="ComponentsOfOtherIncomeAndOtherExpensesIFRSTable" xlink:to="ConsolidatedOrNonConsolidatedAxis" order="1.0"/>
    <link:loc xlink:type="locator" xlink:href="../jpigp_cor_2020-11-01.xsd#jpigp_cor_ComponentsOfOtherIncomeAndOtherExpensesIFRSLineItems" xlink:label="ComponentsOfOtherIncomeAndOtherExpensesIFRSLineItems"/>
    <link:loc xlink:type="locator" xlink:href="../jpigp_cor_2020-11-01.xsd#jpigp_cor_OtherIncomeIFRSAbstract" xlink:label="OtherIncomeIFRSAbstract"/>
    <link:definitionArc xlink:type="arc" xlink:arcrole="http://xbrl.org/int/dim/arcrole/domain-member" xlink:from="ComponentsOfOtherIncomeAndOtherExpensesIFRSLineItems" xlink:to="OtherIncomeIFRSAbstract" order="1.0"/>
    <link:loc xlink:type="locator" xlink:href="../jpigp_cor_2020-11-01.xsd#jpigp_cor_RentalIncome2IFRS" xlink:label="RentalIncome2IFRS"/>
    <link:definitionArc xlink:type="arc" xlink:arcrole="http://xbrl.org/int/dim/arcrole/domain-member" xlink:from="OtherIncomeIFRSAbstract" xlink:to="RentalIncome2IFRS" order="1.0"/>
    <link:loc xlink:type="locator" xlink:href="../jpigp_cor_2020-11-01.xsd#jpigp_cor_GovernmentGrantIncomeIFRS" xlink:label="GovernmentGrantIncomeIFRS"/>
    <link:definitionArc xlink:type="arc" xlink:arcrole="http://xbrl.org/int/dim/arcrole/domain-member" xlink:from="OtherIncomeIFRSAbstract" xlink:to="GovernmentGrantIncomeIFRS" order="2.0"/>
    <link:loc xlink:type="locator" xlink:href="../jpigp_cor_2020-11-01.xsd#jpigp_cor_GainOnSaleOfFixedAssetsIFRS" xlink:label="GainOnSaleOfFixedAssetsIFRS"/>
    <link:definitionArc xlink:type="arc" xlink:arcrole="http://xbrl.org/int/dim/arcrole/domain-member" xlink:from="OtherIncomeIFRSAbstract" xlink:to="GainOnSaleOfFixedAssetsIFRS" order="3.0"/>
    <link:loc xlink:type="locator" xlink:href="../jpigp_cor_2020-11-01.xsd#jpigp_cor_OtherOtherIncomeIFRS" xlink:label="OtherOtherIncomeIFRS"/>
    <link:definitionArc xlink:type="arc" xlink:arcrole="http://xbrl.org/int/dim/arcrole/domain-member" xlink:from="OtherIncomeIFRSAbstract" xlink:to="OtherOtherIncomeIFRS" order="4.0"/>
    <link:loc xlink:type="locator" xlink:href="../jpigp_cor_2020-11-01.xsd#jpigp_cor_OtherIncomeIFRS" xlink:label="OtherIncomeIFRS"/>
    <link:definitionArc xlink:type="arc" xlink:arcrole="http://xbrl.org/int/dim/arcrole/domain-member" xlink:from="OtherIncomeIFRSAbstract" xlink:to="OtherIncomeIFRS" order="5.0"/>
    <link:loc xlink:type="locator" xlink:href="../jpigp_cor_2020-11-01.xsd#jpigp_cor_OtherExpensesIFRSAbstract" xlink:label="OtherExpensesIFRSAbstract"/>
    <link:definitionArc xlink:type="arc" xlink:arcrole="http://xbrl.org/int/dim/arcrole/domain-member" xlink:from="ComponentsOfOtherIncomeAndOtherExpensesIFRSLineItems" xlink:to="OtherExpensesIFRSAbstract" order="2.0"/>
    <link:loc xlink:type="locator" xlink:href="../jpigp_cor_2020-11-01.xsd#jpigp_cor_ImpairmentLossesPLIFRS" xlink:label="ImpairmentLossesPLIFRS"/>
    <link:definitionArc xlink:type="arc" xlink:arcrole="http://xbrl.org/int/dim/arcrole/domain-member" xlink:from="OtherExpensesIFRSAbstract" xlink:to="ImpairmentLossesPLIFRS" order="1.0"/>
    <link:loc xlink:type="locator" xlink:href="../jpigp_cor_2020-11-01.xsd#jpigp_cor_LossOnRetirementOfFixedAssetsIFRS" xlink:label="LossOnRetirementOfFixedAssetsIFRS"/>
    <link:definitionArc xlink:type="arc" xlink:arcrole="http://xbrl.org/int/dim/arcrole/domain-member" xlink:from="OtherExpensesIFRSAbstract" xlink:to="LossOnRetirementOfFixedAssetsIFRS" order="2.0"/>
    <link:loc xlink:type="locator" xlink:href="../jpigp_cor_2020-11-01.xsd#jpigp_cor_OtherOtherExpensesIFRS" xlink:label="OtherOtherExpensesIFRS"/>
    <link:definitionArc xlink:type="arc" xlink:arcrole="http://xbrl.org/int/dim/arcrole/domain-member" xlink:from="OtherExpensesIFRSAbstract" xlink:to="OtherOtherExpensesIFRS" order="3.0"/>
    <link:loc xlink:type="locator" xlink:href="../jpigp_cor_2020-11-01.xsd#jpigp_cor_OtherExpensesIFRS" xlink:label="OtherExpensesIFRS"/>
    <link:definitionArc xlink:type="arc" xlink:arcrole="http://xbrl.org/int/dim/arcrole/domain-member" xlink:from="OtherExpensesIFRSAbstract" xlink:to="OtherExpensesIFRS" order="4.0"/>
    <link:loc xlink:type="locator" xlink:href="../jpigp_cor_2020-11-01.xsd#jpigp_cor_NotesOtherIncomeAndOtherExpensesConsolidatedFinancialStatementsIFRSHeading" xlink:label="NotesOtherIncomeAndOtherExpensesConsolidatedFinancialStatementsIFRSHeading"/>
    <link:definitionArc xlink:type="arc" xlink:arcrole="http://xbrl.org/int/dim/arcrole/all" xlink:from="NotesOtherIncomeAndOtherExpensesConsolidatedFinancialStatementsIFRSHeading" xlink:to="ComponentsOfOtherIncomeAndOtherExpensesIFRSTable" order="1.0" xbrldt:contextElement="scenario" xbrldt:closed="true"/>
    <link:definitionArc xlink:type="arc" xlink:arcrole="http://xbrl.org/int/dim/arcrole/domain-member" xlink:from="NotesOtherIncomeAndOtherExpensesConsolidatedFinancialStatementsIFRSHeading" xlink:to="ComponentsOfOtherIncomeAndOtherExpensesIFRSLineItems" order="1.0"/>
  </link:definitionLink>
</link:linkbase>
