<?xml version="1.0" encoding="UTF-8"?>
<!--  (c) Financial Services Agency, The Japanese Government.
      All Rights Reserved.
      For intellectual property policy and authorized uses of EDINET Taxonomy,
      refer to “EDINET Taxonomy Legal Statement” at http://www.fsa.go.jp/search/EDINET_Taxonomy_Legal_Statement.html
-->
<link:linkbase xmlns:link="http://www.xbrl.org/2003/linkbase" xmlns:xsi="http://www.w3.org/2001/XMLSchema-instance" xmlns:xlink="http://www.w3.org/1999/xlink" xmlns:xbrli="http://www.xbrl.org/2003/instance">
  <link:roleRef roleURI="http://disclosure.edinet-fsa.go.jp/role/jppfs/rol_bk2_StatementOfCashFlows-ListOfAccounts" xlink:type="simple" xlink:href="../../jppfs_rt_2013-08-31.xsd#rol_bk2_StatementOfCashFlows-ListOfAccounts"/>
  <link:definitionLink xlink:type="extended" xlink:role="http://disclosure.edinet-fsa.go.jp/role/jppfs/rol_bk2_StatementOfCashFlows-ListOfAccounts">
    <link:loc xlink:type="locator" xlink:href="../../jppfs_cor_2013-08-31.xsd#jppfs_cor_StatementOfCashFlowsAbstract" xlink:label="StatementOfCashFlowsAbstract"/>
    <link:loc xlink:type="locator" xlink:href="../../jppfs_cor_2013-08-31.xsd#jppfs_cor_StatementOfCashFlowsTable" xlink:label="StatementOfCashFlowsTable"/>
    <link:definitionArc xlink:type="arc" xlink:arcrole="http://www.xbrl.org/2003/arcrole/general-special" xlink:from="StatementOfCashFlowsAbstract" xlink:to="StatementOfCashFlowsTable" priority="0" order="1.0"/>
    <link:loc xlink:type="locator" xlink:href="../../jppfs_cor_2013-08-31.xsd#jppfs_cor_StatementOfCashFlowsLineItems" xlink:label="StatementOfCashFlowsLineItems"/>
    <link:definitionArc xlink:type="arc" xlink:arcrole="http://www.xbrl.org/2003/arcrole/general-special" xlink:from="StatementOfCashFlowsAbstract" xlink:to="StatementOfCashFlowsLineItems" priority="0" order="2.0"/>
    <link:loc xlink:type="locator" xlink:href="../../jppfs_cor_2013-08-31.xsd#jppfs_cor_NetCashProvidedByUsedInOperatingActivitiesAbstract" xlink:label="NetCashProvidedByUsedInOperatingActivitiesAbstract"/>
    <link:definitionArc xlink:type="arc" xlink:arcrole="http://www.xbrl.org/2003/arcrole/general-special" xlink:from="StatementOfCashFlowsLineItems" xlink:to="NetCashProvidedByUsedInOperatingActivitiesAbstract" order="1.0"/>
    <link:loc xlink:type="locator" xlink:href="../../jppfs_cor_2013-08-31.xsd#jppfs_cor_SubtotalOpeCF" xlink:label="SubtotalOpeCF"/>
    <link:definitionArc xlink:type="arc" xlink:arcrole="http://www.xbrl.org/2003/arcrole/general-special" xlink:from="NetCashProvidedByUsedInOperatingActivitiesAbstract" xlink:to="SubtotalOpeCF" order="1.0"/>
    <link:loc xlink:type="locator" xlink:href="../../jppfs_cor_2013-08-31.xsd#jppfs_cor_CollectionOfLoansReceivableOpeCFBNK" xlink:label="CollectionOfLoansReceivableOpeCFBNK"/>
    <link:definitionArc xlink:type="arc" xlink:arcrole="http://www.xbrl.org/2003/arcrole/general-special" xlink:from="SubtotalOpeCF" xlink:to="CollectionOfLoansReceivableOpeCFBNK" order="1.0"/>
    <link:loc xlink:type="locator" xlink:href="../../jppfs_cor_2013-08-31.xsd#jppfs_cor_PaymentsForWithdrawalOfDepositsOpeCFBNK" xlink:label="PaymentsForWithdrawalOfDepositsOpeCFBNK"/>
    <link:definitionArc xlink:type="arc" xlink:arcrole="http://www.xbrl.org/2003/arcrole/general-special" xlink:from="SubtotalOpeCF" xlink:to="PaymentsForWithdrawalOfDepositsOpeCFBNK" order="2.0"/>
    <link:loc xlink:type="locator" xlink:href="../../jppfs_cor_2013-08-31.xsd#jppfs_cor_ProceedsFromInterestOnLoansOpeCFBNK" xlink:label="ProceedsFromInterestOnLoansOpeCFBNK"/>
    <link:definitionArc xlink:type="arc" xlink:arcrole="http://www.xbrl.org/2003/arcrole/general-special" xlink:from="SubtotalOpeCF" xlink:to="ProceedsFromInterestOnLoansOpeCFBNK" order="3.0"/>
    <link:loc xlink:type="locator" xlink:href="../../jppfs_cor_2013-08-31.xsd#jppfs_cor_PaymentsForInterestExpensesForDepositOpeCFBNK" xlink:label="PaymentsForInterestExpensesForDepositOpeCFBNK"/>
    <link:definitionArc xlink:type="arc" xlink:arcrole="http://www.xbrl.org/2003/arcrole/general-special" xlink:from="SubtotalOpeCF" xlink:to="PaymentsForInterestExpensesForDepositOpeCFBNK" order="4.0"/>
    <link:loc xlink:type="locator" xlink:href="../../jppfs_cor_2013-08-31.xsd#jppfs_cor_PaymentsForOrdinaryExpensesOpeCFBNK" xlink:label="PaymentsForOrdinaryExpensesOpeCFBNK"/>
    <link:definitionArc xlink:type="arc" xlink:arcrole="http://www.xbrl.org/2003/arcrole/general-special" xlink:from="SubtotalOpeCF" xlink:to="PaymentsForOrdinaryExpensesOpeCFBNK" order="5.0"/>
    <link:loc xlink:type="locator" xlink:href="../../jppfs_cor_2013-08-31.xsd#jppfs_cor_IncomeBeforeIncomeTaxes" xlink:label="IncomeBeforeIncomeTaxes"/>
    <link:definitionArc xlink:type="arc" xlink:arcrole="http://www.xbrl.org/2003/arcrole/general-special" xlink:from="SubtotalOpeCF" xlink:to="IncomeBeforeIncomeTaxes" order="6.0"/>
    <link:loc xlink:type="locator" xlink:href="../../jppfs_cor_2013-08-31.xsd#jppfs_cor_DepreciationAndAmortizationOpeCF" xlink:label="DepreciationAndAmortizationOpeCF"/>
    <link:definitionArc xlink:type="arc" xlink:arcrole="http://www.xbrl.org/2003/arcrole/general-special" xlink:from="SubtotalOpeCF" xlink:to="DepreciationAndAmortizationOpeCF" order="7.0"/>
    <link:loc xlink:type="locator" xlink:href="../../jppfs_cor_2013-08-31.xsd#jppfs_cor_ImpairmentLossOpeCF" xlink:label="ImpairmentLossOpeCF"/>
    <link:definitionArc xlink:type="arc" xlink:arcrole="http://www.xbrl.org/2003/arcrole/general-special" xlink:from="SubtotalOpeCF" xlink:to="ImpairmentLossOpeCF" order="8.0"/>
    <link:loc xlink:type="locator" xlink:href="../../jppfs_cor_2013-08-31.xsd#jppfs_cor_IncreaseDecreaseInAllowanceForLoanLossesOpeCFBNK" xlink:label="IncreaseDecreaseInAllowanceForLoanLossesOpeCFBNK"/>
    <link:definitionArc xlink:type="arc" xlink:arcrole="http://www.xbrl.org/2003/arcrole/general-special" xlink:from="SubtotalOpeCF" xlink:to="IncreaseDecreaseInAllowanceForLoanLossesOpeCFBNK" order="9.0"/>
    <link:loc xlink:type="locator" xlink:href="../../jppfs_cor_2013-08-31.xsd#jppfs_cor_GainOnFundManagementOpeCFBNK" xlink:label="GainOnFundManagementOpeCFBNK"/>
    <link:definitionArc xlink:type="arc" xlink:arcrole="http://www.xbrl.org/2003/arcrole/general-special" xlink:from="SubtotalOpeCF" xlink:to="GainOnFundManagementOpeCFBNK" order="10.0"/>
    <link:loc xlink:type="locator" xlink:href="../../jppfs_cor_2013-08-31.xsd#jppfs_cor_FinancingExpensesOpeCFBNK" xlink:label="FinancingExpensesOpeCFBNK"/>
    <link:definitionArc xlink:type="arc" xlink:arcrole="http://www.xbrl.org/2003/arcrole/general-special" xlink:from="SubtotalOpeCF" xlink:to="FinancingExpensesOpeCFBNK" order="11.0"/>
    <link:loc xlink:type="locator" xlink:href="../../jppfs_cor_2013-08-31.xsd#jppfs_cor_LossGainRelatedToSecuritiesOpeCFBNK" xlink:label="LossGainRelatedToSecuritiesOpeCFBNK"/>
    <link:definitionArc xlink:type="arc" xlink:arcrole="http://www.xbrl.org/2003/arcrole/general-special" xlink:from="SubtotalOpeCF" xlink:to="LossGainRelatedToSecuritiesOpeCFBNK" order="12.0"/>
    <link:loc xlink:type="locator" xlink:href="../../jppfs_cor_2013-08-31.xsd#jppfs_cor_NetDecreaseIncreaseInLoansAndBillsDiscountedOpeCFBNK" xlink:label="NetDecreaseIncreaseInLoansAndBillsDiscountedOpeCFBNK"/>
    <link:definitionArc xlink:type="arc" xlink:arcrole="http://www.xbrl.org/2003/arcrole/general-special" xlink:from="SubtotalOpeCF" xlink:to="NetDecreaseIncreaseInLoansAndBillsDiscountedOpeCFBNK" order="13.0"/>
    <link:loc xlink:type="locator" xlink:href="../../jppfs_cor_2013-08-31.xsd#jppfs_cor_NetIncreaseDecreaseInDepositOpeCFBNK" xlink:label="NetIncreaseDecreaseInDepositOpeCFBNK"/>
    <link:definitionArc xlink:type="arc" xlink:arcrole="http://www.xbrl.org/2003/arcrole/general-special" xlink:from="SubtotalOpeCF" xlink:to="NetIncreaseDecreaseInDepositOpeCFBNK" order="14.0"/>
    <link:loc xlink:type="locator" xlink:href="../../jppfs_cor_2013-08-31.xsd#jppfs_cor_IncreaseDecreaseInProvisionForReimbursementOfDepositsOpeCFBNK" xlink:label="IncreaseDecreaseInProvisionForReimbursementOfDepositsOpeCFBNK"/>
    <link:definitionArc xlink:type="arc" xlink:arcrole="http://www.xbrl.org/2003/arcrole/general-special" xlink:from="SubtotalOpeCF" xlink:to="IncreaseDecreaseInProvisionForReimbursementOfDepositsOpeCFBNK" order="15.0"/>
    <link:loc xlink:type="locator" xlink:href="../../jppfs_cor_2013-08-31.xsd#jppfs_cor_ProceedsFromFundManagementOpeCFBNK" xlink:label="ProceedsFromFundManagementOpeCFBNK"/>
    <link:definitionArc xlink:type="arc" xlink:arcrole="http://www.xbrl.org/2003/arcrole/general-special" xlink:from="SubtotalOpeCF" xlink:to="ProceedsFromFundManagementOpeCFBNK" order="16.0"/>
    <link:loc xlink:type="locator" xlink:href="../../jppfs_cor_2013-08-31.xsd#jppfs_cor_PaymentsForFinanceOpeCFBNK" xlink:label="PaymentsForFinanceOpeCFBNK"/>
    <link:definitionArc xlink:type="arc" xlink:arcrole="http://www.xbrl.org/2003/arcrole/general-special" xlink:from="SubtotalOpeCF" xlink:to="PaymentsForFinanceOpeCFBNK" order="17.0"/>
    <link:loc xlink:type="locator" xlink:href="../../jppfs_cor_2013-08-31.xsd#jppfs_cor_NetDecreaseIncreaseInTradingAccountSecuritiesOpeCFBNK" xlink:label="NetDecreaseIncreaseInTradingAccountSecuritiesOpeCFBNK"/>
    <link:definitionArc xlink:type="arc" xlink:arcrole="http://www.xbrl.org/2003/arcrole/general-special" xlink:from="SubtotalOpeCF" xlink:to="NetDecreaseIncreaseInTradingAccountSecuritiesOpeCFBNK" order="18.0"/>
    <link:loc xlink:type="locator" xlink:href="../../jppfs_cor_2013-08-31.xsd#jppfs_cor_NetIncreaseDecreaseInCommercialPapersOpeCFBNK" xlink:label="NetIncreaseDecreaseInCommercialPapersOpeCFBNK"/>
    <link:definitionArc xlink:type="arc" xlink:arcrole="http://www.xbrl.org/2003/arcrole/general-special" xlink:from="SubtotalOpeCF" xlink:to="NetIncreaseDecreaseInCommercialPapersOpeCFBNK" order="19.0"/>
    <link:loc xlink:type="locator" xlink:href="../../jppfs_cor_2013-08-31.xsd#jppfs_cor_NetIncreaseDecreaseInCallMoneyOpeCFBNK" xlink:label="NetIncreaseDecreaseInCallMoneyOpeCFBNK"/>
    <link:definitionArc xlink:type="arc" xlink:arcrole="http://www.xbrl.org/2003/arcrole/general-special" xlink:from="SubtotalOpeCF" xlink:to="NetIncreaseDecreaseInCallMoneyOpeCFBNK" order="20.0"/>
    <link:loc xlink:type="locator" xlink:href="../../jppfs_cor_2013-08-31.xsd#jppfs_cor_NetDecreaseIncreaseInCallLoansOpeCFBNK" xlink:label="NetDecreaseIncreaseInCallLoansOpeCFBNK"/>
    <link:definitionArc xlink:type="arc" xlink:arcrole="http://www.xbrl.org/2003/arcrole/general-special" xlink:from="SubtotalOpeCF" xlink:to="NetDecreaseIncreaseInCallLoansOpeCFBNK" order="21.0"/>
    <link:loc xlink:type="locator" xlink:href="../../jppfs_cor_2013-08-31.xsd#jppfs_cor_NetDecreaseIncreaseInForeignExchangesAssetsOpeCFBNK" xlink:label="NetDecreaseIncreaseInForeignExchangesAssetsOpeCFBNK"/>
    <link:definitionArc xlink:type="arc" xlink:arcrole="http://www.xbrl.org/2003/arcrole/general-special" xlink:from="SubtotalOpeCF" xlink:to="NetDecreaseIncreaseInForeignExchangesAssetsOpeCFBNK" order="22.0"/>
    <link:loc xlink:type="locator" xlink:href="../../jppfs_cor_2013-08-31.xsd#jppfs_cor_NetIncreaseDecreaseInForeignExchangesLiabilitiesOpeCFBNK" xlink:label="NetIncreaseDecreaseInForeignExchangesLiabilitiesOpeCFBNK"/>
    <link:definitionArc xlink:type="arc" xlink:arcrole="http://www.xbrl.org/2003/arcrole/general-special" xlink:from="SubtotalOpeCF" xlink:to="NetIncreaseDecreaseInForeignExchangesLiabilitiesOpeCFBNK" order="23.0"/>
    <link:loc xlink:type="locator" xlink:href="../../jppfs_cor_2013-08-31.xsd#jppfs_cor_LossGainOnMoneyHeldInTrustOpeCFBNK" xlink:label="LossGainOnMoneyHeldInTrustOpeCFBNK"/>
    <link:definitionArc xlink:type="arc" xlink:arcrole="http://www.xbrl.org/2003/arcrole/general-special" xlink:from="SubtotalOpeCF" xlink:to="LossGainOnMoneyHeldInTrustOpeCFBNK" order="24.0"/>
    <link:loc xlink:type="locator" xlink:href="../../jppfs_cor_2013-08-31.xsd#jppfs_cor_NetDecreaseIncreaseInMoneyHeldInTrustOpeCFBNK" xlink:label="NetDecreaseIncreaseInMoneyHeldInTrustOpeCFBNK"/>
    <link:definitionArc xlink:type="arc" xlink:arcrole="http://www.xbrl.org/2003/arcrole/general-special" xlink:from="SubtotalOpeCF" xlink:to="NetDecreaseIncreaseInMoneyHeldInTrustOpeCFBNK" order="25.0"/>
    <link:loc xlink:type="locator" xlink:href="../../jppfs_cor_2013-08-31.xsd#jppfs_cor_NetIncreaseDecreaseInDebenturesOpeCFBNK" xlink:label="NetIncreaseDecreaseInDebenturesOpeCFBNK"/>
    <link:definitionArc xlink:type="arc" xlink:arcrole="http://www.xbrl.org/2003/arcrole/general-special" xlink:from="SubtotalOpeCF" xlink:to="NetIncreaseDecreaseInDebenturesOpeCFBNK" order="26.0"/>
    <link:loc xlink:type="locator" xlink:href="../../jppfs_cor_2013-08-31.xsd#jppfs_cor_NetIncreaseDecreaseInPayablesUnderSecuritiesLendingTransactionsOpeCFBNK" xlink:label="NetIncreaseDecreaseInPayablesUnderSecuritiesLendingTransactionsOpeCFBNK"/>
    <link:definitionArc xlink:type="arc" xlink:arcrole="http://www.xbrl.org/2003/arcrole/general-special" xlink:from="SubtotalOpeCF" xlink:to="NetIncreaseDecreaseInPayablesUnderSecuritiesLendingTransactionsOpeCFBNK" order="27.0"/>
    <link:loc xlink:type="locator" xlink:href="../../jppfs_cor_2013-08-31.xsd#jppfs_cor_NetIncreaseDecreaseInBorrowedMoneyExcludingSubordinatedBorrowingsOpeCFBNK" xlink:label="NetIncreaseDecreaseInBorrowedMoneyExcludingSubordinatedBorrowingsOpeCFBNK"/>
    <link:definitionArc xlink:type="arc" xlink:arcrole="http://www.xbrl.org/2003/arcrole/general-special" xlink:from="SubtotalOpeCF" xlink:to="NetIncreaseDecreaseInBorrowedMoneyExcludingSubordinatedBorrowingsOpeCFBNK" order="28.0"/>
    <link:loc xlink:type="locator" xlink:href="../../jppfs_cor_2013-08-31.xsd#jppfs_cor_NetIncreaseDecreaseInBorrowedMoneyOpeCFBNK" xlink:label="NetIncreaseDecreaseInBorrowedMoneyOpeCFBNK"/>
    <link:definitionArc xlink:type="arc" xlink:arcrole="http://www.xbrl.org/2003/arcrole/general-special" xlink:from="SubtotalOpeCF" xlink:to="NetIncreaseDecreaseInBorrowedMoneyOpeCFBNK" order="29.0"/>
    <link:loc xlink:type="locator" xlink:href="../../jppfs_cor_2013-08-31.xsd#jppfs_cor_NetIncreaseDecreaseInNegotiableCertificatesOfDepositOpeCFBNK" xlink:label="NetIncreaseDecreaseInNegotiableCertificatesOfDepositOpeCFBNK"/>
    <link:definitionArc xlink:type="arc" xlink:arcrole="http://www.xbrl.org/2003/arcrole/general-special" xlink:from="SubtotalOpeCF" xlink:to="NetIncreaseDecreaseInNegotiableCertificatesOfDepositOpeCFBNK" order="30.0"/>
    <link:loc xlink:type="locator" xlink:href="../../jppfs_cor_2013-08-31.xsd#jppfs_cor_NetIncreaseDecreaseInBorrowedMoneyFromTrustAccountOpeCFBNK" xlink:label="NetIncreaseDecreaseInBorrowedMoneyFromTrustAccountOpeCFBNK"/>
    <link:definitionArc xlink:type="arc" xlink:arcrole="http://www.xbrl.org/2003/arcrole/general-special" xlink:from="SubtotalOpeCF" xlink:to="NetIncreaseDecreaseInBorrowedMoneyFromTrustAccountOpeCFBNK" order="31.0"/>
    <link:loc xlink:type="locator" xlink:href="../../jppfs_cor_2013-08-31.xsd#jppfs_cor_IncreaseDecreaseInProvisionForTrustCapitalFillingOpeCFBNK" xlink:label="IncreaseDecreaseInProvisionForTrustCapitalFillingOpeCFBNK"/>
    <link:definitionArc xlink:type="arc" xlink:arcrole="http://www.xbrl.org/2003/arcrole/general-special" xlink:from="SubtotalOpeCF" xlink:to="IncreaseDecreaseInProvisionForTrustCapitalFillingOpeCFBNK" order="32.0"/>
    <link:loc xlink:type="locator" xlink:href="../../jppfs_cor_2013-08-31.xsd#jppfs_cor_IncreaseDecreaseInProvisionForPossibleLossOnSupportOfSpecificBorrowersOpeCFBNK" xlink:label="IncreaseDecreaseInProvisionForPossibleLossOnSupportOfSpecificBorrowersOpeCFBNK"/>
    <link:definitionArc xlink:type="arc" xlink:arcrole="http://www.xbrl.org/2003/arcrole/general-special" xlink:from="SubtotalOpeCF" xlink:to="IncreaseDecreaseInProvisionForPossibleLossOnSupportOfSpecificBorrowersOpeCFBNK" order="33.0"/>
    <link:loc xlink:type="locator" xlink:href="../../jppfs_cor_2013-08-31.xsd#jppfs_cor_IncreaseDecreaseInProvisionForContingentLossOpeCFBNK" xlink:label="IncreaseDecreaseInProvisionForContingentLossOpeCFBNK"/>
    <link:definitionArc xlink:type="arc" xlink:arcrole="http://www.xbrl.org/2003/arcrole/general-special" xlink:from="SubtotalOpeCF" xlink:to="IncreaseDecreaseInProvisionForContingentLossOpeCFBNK" order="34.0"/>
    <link:loc xlink:type="locator" xlink:href="../../jppfs_cor_2013-08-31.xsd#jppfs_cor_NetDecreaseIncreaseInTradingAssetsOpeCFBNK" xlink:label="NetDecreaseIncreaseInTradingAssetsOpeCFBNK"/>
    <link:definitionArc xlink:type="arc" xlink:arcrole="http://www.xbrl.org/2003/arcrole/general-special" xlink:from="SubtotalOpeCF" xlink:to="NetDecreaseIncreaseInTradingAssetsOpeCFBNK" order="35.0"/>
    <link:loc xlink:type="locator" xlink:href="../../jppfs_cor_2013-08-31.xsd#jppfs_cor_NetIncreaseDecreaseInTradingLiabilitiesOpeCFBNK" xlink:label="NetIncreaseDecreaseInTradingLiabilitiesOpeCFBNK"/>
    <link:definitionArc xlink:type="arc" xlink:arcrole="http://www.xbrl.org/2003/arcrole/general-special" xlink:from="SubtotalOpeCF" xlink:to="NetIncreaseDecreaseInTradingLiabilitiesOpeCFBNK" order="36.0"/>
    <link:loc xlink:type="locator" xlink:href="../../jppfs_cor_2013-08-31.xsd#jppfs_cor_NetIncreaseDecreaseInTradingAccountsPayableOpeCFBNK" xlink:label="NetIncreaseDecreaseInTradingAccountsPayableOpeCFBNK"/>
    <link:definitionArc xlink:type="arc" xlink:arcrole="http://www.xbrl.org/2003/arcrole/general-special" xlink:from="SubtotalOpeCF" xlink:to="NetIncreaseDecreaseInTradingAccountsPayableOpeCFBNK" order="37.0"/>
    <link:loc xlink:type="locator" xlink:href="../../jppfs_cor_2013-08-31.xsd#jppfs_cor_NetDecreaseIncreaseInMonetaryClaimsBoughtOpeCFBNK" xlink:label="NetDecreaseIncreaseInMonetaryClaimsBoughtOpeCFBNK"/>
    <link:definitionArc xlink:type="arc" xlink:arcrole="http://www.xbrl.org/2003/arcrole/general-special" xlink:from="SubtotalOpeCF" xlink:to="NetDecreaseIncreaseInMonetaryClaimsBoughtOpeCFBNK" order="38.0"/>
    <link:loc xlink:type="locator" xlink:href="../../jppfs_cor_2013-08-31.xsd#jppfs_cor_IncreaseDecreaseInStraightBondsIssuanceAndRedemptionOpeCFBNK" xlink:label="IncreaseDecreaseInStraightBondsIssuanceAndRedemptionOpeCFBNK"/>
    <link:definitionArc xlink:type="arc" xlink:arcrole="http://www.xbrl.org/2003/arcrole/general-special" xlink:from="SubtotalOpeCF" xlink:to="IncreaseDecreaseInStraightBondsIssuanceAndRedemptionOpeCFBNK" order="39.0"/>
    <link:loc xlink:type="locator" xlink:href="../../jppfs_cor_2013-08-31.xsd#jppfs_cor_AdjustmentOfUnsettledTradingAccountsOpeCFBNK" xlink:label="AdjustmentOfUnsettledTradingAccountsOpeCFBNK"/>
    <link:definitionArc xlink:type="arc" xlink:arcrole="http://www.xbrl.org/2003/arcrole/general-special" xlink:from="SubtotalOpeCF" xlink:to="AdjustmentOfUnsettledTradingAccountsOpeCFBNK" order="40.0"/>
    <link:loc xlink:type="locator" xlink:href="../../jppfs_cor_2013-08-31.xsd#jppfs_cor_NetDecreaseIncreaseInInterestBearingDepositOpeCFBNK" xlink:label="NetDecreaseIncreaseInInterestBearingDepositOpeCFBNK"/>
    <link:definitionArc xlink:type="arc" xlink:arcrole="http://www.xbrl.org/2003/arcrole/general-special" xlink:from="SubtotalOpeCF" xlink:to="NetDecreaseIncreaseInInterestBearingDepositOpeCFBNK" order="41.0"/>
    <link:loc xlink:type="locator" xlink:href="../../jppfs_cor_2013-08-31.xsd#jppfs_cor_NetDecreaseIncreaseInDepositExcludingCashEquivalentOpeCFBNK" xlink:label="NetDecreaseIncreaseInDepositExcludingCashEquivalentOpeCFBNK"/>
    <link:definitionArc xlink:type="arc" xlink:arcrole="http://www.xbrl.org/2003/arcrole/general-special" xlink:from="SubtotalOpeCF" xlink:to="NetDecreaseIncreaseInDepositExcludingCashEquivalentOpeCFBNK" order="42.0"/>
    <link:loc xlink:type="locator" xlink:href="../../jppfs_cor_2013-08-31.xsd#jppfs_cor_NetDecreaseIncreaseInDepositExcludingDepositPaidToBankOfJapanOpeCFBNK" xlink:label="NetDecreaseIncreaseInDepositExcludingDepositPaidToBankOfJapanOpeCFBNK"/>
    <link:definitionArc xlink:type="arc" xlink:arcrole="http://www.xbrl.org/2003/arcrole/general-special" xlink:from="SubtotalOpeCF" xlink:to="NetDecreaseIncreaseInDepositExcludingDepositPaidToBankOfJapanOpeCFBNK" order="43.0"/>
    <link:loc xlink:type="locator" xlink:href="../../jppfs_cor_2013-08-31.xsd#jppfs_cor_NetDecreaseIncreaseInDepositOpeCFBNK" xlink:label="NetDecreaseIncreaseInDepositOpeCFBNK"/>
    <link:definitionArc xlink:type="arc" xlink:arcrole="http://www.xbrl.org/2003/arcrole/general-special" xlink:from="SubtotalOpeCF" xlink:to="NetDecreaseIncreaseInDepositOpeCFBNK" order="44.0"/>
    <link:loc xlink:type="locator" xlink:href="../../jppfs_cor_2013-08-31.xsd#jppfs_cor_NetDecreaseIncreaseInReceivablesUnderSecuritiesBorrowingTransactionsOpeCFBNK" xlink:label="NetDecreaseIncreaseInReceivablesUnderSecuritiesBorrowingTransactionsOpeCFBNK"/>
    <link:definitionArc xlink:type="arc" xlink:arcrole="http://www.xbrl.org/2003/arcrole/general-special" xlink:from="SubtotalOpeCF" xlink:to="NetDecreaseIncreaseInReceivablesUnderSecuritiesBorrowingTransactionsOpeCFBNK" order="45.0"/>
    <link:loc xlink:type="locator" xlink:href="../../jppfs_cor_2013-08-31.xsd#jppfs_cor_NetIncreaseDecreaseInShortTermCorporateBondsOpeCFBNK" xlink:label="NetIncreaseDecreaseInShortTermCorporateBondsOpeCFBNK"/>
    <link:definitionArc xlink:type="arc" xlink:arcrole="http://www.xbrl.org/2003/arcrole/general-special" xlink:from="SubtotalOpeCF" xlink:to="NetIncreaseDecreaseInShortTermCorporateBondsOpeCFBNK" order="46.0"/>
    <link:loc xlink:type="locator" xlink:href="../../jppfs_cor_2013-08-31.xsd#jppfs_cor_NetDecreaseIncreaseInSecuritiesTradingOpeCFBNK" xlink:label="NetDecreaseIncreaseInSecuritiesTradingOpeCFBNK"/>
    <link:definitionArc xlink:type="arc" xlink:arcrole="http://www.xbrl.org/2003/arcrole/general-special" xlink:from="SubtotalOpeCF" xlink:to="NetDecreaseIncreaseInSecuritiesTradingOpeCFBNK" order="47.0"/>
    <link:loc xlink:type="locator" xlink:href="../../jppfs_cor_2013-08-31.xsd#jppfs_cor_NetDecreaseIncreaseInDepositOver3MonthsOpeCFBNK" xlink:label="NetDecreaseIncreaseInDepositOver3MonthsOpeCFBNK"/>
    <link:definitionArc xlink:type="arc" xlink:arcrole="http://www.xbrl.org/2003/arcrole/general-special" xlink:from="SubtotalOpeCF" xlink:to="NetDecreaseIncreaseInDepositOver3MonthsOpeCFBNK" order="48.0"/>
    <link:loc xlink:type="locator" xlink:href="../../jppfs_cor_2013-08-31.xsd#jppfs_cor_NetDecreaseIncreaseInLeaseReceivablesAndInvestmentAssetsOpeCFBNK" xlink:label="NetDecreaseIncreaseInLeaseReceivablesAndInvestmentAssetsOpeCFBNK"/>
    <link:definitionArc xlink:type="arc" xlink:arcrole="http://www.xbrl.org/2003/arcrole/general-special" xlink:from="SubtotalOpeCF" xlink:to="NetDecreaseIncreaseInLeaseReceivablesAndInvestmentAssetsOpeCFBNK" order="49.0"/>
    <link:loc xlink:type="locator" xlink:href="../../jppfs_cor_2013-08-31.xsd#jppfs_cor_IncomeTaxesPaidOpeCF" xlink:label="IncomeTaxesPaidOpeCF"/>
    <link:definitionArc xlink:type="arc" xlink:arcrole="http://www.xbrl.org/2003/arcrole/general-special" xlink:from="NetCashProvidedByUsedInOperatingActivitiesAbstract" xlink:to="IncomeTaxesPaidOpeCF" order="2.0"/>
    <link:loc xlink:type="locator" xlink:href="../../jppfs_cor_2013-08-31.xsd#jppfs_cor_NetCashProvidedByUsedInOperatingActivities" xlink:label="NetCashProvidedByUsedInOperatingActivities"/>
    <link:definitionArc xlink:type="arc" xlink:arcrole="http://www.xbrl.org/2003/arcrole/general-special" xlink:from="NetCashProvidedByUsedInOperatingActivitiesAbstract" xlink:to="NetCashProvidedByUsedInOperatingActivities" order="3.0"/>
    <link:loc xlink:type="locator" xlink:href="../../jppfs_cor_2013-08-31.xsd#jppfs_cor_NetCashProvidedByUsedInInvestmentActivitiesAbstract" xlink:label="NetCashProvidedByUsedInInvestmentActivitiesAbstract"/>
    <link:definitionArc xlink:type="arc" xlink:arcrole="http://www.xbrl.org/2003/arcrole/general-special" xlink:from="StatementOfCashFlowsLineItems" xlink:to="NetCashProvidedByUsedInInvestmentActivitiesAbstract" order="2.0"/>
    <link:loc xlink:type="locator" xlink:href="../../jppfs_cor_2013-08-31.xsd#jppfs_cor_DecreaseInMoneyHeldInTrustInvCFBNK" xlink:label="DecreaseInMoneyHeldInTrustInvCFBNK"/>
    <link:definitionArc xlink:type="arc" xlink:arcrole="http://www.xbrl.org/2003/arcrole/general-special" xlink:from="NetCashProvidedByUsedInInvestmentActivitiesAbstract" xlink:to="DecreaseInMoneyHeldInTrustInvCFBNK" order="5.0"/>
    <link:loc xlink:type="locator" xlink:href="../../jppfs_cor_2013-08-31.xsd#jppfs_cor_IncreaseInMoneyHeldInTrustInvCFBNK" xlink:label="IncreaseInMoneyHeldInTrustInvCFBNK"/>
    <link:definitionArc xlink:type="arc" xlink:arcrole="http://www.xbrl.org/2003/arcrole/general-special" xlink:from="NetCashProvidedByUsedInInvestmentActivitiesAbstract" xlink:to="IncreaseInMoneyHeldInTrustInvCFBNK" order="6.0"/>
    <link:loc xlink:type="locator" xlink:href="../../jppfs_cor_2013-08-31.xsd#jppfs_cor_ProceedsFromFundManagementAsInvestmentActivitiesInvCFBNK" xlink:label="ProceedsFromFundManagementAsInvestmentActivitiesInvCFBNK"/>
    <link:definitionArc xlink:type="arc" xlink:arcrole="http://www.xbrl.org/2003/arcrole/general-special" xlink:from="NetCashProvidedByUsedInInvestmentActivitiesAbstract" xlink:to="ProceedsFromFundManagementAsInvestmentActivitiesInvCFBNK" order="7.0"/>
    <link:loc xlink:type="locator" xlink:href="../../jppfs_cor_2013-08-31.xsd#jppfs_cor_PaymentsForMoneyHeldInTrustInvCFBNK" xlink:label="PaymentsForMoneyHeldInTrustInvCFBNK"/>
    <link:definitionArc xlink:type="arc" xlink:arcrole="http://www.xbrl.org/2003/arcrole/general-special" xlink:from="NetCashProvidedByUsedInInvestmentActivitiesAbstract" xlink:to="PaymentsForMoneyHeldInTrustInvCFBNK" order="8.0"/>
    <link:loc xlink:type="locator" xlink:href="../../jppfs_cor_2013-08-31.xsd#jppfs_cor_ProceedsFromCancellationAndDividendsOfMoneyHeldInTrustInvCFBNK" xlink:label="ProceedsFromCancellationAndDividendsOfMoneyHeldInTrustInvCFBNK"/>
    <link:definitionArc xlink:type="arc" xlink:arcrole="http://www.xbrl.org/2003/arcrole/general-special" xlink:from="NetCashProvidedByUsedInInvestmentActivitiesAbstract" xlink:to="ProceedsFromCancellationAndDividendsOfMoneyHeldInTrustInvCFBNK" order="9.0"/>
    <link:loc xlink:type="locator" xlink:href="../../jppfs_cor_2013-08-31.xsd#jppfs_cor_ProceedsFromRedemptionOfSecuritiesInvCFBNK" xlink:label="ProceedsFromRedemptionOfSecuritiesInvCFBNK"/>
    <link:definitionArc xlink:type="arc" xlink:arcrole="http://www.xbrl.org/2003/arcrole/general-special" xlink:from="NetCashProvidedByUsedInInvestmentActivitiesAbstract" xlink:to="ProceedsFromRedemptionOfSecuritiesInvCFBNK" order="10.0"/>
    <link:loc xlink:type="locator" xlink:href="../../jppfs_cor_2013-08-31.xsd#jppfs_cor_PurchaseOfSecuritiesInvCFBNK" xlink:label="PurchaseOfSecuritiesInvCFBNK"/>
    <link:definitionArc xlink:type="arc" xlink:arcrole="http://www.xbrl.org/2003/arcrole/general-special" xlink:from="NetCashProvidedByUsedInInvestmentActivitiesAbstract" xlink:to="PurchaseOfSecuritiesInvCFBNK" order="1.0"/>
    <link:loc xlink:type="locator" xlink:href="../../jppfs_cor_2013-08-31.xsd#jppfs_cor_ProceedsFromSalesOfSecuritiesInvCFBNK" xlink:label="ProceedsFromSalesOfSecuritiesInvCFBNK"/>
    <link:definitionArc xlink:type="arc" xlink:arcrole="http://www.xbrl.org/2003/arcrole/general-special" xlink:from="NetCashProvidedByUsedInInvestmentActivitiesAbstract" xlink:to="ProceedsFromSalesOfSecuritiesInvCFBNK" order="2.0"/>
    <link:loc xlink:type="locator" xlink:href="../../jppfs_cor_2013-08-31.xsd#jppfs_cor_PurchaseOfPropertyPlantAndEquipmentInvCF" xlink:label="PurchaseOfPropertyPlantAndEquipmentInvCF"/>
    <link:definitionArc xlink:type="arc" xlink:arcrole="http://www.xbrl.org/2003/arcrole/general-special" xlink:from="NetCashProvidedByUsedInInvestmentActivitiesAbstract" xlink:to="PurchaseOfPropertyPlantAndEquipmentInvCF" order="3.0"/>
    <link:loc xlink:type="locator" xlink:href="../../jppfs_cor_2013-08-31.xsd#jppfs_cor_ProceedsFromSalesOfPropertyPlantAndEquipmentInvCF" xlink:label="ProceedsFromSalesOfPropertyPlantAndEquipmentInvCF"/>
    <link:definitionArc xlink:type="arc" xlink:arcrole="http://www.xbrl.org/2003/arcrole/general-special" xlink:from="NetCashProvidedByUsedInInvestmentActivitiesAbstract" xlink:to="ProceedsFromSalesOfPropertyPlantAndEquipmentInvCF" order="4.0"/>
    <link:loc xlink:type="locator" xlink:href="../../jppfs_cor_2013-08-31.xsd#jppfs_cor_NetCashProvidedByUsedInInvestmentActivities" xlink:label="NetCashProvidedByUsedInInvestmentActivities"/>
    <link:definitionArc xlink:type="arc" xlink:arcrole="http://www.xbrl.org/2003/arcrole/general-special" xlink:from="NetCashProvidedByUsedInInvestmentActivitiesAbstract" xlink:to="NetCashProvidedByUsedInInvestmentActivities" order="11.0"/>
    <link:loc xlink:type="locator" xlink:href="../../jppfs_cor_2013-08-31.xsd#jppfs_cor_NetCashProvidedByUsedInFinancingActivitiesAbstract" xlink:label="NetCashProvidedByUsedInFinancingActivitiesAbstract"/>
    <link:definitionArc xlink:type="arc" xlink:arcrole="http://www.xbrl.org/2003/arcrole/general-special" xlink:from="StatementOfCashFlowsLineItems" xlink:to="NetCashProvidedByUsedInFinancingActivitiesAbstract" order="3.0"/>
    <link:loc xlink:type="locator" xlink:href="../../jppfs_cor_2013-08-31.xsd#jppfs_cor_PaymentsAsFinancingActivitiesFinCFBNK" xlink:label="PaymentsAsFinancingActivitiesFinCFBNK"/>
    <link:definitionArc xlink:type="arc" xlink:arcrole="http://www.xbrl.org/2003/arcrole/general-special" xlink:from="NetCashProvidedByUsedInFinancingActivitiesAbstract" xlink:to="PaymentsAsFinancingActivitiesFinCFBNK" order="5.0"/>
    <link:loc xlink:type="locator" xlink:href="../../jppfs_cor_2013-08-31.xsd#jppfs_cor_RedemptionOfSubordinatedBondsFinCFBNK" xlink:label="RedemptionOfSubordinatedBondsFinCFBNK"/>
    <link:definitionArc xlink:type="arc" xlink:arcrole="http://www.xbrl.org/2003/arcrole/general-special" xlink:from="NetCashProvidedByUsedInFinancingActivitiesAbstract" xlink:to="RedemptionOfSubordinatedBondsFinCFBNK" order="6.0"/>
    <link:loc xlink:type="locator" xlink:href="../../jppfs_cor_2013-08-31.xsd#jppfs_cor_IssuanceOfSubordinatedBondsFinCFBNK" xlink:label="IssuanceOfSubordinatedBondsFinCFBNK"/>
    <link:definitionArc xlink:type="arc" xlink:arcrole="http://www.xbrl.org/2003/arcrole/general-special" xlink:from="NetCashProvidedByUsedInFinancingActivitiesAbstract" xlink:to="IssuanceOfSubordinatedBondsFinCFBNK" order="7.0"/>
    <link:loc xlink:type="locator" xlink:href="../../jppfs_cor_2013-08-31.xsd#jppfs_cor_IncreaseInSubordinatedBorrowingsFinCFBNK" xlink:label="IncreaseInSubordinatedBorrowingsFinCFBNK"/>
    <link:definitionArc xlink:type="arc" xlink:arcrole="http://www.xbrl.org/2003/arcrole/general-special" xlink:from="NetCashProvidedByUsedInFinancingActivitiesAbstract" xlink:to="IncreaseInSubordinatedBorrowingsFinCFBNK" order="8.0"/>
    <link:loc xlink:type="locator" xlink:href="../../jppfs_cor_2013-08-31.xsd#jppfs_cor_DecreaseInSubordinatedBorrowingsFinCFBNK" xlink:label="DecreaseInSubordinatedBorrowingsFinCFBNK"/>
    <link:definitionArc xlink:type="arc" xlink:arcrole="http://www.xbrl.org/2003/arcrole/general-special" xlink:from="NetCashProvidedByUsedInFinancingActivitiesAbstract" xlink:to="DecreaseInSubordinatedBorrowingsFinCFBNK" order="9.0"/>
    <link:loc xlink:type="locator" xlink:href="../../jppfs_cor_2013-08-31.xsd#jppfs_cor_ProceedsFromIssuanceOfSubordinatedBondsAndBondsWithSubscriptionRightsToSharesFinCFBNK" xlink:label="ProceedsFromIssuanceOfSubordinatedBondsAndBondsWithSubscriptionRightsToSharesFinCFBNK"/>
    <link:definitionArc xlink:type="arc" xlink:arcrole="http://www.xbrl.org/2003/arcrole/general-special" xlink:from="NetCashProvidedByUsedInFinancingActivitiesAbstract" xlink:to="ProceedsFromIssuanceOfSubordinatedBondsAndBondsWithSubscriptionRightsToSharesFinCFBNK" order="10.0"/>
    <link:loc xlink:type="locator" xlink:href="../../jppfs_cor_2013-08-31.xsd#jppfs_cor_PaymentsForRedemptionSubordinatedBondsAndBondsWithSubscriptionRightsToSharesFinCFBNK" xlink:label="PaymentsForRedemptionSubordinatedBondsAndBondsWithSubscriptionRightsToSharesFinCFBNK"/>
    <link:definitionArc xlink:type="arc" xlink:arcrole="http://www.xbrl.org/2003/arcrole/general-special" xlink:from="NetCashProvidedByUsedInFinancingActivitiesAbstract" xlink:to="PaymentsForRedemptionSubordinatedBondsAndBondsWithSubscriptionRightsToSharesFinCFBNK" order="11.0"/>
    <link:loc xlink:type="locator" xlink:href="../../jppfs_cor_2013-08-31.xsd#jppfs_cor_ProceedsFromIssuanceOfCommonStockFinCF" xlink:label="ProceedsFromIssuanceOfCommonStockFinCF"/>
    <link:definitionArc xlink:type="arc" xlink:arcrole="http://www.xbrl.org/2003/arcrole/general-special" xlink:from="NetCashProvidedByUsedInFinancingActivitiesAbstract" xlink:to="ProceedsFromIssuanceOfCommonStockFinCF" order="1.0"/>
    <link:loc xlink:type="locator" xlink:href="../../jppfs_cor_2013-08-31.xsd#jppfs_cor_PurchaseOfTreasuryStockFinCF" xlink:label="PurchaseOfTreasuryStockFinCF"/>
    <link:definitionArc xlink:type="arc" xlink:arcrole="http://www.xbrl.org/2003/arcrole/general-special" xlink:from="NetCashProvidedByUsedInFinancingActivitiesAbstract" xlink:to="PurchaseOfTreasuryStockFinCF" order="2.0"/>
    <link:loc xlink:type="locator" xlink:href="../../jppfs_cor_2013-08-31.xsd#jppfs_cor_CashDividendsPaidFinCF" xlink:label="CashDividendsPaidFinCF"/>
    <link:definitionArc xlink:type="arc" xlink:arcrole="http://www.xbrl.org/2003/arcrole/general-special" xlink:from="NetCashProvidedByUsedInFinancingActivitiesAbstract" xlink:to="CashDividendsPaidFinCF" order="3.0"/>
    <link:loc xlink:type="locator" xlink:href="../../jppfs_cor_2013-08-31.xsd#jppfs_cor_CashDividendsPaidToMinorityShareholdersFinCF" xlink:label="CashDividendsPaidToMinorityShareholdersFinCF"/>
    <link:definitionArc xlink:type="arc" xlink:arcrole="http://www.xbrl.org/2003/arcrole/general-special" xlink:from="NetCashProvidedByUsedInFinancingActivitiesAbstract" xlink:to="CashDividendsPaidToMinorityShareholdersFinCF" order="4.0"/>
    <link:loc xlink:type="locator" xlink:href="../../jppfs_cor_2013-08-31.xsd#jppfs_cor_NetCashProvidedByUsedInFinancingActivities" xlink:label="NetCashProvidedByUsedInFinancingActivities"/>
    <link:definitionArc xlink:type="arc" xlink:arcrole="http://www.xbrl.org/2003/arcrole/general-special" xlink:from="NetCashProvidedByUsedInFinancingActivitiesAbstract" xlink:to="NetCashProvidedByUsedInFinancingActivities" order="12.0"/>
    <link:loc xlink:type="locator" xlink:href="../../jppfs_cor_2013-08-31.xsd#jppfs_cor_EffectOfExchangeRateChangeOnCashAndCashEquivalents" xlink:label="EffectOfExchangeRateChangeOnCashAndCashEquivalents"/>
    <link:definitionArc xlink:type="arc" xlink:arcrole="http://www.xbrl.org/2003/arcrole/general-special" xlink:from="StatementOfCashFlowsLineItems" xlink:to="EffectOfExchangeRateChangeOnCashAndCashEquivalents" order="4.0"/>
    <link:loc xlink:type="locator" xlink:href="../../jppfs_cor_2013-08-31.xsd#jppfs_cor_NetIncreaseDecreaseInCashAndCashEquivalents" xlink:label="NetIncreaseDecreaseInCashAndCashEquivalents"/>
    <link:definitionArc xlink:type="arc" xlink:arcrole="http://www.xbrl.org/2003/arcrole/general-special" xlink:from="StatementOfCashFlowsLineItems" xlink:to="NetIncreaseDecreaseInCashAndCashEquivalents" order="5.0"/>
    <link:loc xlink:type="locator" xlink:href="../../jppfs_cor_2013-08-31.xsd#jppfs_cor_CashAndCashEquivalents" xlink:label="CashAndCashEquivalents"/>
    <link:definitionArc xlink:type="arc" xlink:arcrole="http://www.xbrl.org/2003/arcrole/general-special" xlink:from="StatementOfCashFlowsLineItems" xlink:to="CashAndCashEquivalents" order="6.0"/>
  </link:definitionLink>
</link:linkbase>
