<?xml version="1.0" encoding="UTF-8"?>
<!--  (c) Financial Services Agency, The Japanese Government.
      All Rights Reserved.
      For intellectual property policy and authorized uses of EDINET Taxonomy,
      refer to “EDINET Taxonomy Legal Statement” at http://www.fsa.go.jp/search/EDINET_Taxonomy_Legal_Statement.html
-->
<link:linkbase xmlns:link="http://www.xbrl.org/2003/linkbase" xmlns:xsi="http://www.w3.org/2001/XMLSchema-instance" xmlns:xlink="http://www.w3.org/1999/xlink" xmlns:xbrli="http://www.xbrl.org/2003/instance">
  <link:roleRef roleURI="http://disclosure.edinet-fsa.go.jp/role/jppfs/rol_std_ConsolidatedBalanceSheet" xlink:type="simple" xlink:href="../../jppfs_rt_2018-02-28.xsd#rol_std_ConsolidatedBalanceSheet"/>
  <link:presentationLink xlink:type="extended" xlink:role="http://disclosure.edinet-fsa.go.jp/role/jppfs/rol_std_ConsolidatedBalanceSheet">
    <link:loc xlink:type="locator" xlink:href="../../jppfs_cor_2018-02-28.xsd#jppfs_cor_PropertyPlantAndEquipmentAbstract" xlink:label="PropertyPlantAndEquipmentAbstract"/>
    <link:loc xlink:type="locator" xlink:href="../../jppfs_cor_2018-02-28.xsd#jppfs_cor_BuildingsAndStructures" xlink:label="BuildingsAndStructures"/>
    <link:presentationArc xlink:type="arc" xlink:arcrole="http://www.xbrl.org/2003/arcrole/parent-child" xlink:from="PropertyPlantAndEquipmentAbstract" xlink:to="BuildingsAndStructures" order="3.0"/>
    <link:loc xlink:type="locator" xlink:href="../../jppfs_cor_2018-02-28.xsd#jppfs_cor_MachineryEquipmentAndVehicles" xlink:label="MachineryEquipmentAndVehicles"/>
    <link:presentationArc xlink:type="arc" xlink:arcrole="http://www.xbrl.org/2003/arcrole/parent-child" xlink:from="PropertyPlantAndEquipmentAbstract" xlink:to="MachineryEquipmentAndVehicles" order="8.0"/>
    <link:loc xlink:type="locator" xlink:href="../../jppfs_cor_2018-02-28.xsd#jppfs_cor_LeaseAssetsPPE" xlink:label="LeaseAssetsPPE"/>
    <link:presentationArc xlink:type="arc" xlink:arcrole="http://www.xbrl.org/2003/arcrole/parent-child" xlink:from="PropertyPlantAndEquipmentAbstract" xlink:to="LeaseAssetsPPE" order="14.0"/>
    <link:loc xlink:type="locator" xlink:href="../../jppfs_cor_2018-02-28.xsd#jppfs_cor_OtherPPE" xlink:label="OtherPPE"/>
    <link:presentationArc xlink:type="arc" xlink:arcrole="http://www.xbrl.org/2003/arcrole/parent-child" xlink:from="PropertyPlantAndEquipmentAbstract" xlink:to="OtherPPE" order="20.0"/>
    <link:loc xlink:type="locator" xlink:href="../../jppfs_cor_2018-02-28.xsd#jppfs_cor_AccumulatedDepreciationAndImpairmentLossPPEByGroup" xlink:label="AccumulatedDepreciationAndImpairmentLossPPEByGroup"/>
    <link:presentationArc xlink:type="arc" xlink:arcrole="http://www.xbrl.org/2003/arcrole/parent-child" xlink:from="PropertyPlantAndEquipmentAbstract" xlink:to="AccumulatedDepreciationAndImpairmentLossPPEByGroup" order="25.0"/>
  </link:presentationLink>
</link:linkbase>
