<?xml version="1.0" encoding="UTF-8"?>
<!--  (c) Financial Services Agency, The Japanese Government.
      All Rights Reserved.
      For intellectual property policy and authorized uses of EDINET Taxonomy,
      refer to “EDINET Taxonomy Legal Statement” at http://www.fsa.go.jp/search/EDINET_Taxonomy_Legal_Statement.html
-->
<link:linkbase xmlns:link="http://www.xbrl.org/2003/linkbase" xmlns:xsi="http://www.w3.org/2001/XMLSchema-instance" xmlns:xbrldt="http://xbrl.org/2005/xbrldt" xmlns:xlink="http://www.w3.org/1999/xlink" xmlns:xbrli="http://www.xbrl.org/2003/instance">
  <link:roleRef roleURI="http://disclosure.edinet-fsa.go.jp/role/jppfs/rol_std_BalanceSheet" xlink:type="simple" xlink:href="../../jppfs_rt_2018-02-28.xsd#rol_std_BalanceSheet"/>
  <link:arcroleRef arcroleURI="http://xbrl.org/int/dim/arcrole/domain-member" xlink:type="simple" xlink:href="http://www.xbrl.org/2005/xbrldt-2005.xsd#domain-member"/>
  <link:definitionLink xlink:type="extended" xlink:role="http://disclosure.edinet-fsa.go.jp/role/jppfs/rol_std_BalanceSheet">
    <link:loc xlink:type="locator" xlink:href="../../jppfs_cor_2018-02-28.xsd#jppfs_cor_CurrentAssetsAbstract" xlink:label="CurrentAssetsAbstract"/>
    <link:loc xlink:type="locator" xlink:href="../../jppfs_cor_2018-02-28.xsd#jppfs_cor_ShortTermClaimsOnShareholdersDirectorsOrEmployees" xlink:label="ShortTermClaimsOnShareholdersDirectorsOrEmployees"/>
    <link:definitionArc xlink:type="arc" xlink:arcrole="http://xbrl.org/int/dim/arcrole/domain-member" xlink:from="CurrentAssetsAbstract" xlink:to="ShortTermClaimsOnShareholdersDirectorsOrEmployees" order="23.0"/>
    <link:loc xlink:type="locator" xlink:href="../../jppfs_cor_2018-02-28.xsd#jppfs_cor_AllowanceForDoubtfulAccountsShortTermClaimsOnShareholdersDirectorsOrEmployees" xlink:label="AllowanceForDoubtfulAccountsShortTermClaimsOnShareholdersDirectorsOrEmployees"/>
    <link:definitionArc xlink:type="arc" xlink:arcrole="http://xbrl.org/int/dim/arcrole/domain-member" xlink:from="ShortTermClaimsOnShareholdersDirectorsOrEmployees" xlink:to="AllowanceForDoubtfulAccountsShortTermClaimsOnShareholdersDirectorsOrEmployees" order="1.0"/>
    <link:loc xlink:type="locator" xlink:href="../../jppfs_cor_2018-02-28.xsd#jppfs_cor_ShortTermClaimsOnShareholdersDirectorsOrEmployeesNet" xlink:label="ShortTermClaimsOnShareholdersDirectorsOrEmployeesNet"/>
    <link:definitionArc xlink:type="arc" xlink:arcrole="http://xbrl.org/int/dim/arcrole/domain-member" xlink:from="ShortTermClaimsOnShareholdersDirectorsOrEmployees" xlink:to="ShortTermClaimsOnShareholdersDirectorsOrEmployeesNet" order="2.0"/>
    <link:loc xlink:type="locator" xlink:href="../../jppfs_cor_2018-02-28.xsd#jppfs_cor_ShortTermLoansReceivable" xlink:label="ShortTermLoansReceivable"/>
    <link:definitionArc xlink:type="arc" xlink:arcrole="http://xbrl.org/int/dim/arcrole/domain-member" xlink:from="CurrentAssetsAbstract" xlink:to="ShortTermLoansReceivable" order="26.0"/>
    <link:loc xlink:type="locator" xlink:href="../../jppfs_cor_2018-02-28.xsd#jppfs_cor_AllowanceForDoubtfulAccountsShortTermLoans" xlink:label="AllowanceForDoubtfulAccountsShortTermLoans"/>
    <link:definitionArc xlink:type="arc" xlink:arcrole="http://xbrl.org/int/dim/arcrole/domain-member" xlink:from="ShortTermLoansReceivable" xlink:to="AllowanceForDoubtfulAccountsShortTermLoans" order="1.0"/>
    <link:loc xlink:type="locator" xlink:href="../../jppfs_cor_2018-02-28.xsd#jppfs_cor_ShortTermLoansReceivableNet" xlink:label="ShortTermLoansReceivableNet"/>
    <link:definitionArc xlink:type="arc" xlink:arcrole="http://xbrl.org/int/dim/arcrole/domain-member" xlink:from="ShortTermLoansReceivable" xlink:to="ShortTermLoansReceivableNet" order="2.0"/>
    <link:loc xlink:type="locator" xlink:href="../../jppfs_cor_2018-02-28.xsd#jppfs_cor_NotesReceivableTrade" xlink:label="NotesReceivableTrade"/>
    <link:definitionArc xlink:type="arc" xlink:arcrole="http://xbrl.org/int/dim/arcrole/domain-member" xlink:from="CurrentAssetsAbstract" xlink:to="NotesReceivableTrade" order="2.0"/>
    <link:loc xlink:type="locator" xlink:href="../../jppfs_cor_2018-02-28.xsd#jppfs_cor_AllowanceForDoubtfulAccountsNotesReceivableTrade" xlink:label="AllowanceForDoubtfulAccountsNotesReceivableTrade"/>
    <link:definitionArc xlink:type="arc" xlink:arcrole="http://xbrl.org/int/dim/arcrole/domain-member" xlink:from="NotesReceivableTrade" xlink:to="AllowanceForDoubtfulAccountsNotesReceivableTrade" order="1.0"/>
    <link:loc xlink:type="locator" xlink:href="../../jppfs_cor_2018-02-28.xsd#jppfs_cor_NotesReceivableTradeNet" xlink:label="NotesReceivableTradeNet"/>
    <link:definitionArc xlink:type="arc" xlink:arcrole="http://xbrl.org/int/dim/arcrole/domain-member" xlink:from="NotesReceivableTrade" xlink:to="NotesReceivableTradeNet" order="2.0"/>
    <link:loc xlink:type="locator" xlink:href="../../jppfs_cor_2018-02-28.xsd#jppfs_cor_AccountsReceivableTrade" xlink:label="AccountsReceivableTrade"/>
    <link:definitionArc xlink:type="arc" xlink:arcrole="http://xbrl.org/int/dim/arcrole/domain-member" xlink:from="CurrentAssetsAbstract" xlink:to="AccountsReceivableTrade" order="5.0"/>
    <link:loc xlink:type="locator" xlink:href="../../jppfs_cor_2018-02-28.xsd#jppfs_cor_AllowanceForDoubtfulAccountsAccountsReceivableTrade" xlink:label="AllowanceForDoubtfulAccountsAccountsReceivableTrade"/>
    <link:definitionArc xlink:type="arc" xlink:arcrole="http://xbrl.org/int/dim/arcrole/domain-member" xlink:from="AccountsReceivableTrade" xlink:to="AllowanceForDoubtfulAccountsAccountsReceivableTrade" order="1.0"/>
    <link:loc xlink:type="locator" xlink:href="../../jppfs_cor_2018-02-28.xsd#jppfs_cor_AccountsReceivableTradeNet" xlink:label="AccountsReceivableTradeNet"/>
    <link:definitionArc xlink:type="arc" xlink:arcrole="http://xbrl.org/int/dim/arcrole/domain-member" xlink:from="AccountsReceivableTrade" xlink:to="AccountsReceivableTradeNet" order="2.0"/>
    <link:loc xlink:type="locator" xlink:href="../../jppfs_cor_2018-02-28.xsd#jppfs_cor_LeaseReceivablesCA" xlink:label="LeaseReceivablesCA"/>
    <link:definitionArc xlink:type="arc" xlink:arcrole="http://xbrl.org/int/dim/arcrole/domain-member" xlink:from="CurrentAssetsAbstract" xlink:to="LeaseReceivablesCA" order="8.0"/>
    <link:loc xlink:type="locator" xlink:href="../../jppfs_cor_2018-02-28.xsd#jppfs_cor_AllowanceForDoubtfulAccountsLeaseReceivablesCA" xlink:label="AllowanceForDoubtfulAccountsLeaseReceivablesCA"/>
    <link:definitionArc xlink:type="arc" xlink:arcrole="http://xbrl.org/int/dim/arcrole/domain-member" xlink:from="LeaseReceivablesCA" xlink:to="AllowanceForDoubtfulAccountsLeaseReceivablesCA" order="1.0"/>
    <link:loc xlink:type="locator" xlink:href="../../jppfs_cor_2018-02-28.xsd#jppfs_cor_LeaseReceivablesNetCA" xlink:label="LeaseReceivablesNetCA"/>
    <link:definitionArc xlink:type="arc" xlink:arcrole="http://xbrl.org/int/dim/arcrole/domain-member" xlink:from="LeaseReceivablesCA" xlink:to="LeaseReceivablesNetCA" order="2.0"/>
    <link:loc xlink:type="locator" xlink:href="../../jppfs_cor_2018-02-28.xsd#jppfs_cor_LeaseInvestmentAssetsCA" xlink:label="LeaseInvestmentAssetsCA"/>
    <link:definitionArc xlink:type="arc" xlink:arcrole="http://xbrl.org/int/dim/arcrole/domain-member" xlink:from="CurrentAssetsAbstract" xlink:to="LeaseInvestmentAssetsCA" order="11.0"/>
    <link:loc xlink:type="locator" xlink:href="../../jppfs_cor_2018-02-28.xsd#jppfs_cor_AllowanceForDoubtfulAccountsLeaseInvestmentAssetsCA" xlink:label="AllowanceForDoubtfulAccountsLeaseInvestmentAssetsCA"/>
    <link:definitionArc xlink:type="arc" xlink:arcrole="http://xbrl.org/int/dim/arcrole/domain-member" xlink:from="LeaseInvestmentAssetsCA" xlink:to="AllowanceForDoubtfulAccountsLeaseInvestmentAssetsCA" order="1.0"/>
    <link:loc xlink:type="locator" xlink:href="../../jppfs_cor_2018-02-28.xsd#jppfs_cor_LeaseInvestmentAssetsNetCA" xlink:label="LeaseInvestmentAssetsNetCA"/>
    <link:definitionArc xlink:type="arc" xlink:arcrole="http://xbrl.org/int/dim/arcrole/domain-member" xlink:from="LeaseInvestmentAssetsCA" xlink:to="LeaseInvestmentAssetsNetCA" order="2.0"/>
  </link:definitionLink>
</link:linkbase>
