<?xml version="1.0" encoding="UTF-8"?>
<!--  (c) Financial Services Agency, The Japanese Government.
      All Rights Reserved.
      For intellectual property policy and authorized uses of EDINET Taxonomy,
      refer to “EDINET Taxonomy Legal Statement” at http://www.fsa.go.jp/search/EDINET_Taxonomy_Legal_Statement.html
-->
<link:linkbase xmlns:link="http://www.xbrl.org/2003/linkbase" xmlns:xsi="http://www.w3.org/2001/XMLSchema-instance" xmlns:xlink="http://www.w3.org/1999/xlink" xmlns:xbrli="http://www.xbrl.org/2003/instance">
  <link:roleRef roleURI="http://www.xbrl.org/2009/role/deprecatedDateLabel" xlink:type="simple" xlink:href="http://www.xbrl.org/lrr/role/deprecated-2009-12-16.xsd#deprecatedDateLabel"/>
  <link:roleRef roleURI="http://www.xbrl.org/2009/role/deprecatedLabel" xlink:type="simple" xlink:href="http://www.xbrl.org/lrr/role/deprecated-2009-12-16.xsd#deprecatedLabel"/>
  <link:labelLink xlink:type="extended" xlink:role="http://www.xbrl.org/2003/role/link">
    <link:loc xlink:type="locator" xlink:href="jpigp_dep_2020-11-01.xsd#jpigp_cor_FinancialLiabilitiesAtFairValueThroughProfitOrLossInterestExpensesIFRS" xlink:label="FinancialLiabilitiesAtFairValueThroughProfitOrLossInterestExpensesIFRS"/>
    <link:label xlink:type="resource" xlink:label="label_FinancialLiabilitiesAtFairValueThroughProfitOrLossInterestExpensesIFRS" xlink:role="http://www.xbrl.org/2009/role/deprecatedLabel" xml:lang="ja" id="label_FinancialLiabilitiesAtFairValueThroughProfitOrLossInterestExpensesIFRS">2019年版年次更新</link:label>
    <link:labelArc xlink:type="arc" xlink:arcrole="http://www.xbrl.org/2003/arcrole/concept-label" xlink:from="FinancialLiabilitiesAtFairValueThroughProfitOrLossInterestExpensesIFRS" xlink:to="label_FinancialLiabilitiesAtFairValueThroughProfitOrLossInterestExpensesIFRS"/>
    <link:label xlink:type="resource" xlink:label="label_FinancialLiabilitiesAtFairValueThroughProfitOrLossInterestExpensesIFRS_2" xlink:role="http://www.xbrl.org/2009/role/deprecatedDateLabel" xml:lang="ja" id="label_FinancialLiabilitiesAtFairValueThroughProfitOrLossInterestExpensesIFRS_2">2019-02-28</link:label>
    <link:labelArc xlink:type="arc" xlink:arcrole="http://www.xbrl.org/2003/arcrole/concept-label" xlink:from="FinancialLiabilitiesAtFairValueThroughProfitOrLossInterestExpensesIFRS" xlink:to="label_FinancialLiabilitiesAtFairValueThroughProfitOrLossInterestExpensesIFRS_2"/>
    <link:loc xlink:type="locator" xlink:href="jpigp_dep_2020-11-01.xsd#jpigp_cor_AvailableForSaleFinancialAssetsCAIFRS" xlink:label="AvailableForSaleFinancialAssetsCAIFRS"/>
    <link:label xlink:type="resource" xlink:label="label_AvailableForSaleFinancialAssetsCAIFRS" xlink:role="http://www.xbrl.org/2009/role/deprecatedLabel" xml:lang="ja" id="label_AvailableForSaleFinancialAssetsCAIFRS">IFRS9の適用開始</link:label>
    <link:labelArc xlink:type="arc" xlink:arcrole="http://www.xbrl.org/2003/arcrole/concept-label" xlink:from="AvailableForSaleFinancialAssetsCAIFRS" xlink:to="label_AvailableForSaleFinancialAssetsCAIFRS"/>
    <link:label xlink:type="resource" xlink:label="label_AvailableForSaleFinancialAssetsCAIFRS_2" xlink:role="http://www.xbrl.org/2009/role/deprecatedDateLabel" xml:lang="ja" id="label_AvailableForSaleFinancialAssetsCAIFRS_2">2018-01-01</link:label>
    <link:labelArc xlink:type="arc" xlink:arcrole="http://www.xbrl.org/2003/arcrole/concept-label" xlink:from="AvailableForSaleFinancialAssetsCAIFRS" xlink:to="label_AvailableForSaleFinancialAssetsCAIFRS_2"/>
    <link:loc xlink:type="locator" xlink:href="jpigp_dep_2020-11-01.xsd#jpigp_cor_AvailableForSaleFinancialAssetsNCAIFRS" xlink:label="AvailableForSaleFinancialAssetsNCAIFRS"/>
    <link:label xlink:type="resource" xlink:label="label_AvailableForSaleFinancialAssetsNCAIFRS" xlink:role="http://www.xbrl.org/2009/role/deprecatedLabel" xml:lang="ja" id="label_AvailableForSaleFinancialAssetsNCAIFRS">IFRS9の適用開始</link:label>
    <link:labelArc xlink:type="arc" xlink:arcrole="http://www.xbrl.org/2003/arcrole/concept-label" xlink:from="AvailableForSaleFinancialAssetsNCAIFRS" xlink:to="label_AvailableForSaleFinancialAssetsNCAIFRS"/>
    <link:label xlink:type="resource" xlink:label="label_AvailableForSaleFinancialAssetsNCAIFRS_2" xlink:role="http://www.xbrl.org/2009/role/deprecatedDateLabel" xml:lang="ja" id="label_AvailableForSaleFinancialAssetsNCAIFRS_2">2018-01-01</link:label>
    <link:labelArc xlink:type="arc" xlink:arcrole="http://www.xbrl.org/2003/arcrole/concept-label" xlink:from="AvailableForSaleFinancialAssetsNCAIFRS" xlink:to="label_AvailableForSaleFinancialAssetsNCAIFRS_2"/>
    <link:loc xlink:type="locator" xlink:href="jpigp_dep_2020-11-01.xsd#jpigp_cor_AvailableForSaleFinancialAssetsAssetsIFRS" xlink:label="AvailableForSaleFinancialAssetsAssetsIFRS"/>
    <link:label xlink:type="resource" xlink:label="label_AvailableForSaleFinancialAssetsAssetsIFRS" xlink:role="http://www.xbrl.org/2009/role/deprecatedLabel" xml:lang="ja" id="label_AvailableForSaleFinancialAssetsAssetsIFRS">IFRS9の適用開始</link:label>
    <link:labelArc xlink:type="arc" xlink:arcrole="http://www.xbrl.org/2003/arcrole/concept-label" xlink:from="AvailableForSaleFinancialAssetsAssetsIFRS" xlink:to="label_AvailableForSaleFinancialAssetsAssetsIFRS"/>
    <link:label xlink:type="resource" xlink:label="label_AvailableForSaleFinancialAssetsAssetsIFRS_2" xlink:role="http://www.xbrl.org/2009/role/deprecatedDateLabel" xml:lang="ja" id="label_AvailableForSaleFinancialAssetsAssetsIFRS_2">2018-01-01</link:label>
    <link:labelArc xlink:type="arc" xlink:arcrole="http://www.xbrl.org/2003/arcrole/concept-label" xlink:from="AvailableForSaleFinancialAssetsAssetsIFRS" xlink:to="label_AvailableForSaleFinancialAssetsAssetsIFRS_2"/>
    <link:loc xlink:type="locator" xlink:href="jpigp_dep_2020-11-01.xsd#jpigp_cor_ChangeInFairValueOfAvailableForSaleFinancialAssetsNetOfTaxItemsThatMayBeReclassifiedToProfitOrLossOCIIFRS" xlink:label="ChangeInFairValueOfAvailableForSaleFinancialAssetsNetOfTaxItemsThatMayBeReclassifiedToProfitOrLossOCIIFRS"/>
    <link:label xlink:type="resource" xlink:label="label_ChangeInFairValueOfAvailableForSaleFinancialAssetsNetOfTaxItemsThatMayBeReclassifiedToProfitOrLossOCIIFRS" xlink:role="http://www.xbrl.org/2009/role/deprecatedLabel" xml:lang="ja" id="label_ChangeInFairValueOfAvailableForSaleFinancialAssetsNetOfTaxItemsThatMayBeReclassifiedToProfitOrLossOCIIFRS">IFRS9の適用開始</link:label>
    <link:labelArc xlink:type="arc" xlink:arcrole="http://www.xbrl.org/2003/arcrole/concept-label" xlink:from="ChangeInFairValueOfAvailableForSaleFinancialAssetsNetOfTaxItemsThatMayBeReclassifiedToProfitOrLossOCIIFRS" xlink:to="label_ChangeInFairValueOfAvailableForSaleFinancialAssetsNetOfTaxItemsThatMayBeReclassifiedToProfitOrLossOCIIFRS"/>
    <link:label xlink:type="resource" xlink:label="label_ChangeInFairValueOfAvailableForSaleFinancialAssetsNetOfTaxItemsThatMayBeReclassifiedToProfitOrLossOCIIFRS_2" xlink:role="http://www.xbrl.org/2009/role/deprecatedDateLabel" xml:lang="ja" id="label_ChangeInFairValueOfAvailableForSaleFinancialAssetsNetOfTaxItemsThatMayBeReclassifiedToProfitOrLossOCIIFRS_2">2018-01-01</link:label>
    <link:labelArc xlink:type="arc" xlink:arcrole="http://www.xbrl.org/2003/arcrole/concept-label" xlink:from="ChangeInFairValueOfAvailableForSaleFinancialAssetsNetOfTaxItemsThatMayBeReclassifiedToProfitOrLossOCIIFRS" xlink:to="label_ChangeInFairValueOfAvailableForSaleFinancialAssetsNetOfTaxItemsThatMayBeReclassifiedToProfitOrLossOCIIFRS_2"/>
    <link:loc xlink:type="locator" xlink:href="jpigp_dep_2020-11-01.xsd#jpigp_cor_ChangeInFairValueOfAvailableForSaleFinancialAssetsBeforeTaxItemsThatMayBeReclassifiedToProfitOrLossOCIIFRS" xlink:label="ChangeInFairValueOfAvailableForSaleFinancialAssetsBeforeTaxItemsThatMayBeReclassifiedToProfitOrLossOCIIFRS"/>
    <link:label xlink:type="resource" xlink:label="label_ChangeInFairValueOfAvailableForSaleFinancialAssetsBeforeTaxItemsThatMayBeReclassifiedToProfitOrLossOCIIFRS" xlink:role="http://www.xbrl.org/2009/role/deprecatedLabel" xml:lang="ja" id="label_ChangeInFairValueOfAvailableForSaleFinancialAssetsBeforeTaxItemsThatMayBeReclassifiedToProfitOrLossOCIIFRS">IFRS9の適用開始</link:label>
    <link:labelArc xlink:type="arc" xlink:arcrole="http://www.xbrl.org/2003/arcrole/concept-label" xlink:from="ChangeInFairValueOfAvailableForSaleFinancialAssetsBeforeTaxItemsThatMayBeReclassifiedToProfitOrLossOCIIFRS" xlink:to="label_ChangeInFairValueOfAvailableForSaleFinancialAssetsBeforeTaxItemsThatMayBeReclassifiedToProfitOrLossOCIIFRS"/>
    <link:label xlink:type="resource" xlink:label="label_ChangeInFairValueOfAvailableForSaleFinancialAssetsBeforeTaxItemsThatMayBeReclassifiedToProfitOrLossOCIIFRS_2" xlink:role="http://www.xbrl.org/2009/role/deprecatedDateLabel" xml:lang="ja" id="label_ChangeInFairValueOfAvailableForSaleFinancialAssetsBeforeTaxItemsThatMayBeReclassifiedToProfitOrLossOCIIFRS_2">2018-01-01</link:label>
    <link:labelArc xlink:type="arc" xlink:arcrole="http://www.xbrl.org/2003/arcrole/concept-label" xlink:from="ChangeInFairValueOfAvailableForSaleFinancialAssetsBeforeTaxItemsThatMayBeReclassifiedToProfitOrLossOCIIFRS" xlink:to="label_ChangeInFairValueOfAvailableForSaleFinancialAssetsBeforeTaxItemsThatMayBeReclassifiedToProfitOrLossOCIIFRS_2"/>
    <link:loc xlink:type="locator" xlink:href="jpigp_dep_2020-11-01.xsd#jpigp_cor_ChangeInFairValueOfAvailableForSaleFinancialAssetsIFRSMember" xlink:label="ChangeInFairValueOfAvailableForSaleFinancialAssetsIFRSMember"/>
    <link:label xlink:type="resource" xlink:label="label_ChangeInFairValueOfAvailableForSaleFinancialAssetsIFRSMember" xlink:role="http://www.xbrl.org/2009/role/deprecatedLabel" xml:lang="ja" id="label_ChangeInFairValueOfAvailableForSaleFinancialAssetsIFRSMember">IFRS9の適用開始</link:label>
    <link:labelArc xlink:type="arc" xlink:arcrole="http://www.xbrl.org/2003/arcrole/concept-label" xlink:from="ChangeInFairValueOfAvailableForSaleFinancialAssetsIFRSMember" xlink:to="label_ChangeInFairValueOfAvailableForSaleFinancialAssetsIFRSMember"/>
    <link:label xlink:type="resource" xlink:label="label_ChangeInFairValueOfAvailableForSaleFinancialAssetsIFRSMember_2" xlink:role="http://www.xbrl.org/2009/role/deprecatedDateLabel" xml:lang="ja" id="label_ChangeInFairValueOfAvailableForSaleFinancialAssetsIFRSMember_2">2018-01-01</link:label>
    <link:labelArc xlink:type="arc" xlink:arcrole="http://www.xbrl.org/2003/arcrole/concept-label" xlink:from="ChangeInFairValueOfAvailableForSaleFinancialAssetsIFRSMember" xlink:to="label_ChangeInFairValueOfAvailableForSaleFinancialAssetsIFRSMember_2"/>
    <link:loc xlink:type="locator" xlink:href="jpigp_dep_2020-11-01.xsd#jpigp_cor_PurchaseOfAvailableForSaleFinancialAssetsInvCFIFRS" xlink:label="PurchaseOfAvailableForSaleFinancialAssetsInvCFIFRS"/>
    <link:label xlink:type="resource" xlink:label="label_PurchaseOfAvailableForSaleFinancialAssetsInvCFIFRS" xlink:role="http://www.xbrl.org/2009/role/deprecatedLabel" xml:lang="ja" id="label_PurchaseOfAvailableForSaleFinancialAssetsInvCFIFRS">IFRS9の適用開始</link:label>
    <link:labelArc xlink:type="arc" xlink:arcrole="http://www.xbrl.org/2003/arcrole/concept-label" xlink:from="PurchaseOfAvailableForSaleFinancialAssetsInvCFIFRS" xlink:to="label_PurchaseOfAvailableForSaleFinancialAssetsInvCFIFRS"/>
    <link:label xlink:type="resource" xlink:label="label_PurchaseOfAvailableForSaleFinancialAssetsInvCFIFRS_2" xlink:role="http://www.xbrl.org/2009/role/deprecatedDateLabel" xml:lang="ja" id="label_PurchaseOfAvailableForSaleFinancialAssetsInvCFIFRS_2">2018-01-01</link:label>
    <link:labelArc xlink:type="arc" xlink:arcrole="http://www.xbrl.org/2003/arcrole/concept-label" xlink:from="PurchaseOfAvailableForSaleFinancialAssetsInvCFIFRS" xlink:to="label_PurchaseOfAvailableForSaleFinancialAssetsInvCFIFRS_2"/>
    <link:loc xlink:type="locator" xlink:href="jpigp_dep_2020-11-01.xsd#jpigp_cor_ProceedsFromSaleOfAvailableForSaleFinancialAssetsInvCFIFRS" xlink:label="ProceedsFromSaleOfAvailableForSaleFinancialAssetsInvCFIFRS"/>
    <link:label xlink:type="resource" xlink:label="label_ProceedsFromSaleOfAvailableForSaleFinancialAssetsInvCFIFRS" xlink:role="http://www.xbrl.org/2009/role/deprecatedLabel" xml:lang="ja" id="label_ProceedsFromSaleOfAvailableForSaleFinancialAssetsInvCFIFRS">IFRS9の適用開始</link:label>
    <link:labelArc xlink:type="arc" xlink:arcrole="http://www.xbrl.org/2003/arcrole/concept-label" xlink:from="ProceedsFromSaleOfAvailableForSaleFinancialAssetsInvCFIFRS" xlink:to="label_ProceedsFromSaleOfAvailableForSaleFinancialAssetsInvCFIFRS"/>
    <link:label xlink:type="resource" xlink:label="label_ProceedsFromSaleOfAvailableForSaleFinancialAssetsInvCFIFRS_2" xlink:role="http://www.xbrl.org/2009/role/deprecatedDateLabel" xml:lang="ja" id="label_ProceedsFromSaleOfAvailableForSaleFinancialAssetsInvCFIFRS_2">2018-01-01</link:label>
    <link:labelArc xlink:type="arc" xlink:arcrole="http://www.xbrl.org/2003/arcrole/concept-label" xlink:from="ProceedsFromSaleOfAvailableForSaleFinancialAssetsInvCFIFRS" xlink:to="label_ProceedsFromSaleOfAvailableForSaleFinancialAssetsInvCFIFRS_2"/>
    <link:loc xlink:type="locator" xlink:href="jpigp_dep_2020-11-01.xsd#jpigp_cor_AvailableForSaleFinancialAssetsDividendIncomeIFRS" xlink:label="AvailableForSaleFinancialAssetsDividendIncomeIFRS"/>
    <link:label xlink:type="resource" xlink:label="label_AvailableForSaleFinancialAssetsDividendIncomeIFRS" xlink:role="http://www.xbrl.org/2009/role/deprecatedLabel" xml:lang="ja" id="label_AvailableForSaleFinancialAssetsDividendIncomeIFRS">IFRS9の適用開始</link:label>
    <link:labelArc xlink:type="arc" xlink:arcrole="http://www.xbrl.org/2003/arcrole/concept-label" xlink:from="AvailableForSaleFinancialAssetsDividendIncomeIFRS" xlink:to="label_AvailableForSaleFinancialAssetsDividendIncomeIFRS"/>
    <link:label xlink:type="resource" xlink:label="label_AvailableForSaleFinancialAssetsDividendIncomeIFRS_2" xlink:role="http://www.xbrl.org/2009/role/deprecatedDateLabel" xml:lang="ja" id="label_AvailableForSaleFinancialAssetsDividendIncomeIFRS_2">2018-01-01</link:label>
    <link:labelArc xlink:type="arc" xlink:arcrole="http://www.xbrl.org/2003/arcrole/concept-label" xlink:from="AvailableForSaleFinancialAssetsDividendIncomeIFRS" xlink:to="label_AvailableForSaleFinancialAssetsDividendIncomeIFRS_2"/>
    <link:loc xlink:type="locator" xlink:href="jpigp_dep_2020-11-01.xsd#jpigp_cor_GainOnAvailableForSaleFinancialAssetsIFRS" xlink:label="GainOnAvailableForSaleFinancialAssetsIFRS"/>
    <link:label xlink:type="resource" xlink:label="label_GainOnAvailableForSaleFinancialAssetsIFRS" xlink:role="http://www.xbrl.org/2009/role/deprecatedLabel" xml:lang="ja" id="label_GainOnAvailableForSaleFinancialAssetsIFRS">IFRS9の適用開始</link:label>
    <link:labelArc xlink:type="arc" xlink:arcrole="http://www.xbrl.org/2003/arcrole/concept-label" xlink:from="GainOnAvailableForSaleFinancialAssetsIFRS" xlink:to="label_GainOnAvailableForSaleFinancialAssetsIFRS"/>
    <link:label xlink:type="resource" xlink:label="label_GainOnAvailableForSaleFinancialAssetsIFRS_2" xlink:role="http://www.xbrl.org/2009/role/deprecatedDateLabel" xml:lang="ja" id="label_GainOnAvailableForSaleFinancialAssetsIFRS_2">2018-01-01</link:label>
    <link:labelArc xlink:type="arc" xlink:arcrole="http://www.xbrl.org/2003/arcrole/concept-label" xlink:from="GainOnAvailableForSaleFinancialAssetsIFRS" xlink:to="label_GainOnAvailableForSaleFinancialAssetsIFRS_2"/>
    <link:loc xlink:type="locator" xlink:href="jpigp_dep_2020-11-01.xsd#jpigp_cor_LossOnSaleOfAvailableForSaleFinancialAssetsIFRS" xlink:label="LossOnSaleOfAvailableForSaleFinancialAssetsIFRS"/>
    <link:label xlink:type="resource" xlink:label="label_LossOnSaleOfAvailableForSaleFinancialAssetsIFRS" xlink:role="http://www.xbrl.org/2009/role/deprecatedLabel" xml:lang="ja" id="label_LossOnSaleOfAvailableForSaleFinancialAssetsIFRS">IFRS9の適用開始</link:label>
    <link:labelArc xlink:type="arc" xlink:arcrole="http://www.xbrl.org/2003/arcrole/concept-label" xlink:from="LossOnSaleOfAvailableForSaleFinancialAssetsIFRS" xlink:to="label_LossOnSaleOfAvailableForSaleFinancialAssetsIFRS"/>
    <link:label xlink:type="resource" xlink:label="label_LossOnSaleOfAvailableForSaleFinancialAssetsIFRS_2" xlink:role="http://www.xbrl.org/2009/role/deprecatedDateLabel" xml:lang="ja" id="label_LossOnSaleOfAvailableForSaleFinancialAssetsIFRS_2">2018-01-01</link:label>
    <link:labelArc xlink:type="arc" xlink:arcrole="http://www.xbrl.org/2003/arcrole/concept-label" xlink:from="LossOnSaleOfAvailableForSaleFinancialAssetsIFRS" xlink:to="label_LossOnSaleOfAvailableForSaleFinancialAssetsIFRS_2"/>
    <link:loc xlink:type="locator" xlink:href="jpigp_dep_2020-11-01.xsd#jpigp_cor_LossOnImpairmentOfAvailableForSaleFinancialAssetsIFRS" xlink:label="LossOnImpairmentOfAvailableForSaleFinancialAssetsIFRS"/>
    <link:label xlink:type="resource" xlink:label="label_LossOnImpairmentOfAvailableForSaleFinancialAssetsIFRS" xlink:role="http://www.xbrl.org/2009/role/deprecatedLabel" xml:lang="ja" id="label_LossOnImpairmentOfAvailableForSaleFinancialAssetsIFRS">IFRS9の適用開始</link:label>
    <link:labelArc xlink:type="arc" xlink:arcrole="http://www.xbrl.org/2003/arcrole/concept-label" xlink:from="LossOnImpairmentOfAvailableForSaleFinancialAssetsIFRS" xlink:to="label_LossOnImpairmentOfAvailableForSaleFinancialAssetsIFRS"/>
    <link:label xlink:type="resource" xlink:label="label_LossOnImpairmentOfAvailableForSaleFinancialAssetsIFRS_2" xlink:role="http://www.xbrl.org/2009/role/deprecatedDateLabel" xml:lang="ja" id="label_LossOnImpairmentOfAvailableForSaleFinancialAssetsIFRS_2">2018-01-01</link:label>
    <link:labelArc xlink:type="arc" xlink:arcrole="http://www.xbrl.org/2003/arcrole/concept-label" xlink:from="LossOnImpairmentOfAvailableForSaleFinancialAssetsIFRS" xlink:to="label_LossOnImpairmentOfAvailableForSaleFinancialAssetsIFRS_2"/>
  </link:labelLink>
</link:linkbase>
