<?xml version="1.0" encoding="UTF-8"?>
<!--  (c) Financial Services Agency, The Japanese Government.
      All Rights Reserved.
      For intellectual property policy and authorized uses of EDINET Taxonomy,
      refer to “EDINET Taxonomy Legal Statement” at http://www.fsa.go.jp/search/EDINET_Taxonomy_Legal_Statement.html
-->
<link:linkbase xmlns:link="http://www.xbrl.org/2003/linkbase" xmlns:xsi="http://www.w3.org/2001/XMLSchema-instance" xmlns:xlink="http://www.w3.org/1999/xlink" xmlns:xbrli="http://www.xbrl.org/2003/instance">
  <link:roleRef roleURI="http://disclosure.edinet-fsa.go.jp/role/jpcrp/rol_std_NotesSegmentInformationEtcConsolidatedFinancialStatements-03" xlink:type="simple" xlink:href="../jpcrp_rt_2015-03-31.xsd#rol_std_NotesSegmentInformationEtcConsolidatedFinancialStatements-03"/>
  <link:presentationLink xlink:type="extended" xlink:role="http://disclosure.edinet-fsa.go.jp/role/jpcrp/rol_std_NotesSegmentInformationEtcConsolidatedFinancialStatements-03">
    <link:loc xlink:type="locator" xlink:href="../../../jppfs/2015-03-31/jppfs_cor_2015-03-31.xsd#jppfs_cor_ConsolidatedOrNonConsolidatedAxis" xlink:label="ConsolidatedOrNonConsolidatedAxis"/>
    <link:loc xlink:type="locator" xlink:href="../../../jppfs/2015-03-31/jppfs_cor_2015-03-31.xsd#jppfs_cor_ConsolidatedMember" xlink:label="ConsolidatedMember"/>
    <link:presentationArc xlink:type="arc" xlink:arcrole="http://www.xbrl.org/2003/arcrole/parent-child" xlink:from="ConsolidatedOrNonConsolidatedAxis" xlink:to="ConsolidatedMember" order="1.0"/>
    <link:loc xlink:type="locator" xlink:href="../jpcrp_cor_2015-03-31.xsd#jpcrp_cor_SegmentInformationAbstract" xlink:label="SegmentInformationAbstract"/>
    <link:loc xlink:type="locator" xlink:href="../jpcrp_cor_2015-03-31.xsd#jpcrp_cor_DescriptionOfNatureAndAmountsOfDifferencesBetweenReportableSegmentsTotalAndFinancialStatementsTextBlock" xlink:label="DescriptionOfNatureAndAmountsOfDifferencesBetweenReportableSegmentsTotalAndFinancialStatementsTextBlock"/>
    <link:presentationArc xlink:type="arc" xlink:arcrole="http://www.xbrl.org/2003/arcrole/parent-child" xlink:from="SegmentInformationAbstract" xlink:to="DescriptionOfNatureAndAmountsOfDifferencesBetweenReportableSegmentsTotalAndFinancialStatementsTextBlock" order="2.0"/>
    <link:loc xlink:type="locator" xlink:href="../jpcrp_cor_2015-03-31.xsd#jpcrp_cor_FootnotesRegardingSegmentInformationTableTextBlock" xlink:label="FootnotesRegardingSegmentInformationTableTextBlock"/>
    <link:presentationArc xlink:type="arc" xlink:arcrole="http://www.xbrl.org/2003/arcrole/parent-child" xlink:from="SegmentInformationAbstract" xlink:to="FootnotesRegardingSegmentInformationTableTextBlock" order="1.0"/>
    <link:loc xlink:type="locator" xlink:href="../jpcrp_cor_2015-03-31.xsd#jpcrp_cor_NotesSegmentInformationEtcConsolidatedFinancialStatementsHeading" xlink:label="NotesSegmentInformationEtcConsolidatedFinancialStatementsHeading"/>
    <link:loc xlink:type="locator" xlink:href="../jpcrp_cor_2015-03-31.xsd#jpcrp_cor_NotesSegmentInformationEtcConsolidatedFinancialStatementsTable" xlink:label="NotesSegmentInformationEtcConsolidatedFinancialStatementsTable"/>
    <link:presentationArc xlink:type="arc" xlink:arcrole="http://www.xbrl.org/2003/arcrole/parent-child" xlink:from="NotesSegmentInformationEtcConsolidatedFinancialStatementsHeading" xlink:to="NotesSegmentInformationEtcConsolidatedFinancialStatementsTable" order="1.0"/>
    <link:presentationArc xlink:type="arc" xlink:arcrole="http://www.xbrl.org/2003/arcrole/parent-child" xlink:from="NotesSegmentInformationEtcConsolidatedFinancialStatementsTable" xlink:to="ConsolidatedOrNonConsolidatedAxis" order="1.0"/>
    <link:loc xlink:type="locator" xlink:href="../jpcrp_cor_2015-03-31.xsd#jpcrp_cor_NotesSegmentInformationEtcConsolidatedFinancialStatementsLineItems" xlink:label="NotesSegmentInformationEtcConsolidatedFinancialStatementsLineItems"/>
    <link:presentationArc xlink:type="arc" xlink:arcrole="http://www.xbrl.org/2003/arcrole/parent-child" xlink:from="NotesSegmentInformationEtcConsolidatedFinancialStatementsHeading" xlink:to="NotesSegmentInformationEtcConsolidatedFinancialStatementsLineItems" order="2.0"/>
    <link:presentationArc xlink:type="arc" xlink:arcrole="http://www.xbrl.org/2003/arcrole/parent-child" xlink:from="NotesSegmentInformationEtcConsolidatedFinancialStatementsLineItems" xlink:to="SegmentInformationAbstract" order="1.0"/>
    <link:loc xlink:type="locator" xlink:href="../jpcrp_cor_2015-03-31.xsd#jpcrp_cor_NotesInformationAssociatedWithReportableSegmentsAbstract" xlink:label="NotesInformationAssociatedWithReportableSegmentsAbstract"/>
    <link:presentationArc xlink:type="arc" xlink:arcrole="http://www.xbrl.org/2003/arcrole/parent-child" xlink:from="NotesSegmentInformationEtcConsolidatedFinancialStatementsLineItems" xlink:to="NotesInformationAssociatedWithReportableSegmentsAbstract" order="2.0"/>
    <link:loc xlink:type="locator" xlink:href="../jpcrp_cor_2015-03-31.xsd#jpcrp_cor_InformationForEachProductOrServiceTextBlock" xlink:label="InformationForEachProductOrServiceTextBlock"/>
    <link:presentationArc xlink:type="arc" xlink:arcrole="http://www.xbrl.org/2003/arcrole/parent-child" xlink:from="NotesInformationAssociatedWithReportableSegmentsAbstract" xlink:to="InformationForEachProductOrServiceTextBlock" order="1.0"/>
    <link:loc xlink:type="locator" xlink:href="../jpcrp_cor_2015-03-31.xsd#jpcrp_cor_DescriptionOfFactAndReasonWhyInformationForEachProductOrServiceIsNotPresented" xlink:label="DescriptionOfFactAndReasonWhyInformationForEachProductOrServiceIsNotPresented"/>
    <link:presentationArc xlink:type="arc" xlink:arcrole="http://www.xbrl.org/2003/arcrole/parent-child" xlink:from="NotesInformationAssociatedWithReportableSegmentsAbstract" xlink:to="DescriptionOfFactAndReasonWhyInformationForEachProductOrServiceIsNotPresented" order="2.0"/>
    <link:loc xlink:type="locator" xlink:href="../jpcrp_cor_2015-03-31.xsd#jpcrp_cor_InformationForEachRegionAbstract" xlink:label="InformationForEachRegionAbstract"/>
    <link:presentationArc xlink:type="arc" xlink:arcrole="http://www.xbrl.org/2003/arcrole/parent-child" xlink:from="NotesInformationAssociatedWithReportableSegmentsAbstract" xlink:to="InformationForEachRegionAbstract" order="3.0"/>
    <link:loc xlink:type="locator" xlink:href="../jpcrp_cor_2015-03-31.xsd#jpcrp_cor_RevenuesFromExternalCustomersInformationForEachRegionTextBlock" xlink:label="RevenuesFromExternalCustomersInformationForEachRegionTextBlock"/>
    <link:presentationArc xlink:type="arc" xlink:arcrole="http://www.xbrl.org/2003/arcrole/parent-child" xlink:from="InformationForEachRegionAbstract" xlink:to="RevenuesFromExternalCustomersInformationForEachRegionTextBlock" order="1.0"/>
    <link:loc xlink:type="locator" xlink:href="../jpcrp_cor_2015-03-31.xsd#jpcrp_cor_DescriptionOfFactAndReasonWhyRevenuesFromExternalCustomersForEachRegionAreNotPresented" xlink:label="DescriptionOfFactAndReasonWhyRevenuesFromExternalCustomersForEachRegionAreNotPresented"/>
    <link:presentationArc xlink:type="arc" xlink:arcrole="http://www.xbrl.org/2003/arcrole/parent-child" xlink:from="InformationForEachRegionAbstract" xlink:to="DescriptionOfFactAndReasonWhyRevenuesFromExternalCustomersForEachRegionAreNotPresented" order="2.0"/>
    <link:loc xlink:type="locator" xlink:href="../jpcrp_cor_2015-03-31.xsd#jpcrp_cor_RevenuesFromExternalCustomersInformationForEachRegionNATextBlock" xlink:label="RevenuesFromExternalCustomersInformationForEachRegionNATextBlock"/>
    <link:presentationArc xlink:type="arc" xlink:arcrole="http://www.xbrl.org/2003/arcrole/parent-child" xlink:from="InformationForEachRegionAbstract" xlink:to="RevenuesFromExternalCustomersInformationForEachRegionNATextBlock" order="3.0"/>
    <link:loc xlink:type="locator" xlink:href="../jpcrp_cor_2015-03-31.xsd#jpcrp_cor_PropertyPlantAndEquipmentInformationForEachRegionTextBlock" xlink:label="PropertyPlantAndEquipmentInformationForEachRegionTextBlock"/>
    <link:presentationArc xlink:type="arc" xlink:arcrole="http://www.xbrl.org/2003/arcrole/parent-child" xlink:from="InformationForEachRegionAbstract" xlink:to="PropertyPlantAndEquipmentInformationForEachRegionTextBlock" order="4.0"/>
    <link:loc xlink:type="locator" xlink:href="../jpcrp_cor_2015-03-31.xsd#jpcrp_cor_DescriptionOfFactAndReasonWhyPropertyPlantAndEquipmentForEachRegionAreNotPresented" xlink:label="DescriptionOfFactAndReasonWhyPropertyPlantAndEquipmentForEachRegionAreNotPresented"/>
    <link:presentationArc xlink:type="arc" xlink:arcrole="http://www.xbrl.org/2003/arcrole/parent-child" xlink:from="InformationForEachRegionAbstract" xlink:to="DescriptionOfFactAndReasonWhyPropertyPlantAndEquipmentForEachRegionAreNotPresented" order="5.0"/>
    <link:loc xlink:type="locator" xlink:href="../jpcrp_cor_2015-03-31.xsd#jpcrp_cor_PropertyPlantAndEquipmentInformationForEachRegionNATextBlock" xlink:label="PropertyPlantAndEquipmentInformationForEachRegionNATextBlock"/>
    <link:presentationArc xlink:type="arc" xlink:arcrole="http://www.xbrl.org/2003/arcrole/parent-child" xlink:from="InformationForEachRegionAbstract" xlink:to="PropertyPlantAndEquipmentInformationForEachRegionNATextBlock" order="6.0"/>
    <link:loc xlink:type="locator" xlink:href="../jpcrp_cor_2015-03-31.xsd#jpcrp_cor_InformationForEachOfMainCustomersTextBlock" xlink:label="InformationForEachOfMainCustomersTextBlock"/>
    <link:presentationArc xlink:type="arc" xlink:arcrole="http://www.xbrl.org/2003/arcrole/parent-child" xlink:from="NotesInformationAssociatedWithReportableSegmentsAbstract" xlink:to="InformationForEachOfMainCustomersTextBlock" order="4.0"/>
    <link:loc xlink:type="locator" xlink:href="../jpcrp_cor_2015-03-31.xsd#jpcrp_cor_DescriptionOfFactAndReasonWhyInformationForEachOfMainCustomersIsNotPresented" xlink:label="DescriptionOfFactAndReasonWhyInformationForEachOfMainCustomersIsNotPresented"/>
    <link:presentationArc xlink:type="arc" xlink:arcrole="http://www.xbrl.org/2003/arcrole/parent-child" xlink:from="NotesInformationAssociatedWithReportableSegmentsAbstract" xlink:to="DescriptionOfFactAndReasonWhyInformationForEachOfMainCustomersIsNotPresented" order="5.0"/>
  </link:presentationLink>
</link:linkbase>
