<?xml version="1.0" encoding="UTF-8"?>
<!--  (c) Financial Services Agency, The Japanese Government.
      All Rights Reserved.
      For intellectual property policy and authorized uses of EDINET Taxonomy,
      refer to “EDINET Taxonomy Legal Statement” at http://www.fsa.go.jp/search/EDINET_Taxonomy_Legal_Statement.html
-->
<link:linkbase xmlns:link="http://www.xbrl.org/2003/linkbase" xmlns:xsi="http://www.w3.org/2001/XMLSchema-instance" xmlns:xlink="http://www.w3.org/1999/xlink" xmlns:xbrli="http://www.xbrl.org/2003/instance">
  <link:roleRef roleURI="http://www.xbrl.org/2009/role/deprecatedDateLabel" xlink:type="simple" xlink:href="http://www.xbrl.org/lrr/role/deprecated-2009-12-16.xsd#deprecatedDateLabel"/>
  <link:roleRef roleURI="http://www.xbrl.org/2009/role/deprecatedLabel" xlink:type="simple" xlink:href="http://www.xbrl.org/lrr/role/deprecated-2009-12-16.xsd#deprecatedLabel"/>
  <link:labelLink xlink:type="extended" xlink:role="http://www.xbrl.org/2003/role/link">
    <link:loc xlink:type="locator" xlink:href="jppfs_dep_2019-02-28.xsd#jppfs_cor_ReversalOfAllowanceForLoanLossesEIBNK" xlink:label="ReversalOfAllowanceForLoanLossesEIBNK"/>
    <link:label xlink:type="resource" xlink:label="label_ReversalOfAllowanceForLoanLossesEIBNK" xlink:role="http://www.xbrl.org/2009/role/deprecatedLabel" xml:lang="en" id="label_ReversalOfAllowanceForLoanLossesEIBNK">Cabinet office ordinance partially revising Ordinance for enforcement of Banking Law</link:label>
    <link:labelArc xlink:type="arc" xlink:arcrole="http://www.xbrl.org/2003/arcrole/concept-label" xlink:from="ReversalOfAllowanceForLoanLossesEIBNK" xlink:to="label_ReversalOfAllowanceForLoanLossesEIBNK"/>
    <link:label xlink:type="resource" xlink:label="label_ReversalOfAllowanceForLoanLossesEIBNK_2" xlink:role="http://www.xbrl.org/2009/role/deprecatedDateLabel" xml:lang="en" id="label_ReversalOfAllowanceForLoanLossesEIBNK_2">2011-10-31</link:label>
    <link:labelArc xlink:type="arc" xlink:arcrole="http://www.xbrl.org/2003/arcrole/concept-label" xlink:from="ReversalOfAllowanceForLoanLossesEIBNK" xlink:to="label_ReversalOfAllowanceForLoanLossesEIBNK_2"/>
    <link:loc xlink:type="locator" xlink:href="jppfs_dep_2019-02-28.xsd#jppfs_cor_RecoveriesOfWrittenOffClaimsEIBNK" xlink:label="RecoveriesOfWrittenOffClaimsEIBNK"/>
    <link:label xlink:type="resource" xlink:label="label_RecoveriesOfWrittenOffClaimsEIBNK" xlink:role="http://www.xbrl.org/2009/role/deprecatedLabel" xml:lang="en" id="label_RecoveriesOfWrittenOffClaimsEIBNK">Cabinet office ordinance partially revising Ordinance for enforcement of Banking Law</link:label>
    <link:labelArc xlink:type="arc" xlink:arcrole="http://www.xbrl.org/2003/arcrole/concept-label" xlink:from="RecoveriesOfWrittenOffClaimsEIBNK" xlink:to="label_RecoveriesOfWrittenOffClaimsEIBNK"/>
    <link:label xlink:type="resource" xlink:label="label_RecoveriesOfWrittenOffClaimsEIBNK_2" xlink:role="http://www.xbrl.org/2009/role/deprecatedDateLabel" xml:lang="en" id="label_RecoveriesOfWrittenOffClaimsEIBNK_2">2011-10-31</link:label>
    <link:labelArc xlink:type="arc" xlink:arcrole="http://www.xbrl.org/2003/arcrole/concept-label" xlink:from="RecoveriesOfWrittenOffClaimsEIBNK" xlink:to="label_RecoveriesOfWrittenOffClaimsEIBNK_2"/>
    <link:loc xlink:type="locator" xlink:href="jppfs_dep_2019-02-28.xsd#jppfs_cor_GainOnPriorPeriodAdjustmentEI" xlink:label="GainOnPriorPeriodAdjustmentEI"/>
    <link:label xlink:type="resource" xlink:label="label_GainOnPriorPeriodAdjustmentEI" xlink:role="http://www.xbrl.org/2009/role/deprecatedLabel" xml:lang="en" id="label_GainOnPriorPeriodAdjustmentEI">Cabinet office ordinance partially revising Regulation for Terminology, Forms and Preparation of Consolidated Financial Statements, etc.</link:label>
    <link:labelArc xlink:type="arc" xlink:arcrole="http://www.xbrl.org/2003/arcrole/concept-label" xlink:from="GainOnPriorPeriodAdjustmentEI" xlink:to="label_GainOnPriorPeriodAdjustmentEI"/>
    <link:label xlink:type="resource" xlink:label="label_GainOnPriorPeriodAdjustmentEI_2" xlink:role="http://www.xbrl.org/2009/role/deprecatedDateLabel" xml:lang="en" id="label_GainOnPriorPeriodAdjustmentEI_2">2010-09-30</link:label>
    <link:labelArc xlink:type="arc" xlink:arcrole="http://www.xbrl.org/2003/arcrole/concept-label" xlink:from="GainOnPriorPeriodAdjustmentEI" xlink:to="label_GainOnPriorPeriodAdjustmentEI_2"/>
    <link:loc xlink:type="locator" xlink:href="jppfs_dep_2019-02-28.xsd#jppfs_cor_LossOnPriorPeriodAdjustmentEL" xlink:label="LossOnPriorPeriodAdjustmentEL"/>
    <link:label xlink:type="resource" xlink:label="label_LossOnPriorPeriodAdjustmentEL" xlink:role="http://www.xbrl.org/2009/role/deprecatedLabel" xml:lang="en" id="label_LossOnPriorPeriodAdjustmentEL">Cabinet office ordinance partially revising Regulation for Terminology, Forms and Preparation of Consolidated Financial Statements, etc.</link:label>
    <link:labelArc xlink:type="arc" xlink:arcrole="http://www.xbrl.org/2003/arcrole/concept-label" xlink:from="LossOnPriorPeriodAdjustmentEL" xlink:to="label_LossOnPriorPeriodAdjustmentEL"/>
    <link:label xlink:type="resource" xlink:label="label_LossOnPriorPeriodAdjustmentEL_2" xlink:role="http://www.xbrl.org/2009/role/deprecatedDateLabel" xml:lang="en" id="label_LossOnPriorPeriodAdjustmentEL_2">2010-09-30</link:label>
    <link:labelArc xlink:type="arc" xlink:arcrole="http://www.xbrl.org/2003/arcrole/concept-label" xlink:from="LossOnPriorPeriodAdjustmentEL" xlink:to="label_LossOnPriorPeriodAdjustmentEL_2"/>
    <link:loc xlink:type="locator" xlink:href="jppfs_dep_2019-02-28.xsd#jppfs_cor_LossGainFromPriorPeriodAdjustmentOpeCF" xlink:label="LossGainFromPriorPeriodAdjustmentOpeCF"/>
    <link:label xlink:type="resource" xlink:label="label_LossGainFromPriorPeriodAdjustmentOpeCF" xlink:role="http://www.xbrl.org/2009/role/deprecatedLabel" xml:lang="en" id="label_LossGainFromPriorPeriodAdjustmentOpeCF">Cabinet office ordinance partially revising Regulation for Terminology, Forms and Preparation of Consolidated Financial Statements, etc.</link:label>
    <link:labelArc xlink:type="arc" xlink:arcrole="http://www.xbrl.org/2003/arcrole/concept-label" xlink:from="LossGainFromPriorPeriodAdjustmentOpeCF" xlink:to="label_LossGainFromPriorPeriodAdjustmentOpeCF"/>
    <link:label xlink:type="resource" xlink:label="label_LossGainFromPriorPeriodAdjustmentOpeCF_2" xlink:role="http://www.xbrl.org/2009/role/deprecatedDateLabel" xml:lang="en" id="label_LossGainFromPriorPeriodAdjustmentOpeCF_2">2010-09-30</link:label>
    <link:labelArc xlink:type="arc" xlink:arcrole="http://www.xbrl.org/2003/arcrole/concept-label" xlink:from="LossGainFromPriorPeriodAdjustmentOpeCF" xlink:to="label_LossGainFromPriorPeriodAdjustmentOpeCF_2"/>
    <link:loc xlink:type="locator" xlink:href="jppfs_dep_2019-02-28.xsd#jppfs_cor_EffectOfChangesInAccountingPoliciesAppliedToForeignSubsidiaries" xlink:label="EffectOfChangesInAccountingPoliciesAppliedToForeignSubsidiaries"/>
    <link:label xlink:type="resource" xlink:label="label_EffectOfChangesInAccountingPoliciesAppliedToForeignSubsidiaries" xlink:role="http://www.xbrl.org/2009/role/deprecatedLabel" xml:lang="en" id="label_EffectOfChangesInAccountingPoliciesAppliedToForeignSubsidiaries">Not to be used in future.</link:label>
    <link:labelArc xlink:type="arc" xlink:arcrole="http://www.xbrl.org/2003/arcrole/concept-label" xlink:from="EffectOfChangesInAccountingPoliciesAppliedToForeignSubsidiaries" xlink:to="label_EffectOfChangesInAccountingPoliciesAppliedToForeignSubsidiaries"/>
    <link:label xlink:type="resource" xlink:label="label_EffectOfChangesInAccountingPoliciesAppliedToForeignSubsidiaries_2" xlink:role="http://www.xbrl.org/2009/role/deprecatedDateLabel" xml:lang="en" id="label_EffectOfChangesInAccountingPoliciesAppliedToForeignSubsidiaries_2">2015-03-31</link:label>
    <link:labelArc xlink:type="arc" xlink:arcrole="http://www.xbrl.org/2003/arcrole/concept-label" xlink:from="EffectOfChangesInAccountingPoliciesAppliedToForeignSubsidiaries" xlink:to="label_EffectOfChangesInAccountingPoliciesAppliedToForeignSubsidiaries_2"/>
    <link:loc xlink:type="locator" xlink:href="jppfs_dep_2019-02-28.xsd#jppfs_cor_MinorityInterests" xlink:label="MinorityInterests"/>
    <link:label xlink:type="resource" xlink:label="label_MinorityInterests" xlink:role="http://www.xbrl.org/2009/role/deprecatedLabel" xml:lang="en" id="label_MinorityInterests">Amendment dated 2014-03-28 of Regulation for Terminology, Forms and Preparation of Financial Statements, etc.</link:label>
    <link:labelArc xlink:type="arc" xlink:arcrole="http://www.xbrl.org/2003/arcrole/concept-label" xlink:from="MinorityInterests" xlink:to="label_MinorityInterests"/>
    <link:label xlink:type="resource" xlink:label="label_MinorityInterests_2" xlink:role="http://www.xbrl.org/2009/role/deprecatedDateLabel" xml:lang="en" id="label_MinorityInterests_2">2014-03-28</link:label>
    <link:labelArc xlink:type="arc" xlink:arcrole="http://www.xbrl.org/2003/arcrole/concept-label" xlink:from="MinorityInterests" xlink:to="label_MinorityInterests_2"/>
    <link:loc xlink:type="locator" xlink:href="jppfs_dep_2019-02-28.xsd#jppfs_cor_IncomeBeforeMinorityInterests" xlink:label="IncomeBeforeMinorityInterests"/>
    <link:label xlink:type="resource" xlink:label="label_IncomeBeforeMinorityInterests" xlink:role="http://www.xbrl.org/2009/role/deprecatedLabel" xml:lang="en" id="label_IncomeBeforeMinorityInterests">Amendment dated 2014-03-28 of Regulation for Terminology, Forms and Preparation of Financial Statements, etc.</link:label>
    <link:labelArc xlink:type="arc" xlink:arcrole="http://www.xbrl.org/2003/arcrole/concept-label" xlink:from="IncomeBeforeMinorityInterests" xlink:to="label_IncomeBeforeMinorityInterests"/>
    <link:label xlink:type="resource" xlink:label="label_IncomeBeforeMinorityInterests_2" xlink:role="http://www.xbrl.org/2009/role/deprecatedDateLabel" xml:lang="en" id="label_IncomeBeforeMinorityInterests_2">2014-03-28</link:label>
    <link:labelArc xlink:type="arc" xlink:arcrole="http://www.xbrl.org/2003/arcrole/concept-label" xlink:from="IncomeBeforeMinorityInterests" xlink:to="label_IncomeBeforeMinorityInterests_2"/>
    <link:loc xlink:type="locator" xlink:href="jppfs_dep_2019-02-28.xsd#jppfs_cor_IncomeBeforeMinorityInterestsCI" xlink:label="IncomeBeforeMinorityInterestsCI"/>
    <link:label xlink:type="resource" xlink:label="label_IncomeBeforeMinorityInterestsCI" xlink:role="http://www.xbrl.org/2009/role/deprecatedLabel" xml:lang="en" id="label_IncomeBeforeMinorityInterestsCI">Amendment dated 2014-03-28 of Regulation for Terminology, Forms and Preparation of Financial Statements, etc.</link:label>
    <link:labelArc xlink:type="arc" xlink:arcrole="http://www.xbrl.org/2003/arcrole/concept-label" xlink:from="IncomeBeforeMinorityInterestsCI" xlink:to="label_IncomeBeforeMinorityInterestsCI"/>
    <link:label xlink:type="resource" xlink:label="label_IncomeBeforeMinorityInterestsCI_2" xlink:role="http://www.xbrl.org/2009/role/deprecatedDateLabel" xml:lang="en" id="label_IncomeBeforeMinorityInterestsCI_2">2014-03-28</link:label>
    <link:labelArc xlink:type="arc" xlink:arcrole="http://www.xbrl.org/2003/arcrole/concept-label" xlink:from="IncomeBeforeMinorityInterestsCI" xlink:to="label_IncomeBeforeMinorityInterestsCI_2"/>
    <link:loc xlink:type="locator" xlink:href="jppfs_dep_2019-02-28.xsd#jppfs_cor_MinorityInterestsInIncome" xlink:label="MinorityInterestsInIncome"/>
    <link:label xlink:type="resource" xlink:label="label_MinorityInterestsInIncome" xlink:role="http://www.xbrl.org/2009/role/deprecatedLabel" xml:lang="en" id="label_MinorityInterestsInIncome">Amendment dated 2014-03-28 of Regulation for Terminology, Forms and Preparation of Financial Statements, etc.</link:label>
    <link:labelArc xlink:type="arc" xlink:arcrole="http://www.xbrl.org/2003/arcrole/concept-label" xlink:from="MinorityInterestsInIncome" xlink:to="label_MinorityInterestsInIncome"/>
    <link:label xlink:type="resource" xlink:label="label_MinorityInterestsInIncome_2" xlink:role="http://www.xbrl.org/2009/role/deprecatedDateLabel" xml:lang="en" id="label_MinorityInterestsInIncome_2">2014-03-28</link:label>
    <link:labelArc xlink:type="arc" xlink:arcrole="http://www.xbrl.org/2003/arcrole/concept-label" xlink:from="MinorityInterestsInIncome" xlink:to="label_MinorityInterestsInIncome_2"/>
    <link:loc xlink:type="locator" xlink:href="jppfs_dep_2019-02-28.xsd#jppfs_cor_MinorityInterestsInIncomeCI" xlink:label="MinorityInterestsInIncomeCI"/>
    <link:label xlink:type="resource" xlink:label="label_MinorityInterestsInIncomeCI" xlink:role="http://www.xbrl.org/2009/role/deprecatedLabel" xml:lang="en" id="label_MinorityInterestsInIncomeCI">Amendment dated 2014-03-28 of Regulation for Terminology, Forms and Preparation of Financial Statements, etc.</link:label>
    <link:labelArc xlink:type="arc" xlink:arcrole="http://www.xbrl.org/2003/arcrole/concept-label" xlink:from="MinorityInterestsInIncomeCI" xlink:to="label_MinorityInterestsInIncomeCI"/>
    <link:label xlink:type="resource" xlink:label="label_MinorityInterestsInIncomeCI_2" xlink:role="http://www.xbrl.org/2009/role/deprecatedDateLabel" xml:lang="en" id="label_MinorityInterestsInIncomeCI_2">2014-03-28</link:label>
    <link:labelArc xlink:type="arc" xlink:arcrole="http://www.xbrl.org/2003/arcrole/concept-label" xlink:from="MinorityInterestsInIncomeCI" xlink:to="label_MinorityInterestsInIncomeCI_2"/>
    <link:loc xlink:type="locator" xlink:href="jppfs_dep_2019-02-28.xsd#jppfs_cor_NetIncome" xlink:label="NetIncome"/>
    <link:label xlink:type="resource" xlink:label="label_NetIncome" xlink:role="http://www.xbrl.org/2009/role/deprecatedLabel" xml:lang="en" id="label_NetIncome">Amendment dated 2014-03-28 of Regulation for Terminology, Forms and Preparation of Financial Statements, etc.</link:label>
    <link:labelArc xlink:type="arc" xlink:arcrole="http://www.xbrl.org/2003/arcrole/concept-label" xlink:from="NetIncome" xlink:to="label_NetIncome"/>
    <link:label xlink:type="resource" xlink:label="label_NetIncome_2" xlink:role="http://www.xbrl.org/2009/role/deprecatedDateLabel" xml:lang="en" id="label_NetIncome_2">2014-03-28</link:label>
    <link:labelArc xlink:type="arc" xlink:arcrole="http://www.xbrl.org/2003/arcrole/concept-label" xlink:from="NetIncome" xlink:to="label_NetIncome_2"/>
    <link:loc xlink:type="locator" xlink:href="jppfs_dep_2019-02-28.xsd#jppfs_cor_ComprehensiveIncomeAttributableToMinorityInterests" xlink:label="ComprehensiveIncomeAttributableToMinorityInterests"/>
    <link:label xlink:type="resource" xlink:label="label_ComprehensiveIncomeAttributableToMinorityInterests" xlink:role="http://www.xbrl.org/2009/role/deprecatedLabel" xml:lang="en" id="label_ComprehensiveIncomeAttributableToMinorityInterests">Amendment dated 2014-03-28 of Regulation for Terminology, Forms and Preparation of Financial Statements, etc.</link:label>
    <link:labelArc xlink:type="arc" xlink:arcrole="http://www.xbrl.org/2003/arcrole/concept-label" xlink:from="ComprehensiveIncomeAttributableToMinorityInterests" xlink:to="label_ComprehensiveIncomeAttributableToMinorityInterests"/>
    <link:label xlink:type="resource" xlink:label="label_ComprehensiveIncomeAttributableToMinorityInterests_2" xlink:role="http://www.xbrl.org/2009/role/deprecatedDateLabel" xml:lang="en" id="label_ComprehensiveIncomeAttributableToMinorityInterests_2">2014-03-28</link:label>
    <link:labelArc xlink:type="arc" xlink:arcrole="http://www.xbrl.org/2003/arcrole/concept-label" xlink:from="ComprehensiveIncomeAttributableToMinorityInterests" xlink:to="label_ComprehensiveIncomeAttributableToMinorityInterests_2"/>
    <link:loc xlink:type="locator" xlink:href="jppfs_dep_2019-02-28.xsd#jppfs_cor_MinorityInterestsMember" xlink:label="MinorityInterestsMember"/>
    <link:label xlink:type="resource" xlink:label="label_MinorityInterestsMember" xlink:role="http://www.xbrl.org/2009/role/deprecatedLabel" xml:lang="en" id="label_MinorityInterestsMember">Amendment dated 2014-03-28 of Regulation for Terminology, Forms and Preparation of Financial Statements, etc.</link:label>
    <link:labelArc xlink:type="arc" xlink:arcrole="http://www.xbrl.org/2003/arcrole/concept-label" xlink:from="MinorityInterestsMember" xlink:to="label_MinorityInterestsMember"/>
    <link:label xlink:type="resource" xlink:label="label_MinorityInterestsMember_2" xlink:role="http://www.xbrl.org/2009/role/deprecatedDateLabel" xml:lang="en" id="label_MinorityInterestsMember_2">2014-03-28</link:label>
    <link:labelArc xlink:type="arc" xlink:arcrole="http://www.xbrl.org/2003/arcrole/concept-label" xlink:from="MinorityInterestsMember" xlink:to="label_MinorityInterestsMember_2"/>
    <link:loc xlink:type="locator" xlink:href="jppfs_dep_2019-02-28.xsd#jppfs_cor_DecreaseOfConsolidatedSubsidiariesminorityInterests" xlink:label="DecreaseOfConsolidatedSubsidiariesminorityInterests"/>
    <link:label xlink:type="resource" xlink:label="label_DecreaseOfConsolidatedSubsidiariesminorityInterests" xlink:role="http://www.xbrl.org/2009/role/deprecatedLabel" xml:lang="en" id="label_DecreaseOfConsolidatedSubsidiariesminorityInterests">Amendment dated 2014-03-28 of Regulation for Terminology, Forms and Preparation of Financial Statements, etc.</link:label>
    <link:labelArc xlink:type="arc" xlink:arcrole="http://www.xbrl.org/2003/arcrole/concept-label" xlink:from="DecreaseOfConsolidatedSubsidiariesminorityInterests" xlink:to="label_DecreaseOfConsolidatedSubsidiariesminorityInterests"/>
    <link:label xlink:type="resource" xlink:label="label_DecreaseOfConsolidatedSubsidiariesminorityInterests_2" xlink:role="http://www.xbrl.org/2009/role/deprecatedDateLabel" xml:lang="en" id="label_DecreaseOfConsolidatedSubsidiariesminorityInterests_2">2014-03-28</link:label>
    <link:labelArc xlink:type="arc" xlink:arcrole="http://www.xbrl.org/2003/arcrole/concept-label" xlink:from="DecreaseOfConsolidatedSubsidiariesminorityInterests" xlink:to="label_DecreaseOfConsolidatedSubsidiariesminorityInterests_2"/>
    <link:loc xlink:type="locator" xlink:href="jppfs_dep_2019-02-28.xsd#jppfs_cor_IncreaseOfConsolidatedSubsidiariesminorityInterests" xlink:label="IncreaseOfConsolidatedSubsidiariesminorityInterests"/>
    <link:label xlink:type="resource" xlink:label="label_IncreaseOfConsolidatedSubsidiariesminorityInterests" xlink:role="http://www.xbrl.org/2009/role/deprecatedLabel" xml:lang="en" id="label_IncreaseOfConsolidatedSubsidiariesminorityInterests">Amendment dated 2014-03-28 of Regulation for Terminology, Forms and Preparation of Financial Statements, etc.</link:label>
    <link:labelArc xlink:type="arc" xlink:arcrole="http://www.xbrl.org/2003/arcrole/concept-label" xlink:from="IncreaseOfConsolidatedSubsidiariesminorityInterests" xlink:to="label_IncreaseOfConsolidatedSubsidiariesminorityInterests"/>
    <link:label xlink:type="resource" xlink:label="label_IncreaseOfConsolidatedSubsidiariesminorityInterests_2" xlink:role="http://www.xbrl.org/2009/role/deprecatedDateLabel" xml:lang="en" id="label_IncreaseOfConsolidatedSubsidiariesminorityInterests_2">2014-03-28</link:label>
    <link:labelArc xlink:type="arc" xlink:arcrole="http://www.xbrl.org/2003/arcrole/concept-label" xlink:from="IncreaseOfConsolidatedSubsidiariesminorityInterests" xlink:to="label_IncreaseOfConsolidatedSubsidiariesminorityInterests_2"/>
    <link:loc xlink:type="locator" xlink:href="jppfs_dep_2019-02-28.xsd#jppfs_cor_CashDividendsPaidToMinorityShareholdersFinCF" xlink:label="CashDividendsPaidToMinorityShareholdersFinCF"/>
    <link:label xlink:type="resource" xlink:label="label_CashDividendsPaidToMinorityShareholdersFinCF" xlink:role="http://www.xbrl.org/2009/role/deprecatedLabel" xml:lang="en" id="label_CashDividendsPaidToMinorityShareholdersFinCF">Amendment dated 2014-03-28 of Regulation for Terminology, Forms and Preparation of Financial Statements, etc.</link:label>
    <link:labelArc xlink:type="arc" xlink:arcrole="http://www.xbrl.org/2003/arcrole/concept-label" xlink:from="CashDividendsPaidToMinorityShareholdersFinCF" xlink:to="label_CashDividendsPaidToMinorityShareholdersFinCF"/>
    <link:label xlink:type="resource" xlink:label="label_CashDividendsPaidToMinorityShareholdersFinCF_2" xlink:role="http://www.xbrl.org/2009/role/deprecatedDateLabel" xml:lang="en" id="label_CashDividendsPaidToMinorityShareholdersFinCF_2">2014-03-28</link:label>
    <link:labelArc xlink:type="arc" xlink:arcrole="http://www.xbrl.org/2003/arcrole/concept-label" xlink:from="CashDividendsPaidToMinorityShareholdersFinCF" xlink:to="label_CashDividendsPaidToMinorityShareholdersFinCF_2"/>
    <link:loc xlink:type="locator" xlink:href="jppfs_dep_2019-02-28.xsd#jppfs_cor_RepaymentsToMinorityShareholdersFinCF" xlink:label="RepaymentsToMinorityShareholdersFinCF"/>
    <link:label xlink:type="resource" xlink:label="label_RepaymentsToMinorityShareholdersFinCF" xlink:role="http://www.xbrl.org/2009/role/deprecatedLabel" xml:lang="en" id="label_RepaymentsToMinorityShareholdersFinCF">Amendment dated 2014-03-28 of Regulation for Terminology, Forms and Preparation of Financial Statements, etc.</link:label>
    <link:labelArc xlink:type="arc" xlink:arcrole="http://www.xbrl.org/2003/arcrole/concept-label" xlink:from="RepaymentsToMinorityShareholdersFinCF" xlink:to="label_RepaymentsToMinorityShareholdersFinCF"/>
    <link:label xlink:type="resource" xlink:label="label_RepaymentsToMinorityShareholdersFinCF_2" xlink:role="http://www.xbrl.org/2009/role/deprecatedDateLabel" xml:lang="en" id="label_RepaymentsToMinorityShareholdersFinCF_2">2014-03-28</link:label>
    <link:labelArc xlink:type="arc" xlink:arcrole="http://www.xbrl.org/2003/arcrole/concept-label" xlink:from="RepaymentsToMinorityShareholdersFinCF" xlink:to="label_RepaymentsToMinorityShareholdersFinCF_2"/>
    <link:loc xlink:type="locator" xlink:href="jppfs_dep_2019-02-28.xsd#jppfs_cor_ProceedsFromStockIssuanceToMinorityShareholdersFinCF" xlink:label="ProceedsFromStockIssuanceToMinorityShareholdersFinCF"/>
    <link:label xlink:type="resource" xlink:label="label_ProceedsFromStockIssuanceToMinorityShareholdersFinCF" xlink:role="http://www.xbrl.org/2009/role/deprecatedLabel" xml:lang="en" id="label_ProceedsFromStockIssuanceToMinorityShareholdersFinCF">Amendment dated 2014-03-28 of Regulation for Terminology, Forms and Preparation of Financial Statements, etc.</link:label>
    <link:labelArc xlink:type="arc" xlink:arcrole="http://www.xbrl.org/2003/arcrole/concept-label" xlink:from="ProceedsFromStockIssuanceToMinorityShareholdersFinCF" xlink:to="label_ProceedsFromStockIssuanceToMinorityShareholdersFinCF"/>
    <link:label xlink:type="resource" xlink:label="label_ProceedsFromStockIssuanceToMinorityShareholdersFinCF_2" xlink:role="http://www.xbrl.org/2009/role/deprecatedDateLabel" xml:lang="en" id="label_ProceedsFromStockIssuanceToMinorityShareholdersFinCF_2">2014-03-28</link:label>
    <link:labelArc xlink:type="arc" xlink:arcrole="http://www.xbrl.org/2003/arcrole/concept-label" xlink:from="ProceedsFromStockIssuanceToMinorityShareholdersFinCF" xlink:to="label_ProceedsFromStockIssuanceToMinorityShareholdersFinCF_2"/>
    <link:loc xlink:type="locator" xlink:href="jppfs_dep_2019-02-28.xsd#jppfs_cor_CapitalSurplusNetINV" xlink:label="CapitalSurplusNetINV"/>
    <link:label xlink:type="resource" xlink:label="label_CapitalSurplusNetINV" xlink:role="http://www.xbrl.org/2009/role/deprecatedLabel" xml:lang="en" id="label_CapitalSurplusNetINV">Amendment to elements related to capital surplus</link:label>
    <link:labelArc xlink:type="arc" xlink:arcrole="http://www.xbrl.org/2003/arcrole/concept-label" xlink:from="CapitalSurplusNetINV" xlink:to="label_CapitalSurplusNetINV"/>
    <link:label xlink:type="resource" xlink:label="label_CapitalSurplusNetINV_2" xlink:role="http://www.xbrl.org/2009/role/deprecatedDateLabel" xml:lang="en" id="label_CapitalSurplusNetINV_2">2017-02-28</link:label>
    <link:labelArc xlink:type="arc" xlink:arcrole="http://www.xbrl.org/2003/arcrole/concept-label" xlink:from="CapitalSurplusNetINV" xlink:to="label_CapitalSurplusNetINV_2"/>
    <link:loc xlink:type="locator" xlink:href="jppfs_dep_2019-02-28.xsd#jppfs_cor_ProvisionForConversionOfHeatingValueOfSuppliedGasProvisionGAS" xlink:label="ProvisionForConversionOfHeatingValueOfSuppliedGasProvisionGAS"/>
    <link:label xlink:type="resource" xlink:label="label_ProvisionForConversionOfHeatingValueOfSuppliedGasProvisionGAS" xlink:role="http://www.xbrl.org/2009/role/deprecatedLabel" xml:lang="en" id="label_ProvisionForConversionOfHeatingValueOfSuppliedGasProvisionGAS">Amendment to Ordinance on Gas Business Accounting</link:label>
    <link:labelArc xlink:type="arc" xlink:arcrole="http://www.xbrl.org/2003/arcrole/concept-label" xlink:from="ProvisionForConversionOfHeatingValueOfSuppliedGasProvisionGAS" xlink:to="label_ProvisionForConversionOfHeatingValueOfSuppliedGasProvisionGAS"/>
    <link:label xlink:type="resource" xlink:label="label_ProvisionForConversionOfHeatingValueOfSuppliedGasProvisionGAS_2" xlink:role="http://www.xbrl.org/2009/role/deprecatedDateLabel" xml:lang="en" id="label_ProvisionForConversionOfHeatingValueOfSuppliedGasProvisionGAS_2">2017-03-28</link:label>
    <link:labelArc xlink:type="arc" xlink:arcrole="http://www.xbrl.org/2003/arcrole/concept-label" xlink:from="ProvisionForConversionOfHeatingValueOfSuppliedGasProvisionGAS" xlink:to="label_ProvisionForConversionOfHeatingValueOfSuppliedGasProvisionGAS_2"/>
    <link:loc xlink:type="locator" xlink:href="jppfs_dep_2019-02-28.xsd#jppfs_cor_ReversalOfProvisionForConversionOfHeatingValueOfSuppliedGasEIGAS" xlink:label="ReversalOfProvisionForConversionOfHeatingValueOfSuppliedGasEIGAS"/>
    <link:label xlink:type="resource" xlink:label="label_ReversalOfProvisionForConversionOfHeatingValueOfSuppliedGasEIGAS" xlink:role="http://www.xbrl.org/2009/role/deprecatedLabel" xml:lang="en" id="label_ReversalOfProvisionForConversionOfHeatingValueOfSuppliedGasEIGAS">Amendment to Ordinance on Gas Business Accounting</link:label>
    <link:labelArc xlink:type="arc" xlink:arcrole="http://www.xbrl.org/2003/arcrole/concept-label" xlink:from="ReversalOfProvisionForConversionOfHeatingValueOfSuppliedGasEIGAS" xlink:to="label_ReversalOfProvisionForConversionOfHeatingValueOfSuppliedGasEIGAS"/>
    <link:label xlink:type="resource" xlink:label="label_ReversalOfProvisionForConversionOfHeatingValueOfSuppliedGasEIGAS_2" xlink:role="http://www.xbrl.org/2009/role/deprecatedDateLabel" xml:lang="en" id="label_ReversalOfProvisionForConversionOfHeatingValueOfSuppliedGasEIGAS_2">2017-03-28</link:label>
    <link:labelArc xlink:type="arc" xlink:arcrole="http://www.xbrl.org/2003/arcrole/concept-label" xlink:from="ReversalOfProvisionForConversionOfHeatingValueOfSuppliedGasEIGAS" xlink:to="label_ReversalOfProvisionForConversionOfHeatingValueOfSuppliedGasEIGAS_2"/>
    <link:loc xlink:type="locator" xlink:href="jppfs_dep_2019-02-28.xsd#jppfs_cor_ProvisionForConversionOfHeatingValueOfSuppliedGasELGAS" xlink:label="ProvisionForConversionOfHeatingValueOfSuppliedGasELGAS"/>
    <link:label xlink:type="resource" xlink:label="label_ProvisionForConversionOfHeatingValueOfSuppliedGasELGAS" xlink:role="http://www.xbrl.org/2009/role/deprecatedLabel" xml:lang="en" id="label_ProvisionForConversionOfHeatingValueOfSuppliedGasELGAS">Amendment to Ordinance on Gas Business Accounting</link:label>
    <link:labelArc xlink:type="arc" xlink:arcrole="http://www.xbrl.org/2003/arcrole/concept-label" xlink:from="ProvisionForConversionOfHeatingValueOfSuppliedGasELGAS" xlink:to="label_ProvisionForConversionOfHeatingValueOfSuppliedGasELGAS"/>
    <link:label xlink:type="resource" xlink:label="label_ProvisionForConversionOfHeatingValueOfSuppliedGasELGAS_2" xlink:role="http://www.xbrl.org/2009/role/deprecatedDateLabel" xml:lang="en" id="label_ProvisionForConversionOfHeatingValueOfSuppliedGasELGAS_2">2017-03-28</link:label>
    <link:labelArc xlink:type="arc" xlink:arcrole="http://www.xbrl.org/2003/arcrole/concept-label" xlink:from="ProvisionForConversionOfHeatingValueOfSuppliedGasELGAS" xlink:to="label_ProvisionForConversionOfHeatingValueOfSuppliedGasELGAS_2"/>
    <link:loc xlink:type="locator" xlink:href="jppfs_dep_2019-02-28.xsd#jppfs_cor_DeferredTaxAssetsCA" xlink:label="DeferredTaxAssetsCA"/>
    <link:label xlink:type="resource" xlink:label="label_DeferredTaxAssetsCA" xlink:role="http://www.xbrl.org/2009/role/deprecatedLabel" xml:lang="en" id="label_DeferredTaxAssetsCA">Cabinet Office Ordinance for Partial Revision of Regulations for Terminology, Forms and Preparation of Financial Statements, etc.</link:label>
    <link:labelArc xlink:type="arc" xlink:arcrole="http://www.xbrl.org/2003/arcrole/concept-label" xlink:from="DeferredTaxAssetsCA" xlink:to="label_DeferredTaxAssetsCA"/>
    <link:label xlink:type="resource" xlink:label="label_DeferredTaxAssetsCA_2" xlink:role="http://www.xbrl.org/2009/role/deprecatedDateLabel" xml:lang="en" id="label_DeferredTaxAssetsCA_2">2018-03-23</link:label>
    <link:labelArc xlink:type="arc" xlink:arcrole="http://www.xbrl.org/2003/arcrole/concept-label" xlink:from="DeferredTaxAssetsCA" xlink:to="label_DeferredTaxAssetsCA_2"/>
    <link:loc xlink:type="locator" xlink:href="jppfs_dep_2019-02-28.xsd#jppfs_cor_DeferredTaxAssetsIOA" xlink:label="DeferredTaxAssetsIOA"/>
    <link:label xlink:type="resource" xlink:label="label_DeferredTaxAssetsIOA" xlink:role="http://www.xbrl.org/2009/role/deprecatedLabel" xml:lang="en" id="label_DeferredTaxAssetsIOA">Cabinet Office Ordinance for Partial Revision of Regulations for Terminology, Forms and Preparation of Financial Statements, etc.</link:label>
    <link:labelArc xlink:type="arc" xlink:arcrole="http://www.xbrl.org/2003/arcrole/concept-label" xlink:from="DeferredTaxAssetsIOA" xlink:to="label_DeferredTaxAssetsIOA"/>
    <link:label xlink:type="resource" xlink:label="label_DeferredTaxAssetsIOA_2" xlink:role="http://www.xbrl.org/2009/role/deprecatedDateLabel" xml:lang="en" id="label_DeferredTaxAssetsIOA_2">2018-03-23</link:label>
    <link:labelArc xlink:type="arc" xlink:arcrole="http://www.xbrl.org/2003/arcrole/concept-label" xlink:from="DeferredTaxAssetsIOA" xlink:to="label_DeferredTaxAssetsIOA_2"/>
    <link:loc xlink:type="locator" xlink:href="jppfs_dep_2019-02-28.xsd#jppfs_cor_DeferredTaxLiabilitiesCL" xlink:label="DeferredTaxLiabilitiesCL"/>
    <link:label xlink:type="resource" xlink:label="label_DeferredTaxLiabilitiesCL" xlink:role="http://www.xbrl.org/2009/role/deprecatedLabel" xml:lang="en" id="label_DeferredTaxLiabilitiesCL">Cabinet Office Ordinance for Partial Revision of Regulations for Terminology, Forms and Preparation of Financial Statements, etc.</link:label>
    <link:labelArc xlink:type="arc" xlink:arcrole="http://www.xbrl.org/2003/arcrole/concept-label" xlink:from="DeferredTaxLiabilitiesCL" xlink:to="label_DeferredTaxLiabilitiesCL"/>
    <link:label xlink:type="resource" xlink:label="label_DeferredTaxLiabilitiesCL_2" xlink:role="http://www.xbrl.org/2009/role/deprecatedDateLabel" xml:lang="en" id="label_DeferredTaxLiabilitiesCL_2">2018-03-23</link:label>
    <link:labelArc xlink:type="arc" xlink:arcrole="http://www.xbrl.org/2003/arcrole/concept-label" xlink:from="DeferredTaxLiabilitiesCL" xlink:to="label_DeferredTaxLiabilitiesCL_2"/>
    <link:loc xlink:type="locator" xlink:href="jppfs_dep_2019-02-28.xsd#jppfs_cor_DeferredTaxLiabilitiesNCL" xlink:label="DeferredTaxLiabilitiesNCL"/>
    <link:label xlink:type="resource" xlink:label="label_DeferredTaxLiabilitiesNCL" xlink:role="http://www.xbrl.org/2009/role/deprecatedLabel" xml:lang="en" id="label_DeferredTaxLiabilitiesNCL">Cabinet Office Ordinance for Partial Revision of Regulations for Terminology, Forms and Preparation of Financial Statements, etc.</link:label>
    <link:labelArc xlink:type="arc" xlink:arcrole="http://www.xbrl.org/2003/arcrole/concept-label" xlink:from="DeferredTaxLiabilitiesNCL" xlink:to="label_DeferredTaxLiabilitiesNCL"/>
    <link:label xlink:type="resource" xlink:label="label_DeferredTaxLiabilitiesNCL_2" xlink:role="http://www.xbrl.org/2009/role/deprecatedDateLabel" xml:lang="en" id="label_DeferredTaxLiabilitiesNCL_2">2018-03-23</link:label>
    <link:labelArc xlink:type="arc" xlink:arcrole="http://www.xbrl.org/2003/arcrole/concept-label" xlink:from="DeferredTaxLiabilitiesNCL" xlink:to="label_DeferredTaxLiabilitiesNCL_2"/>
    <link:loc xlink:type="locator" xlink:href="jppfs_dep_2019-02-28.xsd#jppfs_cor_DeferredTaxAssetsAssetsBNK" xlink:label="DeferredTaxAssetsAssetsBNK"/>
    <link:label xlink:type="resource" xlink:label="label_DeferredTaxAssetsAssetsBNK" xlink:role="http://www.xbrl.org/2009/role/deprecatedLabel" xml:lang="en" id="label_DeferredTaxAssetsAssetsBNK">Cabinet Office Ordinance for Partial Revision of Regulations for Terminology, Forms and Preparation of Financial Statements, etc.</link:label>
    <link:labelArc xlink:type="arc" xlink:arcrole="http://www.xbrl.org/2003/arcrole/concept-label" xlink:from="DeferredTaxAssetsAssetsBNK" xlink:to="label_DeferredTaxAssetsAssetsBNK"/>
    <link:label xlink:type="resource" xlink:label="label_DeferredTaxAssetsAssetsBNK_2" xlink:role="http://www.xbrl.org/2009/role/deprecatedDateLabel" xml:lang="en" id="label_DeferredTaxAssetsAssetsBNK_2">2018-03-23</link:label>
    <link:labelArc xlink:type="arc" xlink:arcrole="http://www.xbrl.org/2003/arcrole/concept-label" xlink:from="DeferredTaxAssetsAssetsBNK" xlink:to="label_DeferredTaxAssetsAssetsBNK_2"/>
    <link:loc xlink:type="locator" xlink:href="jppfs_dep_2019-02-28.xsd#jppfs_cor_DeferredTaxLiabilitiesLiabilitiesBNK" xlink:label="DeferredTaxLiabilitiesLiabilitiesBNK"/>
    <link:label xlink:type="resource" xlink:label="label_DeferredTaxLiabilitiesLiabilitiesBNK" xlink:role="http://www.xbrl.org/2009/role/deprecatedLabel" xml:lang="en" id="label_DeferredTaxLiabilitiesLiabilitiesBNK">Cabinet Office Ordinance for Partial Revision of Regulations for Terminology, Forms and Preparation of Financial Statements, etc.</link:label>
    <link:labelArc xlink:type="arc" xlink:arcrole="http://www.xbrl.org/2003/arcrole/concept-label" xlink:from="DeferredTaxLiabilitiesLiabilitiesBNK" xlink:to="label_DeferredTaxLiabilitiesLiabilitiesBNK"/>
    <link:label xlink:type="resource" xlink:label="label_DeferredTaxLiabilitiesLiabilitiesBNK_2" xlink:role="http://www.xbrl.org/2009/role/deprecatedDateLabel" xml:lang="en" id="label_DeferredTaxLiabilitiesLiabilitiesBNK_2">2018-03-23</link:label>
    <link:labelArc xlink:type="arc" xlink:arcrole="http://www.xbrl.org/2003/arcrole/concept-label" xlink:from="DeferredTaxLiabilitiesLiabilitiesBNK" xlink:to="label_DeferredTaxLiabilitiesLiabilitiesBNK_2"/>
    <link:loc xlink:type="locator" xlink:href="jppfs_dep_2019-02-28.xsd#jppfs_cor_DeferredTaxAssetsAssetsINS" xlink:label="DeferredTaxAssetsAssetsINS"/>
    <link:label xlink:type="resource" xlink:label="label_DeferredTaxAssetsAssetsINS" xlink:role="http://www.xbrl.org/2009/role/deprecatedLabel" xml:lang="en" id="label_DeferredTaxAssetsAssetsINS">Cabinet Office Ordinance for Partial Revision of Regulations for Terminology, Forms and Preparation of Financial Statements, etc.</link:label>
    <link:labelArc xlink:type="arc" xlink:arcrole="http://www.xbrl.org/2003/arcrole/concept-label" xlink:from="DeferredTaxAssetsAssetsINS" xlink:to="label_DeferredTaxAssetsAssetsINS"/>
    <link:label xlink:type="resource" xlink:label="label_DeferredTaxAssetsAssetsINS_2" xlink:role="http://www.xbrl.org/2009/role/deprecatedDateLabel" xml:lang="en" id="label_DeferredTaxAssetsAssetsINS_2">2018-03-23</link:label>
    <link:labelArc xlink:type="arc" xlink:arcrole="http://www.xbrl.org/2003/arcrole/concept-label" xlink:from="DeferredTaxAssetsAssetsINS" xlink:to="label_DeferredTaxAssetsAssetsINS_2"/>
    <link:loc xlink:type="locator" xlink:href="jppfs_dep_2019-02-28.xsd#jppfs_cor_DeferredTaxLiabilitiesLiabilitiesINS" xlink:label="DeferredTaxLiabilitiesLiabilitiesINS"/>
    <link:label xlink:type="resource" xlink:label="label_DeferredTaxLiabilitiesLiabilitiesINS" xlink:role="http://www.xbrl.org/2009/role/deprecatedLabel" xml:lang="en" id="label_DeferredTaxLiabilitiesLiabilitiesINS">Cabinet Office Ordinance for Partial Revision of Regulations for Terminology, Forms and Preparation of Financial Statements, etc.</link:label>
    <link:labelArc xlink:type="arc" xlink:arcrole="http://www.xbrl.org/2003/arcrole/concept-label" xlink:from="DeferredTaxLiabilitiesLiabilitiesINS" xlink:to="label_DeferredTaxLiabilitiesLiabilitiesINS"/>
    <link:label xlink:type="resource" xlink:label="label_DeferredTaxLiabilitiesLiabilitiesINS_2" xlink:role="http://www.xbrl.org/2009/role/deprecatedDateLabel" xml:lang="en" id="label_DeferredTaxLiabilitiesLiabilitiesINS_2">2018-03-23</link:label>
    <link:labelArc xlink:type="arc" xlink:arcrole="http://www.xbrl.org/2003/arcrole/concept-label" xlink:from="DeferredTaxLiabilitiesLiabilitiesINS" xlink:to="label_DeferredTaxLiabilitiesLiabilitiesINS_2"/>
    <link:loc xlink:type="locator" xlink:href="jppfs_dep_2019-02-28.xsd#jppfs_cor_AmortizationOfCorporateBondDiscountGAS" xlink:label="AmortizationOfCorporateBondDiscountGAS"/>
    <link:label xlink:type="resource" xlink:label="label_AmortizationOfCorporateBondDiscountGAS" xlink:role="http://www.xbrl.org/2009/role/deprecatedLabel" xml:lang="en" id="label_AmortizationOfCorporateBondDiscountGAS">Not used frequently</link:label>
    <link:labelArc xlink:type="arc" xlink:arcrole="http://www.xbrl.org/2003/arcrole/concept-label" xlink:from="AmortizationOfCorporateBondDiscountGAS" xlink:to="label_AmortizationOfCorporateBondDiscountGAS"/>
    <link:label xlink:type="resource" xlink:label="label_AmortizationOfCorporateBondDiscountGAS_2" xlink:role="http://www.xbrl.org/2009/role/deprecatedDateLabel" xml:lang="en" id="label_AmortizationOfCorporateBondDiscountGAS_2">2019-02-28</link:label>
    <link:labelArc xlink:type="arc" xlink:arcrole="http://www.xbrl.org/2003/arcrole/concept-label" xlink:from="AmortizationOfCorporateBondDiscountGAS" xlink:to="label_AmortizationOfCorporateBondDiscountGAS_2"/>
    <link:loc xlink:type="locator" xlink:href="jppfs_dep_2019-02-28.xsd#jppfs_cor_AmortizationOfCorporateBondIssuanceCostGAS" xlink:label="AmortizationOfCorporateBondIssuanceCostGAS"/>
    <link:label xlink:type="resource" xlink:label="label_AmortizationOfCorporateBondIssuanceCostGAS" xlink:role="http://www.xbrl.org/2009/role/deprecatedLabel" xml:lang="en" id="label_AmortizationOfCorporateBondIssuanceCostGAS">Not used frequently</link:label>
    <link:labelArc xlink:type="arc" xlink:arcrole="http://www.xbrl.org/2003/arcrole/concept-label" xlink:from="AmortizationOfCorporateBondIssuanceCostGAS" xlink:to="label_AmortizationOfCorporateBondIssuanceCostGAS"/>
    <link:label xlink:type="resource" xlink:label="label_AmortizationOfCorporateBondIssuanceCostGAS_2" xlink:role="http://www.xbrl.org/2009/role/deprecatedDateLabel" xml:lang="en" id="label_AmortizationOfCorporateBondIssuanceCostGAS_2">2019-02-28</link:label>
    <link:labelArc xlink:type="arc" xlink:arcrole="http://www.xbrl.org/2003/arcrole/concept-label" xlink:from="AmortizationOfCorporateBondIssuanceCostGAS" xlink:to="label_AmortizationOfCorporateBondIssuanceCostGAS_2"/>
    <link:loc xlink:type="locator" xlink:href="jppfs_dep_2019-02-28.xsd#jppfs_cor_CorporateBondDiscountDAGAS" xlink:label="CorporateBondDiscountDAGAS"/>
    <link:label xlink:type="resource" xlink:label="label_CorporateBondDiscountDAGAS" xlink:role="http://www.xbrl.org/2009/role/deprecatedLabel" xml:lang="en" id="label_CorporateBondDiscountDAGAS">Not used frequently</link:label>
    <link:labelArc xlink:type="arc" xlink:arcrole="http://www.xbrl.org/2003/arcrole/concept-label" xlink:from="CorporateBondDiscountDAGAS" xlink:to="label_CorporateBondDiscountDAGAS"/>
    <link:label xlink:type="resource" xlink:label="label_CorporateBondDiscountDAGAS_2" xlink:role="http://www.xbrl.org/2009/role/deprecatedDateLabel" xml:lang="en" id="label_CorporateBondDiscountDAGAS_2">2019-02-28</link:label>
    <link:labelArc xlink:type="arc" xlink:arcrole="http://www.xbrl.org/2003/arcrole/concept-label" xlink:from="CorporateBondDiscountDAGAS" xlink:to="label_CorporateBondDiscountDAGAS_2"/>
    <link:loc xlink:type="locator" xlink:href="jppfs_dep_2019-02-28.xsd#jppfs_cor_CorporateBondInterestGAS" xlink:label="CorporateBondInterestGAS"/>
    <link:label xlink:type="resource" xlink:label="label_CorporateBondInterestGAS" xlink:role="http://www.xbrl.org/2009/role/deprecatedLabel" xml:lang="en" id="label_CorporateBondInterestGAS">Not used frequently</link:label>
    <link:labelArc xlink:type="arc" xlink:arcrole="http://www.xbrl.org/2003/arcrole/concept-label" xlink:from="CorporateBondInterestGAS" xlink:to="label_CorporateBondInterestGAS"/>
    <link:label xlink:type="resource" xlink:label="label_CorporateBondInterestGAS_2" xlink:role="http://www.xbrl.org/2009/role/deprecatedDateLabel" xml:lang="en" id="label_CorporateBondInterestGAS_2">2019-02-28</link:label>
    <link:labelArc xlink:type="arc" xlink:arcrole="http://www.xbrl.org/2003/arcrole/concept-label" xlink:from="CorporateBondInterestGAS" xlink:to="label_CorporateBondInterestGAS_2"/>
    <link:loc xlink:type="locator" xlink:href="jppfs_dep_2019-02-28.xsd#jppfs_cor_CorporateBondIssuanceCostDAGAS" xlink:label="CorporateBondIssuanceCostDAGAS"/>
    <link:label xlink:type="resource" xlink:label="label_CorporateBondIssuanceCostDAGAS" xlink:role="http://www.xbrl.org/2009/role/deprecatedLabel" xml:lang="en" id="label_CorporateBondIssuanceCostDAGAS">Not used frequently</link:label>
    <link:labelArc xlink:type="arc" xlink:arcrole="http://www.xbrl.org/2003/arcrole/concept-label" xlink:from="CorporateBondIssuanceCostDAGAS" xlink:to="label_CorporateBondIssuanceCostDAGAS"/>
    <link:label xlink:type="resource" xlink:label="label_CorporateBondIssuanceCostDAGAS_2" xlink:role="http://www.xbrl.org/2009/role/deprecatedDateLabel" xml:lang="en" id="label_CorporateBondIssuanceCostDAGAS_2">2019-02-28</link:label>
    <link:labelArc xlink:type="arc" xlink:arcrole="http://www.xbrl.org/2003/arcrole/concept-label" xlink:from="CorporateBondIssuanceCostDAGAS" xlink:to="label_CorporateBondIssuanceCostDAGAS_2"/>
    <link:loc xlink:type="locator" xlink:href="jppfs_dep_2019-02-28.xsd#jppfs_cor_CorporateBondsNCLGAS" xlink:label="CorporateBondsNCLGAS"/>
    <link:label xlink:type="resource" xlink:label="label_CorporateBondsNCLGAS" xlink:role="http://www.xbrl.org/2009/role/deprecatedLabel" xml:lang="en" id="label_CorporateBondsNCLGAS">Not used frequently</link:label>
    <link:labelArc xlink:type="arc" xlink:arcrole="http://www.xbrl.org/2003/arcrole/concept-label" xlink:from="CorporateBondsNCLGAS" xlink:to="label_CorporateBondsNCLGAS"/>
    <link:label xlink:type="resource" xlink:label="label_CorporateBondsNCLGAS_2" xlink:role="http://www.xbrl.org/2009/role/deprecatedDateLabel" xml:lang="en" id="label_CorporateBondsNCLGAS_2">2019-02-28</link:label>
    <link:labelArc xlink:type="arc" xlink:arcrole="http://www.xbrl.org/2003/arcrole/concept-label" xlink:from="CorporateBondsNCLGAS" xlink:to="label_CorporateBondsNCLGAS_2"/>
    <link:loc xlink:type="locator" xlink:href="jppfs_dep_2019-02-28.xsd#jppfs_cor_SellingBusinessRevenueRevOA" xlink:label="SellingBusinessRevenueRevOA"/>
    <link:label xlink:type="resource" xlink:label="label_SellingBusinessRevenueRevOA" xlink:role="http://www.xbrl.org/2009/role/deprecatedLabel" xml:lang="en" id="label_SellingBusinessRevenueRevOA">Not used frequently</link:label>
    <link:labelArc xlink:type="arc" xlink:arcrole="http://www.xbrl.org/2003/arcrole/concept-label" xlink:from="SellingBusinessRevenueRevOA" xlink:to="label_SellingBusinessRevenueRevOA"/>
    <link:label xlink:type="resource" xlink:label="label_SellingBusinessRevenueRevOA_2" xlink:role="http://www.xbrl.org/2009/role/deprecatedDateLabel" xml:lang="en" id="label_SellingBusinessRevenueRevOA_2">2019-02-28</link:label>
    <link:labelArc xlink:type="arc" xlink:arcrole="http://www.xbrl.org/2003/arcrole/concept-label" xlink:from="SellingBusinessRevenueRevOA" xlink:to="label_SellingBusinessRevenueRevOA_2"/>
    <link:loc xlink:type="locator" xlink:href="jppfs_dep_2019-02-28.xsd#jppfs_cor_RightOfUsingRailwayCommunicationFacilitiesInProgressRWY" xlink:label="RightOfUsingRailwayCommunicationFacilitiesInProgressRWY"/>
    <link:label xlink:type="resource" xlink:label="label_RightOfUsingRailwayCommunicationFacilitiesInProgressRWY" xlink:role="http://www.xbrl.org/2009/role/deprecatedLabel" xml:lang="en" id="label_RightOfUsingRailwayCommunicationFacilitiesInProgressRWY">Not used frequently</link:label>
    <link:labelArc xlink:type="arc" xlink:arcrole="http://www.xbrl.org/2003/arcrole/concept-label" xlink:from="RightOfUsingRailwayCommunicationFacilitiesInProgressRWY" xlink:to="label_RightOfUsingRailwayCommunicationFacilitiesInProgressRWY"/>
    <link:label xlink:type="resource" xlink:label="label_RightOfUsingRailwayCommunicationFacilitiesInProgressRWY_2" xlink:role="http://www.xbrl.org/2009/role/deprecatedDateLabel" xml:lang="en" id="label_RightOfUsingRailwayCommunicationFacilitiesInProgressRWY_2">2019-02-28</link:label>
    <link:labelArc xlink:type="arc" xlink:arcrole="http://www.xbrl.org/2003/arcrole/concept-label" xlink:from="RightOfUsingRailwayCommunicationFacilitiesInProgressRWY" xlink:to="label_RightOfUsingRailwayCommunicationFacilitiesInProgressRWY_2"/>
    <link:loc xlink:type="locator" xlink:href="jppfs_dep_2019-02-28.xsd#jppfs_cor_ConstructionInProgressOtherBusinessRWY" xlink:label="ConstructionInProgressOtherBusinessRWY"/>
    <link:label xlink:type="resource" xlink:label="label_ConstructionInProgressOtherBusinessRWY" xlink:role="http://www.xbrl.org/2009/role/deprecatedLabel" xml:lang="en" id="label_ConstructionInProgressOtherBusinessRWY">Not used frequently</link:label>
    <link:labelArc xlink:type="arc" xlink:arcrole="http://www.xbrl.org/2003/arcrole/concept-label" xlink:from="ConstructionInProgressOtherBusinessRWY" xlink:to="label_ConstructionInProgressOtherBusinessRWY"/>
    <link:label xlink:type="resource" xlink:label="label_ConstructionInProgressOtherBusinessRWY_2" xlink:role="http://www.xbrl.org/2009/role/deprecatedDateLabel" xml:lang="en" id="label_ConstructionInProgressOtherBusinessRWY_2">2019-02-28</link:label>
    <link:labelArc xlink:type="arc" xlink:arcrole="http://www.xbrl.org/2003/arcrole/concept-label" xlink:from="ConstructionInProgressOtherBusinessRWY" xlink:to="label_ConstructionInProgressOtherBusinessRWY_2"/>
    <link:loc xlink:type="locator" xlink:href="jppfs_dep_2019-02-28.xsd#jppfs_cor_RevenueEatingORSideLine" xlink:label="RevenueEatingORSideLine"/>
    <link:label xlink:type="resource" xlink:label="label_RevenueEatingORSideLine" xlink:role="http://www.xbrl.org/2009/role/deprecatedLabel" xml:lang="en" id="label_RevenueEatingORSideLine">Not used frequently</link:label>
    <link:labelArc xlink:type="arc" xlink:arcrole="http://www.xbrl.org/2003/arcrole/concept-label" xlink:from="RevenueEatingORSideLine" xlink:to="label_RevenueEatingORSideLine"/>
    <link:label xlink:type="resource" xlink:label="label_RevenueEatingORSideLine_2" xlink:role="http://www.xbrl.org/2009/role/deprecatedDateLabel" xml:lang="en" id="label_RevenueEatingORSideLine_2">2019-02-28</link:label>
    <link:labelArc xlink:type="arc" xlink:arcrole="http://www.xbrl.org/2003/arcrole/concept-label" xlink:from="RevenueEatingORSideLine" xlink:to="label_RevenueEatingORSideLine_2"/>
    <link:loc xlink:type="locator" xlink:href="jppfs_dep_2019-02-28.xsd#jppfs_cor_GoodsAndEatingSalesORSideLine" xlink:label="GoodsAndEatingSalesORSideLine"/>
    <link:label xlink:type="resource" xlink:label="label_GoodsAndEatingSalesORSideLine" xlink:role="http://www.xbrl.org/2009/role/deprecatedLabel" xml:lang="en" id="label_GoodsAndEatingSalesORSideLine">Not used frequently</link:label>
    <link:labelArc xlink:type="arc" xlink:arcrole="http://www.xbrl.org/2003/arcrole/concept-label" xlink:from="GoodsAndEatingSalesORSideLine" xlink:to="label_GoodsAndEatingSalesORSideLine"/>
    <link:label xlink:type="resource" xlink:label="label_GoodsAndEatingSalesORSideLine_2" xlink:role="http://www.xbrl.org/2009/role/deprecatedDateLabel" xml:lang="en" id="label_GoodsAndEatingSalesORSideLine_2">2019-02-28</link:label>
    <link:labelArc xlink:type="arc" xlink:arcrole="http://www.xbrl.org/2003/arcrole/concept-label" xlink:from="GoodsAndEatingSalesORSideLine" xlink:to="label_GoodsAndEatingSalesORSideLine_2"/>
    <link:loc xlink:type="locator" xlink:href="jppfs_dep_2019-02-28.xsd#jppfs_cor_LossOnLongTermAccountsPayableRailwayFacilitiesRWY" xlink:label="LossOnLongTermAccountsPayableRailwayFacilitiesRWY"/>
    <link:label xlink:type="resource" xlink:label="label_LossOnLongTermAccountsPayableRailwayFacilitiesRWY" xlink:role="http://www.xbrl.org/2009/role/deprecatedLabel" xml:lang="en" id="label_LossOnLongTermAccountsPayableRailwayFacilitiesRWY">Not used frequently</link:label>
    <link:labelArc xlink:type="arc" xlink:arcrole="http://www.xbrl.org/2003/arcrole/concept-label" xlink:from="LossOnLongTermAccountsPayableRailwayFacilitiesRWY" xlink:to="label_LossOnLongTermAccountsPayableRailwayFacilitiesRWY"/>
    <link:label xlink:type="resource" xlink:label="label_LossOnLongTermAccountsPayableRailwayFacilitiesRWY_2" xlink:role="http://www.xbrl.org/2009/role/deprecatedDateLabel" xml:lang="en" id="label_LossOnLongTermAccountsPayableRailwayFacilitiesRWY_2">2019-02-28</link:label>
    <link:labelArc xlink:type="arc" xlink:arcrole="http://www.xbrl.org/2003/arcrole/concept-label" xlink:from="LossOnLongTermAccountsPayableRailwayFacilitiesRWY" xlink:to="label_LossOnLongTermAccountsPayableRailwayFacilitiesRWY_2"/>
    <link:loc xlink:type="locator" xlink:href="jppfs_dep_2019-02-28.xsd#jppfs_cor_SpecificLoansPayableCLLIQ" xlink:label="SpecificLoansPayableCLLIQ"/>
    <link:label xlink:type="resource" xlink:label="label_SpecificLoansPayableCLLIQ" xlink:role="http://www.xbrl.org/2009/role/deprecatedLabel" xml:lang="en" id="label_SpecificLoansPayableCLLIQ">Not used frequently</link:label>
    <link:labelArc xlink:type="arc" xlink:arcrole="http://www.xbrl.org/2003/arcrole/concept-label" xlink:from="SpecificLoansPayableCLLIQ" xlink:to="label_SpecificLoansPayableCLLIQ"/>
    <link:label xlink:type="resource" xlink:label="label_SpecificLoansPayableCLLIQ_2" xlink:role="http://www.xbrl.org/2009/role/deprecatedDateLabel" xml:lang="en" id="label_SpecificLoansPayableCLLIQ_2">2019-02-28</link:label>
    <link:labelArc xlink:type="arc" xlink:arcrole="http://www.xbrl.org/2003/arcrole/concept-label" xlink:from="SpecificLoansPayableCLLIQ" xlink:to="label_SpecificLoansPayableCLLIQ_2"/>
    <link:loc xlink:type="locator" xlink:href="jppfs_dep_2019-02-28.xsd#jppfs_cor_SpecificLoansPayableNCLLIQ" xlink:label="SpecificLoansPayableNCLLIQ"/>
    <link:label xlink:type="resource" xlink:label="label_SpecificLoansPayableNCLLIQ" xlink:role="http://www.xbrl.org/2009/role/deprecatedLabel" xml:lang="en" id="label_SpecificLoansPayableNCLLIQ">Not used frequently</link:label>
    <link:labelArc xlink:type="arc" xlink:arcrole="http://www.xbrl.org/2003/arcrole/concept-label" xlink:from="SpecificLoansPayableNCLLIQ" xlink:to="label_SpecificLoansPayableNCLLIQ"/>
    <link:label xlink:type="resource" xlink:label="label_SpecificLoansPayableNCLLIQ_2" xlink:role="http://www.xbrl.org/2009/role/deprecatedDateLabel" xml:lang="en" id="label_SpecificLoansPayableNCLLIQ_2">2019-02-28</link:label>
    <link:labelArc xlink:type="arc" xlink:arcrole="http://www.xbrl.org/2003/arcrole/concept-label" xlink:from="SpecificLoansPayableNCLLIQ" xlink:to="label_SpecificLoansPayableNCLLIQ_2"/>
  </link:labelLink>
</link:linkbase>
