<?xml version="1.0" encoding="UTF-8"?>
<!--  (c) Financial Services Agency, The Japanese Government.
      All Rights Reserved.
      For intellectual property policy and authorized uses of EDINET Taxonomy,
      refer to “EDINET Taxonomy Legal Statement” at http://www.fsa.go.jp/search/EDINET_Taxonomy_Legal_Statement.html
-->
<link:linkbase xmlns:link="http://www.xbrl.org/2003/linkbase" xmlns:xsi="http://www.w3.org/2001/XMLSchema-instance" xmlns:xbrldt="http://xbrl.org/2005/xbrldt" xmlns:xlink="http://www.w3.org/1999/xlink" xmlns:xbrli="http://www.xbrl.org/2003/instance">
  <link:roleRef roleURI="http://disclosure.edinet-fsa.go.jp/role/jpcrp/rol_std_NotesStatementOfCashFlows" xlink:type="simple" xlink:href="../jpcrp_rt_2021-11-01.xsd#rol_std_NotesStatementOfCashFlows"/>
  <link:arcroleRef arcroleURI="http://xbrl.org/int/dim/arcrole/all" xlink:type="simple" xlink:href="http://www.xbrl.org/2005/xbrldt-2005.xsd#all"/>
  <link:arcroleRef arcroleURI="http://xbrl.org/int/dim/arcrole/dimension-domain" xlink:type="simple" xlink:href="http://www.xbrl.org/2005/xbrldt-2005.xsd#dimension-domain"/>
  <link:arcroleRef arcroleURI="http://xbrl.org/int/dim/arcrole/domain-member" xlink:type="simple" xlink:href="http://www.xbrl.org/2005/xbrldt-2005.xsd#domain-member"/>
  <link:arcroleRef arcroleURI="http://xbrl.org/int/dim/arcrole/hypercube-dimension" xlink:type="simple" xlink:href="http://www.xbrl.org/2005/xbrldt-2005.xsd#hypercube-dimension"/>
  <link:definitionLink xlink:type="extended" xlink:role="http://disclosure.edinet-fsa.go.jp/role/jpcrp/rol_std_NotesStatementOfCashFlows">
    <link:loc xlink:type="locator" xlink:href="../../../jppfs/2021-11-01/jppfs_cor_2021-11-01.xsd#jppfs_cor_ConsolidatedOrNonConsolidatedAxis" xlink:label="ConsolidatedOrNonConsolidatedAxis"/>
    <link:loc xlink:type="locator" xlink:href="../../../jppfs/2021-11-01/jppfs_cor_2021-11-01.xsd#jppfs_cor_NonConsolidatedMember" xlink:label="NonConsolidatedMember"/>
    <link:definitionArc xlink:type="arc" xlink:arcrole="http://xbrl.org/int/dim/arcrole/dimension-domain" xlink:from="ConsolidatedOrNonConsolidatedAxis" xlink:to="NonConsolidatedMember" order="1.0"/>
    <link:loc xlink:type="locator" xlink:href="../jpcrp_cor_2021-11-01.xsd#jpcrp_cor_NotesStatementOfCashFlowsHeading" xlink:label="NotesStatementOfCashFlowsHeading"/>
    <link:loc xlink:type="locator" xlink:href="../jpcrp_cor_2021-11-01.xsd#jpcrp_cor_NotesStatementOfCashFlowsTable" xlink:label="NotesStatementOfCashFlowsTable"/>
    <link:definitionArc xlink:type="arc" xlink:arcrole="http://xbrl.org/int/dim/arcrole/all" xlink:from="NotesStatementOfCashFlowsHeading" xlink:to="NotesStatementOfCashFlowsTable" order="1.0" xbrldt:contextElement="scenario" xbrldt:closed="true"/>
    <link:definitionArc xlink:type="arc" xlink:arcrole="http://xbrl.org/int/dim/arcrole/hypercube-dimension" xlink:from="NotesStatementOfCashFlowsTable" xlink:to="ConsolidatedOrNonConsolidatedAxis" order="1.0"/>
    <link:loc xlink:type="locator" xlink:href="../jpcrp_cor_2021-11-01.xsd#jpcrp_cor_NotesStatementOfCashFlowsLineItems" xlink:label="NotesStatementOfCashFlowsLineItems"/>
    <link:definitionArc xlink:type="arc" xlink:arcrole="http://xbrl.org/int/dim/arcrole/domain-member" xlink:from="NotesStatementOfCashFlowsHeading" xlink:to="NotesStatementOfCashFlowsLineItems" order="1.0"/>
    <link:loc xlink:type="locator" xlink:href="../jpcrp_cor_2021-11-01.xsd#jpcrp_cor_ReconciliationOfEndingBalanceOfCashAndCashEquivalentsWithAccountBalancesPerBalanceSheetTextBlock" xlink:label="ReconciliationOfEndingBalanceOfCashAndCashEquivalentsWithAccountBalancesPerBalanceSheetTextBlock"/>
    <link:definitionArc xlink:type="arc" xlink:arcrole="http://xbrl.org/int/dim/arcrole/domain-member" xlink:from="NotesStatementOfCashFlowsLineItems" xlink:to="ReconciliationOfEndingBalanceOfCashAndCashEquivalentsWithAccountBalancesPerBalanceSheetTextBlock" order="1.0"/>
    <link:loc xlink:type="locator" xlink:href="../jpcrp_cor_2021-11-01.xsd#jpcrp_cor_MajorComponentsOfAssetsAndLiabilitiesIncreasedOrDecreasedAsResultOfAcquisitionOrDisposalOfBusinessOrMergerEtcWherebyCashWasPaidOrReceivedAsConsiderationTextBlock" xlink:label="MajorComponentsOfAssetsAndLiabilitiesIncreasedOrDecreasedAsResultOfAcquisitionOrDisposalOfBusinessOrMergerEtcWherebyCashWasPaidOrReceivedAsConsiderationTextBlock"/>
    <link:definitionArc xlink:type="arc" xlink:arcrole="http://xbrl.org/int/dim/arcrole/domain-member" xlink:from="NotesStatementOfCashFlowsLineItems" xlink:to="MajorComponentsOfAssetsAndLiabilitiesIncreasedOrDecreasedAsResultOfAcquisitionOrDisposalOfBusinessOrMergerEtcWherebyCashWasPaidOrReceivedAsConsiderationTextBlock" order="2.0"/>
    <link:loc xlink:type="locator" xlink:href="../jpcrp_cor_2021-11-01.xsd#jpcrp_cor_DescriptionOfSignificantTransactionsNotRequiringUseOfCashOrCashEquivalentsTextBlock" xlink:label="DescriptionOfSignificantTransactionsNotRequiringUseOfCashOrCashEquivalentsTextBlock"/>
    <link:definitionArc xlink:type="arc" xlink:arcrole="http://xbrl.org/int/dim/arcrole/domain-member" xlink:from="NotesStatementOfCashFlowsLineItems" xlink:to="DescriptionOfSignificantTransactionsNotRequiringUseOfCashOrCashEquivalentsTextBlock" order="3.0"/>
    <link:loc xlink:type="locator" xlink:href="../jpcrp_cor_2021-11-01.xsd#jpcrp_cor_DescriptionOfFactThatCashFlowsFromUsedInInvestingActivitiesIncludeCashFlowsFromAssetManagementActivitiesRelatedToInsuranceBusinessINSTextBlock" xlink:label="DescriptionOfFactThatCashFlowsFromUsedInInvestingActivitiesIncludeCashFlowsFromAssetManagementActivitiesRelatedToInsuranceBusinessINSTextBlock"/>
    <link:definitionArc xlink:type="arc" xlink:arcrole="http://xbrl.org/int/dim/arcrole/domain-member" xlink:from="NotesStatementOfCashFlowsLineItems" xlink:to="DescriptionOfFactThatCashFlowsFromUsedInInvestingActivitiesIncludeCashFlowsFromAssetManagementActivitiesRelatedToInsuranceBusinessINSTextBlock" order="4.0"/>
  </link:definitionLink>
</link:linkbase>
