<?xml version="1.0" encoding="UTF-8"?>
<!--  (c) Financial Services Agency, The Japanese Government.
      All Rights Reserved.
      For intellectual property policy and authorized uses of EDINET Taxonomy,
      refer to “EDINET Taxonomy Legal Statement” at http://www.fsa.go.jp/search/EDINET_Taxonomy_Legal_Statement.html
-->
<link:linkbase xmlns:link="http://www.xbrl.org/2003/linkbase" xmlns:xsi="http://www.w3.org/2001/XMLSchema-instance" xmlns:xbrldt="http://xbrl.org/2005/xbrldt" xmlns:xlink="http://www.w3.org/1999/xlink" xmlns:xbrli="http://www.xbrl.org/2003/instance">
  <link:roleRef roleURI="http://disclosure.edinet-fsa.go.jp/role/jpcrp/rol_std_Shareholdings-09" xlink:type="simple" xlink:href="../jpcrp_rt_2021-11-01.xsd#rol_std_Shareholdings-09"/>
  <link:arcroleRef arcroleURI="http://xbrl.org/int/dim/arcrole/all" xlink:type="simple" xlink:href="http://www.xbrl.org/2005/xbrldt-2005.xsd#all"/>
  <link:arcroleRef arcroleURI="http://xbrl.org/int/dim/arcrole/dimension-domain" xlink:type="simple" xlink:href="http://www.xbrl.org/2005/xbrldt-2005.xsd#dimension-domain"/>
  <link:arcroleRef arcroleURI="http://xbrl.org/int/dim/arcrole/domain-member" xlink:type="simple" xlink:href="http://www.xbrl.org/2005/xbrldt-2005.xsd#domain-member"/>
  <link:arcroleRef arcroleURI="http://xbrl.org/int/dim/arcrole/hypercube-dimension" xlink:type="simple" xlink:href="http://www.xbrl.org/2005/xbrldt-2005.xsd#hypercube-dimension"/>
  <link:definitionLink xlink:type="extended" xlink:role="http://disclosure.edinet-fsa.go.jp/role/jpcrp/rol_std_Shareholdings-09">
    <link:loc xlink:type="locator" xlink:href="../jpcrp_cor_2021-11-01.xsd#jpcrp_cor_SequentialNumbersAxis" xlink:label="SequentialNumbersAxis"/>
    <link:loc xlink:type="locator" xlink:href="../jpcrp_cor_2021-11-01.xsd#jpcrp_cor_Row4Member" xlink:label="Row4Member"/>
    <link:definitionArc xlink:type="arc" xlink:arcrole="http://xbrl.org/int/dim/arcrole/dimension-domain" xlink:from="SequentialNumbersAxis" xlink:to="Row4Member" order="4.0"/>
    <link:loc xlink:type="locator" xlink:href="../jpcrp_cor_2021-11-01.xsd#jpcrp_cor_Row5Member" xlink:label="Row5Member"/>
    <link:definitionArc xlink:type="arc" xlink:arcrole="http://xbrl.org/int/dim/arcrole/dimension-domain" xlink:from="SequentialNumbersAxis" xlink:to="Row5Member" order="5.0"/>
    <link:loc xlink:type="locator" xlink:href="../jpcrp_cor_2021-11-01.xsd#jpcrp_cor_Row6Member" xlink:label="Row6Member"/>
    <link:definitionArc xlink:type="arc" xlink:arcrole="http://xbrl.org/int/dim/arcrole/dimension-domain" xlink:from="SequentialNumbersAxis" xlink:to="Row6Member" order="6.0"/>
    <link:loc xlink:type="locator" xlink:href="../jpcrp_cor_2021-11-01.xsd#jpcrp_cor_Row7Member" xlink:label="Row7Member"/>
    <link:definitionArc xlink:type="arc" xlink:arcrole="http://xbrl.org/int/dim/arcrole/dimension-domain" xlink:from="SequentialNumbersAxis" xlink:to="Row7Member" order="7.0"/>
    <link:loc xlink:type="locator" xlink:href="../jpcrp_cor_2021-11-01.xsd#jpcrp_cor_Row8Member" xlink:label="Row8Member"/>
    <link:definitionArc xlink:type="arc" xlink:arcrole="http://xbrl.org/int/dim/arcrole/dimension-domain" xlink:from="SequentialNumbersAxis" xlink:to="Row8Member" order="8.0"/>
    <link:loc xlink:type="locator" xlink:href="../jpcrp_cor_2021-11-01.xsd#jpcrp_cor_Row9Member" xlink:label="Row9Member"/>
    <link:definitionArc xlink:type="arc" xlink:arcrole="http://xbrl.org/int/dim/arcrole/dimension-domain" xlink:from="SequentialNumbersAxis" xlink:to="Row9Member" order="9.0"/>
    <link:loc xlink:type="locator" xlink:href="../jpcrp_cor_2021-11-01.xsd#jpcrp_cor_Row10Member" xlink:label="Row10Member"/>
    <link:definitionArc xlink:type="arc" xlink:arcrole="http://xbrl.org/int/dim/arcrole/dimension-domain" xlink:from="SequentialNumbersAxis" xlink:to="Row10Member" order="10.0"/>
    <link:loc xlink:type="locator" xlink:href="../jpcrp_cor_2021-11-01.xsd#jpcrp_cor_Row1Member" xlink:label="Row1Member"/>
    <link:definitionArc xlink:type="arc" xlink:arcrole="http://xbrl.org/int/dim/arcrole/dimension-domain" xlink:from="SequentialNumbersAxis" xlink:to="Row1Member" order="1.0"/>
    <link:loc xlink:type="locator" xlink:href="../jpcrp_cor_2021-11-01.xsd#jpcrp_cor_Row2Member" xlink:label="Row2Member"/>
    <link:definitionArc xlink:type="arc" xlink:arcrole="http://xbrl.org/int/dim/arcrole/dimension-domain" xlink:from="SequentialNumbersAxis" xlink:to="Row2Member" order="2.0"/>
    <link:loc xlink:type="locator" xlink:href="../jpcrp_cor_2021-11-01.xsd#jpcrp_cor_Row3Member" xlink:label="Row3Member"/>
    <link:definitionArc xlink:type="arc" xlink:arcrole="http://xbrl.org/int/dim/arcrole/dimension-domain" xlink:from="SequentialNumbersAxis" xlink:to="Row3Member" order="3.0"/>
    <link:loc xlink:type="locator" xlink:href="../jpcrp_cor_2021-11-01.xsd#jpcrp_cor_ShareholdingsHeading" xlink:label="ShareholdingsHeading"/>
    <link:loc xlink:type="locator" xlink:href="../jpcrp_cor_2021-11-01.xsd#jpcrp_cor_GroupCompanyHoldingLargestAmountOfInvestmentEquitySecuritiesInGroupEquitySecuritiesHeldAbstract" xlink:label="GroupCompanyHoldingLargestAmountOfInvestmentEquitySecuritiesInGroupEquitySecuritiesHeldAbstract"/>
    <link:definitionArc xlink:type="arc" xlink:arcrole="http://xbrl.org/int/dim/arcrole/domain-member" xlink:from="ShareholdingsHeading" xlink:to="GroupCompanyHoldingLargestAmountOfInvestmentEquitySecuritiesInGroupEquitySecuritiesHeldAbstract" order="1.0"/>
    <link:loc xlink:type="locator" xlink:href="../jpcrp_cor_2021-11-01.xsd#jpcrp_cor_DetailsOfDeemedHoldingsOfEquitySecuritiesHeldForPurposesOtherThanPureInvestmentLargestHoldingCompanyTable" xlink:label="DetailsOfDeemedHoldingsOfEquitySecuritiesHeldForPurposesOtherThanPureInvestmentLargestHoldingCompanyTable"/>
    <link:definitionArc xlink:type="arc" xlink:arcrole="http://xbrl.org/int/dim/arcrole/all" xlink:from="GroupCompanyHoldingLargestAmountOfInvestmentEquitySecuritiesInGroupEquitySecuritiesHeldAbstract" xlink:to="DetailsOfDeemedHoldingsOfEquitySecuritiesHeldForPurposesOtherThanPureInvestmentLargestHoldingCompanyTable" order="1.0" xbrldt:contextElement="scenario" xbrldt:closed="true"/>
    <link:definitionArc xlink:type="arc" xlink:arcrole="http://xbrl.org/int/dim/arcrole/hypercube-dimension" xlink:from="DetailsOfDeemedHoldingsOfEquitySecuritiesHeldForPurposesOtherThanPureInvestmentLargestHoldingCompanyTable" xlink:to="SequentialNumbersAxis" order="1.0"/>
    <link:loc xlink:type="locator" xlink:href="../jpcrp_cor_2021-11-01.xsd#jpcrp_cor_DetailsOfDeemedHoldingsOfEquitySecuritiesHeldForPurposesOtherThanPureInvestmentLargestHoldingCompanyLineItems" xlink:label="DetailsOfDeemedHoldingsOfEquitySecuritiesHeldForPurposesOtherThanPureInvestmentLargestHoldingCompanyLineItems"/>
    <link:definitionArc xlink:type="arc" xlink:arcrole="http://xbrl.org/int/dim/arcrole/domain-member" xlink:from="GroupCompanyHoldingLargestAmountOfInvestmentEquitySecuritiesInGroupEquitySecuritiesHeldAbstract" xlink:to="DetailsOfDeemedHoldingsOfEquitySecuritiesHeldForPurposesOtherThanPureInvestmentLargestHoldingCompanyLineItems" order="1.0"/>
    <link:loc xlink:type="locator" xlink:href="../jpcrp_cor_2021-11-01.xsd#jpcrp_cor_NameOfSecuritiesDetailsOfDeemedHoldingsOfEquitySecuritiesHeldForPurposesOtherThanPureInvestmentLargestHoldingCompany" xlink:label="NameOfSecuritiesDetailsOfDeemedHoldingsOfEquitySecuritiesHeldForPurposesOtherThanPureInvestmentLargestHoldingCompany"/>
    <link:definitionArc xlink:type="arc" xlink:arcrole="http://xbrl.org/int/dim/arcrole/domain-member" xlink:from="DetailsOfDeemedHoldingsOfEquitySecuritiesHeldForPurposesOtherThanPureInvestmentLargestHoldingCompanyLineItems" xlink:to="NameOfSecuritiesDetailsOfDeemedHoldingsOfEquitySecuritiesHeldForPurposesOtherThanPureInvestmentLargestHoldingCompany" order="1.0"/>
    <link:loc xlink:type="locator" xlink:href="../jpcrp_cor_2021-11-01.xsd#jpcrp_cor_NumberOfSharesHeldDetailsOfDeemedHoldingsOfEquitySecuritiesHeldForPurposesOtherThanPureInvestmentLargestHoldingCompany" xlink:label="NumberOfSharesHeldDetailsOfDeemedHoldingsOfEquitySecuritiesHeldForPurposesOtherThanPureInvestmentLargestHoldingCompany"/>
    <link:definitionArc xlink:type="arc" xlink:arcrole="http://xbrl.org/int/dim/arcrole/domain-member" xlink:from="DetailsOfDeemedHoldingsOfEquitySecuritiesHeldForPurposesOtherThanPureInvestmentLargestHoldingCompanyLineItems" xlink:to="NumberOfSharesHeldDetailsOfDeemedHoldingsOfEquitySecuritiesHeldForPurposesOtherThanPureInvestmentLargestHoldingCompany" order="2.0"/>
    <link:loc xlink:type="locator" xlink:href="../jpcrp_cor_2021-11-01.xsd#jpcrp_cor_NumberOfSharesNotDisclosedAsBelowThresholdDetailsOfDeemedHoldingsOfSharesHeldForPurposesOtherThanPureInvestmentLargestHoldingCompany" xlink:label="NumberOfSharesNotDisclosedAsBelowThresholdDetailsOfDeemedHoldingsOfSharesHeldForPurposesOtherThanPureInvestmentLargestHoldingCompany"/>
    <link:definitionArc xlink:type="arc" xlink:arcrole="http://xbrl.org/int/dim/arcrole/domain-member" xlink:from="DetailsOfDeemedHoldingsOfEquitySecuritiesHeldForPurposesOtherThanPureInvestmentLargestHoldingCompanyLineItems" xlink:to="NumberOfSharesNotDisclosedAsBelowThresholdDetailsOfDeemedHoldingsOfSharesHeldForPurposesOtherThanPureInvestmentLargestHoldingCompany" order="3.0"/>
    <link:loc xlink:type="locator" xlink:href="../jpcrp_cor_2021-11-01.xsd#jpcrp_cor_BookValueDetailsOfDeemedHoldingsOfEquitySecuritiesHeldForPurposesOtherThanPureInvestmentLargestHoldingCompany" xlink:label="BookValueDetailsOfDeemedHoldingsOfEquitySecuritiesHeldForPurposesOtherThanPureInvestmentLargestHoldingCompany"/>
    <link:definitionArc xlink:type="arc" xlink:arcrole="http://xbrl.org/int/dim/arcrole/domain-member" xlink:from="DetailsOfDeemedHoldingsOfEquitySecuritiesHeldForPurposesOtherThanPureInvestmentLargestHoldingCompanyLineItems" xlink:to="BookValueDetailsOfDeemedHoldingsOfEquitySecuritiesHeldForPurposesOtherThanPureInvestmentLargestHoldingCompany" order="4.0"/>
    <link:loc xlink:type="locator" xlink:href="../jpcrp_cor_2021-11-01.xsd#jpcrp_cor_CarryingAmountNotDisclosedAsBelowThresholdDetailsOfDeemedHoldingsOfSharesHeldForPurposesOtherThanPureInvestmentLargestHoldingCompany" xlink:label="CarryingAmountNotDisclosedAsBelowThresholdDetailsOfDeemedHoldingsOfSharesHeldForPurposesOtherThanPureInvestmentLargestHoldingCompany"/>
    <link:definitionArc xlink:type="arc" xlink:arcrole="http://xbrl.org/int/dim/arcrole/domain-member" xlink:from="DetailsOfDeemedHoldingsOfEquitySecuritiesHeldForPurposesOtherThanPureInvestmentLargestHoldingCompanyLineItems" xlink:to="CarryingAmountNotDisclosedAsBelowThresholdDetailsOfDeemedHoldingsOfSharesHeldForPurposesOtherThanPureInvestmentLargestHoldingCompany" order="5.0"/>
    <link:loc xlink:type="locator" xlink:href="../jpcrp_cor_2021-11-01.xsd#jpcrp_cor_PurposesOfHoldingDetailsOfDeemedHoldingsOfEquitySecuritiesHeldForPurposesOtherThanPureInvestmentLargestHoldingCompany" xlink:label="PurposesOfHoldingDetailsOfDeemedHoldingsOfEquitySecuritiesHeldForPurposesOtherThanPureInvestmentLargestHoldingCompany"/>
    <link:definitionArc xlink:type="arc" xlink:arcrole="http://xbrl.org/int/dim/arcrole/domain-member" xlink:from="DetailsOfDeemedHoldingsOfEquitySecuritiesHeldForPurposesOtherThanPureInvestmentLargestHoldingCompanyLineItems" xlink:to="PurposesOfHoldingDetailsOfDeemedHoldingsOfEquitySecuritiesHeldForPurposesOtherThanPureInvestmentLargestHoldingCompany" order="6.0"/>
    <link:loc xlink:type="locator" xlink:href="../jpcrp_cor_2021-11-01.xsd#jpcrp_cor_QuantitativeEffectsOfShareholdingDetailsOfDeemedHoldingsOfSharesHeldForPurposesOtherThanPureInvestmentLargestHoldingCompany" xlink:label="QuantitativeEffectsOfShareholdingDetailsOfDeemedHoldingsOfSharesHeldForPurposesOtherThanPureInvestmentLargestHoldingCompany"/>
    <link:definitionArc xlink:type="arc" xlink:arcrole="http://xbrl.org/int/dim/arcrole/domain-member" xlink:from="DetailsOfDeemedHoldingsOfEquitySecuritiesHeldForPurposesOtherThanPureInvestmentLargestHoldingCompanyLineItems" xlink:to="QuantitativeEffectsOfShareholdingDetailsOfDeemedHoldingsOfSharesHeldForPurposesOtherThanPureInvestmentLargestHoldingCompany" order="7.0"/>
    <link:loc xlink:type="locator" xlink:href="../jpcrp_cor_2021-11-01.xsd#jpcrp_cor_ReasonForIncreaseInNumberOfSharesDetailsOfDeemedHoldingsOfSharesHeldForPurposesOtherThanPureInvestmentLargestHoldingCompany" xlink:label="ReasonForIncreaseInNumberOfSharesDetailsOfDeemedHoldingsOfSharesHeldForPurposesOtherThanPureInvestmentLargestHoldingCompany"/>
    <link:definitionArc xlink:type="arc" xlink:arcrole="http://xbrl.org/int/dim/arcrole/domain-member" xlink:from="DetailsOfDeemedHoldingsOfEquitySecuritiesHeldForPurposesOtherThanPureInvestmentLargestHoldingCompanyLineItems" xlink:to="ReasonForIncreaseInNumberOfSharesDetailsOfDeemedHoldingsOfSharesHeldForPurposesOtherThanPureInvestmentLargestHoldingCompany" order="8.0"/>
    <link:loc xlink:type="locator" xlink:href="../jpcrp_cor_2021-11-01.xsd#jpcrp_cor_PurposeOfShareholdingQuantitativeEffectsOfShareholdingAndReasonForIncreaseInNumberOfSharesDetailsOfDeemedHoldingsOfSharesHeldForPurposesOtherThanPureInvestmentLargestHoldingCompany" xlink:label="PurposeOfShareholdingQuantitativeEffectsOfShareholdingAndReasonForIncreaseInNumberOfSharesDetailsOfDeemedHoldingsOfSharesHeldForPurposesOtherThanPureInvestmentLargestHoldingCompany"/>
    <link:definitionArc xlink:type="arc" xlink:arcrole="http://xbrl.org/int/dim/arcrole/domain-member" xlink:from="DetailsOfDeemedHoldingsOfEquitySecuritiesHeldForPurposesOtherThanPureInvestmentLargestHoldingCompanyLineItems" xlink:to="PurposeOfShareholdingQuantitativeEffectsOfShareholdingAndReasonForIncreaseInNumberOfSharesDetailsOfDeemedHoldingsOfSharesHeldForPurposesOtherThanPureInvestmentLargestHoldingCompany" order="9.0"/>
    <link:loc xlink:type="locator" xlink:href="../jpcrp_cor_2021-11-01.xsd#jpcrp_cor_WhetherIssuerOfAforementionedSharesHoldsReportingCompanysSharesDetailsOfDeemedHoldingsOfSharesHeldForPurposesOtherThanPureInvestmentLargestHoldingCompany" xlink:label="WhetherIssuerOfAforementionedSharesHoldsReportingCompanysSharesDetailsOfDeemedHoldingsOfSharesHeldForPurposesOtherThanPureInvestmentLargestHoldingCompany"/>
    <link:definitionArc xlink:type="arc" xlink:arcrole="http://xbrl.org/int/dim/arcrole/domain-member" xlink:from="DetailsOfDeemedHoldingsOfEquitySecuritiesHeldForPurposesOtherThanPureInvestmentLargestHoldingCompanyLineItems" xlink:to="WhetherIssuerOfAforementionedSharesHoldsReportingCompanysSharesDetailsOfDeemedHoldingsOfSharesHeldForPurposesOtherThanPureInvestmentLargestHoldingCompany" order="10.0"/>
  </link:definitionLink>
</link:linkbase>
