<?xml version="1.0" encoding="UTF-8"?>
<!--  (c) Financial Services Agency, The Japanese Government.
      All Rights Reserved.
      For intellectual property policy and authorized uses of EDINET Taxonomy,
      refer to “EDINET Taxonomy Legal Statement” at http://www.fsa.go.jp/search/EDINET_Taxonomy_Legal_Statement.html
-->
<link:linkbase xmlns:link="http://www.xbrl.org/2003/linkbase" xmlns:xsi="http://www.w3.org/2001/XMLSchema-instance" xmlns:xlink="http://www.w3.org/1999/xlink" xmlns:xbrli="http://www.xbrl.org/2003/instance">
  <link:roleRef roleURI="http://disclosure.edinet-fsa.go.jp/role/jpcrp/rol_std_NotesSegmentInformationEtcFinancialStatements-05" xlink:type="simple" xlink:href="../jpcrp_rt_2018-02-28.xsd#rol_std_NotesSegmentInformationEtcFinancialStatements-05"/>
  <link:presentationLink xlink:type="extended" xlink:role="http://disclosure.edinet-fsa.go.jp/role/jpcrp/rol_std_NotesSegmentInformationEtcFinancialStatements-05">
    <link:loc xlink:type="locator" xlink:href="../../../jppfs/2018-02-28/jppfs_cor_2018-02-28.xsd#jppfs_cor_ConsolidatedOrNonConsolidatedAxis" xlink:label="ConsolidatedOrNonConsolidatedAxis"/>
    <link:loc xlink:type="locator" xlink:href="../../../jppfs/2018-02-28/jppfs_cor_2018-02-28.xsd#jppfs_cor_NonConsolidatedMember" xlink:label="NonConsolidatedMember"/>
    <link:presentationArc xlink:type="arc" xlink:arcrole="http://www.xbrl.org/2003/arcrole/parent-child" xlink:from="ConsolidatedOrNonConsolidatedAxis" xlink:to="NonConsolidatedMember" order="1.0"/>
    <link:loc xlink:type="locator" xlink:href="../jpcrp_cor_2018-02-28.xsd#jpcrp_cor_DisclosureOfImpairmentLossOnNonCurrentAssetsForEachReportableSegmentAbstract" xlink:label="DisclosureOfImpairmentLossOnNonCurrentAssetsForEachReportableSegmentAbstract"/>
    <link:loc xlink:type="locator" xlink:href="../jpcrp_cor_2018-02-28.xsd#jpcrp_cor_DisclosureOfImpairmentLossOnNonCurrentAssetsForEachReportableSegmentNATextBlock" xlink:label="DisclosureOfImpairmentLossOnNonCurrentAssetsForEachReportableSegmentNATextBlock"/>
    <link:presentationArc xlink:type="arc" xlink:arcrole="http://www.xbrl.org/2003/arcrole/parent-child" xlink:from="DisclosureOfImpairmentLossOnNonCurrentAssetsForEachReportableSegmentAbstract" xlink:to="DisclosureOfImpairmentLossOnNonCurrentAssetsForEachReportableSegmentNATextBlock" order="1.0"/>
    <link:loc xlink:type="locator" xlink:href="../jpcrp_cor_2018-02-28.xsd#jpcrp_cor_DescriptionOfFactThatCompanysBusinessComprisesSingleSegmentDisclosureOfImpairmentLossOnNonCurrentAssetsForEachReportableSegment" xlink:label="DescriptionOfFactThatCompanysBusinessComprisesSingleSegmentDisclosureOfImpairmentLossOnNonCurrentAssetsForEachReportableSegment"/>
    <link:presentationArc xlink:type="arc" xlink:arcrole="http://www.xbrl.org/2003/arcrole/parent-child" xlink:from="DisclosureOfImpairmentLossOnNonCurrentAssetsForEachReportableSegmentAbstract" xlink:to="DescriptionOfFactThatCompanysBusinessComprisesSingleSegmentDisclosureOfImpairmentLossOnNonCurrentAssetsForEachReportableSegment" order="2.0"/>
    <link:loc xlink:type="locator" xlink:href="../jpcrp_cor_2018-02-28.xsd#jpcrp_cor_DescriptionOfFactAndReasonWhyDisclosureOfImpairmentLossOnNonCurrentAssetsForEachReportableSegmentIsNotPresented" xlink:label="DescriptionOfFactAndReasonWhyDisclosureOfImpairmentLossOnNonCurrentAssetsForEachReportableSegmentIsNotPresented"/>
    <link:presentationArc xlink:type="arc" xlink:arcrole="http://www.xbrl.org/2003/arcrole/parent-child" xlink:from="DisclosureOfImpairmentLossOnNonCurrentAssetsForEachReportableSegmentAbstract" xlink:to="DescriptionOfFactAndReasonWhyDisclosureOfImpairmentLossOnNonCurrentAssetsForEachReportableSegmentIsNotPresented" order="3.0"/>
    <link:loc xlink:type="locator" xlink:href="../jpcrp_cor_2018-02-28.xsd#jpcrp_cor_DescriptionOfImpairmentLossNotAllocatedToReportableSegments" xlink:label="DescriptionOfImpairmentLossNotAllocatedToReportableSegments"/>
    <link:presentationArc xlink:type="arc" xlink:arcrole="http://www.xbrl.org/2003/arcrole/parent-child" xlink:from="DisclosureOfImpairmentLossOnNonCurrentAssetsForEachReportableSegmentAbstract" xlink:to="DescriptionOfImpairmentLossNotAllocatedToReportableSegments" order="4.0"/>
    <link:loc xlink:type="locator" xlink:href="../jpcrp_cor_2018-02-28.xsd#jpcrp_cor_NotesSegmentInformationEtcFinancialStatementsHeading" xlink:label="NotesSegmentInformationEtcFinancialStatementsHeading"/>
    <link:loc xlink:type="locator" xlink:href="../jpcrp_cor_2018-02-28.xsd#jpcrp_cor_NotesSegmentInformationEtcFinancialStatementsTable" xlink:label="NotesSegmentInformationEtcFinancialStatementsTable"/>
    <link:presentationArc xlink:type="arc" xlink:arcrole="http://www.xbrl.org/2003/arcrole/parent-child" xlink:from="NotesSegmentInformationEtcFinancialStatementsHeading" xlink:to="NotesSegmentInformationEtcFinancialStatementsTable" order="1.0"/>
    <link:presentationArc xlink:type="arc" xlink:arcrole="http://www.xbrl.org/2003/arcrole/parent-child" xlink:from="NotesSegmentInformationEtcFinancialStatementsTable" xlink:to="ConsolidatedOrNonConsolidatedAxis" order="1.0"/>
    <link:loc xlink:type="locator" xlink:href="../jpcrp_cor_2018-02-28.xsd#jpcrp_cor_NotesSegmentInformationEtcFinancialStatementsLineItems" xlink:label="NotesSegmentInformationEtcFinancialStatementsLineItems"/>
    <link:presentationArc xlink:type="arc" xlink:arcrole="http://www.xbrl.org/2003/arcrole/parent-child" xlink:from="NotesSegmentInformationEtcFinancialStatementsHeading" xlink:to="NotesSegmentInformationEtcFinancialStatementsLineItems" order="2.0"/>
    <link:presentationArc xlink:type="arc" xlink:arcrole="http://www.xbrl.org/2003/arcrole/parent-child" xlink:from="NotesSegmentInformationEtcFinancialStatementsLineItems" xlink:to="DisclosureOfImpairmentLossOnNonCurrentAssetsForEachReportableSegmentAbstract" order="1.0"/>
  </link:presentationLink>
</link:linkbase>
