<?xml version="1.0" encoding="UTF-8"?>
<!--  (c) Financial Services Agency, The Japanese Government.
      All Rights Reserved.
      For intellectual property policy and authorized uses of EDINET Taxonomy,
      refer to “EDINET Taxonomy Legal Statement” at http://www.fsa.go.jp/search/EDINET_Taxonomy_Legal_Statement.html
-->
<link:linkbase xmlns:link="http://www.xbrl.org/2003/linkbase" xmlns:xsi="http://www.w3.org/2001/XMLSchema-instance" xmlns:xlink="http://www.w3.org/1999/xlink" xmlns:xbrli="http://www.xbrl.org/2003/instance">
  <link:roleRef roleURI="http://disclosure.edinet-fsa.go.jp/role/jpcrp/rol_std_NotesSegmentInformationEtcFinancialStatements-04" xlink:type="simple" xlink:href="../jpcrp_rt_2018-02-28.xsd#rol_std_NotesSegmentInformationEtcFinancialStatements-04"/>
  <link:presentationLink xlink:type="extended" xlink:role="http://disclosure.edinet-fsa.go.jp/role/jpcrp/rol_std_NotesSegmentInformationEtcFinancialStatements-04">
    <link:loc xlink:type="locator" xlink:href="../../../jppfs/2018-02-28/jppfs_cor_2018-02-28.xsd#jppfs_cor_ConsolidatedOrNonConsolidatedAxis" xlink:label="ConsolidatedOrNonConsolidatedAxis"/>
    <link:loc xlink:type="locator" xlink:href="../../../jppfs/2018-02-28/jppfs_cor_2018-02-28.xsd#jppfs_cor_NonConsolidatedMember" xlink:label="NonConsolidatedMember"/>
    <link:presentationArc xlink:type="arc" xlink:arcrole="http://www.xbrl.org/2003/arcrole/parent-child" xlink:from="ConsolidatedOrNonConsolidatedAxis" xlink:to="NonConsolidatedMember" order="1.0"/>
    <link:loc xlink:type="locator" xlink:href="../jpcrp_cor_2018-02-28.xsd#jpcrp_cor_OperatingSegmentsAxis" xlink:label="OperatingSegmentsAxis"/>
    <link:loc xlink:type="locator" xlink:href="../jpcrp_cor_2018-02-28.xsd#jpcrp_cor_EntityTotalMember" xlink:label="EntityTotalMember"/>
    <link:presentationArc xlink:type="arc" xlink:arcrole="http://www.xbrl.org/2003/arcrole/parent-child" xlink:from="OperatingSegmentsAxis" xlink:to="EntityTotalMember" order="1.0"/>
    <link:loc xlink:type="locator" xlink:href="../jpcrp_cor_2018-02-28.xsd#jpcrp_cor_ReportableSegmentsMember" xlink:label="ReportableSegmentsMember"/>
    <link:presentationArc xlink:type="arc" xlink:arcrole="http://www.xbrl.org/2003/arcrole/parent-child" xlink:from="EntityTotalMember" xlink:to="ReportableSegmentsMember" order="1.0"/>
    <link:loc xlink:type="locator" xlink:href="../jpcrp_cor_2018-02-28.xsd#jpcrp_cor_OtherReportableSegmentsMember" xlink:label="OtherReportableSegmentsMember"/>
    <link:presentationArc xlink:type="arc" xlink:arcrole="http://www.xbrl.org/2003/arcrole/parent-child" xlink:from="ReportableSegmentsMember" xlink:to="OtherReportableSegmentsMember" order="1.0"/>
    <link:loc xlink:type="locator" xlink:href="../jpcrp_cor_2018-02-28.xsd#jpcrp_cor_OperatingSegmentsNotIncludedInReportableSegmentsAndOtherRevenueGeneratingBusinessActivitiesMember" xlink:label="OperatingSegmentsNotIncludedInReportableSegmentsAndOtherRevenueGeneratingBusinessActivitiesMember"/>
    <link:presentationArc xlink:type="arc" xlink:arcrole="http://www.xbrl.org/2003/arcrole/parent-child" xlink:from="EntityTotalMember" xlink:to="OperatingSegmentsNotIncludedInReportableSegmentsAndOtherRevenueGeneratingBusinessActivitiesMember" order="2.0"/>
    <link:loc xlink:type="locator" xlink:href="../jpcrp_cor_2018-02-28.xsd#jpcrp_cor_UnallocatedAmountsAndEliminationMember" xlink:label="UnallocatedAmountsAndEliminationMember"/>
    <link:presentationArc xlink:type="arc" xlink:arcrole="http://www.xbrl.org/2003/arcrole/parent-child" xlink:from="EntityTotalMember" xlink:to="UnallocatedAmountsAndEliminationMember" order="3.0"/>
    <link:loc xlink:type="locator" xlink:href="../jpcrp_cor_2018-02-28.xsd#jpcrp_cor_DisclosureOfImpairmentLossOnNonCurrentAssetsForEachReportableSegmentAbstract" xlink:label="DisclosureOfImpairmentLossOnNonCurrentAssetsForEachReportableSegmentAbstract"/>
    <link:loc xlink:type="locator" xlink:href="../jpcrp_cor_2018-02-28.xsd#jpcrp_cor_DisclosureOfImpairmentLossOnNonCurrentAssetsForEachReportableSegmentTable" xlink:label="DisclosureOfImpairmentLossOnNonCurrentAssetsForEachReportableSegmentTable"/>
    <link:presentationArc xlink:type="arc" xlink:arcrole="http://www.xbrl.org/2003/arcrole/parent-child" xlink:from="DisclosureOfImpairmentLossOnNonCurrentAssetsForEachReportableSegmentAbstract" xlink:to="DisclosureOfImpairmentLossOnNonCurrentAssetsForEachReportableSegmentTable" order="1.0"/>
    <link:presentationArc xlink:type="arc" xlink:arcrole="http://www.xbrl.org/2003/arcrole/parent-child" xlink:from="DisclosureOfImpairmentLossOnNonCurrentAssetsForEachReportableSegmentTable" xlink:to="ConsolidatedOrNonConsolidatedAxis" order="1.0"/>
    <link:presentationArc xlink:type="arc" xlink:arcrole="http://www.xbrl.org/2003/arcrole/parent-child" xlink:from="DisclosureOfImpairmentLossOnNonCurrentAssetsForEachReportableSegmentTable" xlink:to="OperatingSegmentsAxis" order="2.0"/>
    <link:loc xlink:type="locator" xlink:href="../jpcrp_cor_2018-02-28.xsd#jpcrp_cor_DisclosureOfImpairmentLossOnNonCurrentAssetsForEachReportableSegmentLineItems" xlink:label="DisclosureOfImpairmentLossOnNonCurrentAssetsForEachReportableSegmentLineItems"/>
    <link:presentationArc xlink:type="arc" xlink:arcrole="http://www.xbrl.org/2003/arcrole/parent-child" xlink:from="DisclosureOfImpairmentLossOnNonCurrentAssetsForEachReportableSegmentAbstract" xlink:to="DisclosureOfImpairmentLossOnNonCurrentAssetsForEachReportableSegmentLineItems" order="2.0"/>
    <link:loc xlink:type="locator" xlink:href="../../../jppfs/2018-02-28/jppfs_cor_2018-02-28.xsd#jppfs_cor_ImpairmentLossEL" xlink:label="ImpairmentLossEL"/>
    <link:presentationArc xlink:type="arc" xlink:arcrole="http://www.xbrl.org/2003/arcrole/parent-child" xlink:from="DisclosureOfImpairmentLossOnNonCurrentAssetsForEachReportableSegmentLineItems" xlink:to="ImpairmentLossEL" order="1.0"/>
    <link:loc xlink:type="locator" xlink:href="../jpcrp_cor_2018-02-28.xsd#jpcrp_cor_NotesSegmentInformationEtcFinancialStatementsHeading" xlink:label="NotesSegmentInformationEtcFinancialStatementsHeading"/>
    <link:presentationArc xlink:type="arc" xlink:arcrole="http://www.xbrl.org/2003/arcrole/parent-child" xlink:from="NotesSegmentInformationEtcFinancialStatementsHeading" xlink:to="DisclosureOfImpairmentLossOnNonCurrentAssetsForEachReportableSegmentAbstract" order="1.0"/>
  </link:presentationLink>
</link:linkbase>
