<?xml version="1.0" encoding="UTF-8"?>
<!--  (c) Financial Services Agency, The Japanese Government.
      All Rights Reserved.
      For intellectual property policy and authorized uses of EDINET Taxonomy,
      refer to “EDINET Taxonomy Legal Statement” at http://www.fsa.go.jp/search/EDINET_Taxonomy_Legal_Statement.html
-->
<link:linkbase xmlns:link="http://www.xbrl.org/2003/linkbase" xmlns:xsi="http://www.w3.org/2001/XMLSchema-instance" xmlns:xlink="http://www.w3.org/1999/xlink" xmlns:xbrli="http://www.xbrl.org/2003/instance">
  <link:roleRef roleURI="http://disclosure.edinet-fsa.go.jp/role/jpcrp/rol_std_NotesConsolidatedStatementOfComprehensiveIncomeSingleStatement" xlink:type="simple" xlink:href="../jpcrp_rt_2018-02-28.xsd#rol_std_NotesConsolidatedStatementOfComprehensiveIncomeSingleStatement"/>
  <link:presentationLink xlink:type="extended" xlink:role="http://disclosure.edinet-fsa.go.jp/role/jpcrp/rol_std_NotesConsolidatedStatementOfComprehensiveIncomeSingleStatement">
    <link:loc xlink:type="locator" xlink:href="../../../jppfs/2018-02-28/jppfs_cor_2018-02-28.xsd#jppfs_cor_ConsolidatedOrNonConsolidatedAxis" xlink:label="ConsolidatedOrNonConsolidatedAxis"/>
    <link:loc xlink:type="locator" xlink:href="../../../jppfs/2018-02-28/jppfs_cor_2018-02-28.xsd#jppfs_cor_ConsolidatedMember" xlink:label="ConsolidatedMember"/>
    <link:presentationArc xlink:type="arc" xlink:arcrole="http://www.xbrl.org/2003/arcrole/parent-child" xlink:from="ConsolidatedOrNonConsolidatedAxis" xlink:to="ConsolidatedMember" order="1.0"/>
    <link:loc xlink:type="locator" xlink:href="../jpcrp_cor_2018-02-28.xsd#jpcrp_cor_NotesRegardingWriteDownsOfInventoriesTextBlock" xlink:label="NotesRegardingWriteDownsOfInventoriesTextBlock"/>
    <link:loc xlink:type="locator" xlink:href="../jpcrp_cor_2018-02-28.xsd#jpcrp_cor_WriteDownsOfInventories" xlink:label="WriteDownsOfInventories"/>
    <link:presentationArc xlink:type="arc" xlink:arcrole="http://www.xbrl.org/2003/arcrole/parent-child" xlink:from="NotesRegardingWriteDownsOfInventoriesTextBlock" xlink:to="WriteDownsOfInventories" order="1.0"/>
    <link:loc xlink:type="locator" xlink:href="../jpcrp_cor_2018-02-28.xsd#jpcrp_cor_MajorComponentsOfSellingGeneralAndAdministrativeExpensesTextBlock" xlink:label="MajorComponentsOfSellingGeneralAndAdministrativeExpensesTextBlock"/>
    <link:loc xlink:type="locator" xlink:href="../../../jppfs/2018-02-28/jppfs_cor_2018-02-28.xsd#jppfs_cor_DepreciationSGA" xlink:label="DepreciationSGA"/>
    <link:presentationArc xlink:type="arc" xlink:arcrole="http://www.xbrl.org/2003/arcrole/parent-child" xlink:from="MajorComponentsOfSellingGeneralAndAdministrativeExpensesTextBlock" xlink:to="DepreciationSGA" order="1.0"/>
    <link:loc xlink:type="locator" xlink:href="../../../jppfs/2018-02-28/jppfs_cor_2018-02-28.xsd#jppfs_cor_ProvisionOfAllowanceForDoubtfulAccountsSGA" xlink:label="ProvisionOfAllowanceForDoubtfulAccountsSGA"/>
    <link:presentationArc xlink:type="arc" xlink:arcrole="http://www.xbrl.org/2003/arcrole/parent-child" xlink:from="MajorComponentsOfSellingGeneralAndAdministrativeExpensesTextBlock" xlink:to="ProvisionOfAllowanceForDoubtfulAccountsSGA" order="2.0"/>
    <link:loc xlink:type="locator" xlink:href="../jpcrp_cor_2018-02-28.xsd#jpcrp_cor_ResearchAndDevelopmentExpensesIncludedInGeneralAndAdministrativeExpensesAndManufacturingCostForCurrentPeriodTextBlock" xlink:label="ResearchAndDevelopmentExpensesIncludedInGeneralAndAdministrativeExpensesAndManufacturingCostForCurrentPeriodTextBlock"/>
    <link:loc xlink:type="locator" xlink:href="../jpcrp_cor_2018-02-28.xsd#jpcrp_cor_ResearchAndDevelopmentExpensesIncludedInGeneralAndAdministrativeExpensesAndManufacturingCostForCurrentPeriod" xlink:label="ResearchAndDevelopmentExpensesIncludedInGeneralAndAdministrativeExpensesAndManufacturingCostForCurrentPeriod"/>
    <link:presentationArc xlink:type="arc" xlink:arcrole="http://www.xbrl.org/2003/arcrole/parent-child" xlink:from="ResearchAndDevelopmentExpensesIncludedInGeneralAndAdministrativeExpensesAndManufacturingCostForCurrentPeriodTextBlock" xlink:to="ResearchAndDevelopmentExpensesIncludedInGeneralAndAdministrativeExpensesAndManufacturingCostForCurrentPeriod" order="1.0"/>
    <link:loc xlink:type="locator" xlink:href="../../../jppfs/2018-02-28/jppfs_cor_2018-02-28.xsd#jppfs_cor_ResearchAndDevelopmentExpensesSGA" xlink:label="ResearchAndDevelopmentExpensesSGA"/>
    <link:presentationArc xlink:type="arc" xlink:arcrole="http://www.xbrl.org/2003/arcrole/parent-child" xlink:from="ResearchAndDevelopmentExpensesIncludedInGeneralAndAdministrativeExpensesAndManufacturingCostForCurrentPeriodTextBlock" xlink:to="ResearchAndDevelopmentExpensesSGA" order="2.0"/>
    <link:loc xlink:type="locator" xlink:href="../jpcrp_cor_2018-02-28.xsd#jpcrp_cor_NotesConsolidatedStatementOfComprehensiveIncomeSingleStatementHeading" xlink:label="NotesConsolidatedStatementOfComprehensiveIncomeSingleStatementHeading"/>
    <link:loc xlink:type="locator" xlink:href="../jpcrp_cor_2018-02-28.xsd#jpcrp_cor_NotesConsolidatedStatementOfComprehensiveIncomeSingleStatementTable" xlink:label="NotesConsolidatedStatementOfComprehensiveIncomeSingleStatementTable"/>
    <link:presentationArc xlink:type="arc" xlink:arcrole="http://www.xbrl.org/2003/arcrole/parent-child" xlink:from="NotesConsolidatedStatementOfComprehensiveIncomeSingleStatementHeading" xlink:to="NotesConsolidatedStatementOfComprehensiveIncomeSingleStatementTable" order="1.0"/>
    <link:presentationArc xlink:type="arc" xlink:arcrole="http://www.xbrl.org/2003/arcrole/parent-child" xlink:from="NotesConsolidatedStatementOfComprehensiveIncomeSingleStatementTable" xlink:to="ConsolidatedOrNonConsolidatedAxis" order="1.0"/>
    <link:loc xlink:type="locator" xlink:href="../jpcrp_cor_2018-02-28.xsd#jpcrp_cor_NotesConsolidatedStatementOfComprehensiveIncomeSingleStatementLineItems" xlink:label="NotesConsolidatedStatementOfComprehensiveIncomeSingleStatementLineItems"/>
    <link:presentationArc xlink:type="arc" xlink:arcrole="http://www.xbrl.org/2003/arcrole/parent-child" xlink:from="NotesConsolidatedStatementOfComprehensiveIncomeSingleStatementHeading" xlink:to="NotesConsolidatedStatementOfComprehensiveIncomeSingleStatementLineItems" order="2.0"/>
    <link:loc xlink:type="locator" xlink:href="../jpcrp_cor_2018-02-28.xsd#jpcrp_cor_NotesRegardingLossOnConstructionContractsTextBlock" xlink:label="NotesRegardingLossOnConstructionContractsTextBlock"/>
    <link:presentationArc xlink:type="arc" xlink:arcrole="http://www.xbrl.org/2003/arcrole/parent-child" xlink:from="NotesConsolidatedStatementOfComprehensiveIncomeSingleStatementLineItems" xlink:to="NotesRegardingLossOnConstructionContractsTextBlock" order="1.0"/>
    <link:presentationArc xlink:type="arc" xlink:arcrole="http://www.xbrl.org/2003/arcrole/parent-child" xlink:from="NotesConsolidatedStatementOfComprehensiveIncomeSingleStatementLineItems" xlink:to="NotesRegardingWriteDownsOfInventoriesTextBlock" order="2.0"/>
    <link:presentationArc xlink:type="arc" xlink:arcrole="http://www.xbrl.org/2003/arcrole/parent-child" xlink:from="NotesConsolidatedStatementOfComprehensiveIncomeSingleStatementLineItems" xlink:to="MajorComponentsOfSellingGeneralAndAdministrativeExpensesTextBlock" order="3.0"/>
    <link:presentationArc xlink:type="arc" xlink:arcrole="http://www.xbrl.org/2003/arcrole/parent-child" xlink:from="NotesConsolidatedStatementOfComprehensiveIncomeSingleStatementLineItems" xlink:to="ResearchAndDevelopmentExpensesIncludedInGeneralAndAdministrativeExpensesAndManufacturingCostForCurrentPeriodTextBlock" order="4.0"/>
    <link:loc xlink:type="locator" xlink:href="../jpcrp_cor_2018-02-28.xsd#jpcrp_cor_NotesRegardingImpairmentLossTextBlock" xlink:label="NotesRegardingImpairmentLossTextBlock"/>
    <link:presentationArc xlink:type="arc" xlink:arcrole="http://www.xbrl.org/2003/arcrole/parent-child" xlink:from="NotesConsolidatedStatementOfComprehensiveIncomeSingleStatementLineItems" xlink:to="NotesRegardingImpairmentLossTextBlock" order="5.0"/>
    <link:loc xlink:type="locator" xlink:href="../jpcrp_cor_2018-02-28.xsd#jpcrp_cor_NotesRegardingReversalOfProvisionIncurredFromBusinessCombinationTextBlock" xlink:label="NotesRegardingReversalOfProvisionIncurredFromBusinessCombinationTextBlock"/>
    <link:presentationArc xlink:type="arc" xlink:arcrole="http://www.xbrl.org/2003/arcrole/parent-child" xlink:from="NotesConsolidatedStatementOfComprehensiveIncomeSingleStatementLineItems" xlink:to="NotesRegardingReversalOfProvisionIncurredFromBusinessCombinationTextBlock" order="6.0"/>
    <link:loc xlink:type="locator" xlink:href="../jpcrp_cor_2018-02-28.xsd#jpcrp_cor_NotesRegardingClassificationOfRevenuesAndExpensesOfIndustryInAppendedListTextBlock" xlink:label="NotesRegardingClassificationOfRevenuesAndExpensesOfIndustryInAppendedListTextBlock"/>
    <link:presentationArc xlink:type="arc" xlink:arcrole="http://www.xbrl.org/2003/arcrole/parent-child" xlink:from="NotesConsolidatedStatementOfComprehensiveIncomeSingleStatementLineItems" xlink:to="NotesRegardingClassificationOfRevenuesAndExpensesOfIndustryInAppendedListTextBlock" order="7.0"/>
    <link:loc xlink:type="locator" xlink:href="../jpcrp_cor_2018-02-28.xsd#jpcrp_cor_NotesRegardingTaxEffectsRelatingToOtherComprehensiveIncomeTextBlock" xlink:label="NotesRegardingTaxEffectsRelatingToOtherComprehensiveIncomeTextBlock"/>
    <link:presentationArc xlink:type="arc" xlink:arcrole="http://www.xbrl.org/2003/arcrole/parent-child" xlink:from="NotesConsolidatedStatementOfComprehensiveIncomeSingleStatementLineItems" xlink:to="NotesRegardingTaxEffectsRelatingToOtherComprehensiveIncomeTextBlock" order="8.0"/>
    <link:loc xlink:type="locator" xlink:href="../jpcrp_cor_2018-02-28.xsd#jpcrp_cor_NotesRegardingReclassificationAdjustmentsRelatingToOtherComprehensiveIncomeTextBlock" xlink:label="NotesRegardingReclassificationAdjustmentsRelatingToOtherComprehensiveIncomeTextBlock"/>
    <link:presentationArc xlink:type="arc" xlink:arcrole="http://www.xbrl.org/2003/arcrole/parent-child" xlink:from="NotesConsolidatedStatementOfComprehensiveIncomeSingleStatementLineItems" xlink:to="NotesRegardingReclassificationAdjustmentsRelatingToOtherComprehensiveIncomeTextBlock" order="9.0"/>
    <link:loc xlink:type="locator" xlink:href="../jpcrp_cor_2018-02-28.xsd#jpcrp_cor_NotesRegardingReclassificationAdjustmentsAndTaxEffectsRelatingToOtherComprehensiveIncomeTextBlock" xlink:label="NotesRegardingReclassificationAdjustmentsAndTaxEffectsRelatingToOtherComprehensiveIncomeTextBlock"/>
    <link:presentationArc xlink:type="arc" xlink:arcrole="http://www.xbrl.org/2003/arcrole/parent-child" xlink:from="NotesConsolidatedStatementOfComprehensiveIncomeSingleStatementLineItems" xlink:to="NotesRegardingReclassificationAdjustmentsAndTaxEffectsRelatingToOtherComprehensiveIncomeTextBlock" order="10.0"/>
  </link:presentationLink>
</link:linkbase>
