<?xml version="1.0" encoding="UTF-8"?>
<!--  (c) Financial Services Agency, The Japanese Government.
      All Rights Reserved.
      For intellectual property policy and authorized uses of EDINET Taxonomy,
      refer to “EDINET Taxonomy Legal Statement” at http://www.fsa.go.jp/search/EDINET_Taxonomy_Legal_Statement.html
-->
<link:linkbase xmlns:link="http://www.xbrl.org/2003/linkbase" xmlns:xsi="http://www.w3.org/2001/XMLSchema-instance" xmlns:xlink="http://www.w3.org/1999/xlink" xmlns:xbrli="http://www.xbrl.org/2003/instance">
  <link:labelLink xlink:type="extended" xlink:role="http://www.xbrl.org/2003/role/link">
    <link:loc xlink:type="locator" xlink:href="../jpsps-sbr_cor_2014-07-31.xsd#jpsps-sbr_cor_CabinetOfficeOrdinanceOnDisclosureOfInformationEtcOnSpecifiedSecuritiesFormNo253ShareBuybackReportHeading" xlink:label="CabinetOfficeOrdinanceOnDisclosureOfInformationEtcOnSpecifiedSecuritiesFormNo253ShareBuybackReportHeading"/>
    <link:label xlink:type="resource" xlink:label="label_CabinetOfficeOrdinanceOnDisclosureOfInformationEtcOnSpecifiedSecuritiesFormNo253ShareBuybackReportHeading" xlink:role="http://www.xbrl.org/2003/role/label" xml:lang="en" id="label_CabinetOfficeOrdinanceOnDisclosureOfInformationEtcOnSpecifiedSecuritiesFormNo253ShareBuybackReportHeading">Disclosure of Information, etc. on Specified Securities Form No. 25-3 Share Buyback Report</link:label>
    <link:labelArc xlink:type="arc" xlink:arcrole="http://www.xbrl.org/2003/arcrole/concept-label" xlink:from="CabinetOfficeOrdinanceOnDisclosureOfInformationEtcOnSpecifiedSecuritiesFormNo253ShareBuybackReportHeading" xlink:to="label_CabinetOfficeOrdinanceOnDisclosureOfInformationEtcOnSpecifiedSecuritiesFormNo253ShareBuybackReportHeading"/>
    <link:label xlink:type="resource" xlink:label="label_CabinetOfficeOrdinanceOnDisclosureOfInformationEtcOnSpecifiedSecuritiesFormNo253ShareBuybackReportHeading_2" xlink:role="http://www.xbrl.org/2003/role/verboseLabel" xml:lang="en" id="label_CabinetOfficeOrdinanceOnDisclosureOfInformationEtcOnSpecifiedSecuritiesFormNo253ShareBuybackReportHeading_2">Cabinet Office Ordinance on Disclosure of Information, etc. on Specified Securities Form No. 25-3 Share Buyback Report [heading]</link:label>
    <link:labelArc xlink:type="arc" xlink:arcrole="http://www.xbrl.org/2003/arcrole/concept-label" xlink:from="CabinetOfficeOrdinanceOnDisclosureOfInformationEtcOnSpecifiedSecuritiesFormNo253ShareBuybackReportHeading" xlink:to="label_CabinetOfficeOrdinanceOnDisclosureOfInformationEtcOnSpecifiedSecuritiesFormNo253ShareBuybackReportHeading_2"/>
    <link:loc xlink:type="locator" xlink:href="../jpsps-sbr_cor_2014-07-31.xsd#jpsps-sbr_cor_CoverPageHeading" xlink:label="CoverPageHeading"/>
    <link:label xlink:type="resource" xlink:label="label_CoverPageHeading" xlink:role="http://www.xbrl.org/2003/role/label" xml:lang="en" id="label_CoverPageHeading">Cover page</link:label>
    <link:labelArc xlink:type="arc" xlink:arcrole="http://www.xbrl.org/2003/arcrole/concept-label" xlink:from="CoverPageHeading" xlink:to="label_CoverPageHeading"/>
    <link:label xlink:type="resource" xlink:label="label_CoverPageHeading_2" xlink:role="http://www.xbrl.org/2003/role/verboseLabel" xml:lang="en" id="label_CoverPageHeading_2">Cover page [heading]</link:label>
    <link:labelArc xlink:type="arc" xlink:arcrole="http://www.xbrl.org/2003/arcrole/concept-label" xlink:from="CoverPageHeading" xlink:to="label_CoverPageHeading_2"/>
    <link:loc xlink:type="locator" xlink:href="../jpsps-sbr_cor_2014-07-31.xsd#jpsps-sbr_cor_AcquisitionsOfTreasurySharesHeading" xlink:label="AcquisitionsOfTreasurySharesHeading"/>
    <link:label xlink:type="resource" xlink:label="label_AcquisitionsOfTreasurySharesHeading" xlink:role="http://www.xbrl.org/2003/role/label" xml:lang="en" id="label_AcquisitionsOfTreasurySharesHeading">Acquisitions of treasury shares</link:label>
    <link:labelArc xlink:type="arc" xlink:arcrole="http://www.xbrl.org/2003/arcrole/concept-label" xlink:from="AcquisitionsOfTreasurySharesHeading" xlink:to="label_AcquisitionsOfTreasurySharesHeading"/>
    <link:label xlink:type="resource" xlink:label="label_AcquisitionsOfTreasurySharesHeading_2" xlink:role="http://www.xbrl.org/2003/role/verboseLabel" xml:lang="en" id="label_AcquisitionsOfTreasurySharesHeading_2">Acquisitions of treasury shares [heading]</link:label>
    <link:labelArc xlink:type="arc" xlink:arcrole="http://www.xbrl.org/2003/arcrole/concept-label" xlink:from="AcquisitionsOfTreasurySharesHeading" xlink:to="label_AcquisitionsOfTreasurySharesHeading_2"/>
    <link:loc xlink:type="locator" xlink:href="../jpsps-sbr_cor_2014-07-31.xsd#jpsps-sbr_cor_AcquisitionsOfTreasurySharesTextBlock" xlink:label="AcquisitionsOfTreasurySharesTextBlock"/>
    <link:label xlink:type="resource" xlink:label="label_AcquisitionsOfTreasurySharesTextBlock" xlink:role="http://www.xbrl.org/2003/role/label" xml:lang="en" id="label_AcquisitionsOfTreasurySharesTextBlock">Acquisitions of treasury shares</link:label>
    <link:labelArc xlink:type="arc" xlink:arcrole="http://www.xbrl.org/2003/arcrole/concept-label" xlink:from="AcquisitionsOfTreasurySharesTextBlock" xlink:to="label_AcquisitionsOfTreasurySharesTextBlock"/>
    <link:label xlink:type="resource" xlink:label="label_AcquisitionsOfTreasurySharesTextBlock_2" xlink:role="http://www.xbrl.org/2003/role/verboseLabel" xml:lang="en" id="label_AcquisitionsOfTreasurySharesTextBlock_2">Acquisitions of treasury shares [text block]</link:label>
    <link:labelArc xlink:type="arc" xlink:arcrole="http://www.xbrl.org/2003/arcrole/concept-label" xlink:from="AcquisitionsOfTreasurySharesTextBlock" xlink:to="label_AcquisitionsOfTreasurySharesTextBlock_2"/>
    <link:loc xlink:type="locator" xlink:href="../jpsps-sbr_cor_2014-07-31.xsd#jpsps-sbr_cor_AcquisitionsOfTreasurySharesNA" xlink:label="AcquisitionsOfTreasurySharesNA"/>
    <link:label xlink:type="resource" xlink:label="label_AcquisitionsOfTreasurySharesNA" xlink:role="http://www.xbrl.org/2003/role/label" xml:lang="en" id="label_AcquisitionsOfTreasurySharesNA">Acquisitions of treasury shares (N/A)</link:label>
    <link:labelArc xlink:type="arc" xlink:arcrole="http://www.xbrl.org/2003/arcrole/concept-label" xlink:from="AcquisitionsOfTreasurySharesNA" xlink:to="label_AcquisitionsOfTreasurySharesNA"/>
    <link:label xlink:type="resource" xlink:label="label_AcquisitionsOfTreasurySharesNA_2" xlink:role="http://www.xbrl.org/2003/role/verboseLabel" xml:lang="en" id="label_AcquisitionsOfTreasurySharesNA_2">Acquisitions of treasury shares (N/A)</link:label>
    <link:labelArc xlink:type="arc" xlink:arcrole="http://www.xbrl.org/2003/arcrole/concept-label" xlink:from="AcquisitionsOfTreasurySharesNA" xlink:to="label_AcquisitionsOfTreasurySharesNA_2"/>
    <link:loc xlink:type="locator" xlink:href="../jpsps-sbr_cor_2014-07-31.xsd#jpsps-sbr_cor_DisposalsOfTreasurySharesHeading" xlink:label="DisposalsOfTreasurySharesHeading"/>
    <link:label xlink:type="resource" xlink:label="label_DisposalsOfTreasurySharesHeading" xlink:role="http://www.xbrl.org/2003/role/label" xml:lang="en" id="label_DisposalsOfTreasurySharesHeading">Disposals of treasury shares</link:label>
    <link:labelArc xlink:type="arc" xlink:arcrole="http://www.xbrl.org/2003/arcrole/concept-label" xlink:from="DisposalsOfTreasurySharesHeading" xlink:to="label_DisposalsOfTreasurySharesHeading"/>
    <link:label xlink:type="resource" xlink:label="label_DisposalsOfTreasurySharesHeading_2" xlink:role="http://www.xbrl.org/2003/role/verboseLabel" xml:lang="en" id="label_DisposalsOfTreasurySharesHeading_2">Disposals of treasury shares [heading]</link:label>
    <link:labelArc xlink:type="arc" xlink:arcrole="http://www.xbrl.org/2003/arcrole/concept-label" xlink:from="DisposalsOfTreasurySharesHeading" xlink:to="label_DisposalsOfTreasurySharesHeading_2"/>
    <link:loc xlink:type="locator" xlink:href="../jpsps-sbr_cor_2014-07-31.xsd#jpsps-sbr_cor_DisposalsOfTreasurySharesTextBlock" xlink:label="DisposalsOfTreasurySharesTextBlock"/>
    <link:label xlink:type="resource" xlink:label="label_DisposalsOfTreasurySharesTextBlock" xlink:role="http://www.xbrl.org/2003/role/label" xml:lang="en" id="label_DisposalsOfTreasurySharesTextBlock">Disposals of treasury shares</link:label>
    <link:labelArc xlink:type="arc" xlink:arcrole="http://www.xbrl.org/2003/arcrole/concept-label" xlink:from="DisposalsOfTreasurySharesTextBlock" xlink:to="label_DisposalsOfTreasurySharesTextBlock"/>
    <link:label xlink:type="resource" xlink:label="label_DisposalsOfTreasurySharesTextBlock_2" xlink:role="http://www.xbrl.org/2003/role/verboseLabel" xml:lang="en" id="label_DisposalsOfTreasurySharesTextBlock_2">Disposals of treasury shares [text block]</link:label>
    <link:labelArc xlink:type="arc" xlink:arcrole="http://www.xbrl.org/2003/arcrole/concept-label" xlink:from="DisposalsOfTreasurySharesTextBlock" xlink:to="label_DisposalsOfTreasurySharesTextBlock_2"/>
    <link:loc xlink:type="locator" xlink:href="../jpsps-sbr_cor_2014-07-31.xsd#jpsps-sbr_cor_DisposalsOfTreasurySharesNA" xlink:label="DisposalsOfTreasurySharesNA"/>
    <link:label xlink:type="resource" xlink:label="label_DisposalsOfTreasurySharesNA" xlink:role="http://www.xbrl.org/2003/role/label" xml:lang="en" id="label_DisposalsOfTreasurySharesNA">Disposals of treasury shares (N/A)</link:label>
    <link:labelArc xlink:type="arc" xlink:arcrole="http://www.xbrl.org/2003/arcrole/concept-label" xlink:from="DisposalsOfTreasurySharesNA" xlink:to="label_DisposalsOfTreasurySharesNA"/>
    <link:label xlink:type="resource" xlink:label="label_DisposalsOfTreasurySharesNA_2" xlink:role="http://www.xbrl.org/2003/role/verboseLabel" xml:lang="en" id="label_DisposalsOfTreasurySharesNA_2">Disposals of treasury shares (N/A)</link:label>
    <link:labelArc xlink:type="arc" xlink:arcrole="http://www.xbrl.org/2003/arcrole/concept-label" xlink:from="DisposalsOfTreasurySharesNA" xlink:to="label_DisposalsOfTreasurySharesNA_2"/>
    <link:loc xlink:type="locator" xlink:href="../jpsps-sbr_cor_2014-07-31.xsd#jpsps-sbr_cor_HoldingOfTreasurySharesHeading" xlink:label="HoldingOfTreasurySharesHeading"/>
    <link:label xlink:type="resource" xlink:label="label_HoldingOfTreasurySharesHeading" xlink:role="http://www.xbrl.org/2003/role/label" xml:lang="en" id="label_HoldingOfTreasurySharesHeading">Holding of treasury shares</link:label>
    <link:labelArc xlink:type="arc" xlink:arcrole="http://www.xbrl.org/2003/arcrole/concept-label" xlink:from="HoldingOfTreasurySharesHeading" xlink:to="label_HoldingOfTreasurySharesHeading"/>
    <link:label xlink:type="resource" xlink:label="label_HoldingOfTreasurySharesHeading_2" xlink:role="http://www.xbrl.org/2003/role/verboseLabel" xml:lang="en" id="label_HoldingOfTreasurySharesHeading_2">Holding of treasury shares [heading]</link:label>
    <link:labelArc xlink:type="arc" xlink:arcrole="http://www.xbrl.org/2003/arcrole/concept-label" xlink:from="HoldingOfTreasurySharesHeading" xlink:to="label_HoldingOfTreasurySharesHeading_2"/>
    <link:loc xlink:type="locator" xlink:href="../jpsps-sbr_cor_2014-07-31.xsd#jpsps-sbr_cor_HoldingOfTreasurySharesTextBlock" xlink:label="HoldingOfTreasurySharesTextBlock"/>
    <link:label xlink:type="resource" xlink:label="label_HoldingOfTreasurySharesTextBlock" xlink:role="http://www.xbrl.org/2003/role/label" xml:lang="en" id="label_HoldingOfTreasurySharesTextBlock">Holding of treasury shares</link:label>
    <link:labelArc xlink:type="arc" xlink:arcrole="http://www.xbrl.org/2003/arcrole/concept-label" xlink:from="HoldingOfTreasurySharesTextBlock" xlink:to="label_HoldingOfTreasurySharesTextBlock"/>
    <link:label xlink:type="resource" xlink:label="label_HoldingOfTreasurySharesTextBlock_2" xlink:role="http://www.xbrl.org/2003/role/verboseLabel" xml:lang="en" id="label_HoldingOfTreasurySharesTextBlock_2">Holding of treasury shares [text block]</link:label>
    <link:labelArc xlink:type="arc" xlink:arcrole="http://www.xbrl.org/2003/arcrole/concept-label" xlink:from="HoldingOfTreasurySharesTextBlock" xlink:to="label_HoldingOfTreasurySharesTextBlock_2"/>
    <link:loc xlink:type="locator" xlink:href="../jpsps-sbr_cor_2014-07-31.xsd#jpsps-sbr_cor_DocumentTitleCoverPage" xlink:label="DocumentTitleCoverPage"/>
    <link:label xlink:type="resource" xlink:label="label_DocumentTitleCoverPage" xlink:role="http://www.xbrl.org/2003/role/label" xml:lang="en" id="label_DocumentTitleCoverPage">Document title</link:label>
    <link:labelArc xlink:type="arc" xlink:arcrole="http://www.xbrl.org/2003/arcrole/concept-label" xlink:from="DocumentTitleCoverPage" xlink:to="label_DocumentTitleCoverPage"/>
    <link:label xlink:type="resource" xlink:label="label_DocumentTitleCoverPage_2" xlink:role="http://www.xbrl.org/2003/role/verboseLabel" xml:lang="en" id="label_DocumentTitleCoverPage_2">Document title, Cover page</link:label>
    <link:labelArc xlink:type="arc" xlink:arcrole="http://www.xbrl.org/2003/arcrole/concept-label" xlink:from="DocumentTitleCoverPage" xlink:to="label_DocumentTitleCoverPage_2"/>
    <link:loc xlink:type="locator" xlink:href="../jpsps-sbr_cor_2014-07-31.xsd#jpsps-sbr_cor_ClauseOfStipulationCoverPage" xlink:label="ClauseOfStipulationCoverPage"/>
    <link:label xlink:type="resource" xlink:label="label_ClauseOfStipulationCoverPage" xlink:role="http://www.xbrl.org/2003/role/label" xml:lang="en" id="label_ClauseOfStipulationCoverPage">Clause of stipulation</link:label>
    <link:labelArc xlink:type="arc" xlink:arcrole="http://www.xbrl.org/2003/arcrole/concept-label" xlink:from="ClauseOfStipulationCoverPage" xlink:to="label_ClauseOfStipulationCoverPage"/>
    <link:label xlink:type="resource" xlink:label="label_ClauseOfStipulationCoverPage_2" xlink:role="http://www.xbrl.org/2003/role/verboseLabel" xml:lang="en" id="label_ClauseOfStipulationCoverPage_2">Clause of stipulation, Cover page</link:label>
    <link:labelArc xlink:type="arc" xlink:arcrole="http://www.xbrl.org/2003/arcrole/concept-label" xlink:from="ClauseOfStipulationCoverPage" xlink:to="label_ClauseOfStipulationCoverPage_2"/>
    <link:loc xlink:type="locator" xlink:href="../jpsps-sbr_cor_2014-07-31.xsd#jpsps-sbr_cor_PlaceOfFilingCoverPage" xlink:label="PlaceOfFilingCoverPage"/>
    <link:label xlink:type="resource" xlink:label="label_PlaceOfFilingCoverPage" xlink:role="http://www.xbrl.org/2003/role/label" xml:lang="en" id="label_PlaceOfFilingCoverPage">Place of filing</link:label>
    <link:labelArc xlink:type="arc" xlink:arcrole="http://www.xbrl.org/2003/arcrole/concept-label" xlink:from="PlaceOfFilingCoverPage" xlink:to="label_PlaceOfFilingCoverPage"/>
    <link:label xlink:type="resource" xlink:label="label_PlaceOfFilingCoverPage_2" xlink:role="http://www.xbrl.org/2003/role/verboseLabel" xml:lang="en" id="label_PlaceOfFilingCoverPage_2">Place of filing, Cover page</link:label>
    <link:labelArc xlink:type="arc" xlink:arcrole="http://www.xbrl.org/2003/arcrole/concept-label" xlink:from="PlaceOfFilingCoverPage" xlink:to="label_PlaceOfFilingCoverPage_2"/>
    <link:loc xlink:type="locator" xlink:href="../jpsps-sbr_cor_2014-07-31.xsd#jpsps-sbr_cor_FilingDateCoverPage" xlink:label="FilingDateCoverPage"/>
    <link:label xlink:type="resource" xlink:label="label_FilingDateCoverPage" xlink:role="http://www.xbrl.org/2003/role/label" xml:lang="en" id="label_FilingDateCoverPage">Filing date</link:label>
    <link:labelArc xlink:type="arc" xlink:arcrole="http://www.xbrl.org/2003/arcrole/concept-label" xlink:from="FilingDateCoverPage" xlink:to="label_FilingDateCoverPage"/>
    <link:label xlink:type="resource" xlink:label="label_FilingDateCoverPage_2" xlink:role="http://www.xbrl.org/2003/role/verboseLabel" xml:lang="en" id="label_FilingDateCoverPage_2">Filing date, Cover page</link:label>
    <link:labelArc xlink:type="arc" xlink:arcrole="http://www.xbrl.org/2003/arcrole/concept-label" xlink:from="FilingDateCoverPage" xlink:to="label_FilingDateCoverPage_2"/>
    <link:loc xlink:type="locator" xlink:href="../jpsps-sbr_cor_2014-07-31.xsd#jpsps-sbr_cor_ReportingPeriodCoverPage" xlink:label="ReportingPeriodCoverPage"/>
    <link:label xlink:type="resource" xlink:label="label_ReportingPeriodCoverPage" xlink:role="http://www.xbrl.org/2003/role/label" xml:lang="en" id="label_ReportingPeriodCoverPage">Reporting period</link:label>
    <link:labelArc xlink:type="arc" xlink:arcrole="http://www.xbrl.org/2003/arcrole/concept-label" xlink:from="ReportingPeriodCoverPage" xlink:to="label_ReportingPeriodCoverPage"/>
    <link:label xlink:type="resource" xlink:label="label_ReportingPeriodCoverPage_2" xlink:role="http://www.xbrl.org/2003/role/verboseLabel" xml:lang="en" id="label_ReportingPeriodCoverPage_2">Reporting period, Cover page</link:label>
    <link:labelArc xlink:type="arc" xlink:arcrole="http://www.xbrl.org/2003/arcrole/concept-label" xlink:from="ReportingPeriodCoverPage" xlink:to="label_ReportingPeriodCoverPage_2"/>
    <link:loc xlink:type="locator" xlink:href="../jpsps-sbr_cor_2014-07-31.xsd#jpsps-sbr_cor_IssuerNameCoverPage" xlink:label="IssuerNameCoverPage"/>
    <link:label xlink:type="resource" xlink:label="label_IssuerNameCoverPage" xlink:role="http://www.xbrl.org/2003/role/label" xml:lang="en" id="label_IssuerNameCoverPage">Issuer name</link:label>
    <link:labelArc xlink:type="arc" xlink:arcrole="http://www.xbrl.org/2003/arcrole/concept-label" xlink:from="IssuerNameCoverPage" xlink:to="label_IssuerNameCoverPage"/>
    <link:label xlink:type="resource" xlink:label="label_IssuerNameCoverPage_2" xlink:role="http://www.xbrl.org/2003/role/verboseLabel" xml:lang="en" id="label_IssuerNameCoverPage_2">Issuer name, Cover page</link:label>
    <link:labelArc xlink:type="arc" xlink:arcrole="http://www.xbrl.org/2003/arcrole/concept-label" xlink:from="IssuerNameCoverPage" xlink:to="label_IssuerNameCoverPage_2"/>
    <link:loc xlink:type="locator" xlink:href="../jpsps-sbr_cor_2014-07-31.xsd#jpsps-sbr_cor_TitleAndNameOfRepresentativeCoverPage" xlink:label="TitleAndNameOfRepresentativeCoverPage"/>
    <link:label xlink:type="resource" xlink:label="label_TitleAndNameOfRepresentativeCoverPage" xlink:role="http://www.xbrl.org/2003/role/label" xml:lang="en" id="label_TitleAndNameOfRepresentativeCoverPage">Title and name of representative</link:label>
    <link:labelArc xlink:type="arc" xlink:arcrole="http://www.xbrl.org/2003/arcrole/concept-label" xlink:from="TitleAndNameOfRepresentativeCoverPage" xlink:to="label_TitleAndNameOfRepresentativeCoverPage"/>
    <link:label xlink:type="resource" xlink:label="label_TitleAndNameOfRepresentativeCoverPage_2" xlink:role="http://www.xbrl.org/2003/role/verboseLabel" xml:lang="en" id="label_TitleAndNameOfRepresentativeCoverPage_2">Title and name of representative, Cover page</link:label>
    <link:labelArc xlink:type="arc" xlink:arcrole="http://www.xbrl.org/2003/arcrole/concept-label" xlink:from="TitleAndNameOfRepresentativeCoverPage" xlink:to="label_TitleAndNameOfRepresentativeCoverPage_2"/>
    <link:loc xlink:type="locator" xlink:href="../jpsps-sbr_cor_2014-07-31.xsd#jpsps-sbr_cor_AddressOfRegisteredHeadquarterCoverPage" xlink:label="AddressOfRegisteredHeadquarterCoverPage"/>
    <link:label xlink:type="resource" xlink:label="label_AddressOfRegisteredHeadquarterCoverPage" xlink:role="http://www.xbrl.org/2003/role/label" xml:lang="en" id="label_AddressOfRegisteredHeadquarterCoverPage">Address of registered headquarter</link:label>
    <link:labelArc xlink:type="arc" xlink:arcrole="http://www.xbrl.org/2003/arcrole/concept-label" xlink:from="AddressOfRegisteredHeadquarterCoverPage" xlink:to="label_AddressOfRegisteredHeadquarterCoverPage"/>
    <link:label xlink:type="resource" xlink:label="label_AddressOfRegisteredHeadquarterCoverPage_2" xlink:role="http://www.xbrl.org/2003/role/verboseLabel" xml:lang="en" id="label_AddressOfRegisteredHeadquarterCoverPage_2">Address of registered headquarter, Cover page</link:label>
    <link:labelArc xlink:type="arc" xlink:arcrole="http://www.xbrl.org/2003/arcrole/concept-label" xlink:from="AddressOfRegisteredHeadquarterCoverPage" xlink:to="label_AddressOfRegisteredHeadquarterCoverPage_2"/>
    <link:loc xlink:type="locator" xlink:href="../jpsps-sbr_cor_2014-07-31.xsd#jpsps-sbr_cor_NameOfContactPersonCoverPage" xlink:label="NameOfContactPersonCoverPage"/>
    <link:label xlink:type="resource" xlink:label="label_NameOfContactPersonCoverPage" xlink:role="http://www.xbrl.org/2003/role/label" xml:lang="en" id="label_NameOfContactPersonCoverPage">Name of contact person</link:label>
    <link:labelArc xlink:type="arc" xlink:arcrole="http://www.xbrl.org/2003/arcrole/concept-label" xlink:from="NameOfContactPersonCoverPage" xlink:to="label_NameOfContactPersonCoverPage"/>
    <link:label xlink:type="resource" xlink:label="label_NameOfContactPersonCoverPage_2" xlink:role="http://www.xbrl.org/2003/role/verboseLabel" xml:lang="en" id="label_NameOfContactPersonCoverPage_2">Name of contact person, Cover page</link:label>
    <link:labelArc xlink:type="arc" xlink:arcrole="http://www.xbrl.org/2003/arcrole/concept-label" xlink:from="NameOfContactPersonCoverPage" xlink:to="label_NameOfContactPersonCoverPage_2"/>
    <link:loc xlink:type="locator" xlink:href="../jpsps-sbr_cor_2014-07-31.xsd#jpsps-sbr_cor_TelephoneNumberCoverPage" xlink:label="TelephoneNumberCoverPage"/>
    <link:label xlink:type="resource" xlink:label="label_TelephoneNumberCoverPage" xlink:role="http://www.xbrl.org/2003/role/label" xml:lang="en" id="label_TelephoneNumberCoverPage">Telephone number</link:label>
    <link:labelArc xlink:type="arc" xlink:arcrole="http://www.xbrl.org/2003/arcrole/concept-label" xlink:from="TelephoneNumberCoverPage" xlink:to="label_TelephoneNumberCoverPage"/>
    <link:label xlink:type="resource" xlink:label="label_TelephoneNumberCoverPage_2" xlink:role="http://www.xbrl.org/2003/role/verboseLabel" xml:lang="en" id="label_TelephoneNumberCoverPage_2">Telephone number, Cover page</link:label>
    <link:labelArc xlink:type="arc" xlink:arcrole="http://www.xbrl.org/2003/arcrole/concept-label" xlink:from="TelephoneNumberCoverPage" xlink:to="label_TelephoneNumberCoverPage_2"/>
    <link:loc xlink:type="locator" xlink:href="../jpsps-sbr_cor_2014-07-31.xsd#jpsps-sbr_cor_PlaceForPublicInspectionCoverPageTextBlock" xlink:label="PlaceForPublicInspectionCoverPageTextBlock"/>
    <link:label xlink:type="resource" xlink:label="label_PlaceForPublicInspectionCoverPageTextBlock" xlink:role="http://www.xbrl.org/2003/role/label" xml:lang="en" id="label_PlaceForPublicInspectionCoverPageTextBlock">Place for public inspection</link:label>
    <link:labelArc xlink:type="arc" xlink:arcrole="http://www.xbrl.org/2003/arcrole/concept-label" xlink:from="PlaceForPublicInspectionCoverPageTextBlock" xlink:to="label_PlaceForPublicInspectionCoverPageTextBlock"/>
    <link:label xlink:type="resource" xlink:label="label_PlaceForPublicInspectionCoverPageTextBlock_2" xlink:role="http://www.xbrl.org/2003/role/verboseLabel" xml:lang="en" id="label_PlaceForPublicInspectionCoverPageTextBlock_2">Place for public inspection, Cover page [text block]</link:label>
    <link:labelArc xlink:type="arc" xlink:arcrole="http://www.xbrl.org/2003/arcrole/concept-label" xlink:from="PlaceForPublicInspectionCoverPageTextBlock" xlink:to="label_PlaceForPublicInspectionCoverPageTextBlock_2"/>
    <link:loc xlink:type="locator" xlink:href="../jpsps-sbr_cor_2014-07-31.xsd#jpsps-sbr_cor_PlaceForPublicInspectionCoverPageNA" xlink:label="PlaceForPublicInspectionCoverPageNA"/>
    <link:label xlink:type="resource" xlink:label="label_PlaceForPublicInspectionCoverPageNA" xlink:role="http://www.xbrl.org/2003/role/label" xml:lang="en" id="label_PlaceForPublicInspectionCoverPageNA">Place for public inspection (N/A)</link:label>
    <link:labelArc xlink:type="arc" xlink:arcrole="http://www.xbrl.org/2003/arcrole/concept-label" xlink:from="PlaceForPublicInspectionCoverPageNA" xlink:to="label_PlaceForPublicInspectionCoverPageNA"/>
    <link:label xlink:type="resource" xlink:label="label_PlaceForPublicInspectionCoverPageNA_2" xlink:role="http://www.xbrl.org/2003/role/verboseLabel" xml:lang="en" id="label_PlaceForPublicInspectionCoverPageNA_2">Place for public inspection, Cover page (N/A)</link:label>
    <link:labelArc xlink:type="arc" xlink:arcrole="http://www.xbrl.org/2003/arcrole/concept-label" xlink:from="PlaceForPublicInspectionCoverPageNA" xlink:to="label_PlaceForPublicInspectionCoverPageNA_2"/>
  </link:labelLink>
</link:linkbase>
