<?xml version="1.0" encoding="UTF-8"?>
<!--  (c) Financial Services Agency, The Japanese Government.
      All Rights Reserved.
      For intellectual property policy and authorized uses of EDINET Taxonomy,
      refer to “EDINET Taxonomy Legal Statement” at http://www.fsa.go.jp/search/EDINET_Taxonomy_Legal_Statement.html
-->
<link:linkbase xmlns:link="http://www.xbrl.org/2003/linkbase" xmlns:xsi="http://www.w3.org/2001/XMLSchema-instance" xmlns:xbrldt="http://xbrl.org/2005/xbrldt" xmlns:xlink="http://www.w3.org/1999/xlink" xmlns:xbrli="http://www.xbrl.org/2003/instance">
  <link:roleRef roleURI="http://disclosure.edinet-fsa.go.jp/role/jppfs/rol_std_ConsolidatedBalanceSheet" xlink:type="simple" xlink:href="../../jppfs_rt_2019-02-28.xsd#rol_std_ConsolidatedBalanceSheet"/>
  <link:arcroleRef arcroleURI="http://xbrl.org/int/dim/arcrole/domain-member" xlink:type="simple" xlink:href="http://www.xbrl.org/2005/xbrldt-2005.xsd#domain-member"/>
  <link:definitionLink xlink:type="extended" xlink:role="http://disclosure.edinet-fsa.go.jp/role/jppfs/rol_std_ConsolidatedBalanceSheet">
    <link:loc xlink:type="locator" xlink:href="../../jppfs_cor_2019-02-28.xsd#jppfs_cor_OtherPPE" xlink:label="OtherPPE"/>
    <link:loc xlink:type="locator" xlink:href="../../jppfs_cor_2019-02-28.xsd#jppfs_cor_AccumulatedDepreciationAndImpairmentLossOtherPPE" xlink:label="AccumulatedDepreciationAndImpairmentLossOtherPPE"/>
    <link:definitionArc xlink:type="arc" xlink:arcrole="http://xbrl.org/int/dim/arcrole/domain-member" xlink:from="OtherPPE" xlink:to="AccumulatedDepreciationAndImpairmentLossOtherPPE" order="4.0"/>
    <link:loc xlink:type="locator" xlink:href="../../jppfs_cor_2019-02-28.xsd#jppfs_cor_OtherNetPPE" xlink:label="OtherNetPPE"/>
    <link:definitionArc xlink:type="arc" xlink:arcrole="http://xbrl.org/int/dim/arcrole/domain-member" xlink:from="OtherPPE" xlink:to="OtherNetPPE" order="5.0"/>
    <link:loc xlink:type="locator" xlink:href="../../jppfs_cor_2019-02-28.xsd#jppfs_cor_BuildingsAndStructures" xlink:label="BuildingsAndStructures"/>
    <link:loc xlink:type="locator" xlink:href="../../jppfs_cor_2019-02-28.xsd#jppfs_cor_AccumulatedDepreciationAndImpairmentLossBuildingsAndStructures" xlink:label="AccumulatedDepreciationAndImpairmentLossBuildingsAndStructures"/>
    <link:definitionArc xlink:type="arc" xlink:arcrole="http://xbrl.org/int/dim/arcrole/domain-member" xlink:from="BuildingsAndStructures" xlink:to="AccumulatedDepreciationAndImpairmentLossBuildingsAndStructures" order="4.0"/>
    <link:loc xlink:type="locator" xlink:href="../../jppfs_cor_2019-02-28.xsd#jppfs_cor_BuildingsAndStructuresNet" xlink:label="BuildingsAndStructuresNet"/>
    <link:definitionArc xlink:type="arc" xlink:arcrole="http://xbrl.org/int/dim/arcrole/domain-member" xlink:from="BuildingsAndStructures" xlink:to="BuildingsAndStructuresNet" order="5.0"/>
    <link:loc xlink:type="locator" xlink:href="../../jppfs_cor_2019-02-28.xsd#jppfs_cor_MachineryEquipmentAndVehicles" xlink:label="MachineryEquipmentAndVehicles"/>
    <link:loc xlink:type="locator" xlink:href="../../jppfs_cor_2019-02-28.xsd#jppfs_cor_AccumulatedDepreciationAndImpairmentLossMachineryEquipmentAndVehicles" xlink:label="AccumulatedDepreciationAndImpairmentLossMachineryEquipmentAndVehicles"/>
    <link:definitionArc xlink:type="arc" xlink:arcrole="http://xbrl.org/int/dim/arcrole/domain-member" xlink:from="MachineryEquipmentAndVehicles" xlink:to="AccumulatedDepreciationAndImpairmentLossMachineryEquipmentAndVehicles" order="4.0"/>
    <link:loc xlink:type="locator" xlink:href="../../jppfs_cor_2019-02-28.xsd#jppfs_cor_MachineryEquipmentAndVehiclesNet" xlink:label="MachineryEquipmentAndVehiclesNet"/>
    <link:definitionArc xlink:type="arc" xlink:arcrole="http://xbrl.org/int/dim/arcrole/domain-member" xlink:from="MachineryEquipmentAndVehicles" xlink:to="MachineryEquipmentAndVehiclesNet" order="5.0"/>
    <link:loc xlink:type="locator" xlink:href="../../jppfs_cor_2019-02-28.xsd#jppfs_cor_LeaseAssetsPPE" xlink:label="LeaseAssetsPPE"/>
    <link:loc xlink:type="locator" xlink:href="../../jppfs_cor_2019-02-28.xsd#jppfs_cor_AccumulatedDepreciationAndImpairmentLossLeaseAssetsPPE" xlink:label="AccumulatedDepreciationAndImpairmentLossLeaseAssetsPPE"/>
    <link:definitionArc xlink:type="arc" xlink:arcrole="http://xbrl.org/int/dim/arcrole/domain-member" xlink:from="LeaseAssetsPPE" xlink:to="AccumulatedDepreciationAndImpairmentLossLeaseAssetsPPE" order="4.0"/>
    <link:loc xlink:type="locator" xlink:href="../../jppfs_cor_2019-02-28.xsd#jppfs_cor_LeaseAssetsNetPPE" xlink:label="LeaseAssetsNetPPE"/>
    <link:definitionArc xlink:type="arc" xlink:arcrole="http://xbrl.org/int/dim/arcrole/domain-member" xlink:from="LeaseAssetsPPE" xlink:to="LeaseAssetsNetPPE" order="5.0"/>
    <link:loc xlink:type="locator" xlink:href="../../jppfs_cor_2019-02-28.xsd#jppfs_cor_PropertyPlantAndEquipmentAbstract" xlink:label="PropertyPlantAndEquipmentAbstract"/>
    <link:loc xlink:type="locator" xlink:href="../../jppfs_cor_2019-02-28.xsd#jppfs_cor_BuildingsAndStructures" xlink:label="BuildingsAndStructures_2"/>
    <link:definitionArc xlink:type="arc" xlink:arcrole="http://xbrl.org/int/dim/arcrole/domain-member" xlink:from="PropertyPlantAndEquipmentAbstract" xlink:to="BuildingsAndStructures_2" order="2.0"/>
    <link:loc xlink:type="locator" xlink:href="../../jppfs_cor_2019-02-28.xsd#jppfs_cor_MachineryEquipmentAndVehicles" xlink:label="MachineryEquipmentAndVehicles_2"/>
    <link:definitionArc xlink:type="arc" xlink:arcrole="http://xbrl.org/int/dim/arcrole/domain-member" xlink:from="PropertyPlantAndEquipmentAbstract" xlink:to="MachineryEquipmentAndVehicles_2" order="7.0"/>
    <link:loc xlink:type="locator" xlink:href="../../jppfs_cor_2019-02-28.xsd#jppfs_cor_LeaseAssetsPPE" xlink:label="LeaseAssetsPPE_2"/>
    <link:definitionArc xlink:type="arc" xlink:arcrole="http://xbrl.org/int/dim/arcrole/domain-member" xlink:from="PropertyPlantAndEquipmentAbstract" xlink:to="LeaseAssetsPPE_2" order="13.0"/>
    <link:loc xlink:type="locator" xlink:href="../../jppfs_cor_2019-02-28.xsd#jppfs_cor_OtherPPE" xlink:label="OtherPPE_2"/>
    <link:definitionArc xlink:type="arc" xlink:arcrole="http://xbrl.org/int/dim/arcrole/domain-member" xlink:from="PropertyPlantAndEquipmentAbstract" xlink:to="OtherPPE_2" order="19.0"/>
  </link:definitionLink>
</link:linkbase>
