<?xml version="1.0" encoding="UTF-8"?>
<!--  (c) Financial Services Agency, The Japanese Government.
      All Rights Reserved.
      For intellectual property policy and authorized uses of EDINET Taxonomy,
      refer to “EDINET Taxonomy Legal Statement” at http://www.fsa.go.jp/search/EDINET_Taxonomy_Legal_Statement.html
-->
<link:linkbase xmlns:link="http://www.xbrl.org/2003/linkbase" xmlns:xsi="http://www.w3.org/2001/XMLSchema-instance" xmlns:xlink="http://www.w3.org/1999/xlink" xmlns:xbrli="http://www.xbrl.org/2003/instance">
  <link:roleRef roleURI="http://disclosure.edinet-fsa.go.jp/role/jppfs/rol_std_ConsolidatedBalanceSheet" xlink:type="simple" xlink:href="../../jppfs_rt_2019-02-28.xsd#rol_std_ConsolidatedBalanceSheet"/>
  <link:calculationLink xlink:type="extended" xlink:role="http://disclosure.edinet-fsa.go.jp/role/jppfs/rol_std_ConsolidatedBalanceSheet">
    <link:loc xlink:type="locator" xlink:href="../../jppfs_cor_2019-02-28.xsd#jppfs_cor_CurrentAssets" xlink:label="CurrentAssets"/>
    <link:loc xlink:type="locator" xlink:href="../../jppfs_cor_2019-02-28.xsd#jppfs_cor_NotesAndAccountsReceivableTrade" xlink:label="NotesAndAccountsReceivableTrade"/>
    <link:calculationArc xlink:type="arc" xlink:arcrole="http://www.xbrl.org/2003/arcrole/summation-item" xlink:from="CurrentAssets" xlink:to="NotesAndAccountsReceivableTrade" order="3.0" weight="1"/>
    <link:loc xlink:type="locator" xlink:href="../../jppfs_cor_2019-02-28.xsd#jppfs_cor_LeaseReceivablesAndInvestmentAssetsCA" xlink:label="LeaseReceivablesAndInvestmentAssetsCA"/>
    <link:calculationArc xlink:type="arc" xlink:arcrole="http://www.xbrl.org/2003/arcrole/summation-item" xlink:from="CurrentAssets" xlink:to="LeaseReceivablesAndInvestmentAssetsCA" order="6.0" weight="1"/>
    <link:loc xlink:type="locator" xlink:href="../../jppfs_cor_2019-02-28.xsd#jppfs_cor_AllowanceForDoubtfulAccountsCA" xlink:label="AllowanceForDoubtfulAccountsCA"/>
    <link:calculationArc xlink:type="arc" xlink:arcrole="http://www.xbrl.org/2003/arcrole/summation-item" xlink:from="CurrentAssets" xlink:to="AllowanceForDoubtfulAccountsCA" order="14.0" weight="1"/>
  </link:calculationLink>
</link:linkbase>
