<?xml version="1.0" encoding="UTF-8"?>
<!--  (c) Financial Services Agency, The Japanese Government.
      All Rights Reserved.
      For intellectual property policy and authorized uses of EDINET Taxonomy,
      refer to “EDINET Taxonomy Legal Statement” at http://www.fsa.go.jp/search/EDINET_Taxonomy_Legal_Statement.html
-->
<link:linkbase xmlns:link="http://www.xbrl.org/2003/linkbase" xmlns:xsi="http://www.w3.org/2001/XMLSchema-instance" xmlns:xbrldt="http://xbrl.org/2005/xbrldt" xmlns:xlink="http://www.w3.org/1999/xlink" xmlns:xbrli="http://www.xbrl.org/2003/instance">
  <link:roleRef roleURI="http://disclosure.edinet-fsa.go.jp/role/jpcrp/rol_std_NotesSegmentInformationEtcFinancialStatements-10" xlink:type="simple" xlink:href="../jpcrp_rt_2015-03-31.xsd#rol_std_NotesSegmentInformationEtcFinancialStatements-10"/>
  <link:arcroleRef arcroleURI="http://xbrl.org/int/dim/arcrole/all" xlink:type="simple" xlink:href="http://www.xbrl.org/2005/xbrldt-2005.xsd#all"/>
  <link:arcroleRef arcroleURI="http://xbrl.org/int/dim/arcrole/dimension-domain" xlink:type="simple" xlink:href="http://www.xbrl.org/2005/xbrldt-2005.xsd#dimension-domain"/>
  <link:arcroleRef arcroleURI="http://xbrl.org/int/dim/arcrole/domain-member" xlink:type="simple" xlink:href="http://www.xbrl.org/2005/xbrldt-2005.xsd#domain-member"/>
  <link:arcroleRef arcroleURI="http://xbrl.org/int/dim/arcrole/hypercube-dimension" xlink:type="simple" xlink:href="http://www.xbrl.org/2005/xbrldt-2005.xsd#hypercube-dimension"/>
  <link:definitionLink xlink:type="extended" xlink:role="http://disclosure.edinet-fsa.go.jp/role/jpcrp/rol_std_NotesSegmentInformationEtcFinancialStatements-10">
    <link:loc xlink:type="locator" xlink:href="../../../jppfs/2015-03-31/jppfs_cor_2015-03-31.xsd#jppfs_cor_ConsolidatedOrNonConsolidatedAxis" xlink:label="ConsolidatedOrNonConsolidatedAxis"/>
    <link:loc xlink:type="locator" xlink:href="../../../jppfs/2015-03-31/jppfs_cor_2015-03-31.xsd#jppfs_cor_NonConsolidatedMember" xlink:label="NonConsolidatedMember"/>
    <link:definitionArc xlink:type="arc" xlink:arcrole="http://xbrl.org/int/dim/arcrole/dimension-domain" xlink:from="ConsolidatedOrNonConsolidatedAxis" xlink:to="NonConsolidatedMember" order="1.0"/>
    <link:loc xlink:type="locator" xlink:href="../jpcrp_cor_2015-03-31.xsd#jpcrp_cor_NotesSegmentInformationEtcFinancialStatementsHeading" xlink:label="NotesSegmentInformationEtcFinancialStatementsHeading"/>
    <link:loc xlink:type="locator" xlink:href="../jpcrp_cor_2015-03-31.xsd#jpcrp_cor_NotesSegmentInformationEtcFinancialStatementsTable" xlink:label="NotesSegmentInformationEtcFinancialStatementsTable"/>
    <link:definitionArc xlink:type="arc" xlink:arcrole="http://xbrl.org/int/dim/arcrole/all" xlink:from="NotesSegmentInformationEtcFinancialStatementsHeading" xlink:to="NotesSegmentInformationEtcFinancialStatementsTable" order="1.0" xbrldt:contextElement="scenario" xbrldt:closed="true"/>
    <link:definitionArc xlink:type="arc" xlink:arcrole="http://xbrl.org/int/dim/arcrole/hypercube-dimension" xlink:from="NotesSegmentInformationEtcFinancialStatementsTable" xlink:to="ConsolidatedOrNonConsolidatedAxis" order="1.0"/>
    <link:loc xlink:type="locator" xlink:href="../jpcrp_cor_2015-03-31.xsd#jpcrp_cor_NotesSegmentInformationEtcFinancialStatementsLineItems" xlink:label="NotesSegmentInformationEtcFinancialStatementsLineItems"/>
    <link:definitionArc xlink:type="arc" xlink:arcrole="http://xbrl.org/int/dim/arcrole/domain-member" xlink:from="NotesSegmentInformationEtcFinancialStatementsHeading" xlink:to="NotesSegmentInformationEtcFinancialStatementsLineItems" order="1.0"/>
    <link:loc xlink:type="locator" xlink:href="../jpcrp_cor_2015-03-31.xsd#jpcrp_cor_InformationAboutGainOnBargainPurchaseForEachReportableSegmentNATextBlock" xlink:label="InformationAboutGainOnBargainPurchaseForEachReportableSegmentNATextBlock"/>
    <link:definitionArc xlink:type="arc" xlink:arcrole="http://xbrl.org/int/dim/arcrole/domain-member" xlink:from="NotesSegmentInformationEtcFinancialStatementsLineItems" xlink:to="InformationAboutGainOnBargainPurchaseForEachReportableSegmentNATextBlock" order="1.0"/>
    <link:loc xlink:type="locator" xlink:href="../jpcrp_cor_2015-03-31.xsd#jpcrp_cor_DescriptionOfFactThatCompanysBusinessComprisesSingleSegmentInformationAboutGainOnBargainPurchaseGoodwillForEachReportableSegment" xlink:label="DescriptionOfFactThatCompanysBusinessComprisesSingleSegmentInformationAboutGainOnBargainPurchaseGoodwillForEachReportableSegment"/>
    <link:definitionArc xlink:type="arc" xlink:arcrole="http://xbrl.org/int/dim/arcrole/domain-member" xlink:from="NotesSegmentInformationEtcFinancialStatementsLineItems" xlink:to="DescriptionOfFactThatCompanysBusinessComprisesSingleSegmentInformationAboutGainOnBargainPurchaseGoodwillForEachReportableSegment" order="2.0"/>
    <link:loc xlink:type="locator" xlink:href="../jpcrp_cor_2015-03-31.xsd#jpcrp_cor_DescriptionOfFactAndReasonWhyInformationAboutGainOnBargainPurchaseForEachReportableSegmentIsNotPresented" xlink:label="DescriptionOfFactAndReasonWhyInformationAboutGainOnBargainPurchaseForEachReportableSegmentIsNotPresented"/>
    <link:definitionArc xlink:type="arc" xlink:arcrole="http://xbrl.org/int/dim/arcrole/domain-member" xlink:from="NotesSegmentInformationEtcFinancialStatementsLineItems" xlink:to="DescriptionOfFactAndReasonWhyInformationAboutGainOnBargainPurchaseForEachReportableSegmentIsNotPresented" order="3.0"/>
  </link:definitionLink>
</link:linkbase>
