<?xml version="1.0" encoding="UTF-8"?>
<!--  (c) Financial Services Agency, The Japanese Government.
      All Rights Reserved.
      For intellectual property policy and authorized uses of EDINET Taxonomy,
      refer to “EDINET Taxonomy Legal Statement” at http://www.fsa.go.jp/search/EDINET_Taxonomy_Legal_Statement.html
-->
<link:linkbase xmlns:link="http://www.xbrl.org/2003/linkbase" xmlns:xsi="http://www.w3.org/2001/XMLSchema-instance" xmlns:xlink="http://www.w3.org/1999/xlink" xmlns:xbrli="http://www.xbrl.org/2003/instance">
  <link:roleRef roleURI="http://www.xbrl.org/2009/role/deprecatedDateLabel" xlink:type="simple" xlink:href="http://www.xbrl.org/lrr/role/deprecated-2009-12-16.xsd#deprecatedDateLabel"/>
  <link:roleRef roleURI="http://www.xbrl.org/2009/role/deprecatedLabel" xlink:type="simple" xlink:href="http://www.xbrl.org/lrr/role/deprecated-2009-12-16.xsd#deprecatedLabel"/>
  <link:labelLink xlink:type="extended" xlink:role="http://www.xbrl.org/2003/role/link">
    <link:loc xlink:type="locator" xlink:href="jplvh_dep_2025-11-01.xsd#jplvh_cor_InformationAboutJointHoldersNA" xlink:label="InformationAboutJointHoldersNA"/>
    <link:label xlink:type="resource" xlink:label="label_InformationAboutJointHoldersNA" xlink:role="http://www.xbrl.org/2009/role/deprecatedLabel" xml:lang="ja" id="label_InformationAboutJointHoldersNA">金融庁方針変更の反映</link:label>
    <link:labelArc xlink:type="arc" xlink:arcrole="http://www.xbrl.org/2003/arcrole/concept-label" xlink:from="InformationAboutJointHoldersNA" xlink:to="label_InformationAboutJointHoldersNA"/>
    <link:label xlink:type="resource" xlink:label="label_InformationAboutJointHoldersNA_2" xlink:role="http://www.xbrl.org/2009/role/deprecatedDateLabel" xml:lang="ja" id="label_InformationAboutJointHoldersNA_2">2025-03-31</link:label>
    <link:labelArc xlink:type="arc" xlink:arcrole="http://www.xbrl.org/2003/arcrole/concept-label" xlink:from="InformationAboutJointHoldersNA" xlink:to="label_InformationAboutJointHoldersNA_2"/>
    <link:loc xlink:type="locator" xlink:href="jplvh_dep_2025-11-01.xsd#jplvh_cor_ReasonForFilingChangeReportCoverPageNA" xlink:label="ReasonForFilingChangeReportCoverPageNA"/>
    <link:label xlink:type="resource" xlink:label="label_ReasonForFilingChangeReportCoverPageNA" xlink:role="http://www.xbrl.org/2009/role/deprecatedLabel" xml:lang="ja" id="label_ReasonForFilingChangeReportCoverPageNA">金融庁方針変更の反映</link:label>
    <link:labelArc xlink:type="arc" xlink:arcrole="http://www.xbrl.org/2003/arcrole/concept-label" xlink:from="ReasonForFilingChangeReportCoverPageNA" xlink:to="label_ReasonForFilingChangeReportCoverPageNA"/>
    <link:label xlink:type="resource" xlink:label="label_ReasonForFilingChangeReportCoverPageNA_2" xlink:role="http://www.xbrl.org/2009/role/deprecatedDateLabel" xml:lang="ja" id="label_ReasonForFilingChangeReportCoverPageNA_2">2025-03-31</link:label>
    <link:labelArc xlink:type="arc" xlink:arcrole="http://www.xbrl.org/2003/arcrole/concept-label" xlink:from="ReasonForFilingChangeReportCoverPageNA" xlink:to="label_ReasonForFilingChangeReportCoverPageNA_2"/>
    <link:loc xlink:type="locator" xlink:href="jplvh_dep_2025-11-01.xsd#jplvh_cor_InformationAboutIndividualNATextBlock" xlink:label="InformationAboutIndividualNATextBlock"/>
    <link:label xlink:type="resource" xlink:label="label_InformationAboutIndividualNATextBlock" xlink:role="http://www.xbrl.org/2009/role/deprecatedLabel" xml:lang="ja" id="label_InformationAboutIndividualNATextBlock">金融庁方針変更の反映</link:label>
    <link:labelArc xlink:type="arc" xlink:arcrole="http://www.xbrl.org/2003/arcrole/concept-label" xlink:from="InformationAboutIndividualNATextBlock" xlink:to="label_InformationAboutIndividualNATextBlock"/>
    <link:label xlink:type="resource" xlink:label="label_InformationAboutIndividualNATextBlock_2" xlink:role="http://www.xbrl.org/2009/role/deprecatedDateLabel" xml:lang="ja" id="label_InformationAboutIndividualNATextBlock_2">2025-03-31</link:label>
    <link:labelArc xlink:type="arc" xlink:arcrole="http://www.xbrl.org/2003/arcrole/concept-label" xlink:from="InformationAboutIndividualNATextBlock" xlink:to="label_InformationAboutIndividualNATextBlock_2"/>
    <link:loc xlink:type="locator" xlink:href="jplvh_dep_2025-11-01.xsd#jplvh_cor_InformationAboutCorporationNATextBlock" xlink:label="InformationAboutCorporationNATextBlock"/>
    <link:label xlink:type="resource" xlink:label="label_InformationAboutCorporationNATextBlock" xlink:role="http://www.xbrl.org/2009/role/deprecatedLabel" xml:lang="ja" id="label_InformationAboutCorporationNATextBlock">金融庁方針変更の反映</link:label>
    <link:labelArc xlink:type="arc" xlink:arcrole="http://www.xbrl.org/2003/arcrole/concept-label" xlink:from="InformationAboutCorporationNATextBlock" xlink:to="label_InformationAboutCorporationNATextBlock"/>
    <link:label xlink:type="resource" xlink:label="label_InformationAboutCorporationNATextBlock_2" xlink:role="http://www.xbrl.org/2009/role/deprecatedDateLabel" xml:lang="ja" id="label_InformationAboutCorporationNATextBlock_2">2025-03-31</link:label>
    <link:labelArc xlink:type="arc" xlink:arcrole="http://www.xbrl.org/2003/arcrole/concept-label" xlink:from="InformationAboutCorporationNATextBlock" xlink:to="label_InformationAboutCorporationNATextBlock_2"/>
    <link:loc xlink:type="locator" xlink:href="jplvh_dep_2025-11-01.xsd#jplvh_cor_PurposeOfHoldingNA" xlink:label="PurposeOfHoldingNA"/>
    <link:label xlink:type="resource" xlink:label="label_PurposeOfHoldingNA" xlink:role="http://www.xbrl.org/2009/role/deprecatedLabel" xml:lang="ja" id="label_PurposeOfHoldingNA">金融庁方針変更の反映</link:label>
    <link:labelArc xlink:type="arc" xlink:arcrole="http://www.xbrl.org/2003/arcrole/concept-label" xlink:from="PurposeOfHoldingNA" xlink:to="label_PurposeOfHoldingNA"/>
    <link:label xlink:type="resource" xlink:label="label_PurposeOfHoldingNA_2" xlink:role="http://www.xbrl.org/2009/role/deprecatedDateLabel" xml:lang="ja" id="label_PurposeOfHoldingNA_2">2025-03-31</link:label>
    <link:labelArc xlink:type="arc" xlink:arcrole="http://www.xbrl.org/2003/arcrole/concept-label" xlink:from="PurposeOfHoldingNA" xlink:to="label_PurposeOfHoldingNA_2"/>
    <link:loc xlink:type="locator" xlink:href="jplvh_dep_2025-11-01.xsd#jplvh_cor_ActOfMakingImportantProposalEtcNA" xlink:label="ActOfMakingImportantProposalEtcNA"/>
    <link:label xlink:type="resource" xlink:label="label_ActOfMakingImportantProposalEtcNA" xlink:role="http://www.xbrl.org/2009/role/deprecatedLabel" xml:lang="ja" id="label_ActOfMakingImportantProposalEtcNA">金融庁方針変更の反映</link:label>
    <link:labelArc xlink:type="arc" xlink:arcrole="http://www.xbrl.org/2003/arcrole/concept-label" xlink:from="ActOfMakingImportantProposalEtcNA" xlink:to="label_ActOfMakingImportantProposalEtcNA"/>
    <link:label xlink:type="resource" xlink:label="label_ActOfMakingImportantProposalEtcNA_2" xlink:role="http://www.xbrl.org/2009/role/deprecatedDateLabel" xml:lang="ja" id="label_ActOfMakingImportantProposalEtcNA_2">2025-03-31</link:label>
    <link:labelArc xlink:type="arc" xlink:arcrole="http://www.xbrl.org/2003/arcrole/concept-label" xlink:from="ActOfMakingImportantProposalEtcNA" xlink:to="label_ActOfMakingImportantProposalEtcNA_2"/>
    <link:loc xlink:type="locator" xlink:href="jplvh_dep_2025-11-01.xsd#jplvh_cor_DetailsOfAcquisitionsAndDisposalsOfStocksEtcIssuedByIssuerOfSaidStocksEtcDuringLast60DaysNATextBlock" xlink:label="DetailsOfAcquisitionsAndDisposalsOfStocksEtcIssuedByIssuerOfSaidStocksEtcDuringLast60DaysNATextBlock"/>
    <link:label xlink:type="resource" xlink:label="label_DetailsOfAcquisitionsAndDisposalsOfStocksEtcIssuedByIssuerOfSaidStocksEtcDuringLast60DaysNATextBlock" xlink:role="http://www.xbrl.org/2009/role/deprecatedLabel" xml:lang="ja" id="label_DetailsOfAcquisitionsAndDisposalsOfStocksEtcIssuedByIssuerOfSaidStocksEtcDuringLast60DaysNATextBlock">金融庁方針変更の反映</link:label>
    <link:labelArc xlink:type="arc" xlink:arcrole="http://www.xbrl.org/2003/arcrole/concept-label" xlink:from="DetailsOfAcquisitionsAndDisposalsOfStocksEtcIssuedByIssuerOfSaidStocksEtcDuringLast60DaysNATextBlock" xlink:to="label_DetailsOfAcquisitionsAndDisposalsOfStocksEtcIssuedByIssuerOfSaidStocksEtcDuringLast60DaysNATextBlock"/>
    <link:label xlink:type="resource" xlink:label="label_DetailsOfAcquisitionsAndDisposalsOfStocksEtcIssuedByIssuerOfSaidStocksEtcDuringLast60DaysNATextBlock_2" xlink:role="http://www.xbrl.org/2009/role/deprecatedDateLabel" xml:lang="ja" id="label_DetailsOfAcquisitionsAndDisposalsOfStocksEtcIssuedByIssuerOfSaidStocksEtcDuringLast60DaysNATextBlock_2">2025-03-31</link:label>
    <link:labelArc xlink:type="arc" xlink:arcrole="http://www.xbrl.org/2003/arcrole/concept-label" xlink:from="DetailsOfAcquisitionsAndDisposalsOfStocksEtcIssuedByIssuerOfSaidStocksEtcDuringLast60DaysNATextBlock" xlink:to="label_DetailsOfAcquisitionsAndDisposalsOfStocksEtcIssuedByIssuerOfSaidStocksEtcDuringLast60DaysNATextBlock_2"/>
    <link:loc xlink:type="locator" xlink:href="jplvh_dep_2025-11-01.xsd#jplvh_cor_DetailsOfAcquisitionsAndDisposalsOfStocksEtcIssuedByIssuerOfSaidStocksEtcDuringLast60DaysIfCategorizedAsShortTermLargeVolumeTransferNATextBlock" xlink:label="DetailsOfAcquisitionsAndDisposalsOfStocksEtcIssuedByIssuerOfSaidStocksEtcDuringLast60DaysIfCategorizedAsShortTermLargeVolumeTransferNATextBlock"/>
    <link:label xlink:type="resource" xlink:label="label_DetailsOfAcquisitionsAndDisposalsOfStocksEtcIssuedByIssuerOfSaidStocksEtcDuringLast60DaysIfCategorizedAsShortTermLargeVolumeTransferNATextBlock" xlink:role="http://www.xbrl.org/2009/role/deprecatedLabel" xml:lang="ja" id="label_DetailsOfAcquisitionsAndDisposalsOfStocksEtcIssuedByIssuerOfSaidStocksEtcDuringLast60DaysIfCategorizedAsShortTermLargeVolumeTransferNATextBlock">金融庁方針変更の反映</link:label>
    <link:labelArc xlink:type="arc" xlink:arcrole="http://www.xbrl.org/2003/arcrole/concept-label" xlink:from="DetailsOfAcquisitionsAndDisposalsOfStocksEtcIssuedByIssuerOfSaidStocksEtcDuringLast60DaysIfCategorizedAsShortTermLargeVolumeTransferNATextBlock" xlink:to="label_DetailsOfAcquisitionsAndDisposalsOfStocksEtcIssuedByIssuerOfSaidStocksEtcDuringLast60DaysIfCategorizedAsShortTermLargeVolumeTransferNATextBlock"/>
    <link:label xlink:type="resource" xlink:label="label_DetailsOfAcquisitionsAndDisposalsOfStocksEtcIssuedByIssuerOfSaidStocksEtcDuringLast60DaysIfCategorizedAsShortTermLargeVolumeTransferNATextBlock_2" xlink:role="http://www.xbrl.org/2009/role/deprecatedDateLabel" xml:lang="ja" id="label_DetailsOfAcquisitionsAndDisposalsOfStocksEtcIssuedByIssuerOfSaidStocksEtcDuringLast60DaysIfCategorizedAsShortTermLargeVolumeTransferNATextBlock_2">2025-03-31</link:label>
    <link:labelArc xlink:type="arc" xlink:arcrole="http://www.xbrl.org/2003/arcrole/concept-label" xlink:from="DetailsOfAcquisitionsAndDisposalsOfStocksEtcIssuedByIssuerOfSaidStocksEtcDuringLast60DaysIfCategorizedAsShortTermLargeVolumeTransferNATextBlock" xlink:to="label_DetailsOfAcquisitionsAndDisposalsOfStocksEtcIssuedByIssuerOfSaidStocksEtcDuringLast60DaysIfCategorizedAsShortTermLargeVolumeTransferNATextBlock_2"/>
    <link:loc xlink:type="locator" xlink:href="jplvh_dep_2025-11-01.xsd#jplvh_cor_SignificantContractsRelatedToSaidStocksEtcSuchAsCollateralAgreementsNA" xlink:label="SignificantContractsRelatedToSaidStocksEtcSuchAsCollateralAgreementsNA"/>
    <link:label xlink:type="resource" xlink:label="label_SignificantContractsRelatedToSaidStocksEtcSuchAsCollateralAgreementsNA" xlink:role="http://www.xbrl.org/2009/role/deprecatedLabel" xml:lang="ja" id="label_SignificantContractsRelatedToSaidStocksEtcSuchAsCollateralAgreementsNA">金融庁方針変更の反映</link:label>
    <link:labelArc xlink:type="arc" xlink:arcrole="http://www.xbrl.org/2003/arcrole/concept-label" xlink:from="SignificantContractsRelatedToSaidStocksEtcSuchAsCollateralAgreementsNA" xlink:to="label_SignificantContractsRelatedToSaidStocksEtcSuchAsCollateralAgreementsNA"/>
    <link:label xlink:type="resource" xlink:label="label_SignificantContractsRelatedToSaidStocksEtcSuchAsCollateralAgreementsNA_2" xlink:role="http://www.xbrl.org/2009/role/deprecatedDateLabel" xml:lang="ja" id="label_SignificantContractsRelatedToSaidStocksEtcSuchAsCollateralAgreementsNA_2">2025-03-31</link:label>
    <link:labelArc xlink:type="arc" xlink:arcrole="http://www.xbrl.org/2003/arcrole/concept-label" xlink:from="SignificantContractsRelatedToSaidStocksEtcSuchAsCollateralAgreementsNA" xlink:to="label_SignificantContractsRelatedToSaidStocksEtcSuchAsCollateralAgreementsNA_2"/>
    <link:loc xlink:type="locator" xlink:href="jplvh_dep_2025-11-01.xsd#jplvh_cor_BreakdownOfBorrowingsNATextBlock" xlink:label="BreakdownOfBorrowingsNATextBlock"/>
    <link:label xlink:type="resource" xlink:label="label_BreakdownOfBorrowingsNATextBlock" xlink:role="http://www.xbrl.org/2009/role/deprecatedLabel" xml:lang="ja" id="label_BreakdownOfBorrowingsNATextBlock">金融庁方針変更の反映</link:label>
    <link:labelArc xlink:type="arc" xlink:arcrole="http://www.xbrl.org/2003/arcrole/concept-label" xlink:from="BreakdownOfBorrowingsNATextBlock" xlink:to="label_BreakdownOfBorrowingsNATextBlock"/>
    <link:label xlink:type="resource" xlink:label="label_BreakdownOfBorrowingsNATextBlock_2" xlink:role="http://www.xbrl.org/2009/role/deprecatedDateLabel" xml:lang="ja" id="label_BreakdownOfBorrowingsNATextBlock_2">2025-03-31</link:label>
    <link:labelArc xlink:type="arc" xlink:arcrole="http://www.xbrl.org/2003/arcrole/concept-label" xlink:from="BreakdownOfBorrowingsNATextBlock" xlink:to="label_BreakdownOfBorrowingsNATextBlock_2"/>
    <link:loc xlink:type="locator" xlink:href="jplvh_dep_2025-11-01.xsd#jplvh_cor_NamesEtcOfCreditorsNATextBlock" xlink:label="NamesEtcOfCreditorsNATextBlock"/>
    <link:label xlink:type="resource" xlink:label="label_NamesEtcOfCreditorsNATextBlock" xlink:role="http://www.xbrl.org/2009/role/deprecatedLabel" xml:lang="ja" id="label_NamesEtcOfCreditorsNATextBlock">金融庁方針変更の反映</link:label>
    <link:labelArc xlink:type="arc" xlink:arcrole="http://www.xbrl.org/2003/arcrole/concept-label" xlink:from="NamesEtcOfCreditorsNATextBlock" xlink:to="label_NamesEtcOfCreditorsNATextBlock"/>
    <link:label xlink:type="resource" xlink:label="label_NamesEtcOfCreditorsNATextBlock_2" xlink:role="http://www.xbrl.org/2009/role/deprecatedDateLabel" xml:lang="ja" id="label_NamesEtcOfCreditorsNATextBlock_2">2025-03-31</link:label>
    <link:labelArc xlink:type="arc" xlink:arcrole="http://www.xbrl.org/2003/arcrole/concept-label" xlink:from="NamesEtcOfCreditorsNATextBlock" xlink:to="label_NamesEtcOfCreditorsNATextBlock_2"/>
  </link:labelLink>
</link:linkbase>
