<?xml version="1.0" encoding="UTF-8"?>
<!--  (c) Financial Services Agency, The Japanese Government.
      All Rights Reserved.
      For intellectual property policy and authorized uses of EDINET Taxonomy,
      refer to “EDINET Taxonomy Legal Statement” at http://www.fsa.go.jp/search/EDINET_Taxonomy_Legal_Statement.html
-->
<link:linkbase xmlns:link="http://www.xbrl.org/2003/linkbase" xmlns:xsi="http://www.w3.org/2001/XMLSchema-instance" xmlns:xbrldt="http://xbrl.org/2005/xbrldt" xmlns:xlink="http://www.w3.org/1999/xlink" xmlns:xbrli="http://www.xbrl.org/2003/instance">
  <link:roleRef roleURI="http://disclosure.edinet-fsa.go.jp/role/jppfs/rol_std_StatementOfCashFlows-direct" xlink:type="simple" xlink:href="../../jppfs_rt_2015-03-31.xsd#rol_std_StatementOfCashFlows-direct"/>
  <link:arcroleRef arcroleURI="http://xbrl.org/int/dim/arcrole/domain-member" xlink:type="simple" xlink:href="http://www.xbrl.org/2005/xbrldt-2005.xsd#domain-member"/>
  <link:definitionLink xlink:type="extended" xlink:role="http://disclosure.edinet-fsa.go.jp/role/jppfs/rol_std_StatementOfCashFlows-direct">
    <link:loc xlink:type="locator" xlink:href="../../jppfs_cor_2015-03-31.xsd#jppfs_cor_NetCashProvidedByUsedInInvestmentActivitiesAbstract" xlink:label="NetCashProvidedByUsedInInvestmentActivitiesAbstract"/>
    <link:loc xlink:type="locator" xlink:href="../../jppfs_cor_2015-03-31.xsd#jppfs_cor_InterestAndDividendsIncomeReceivedOpeCFInvCF" xlink:label="InterestAndDividendsIncomeReceivedOpeCFInvCF"/>
    <link:definitionArc xlink:type="arc" xlink:arcrole="http://xbrl.org/int/dim/arcrole/domain-member" xlink:from="NetCashProvidedByUsedInInvestmentActivitiesAbstract" xlink:to="InterestAndDividendsIncomeReceivedOpeCFInvCF" order="9.0"/>
    <link:loc xlink:type="locator" xlink:href="../../jppfs_cor_2015-03-31.xsd#jppfs_cor_NetCashProvidedByUsedInFinancingActivitiesAbstract" xlink:label="NetCashProvidedByUsedInFinancingActivitiesAbstract"/>
    <link:loc xlink:type="locator" xlink:href="../../jppfs_cor_2015-03-31.xsd#jppfs_cor_InterestExpensesPaidOpeCFFinCF" xlink:label="InterestExpensesPaidOpeCFFinCF"/>
    <link:definitionArc xlink:type="arc" xlink:arcrole="http://xbrl.org/int/dim/arcrole/domain-member" xlink:from="NetCashProvidedByUsedInFinancingActivitiesAbstract" xlink:to="InterestExpensesPaidOpeCFFinCF" order="10.0"/>
  </link:definitionLink>
</link:linkbase>
