<?xml version="1.0" encoding="UTF-8"?>
<!--  (c) Financial Services Agency, The Japanese Government.
      All Rights Reserved.
      For intellectual property policy and authorized uses of EDINET Taxonomy,
      refer to “EDINET Taxonomy Legal Statement” at http://www.fsa.go.jp/search/EDINET_Taxonomy_Legal_Statement.html
-->
<link:linkbase xmlns:link="http://www.xbrl.org/2003/linkbase" xmlns:xsi="http://www.w3.org/2001/XMLSchema-instance" xmlns:xlink="http://www.w3.org/1999/xlink" xmlns:xbrli="http://www.xbrl.org/2003/instance">
  <link:roleRef roleURI="http://disclosure.edinet-fsa.go.jp/jpcrp/std/alt/role/label" xlink:type="simple" xlink:href="../jpcrp_rt_2025-08-01.xsd#rol_std_altLabel"/>
  <link:roleRef roleURI="http://disclosure.edinet-fsa.go.jp/role/jpcrp/rol_std_CabinetOfficeOrdinanceOnDisclosureOfCorporateInformationEtcFormNo93SemiAnnualSecuritiesReport" xlink:type="simple" xlink:href="../jpcrp_rt_2025-08-01.xsd#rol_std_CabinetOfficeOrdinanceOnDisclosureOfCorporateInformationEtcFormNo93SemiAnnualSecuritiesReport"/>
  <link:presentationLink xlink:type="extended" xlink:role="http://disclosure.edinet-fsa.go.jp/role/jpcrp/rol_std_CabinetOfficeOrdinanceOnDisclosureOfCorporateInformationEtcFormNo93SemiAnnualSecuritiesReport">
    <link:loc xlink:type="locator" xlink:href="../jpcrp_cor_2025-08-01.xsd#jpcrp_cor_CabinetOfficeOrdinanceOnDisclosureOfCorporateInformationEtcFormNo93SemiAnnualSecuritiesReportHeading" xlink:label="CabinetOfficeOrdinanceOnDisclosureOfCorporateInformationEtcFormNo93SemiAnnualSecuritiesReportHeading"/>
    <link:loc xlink:type="locator" xlink:href="../jpcrp_cor_2025-08-01.xsd#jpcrp_cor_Type1SemiAnnualConsolidatedFinancialStatementsHeading" xlink:label="Type1SemiAnnualConsolidatedFinancialStatementsHeading"/>
    <link:presentationArc xlink:type="arc" xlink:arcrole="http://www.xbrl.org/2003/arcrole/parent-child" xlink:from="CabinetOfficeOrdinanceOnDisclosureOfCorporateInformationEtcFormNo93SemiAnnualSecuritiesReportHeading" xlink:to="Type1SemiAnnualConsolidatedFinancialStatementsHeading" order="1.0" preferredLabel="http://disclosure.edinet-fsa.go.jp/jpcrp/std/alt/role/label"/>
    <link:loc xlink:type="locator" xlink:href="../../../jppfs/2025-08-01/jppfs_cor_2025-08-01.xsd#jppfs_cor_Type1SemiAnnualConsolidatedBalanceSheetHeading" xlink:label="Type1SemiAnnualConsolidatedBalanceSheetHeading"/>
    <link:presentationArc xlink:type="arc" xlink:arcrole="http://www.xbrl.org/2003/arcrole/parent-child" xlink:from="Type1SemiAnnualConsolidatedFinancialStatementsHeading" xlink:to="Type1SemiAnnualConsolidatedBalanceSheetHeading" order="1.0" preferredLabel="http://disclosure.edinet-fsa.go.jp/jpcrp/std/alt/role/label"/>
    <link:loc xlink:type="locator" xlink:href="../jpcrp_cor_2025-08-01.xsd#jpcrp_cor_Type1SemiAnnualConsolidatedBalanceSheetTextBlock" xlink:label="Type1SemiAnnualConsolidatedBalanceSheetTextBlock"/>
    <link:presentationArc xlink:type="arc" xlink:arcrole="http://www.xbrl.org/2003/arcrole/parent-child" xlink:from="Type1SemiAnnualConsolidatedBalanceSheetHeading" xlink:to="Type1SemiAnnualConsolidatedBalanceSheetTextBlock" order="1.0"/>
    <link:loc xlink:type="locator" xlink:href="../jpcrp_cor_2025-08-01.xsd#jpcrp_cor_SemiAnnualConsolidatedBalanceSheetUSGAAPTextBlock" xlink:label="SemiAnnualConsolidatedBalanceSheetUSGAAPTextBlock"/>
    <link:presentationArc xlink:type="arc" xlink:arcrole="http://www.xbrl.org/2003/arcrole/parent-child" xlink:from="Type1SemiAnnualConsolidatedBalanceSheetHeading" xlink:to="SemiAnnualConsolidatedBalanceSheetUSGAAPTextBlock" order="2.0"/>
    <link:loc xlink:type="locator" xlink:href="../../../jppfs/2025-08-01/jppfs_cor_2025-08-01.xsd#jppfs_cor_Type1SemiAnnualConsolidatedStatementOfIncomeAndConsolidatedStatementOfComprehensiveIncomeHeading" xlink:label="Type1SemiAnnualConsolidatedStatementOfIncomeAndConsolidatedStatementOfComprehensiveIncomeHeading"/>
    <link:presentationArc xlink:type="arc" xlink:arcrole="http://www.xbrl.org/2003/arcrole/parent-child" xlink:from="Type1SemiAnnualConsolidatedFinancialStatementsHeading" xlink:to="Type1SemiAnnualConsolidatedStatementOfIncomeAndConsolidatedStatementOfComprehensiveIncomeHeading" order="2.0" preferredLabel="http://disclosure.edinet-fsa.go.jp/jpcrp/std/alt/role/label"/>
    <link:loc xlink:type="locator" xlink:href="../../../jppfs/2025-08-01/jppfs_cor_2025-08-01.xsd#jppfs_cor_Type1SemiAnnualConsolidatedStatementOfIncomeHeading" xlink:label="Type1SemiAnnualConsolidatedStatementOfIncomeHeading"/>
    <link:presentationArc xlink:type="arc" xlink:arcrole="http://www.xbrl.org/2003/arcrole/parent-child" xlink:from="Type1SemiAnnualConsolidatedStatementOfIncomeAndConsolidatedStatementOfComprehensiveIncomeHeading" xlink:to="Type1SemiAnnualConsolidatedStatementOfIncomeHeading" order="1.0" preferredLabel="http://disclosure.edinet-fsa.go.jp/jpcrp/std/alt/role/label"/>
    <link:loc xlink:type="locator" xlink:href="../jpcrp_cor_2025-08-01.xsd#jpcrp_cor_Type1SemiAnnualConsolidatedStatementOfIncomeTextBlock" xlink:label="Type1SemiAnnualConsolidatedStatementOfIncomeTextBlock"/>
    <link:presentationArc xlink:type="arc" xlink:arcrole="http://www.xbrl.org/2003/arcrole/parent-child" xlink:from="Type1SemiAnnualConsolidatedStatementOfIncomeHeading" xlink:to="Type1SemiAnnualConsolidatedStatementOfIncomeTextBlock" order="1.0"/>
    <link:loc xlink:type="locator" xlink:href="../jpcrp_cor_2025-08-01.xsd#jpcrp_cor_SemiAnnualConsolidatedStatementOfIncomeUSGAAPTextBlock" xlink:label="SemiAnnualConsolidatedStatementOfIncomeUSGAAPTextBlock"/>
    <link:presentationArc xlink:type="arc" xlink:arcrole="http://www.xbrl.org/2003/arcrole/parent-child" xlink:from="Type1SemiAnnualConsolidatedStatementOfIncomeHeading" xlink:to="SemiAnnualConsolidatedStatementOfIncomeUSGAAPTextBlock" order="2.0"/>
    <link:loc xlink:type="locator" xlink:href="../../../jppfs/2025-08-01/jppfs_cor_2025-08-01.xsd#jppfs_cor_Type1SemiAnnualConsolidatedStatementOfComprehensiveIncomeHeading" xlink:label="Type1SemiAnnualConsolidatedStatementOfComprehensiveIncomeHeading"/>
    <link:presentationArc xlink:type="arc" xlink:arcrole="http://www.xbrl.org/2003/arcrole/parent-child" xlink:from="Type1SemiAnnualConsolidatedStatementOfIncomeAndConsolidatedStatementOfComprehensiveIncomeHeading" xlink:to="Type1SemiAnnualConsolidatedStatementOfComprehensiveIncomeHeading" order="2.0" preferredLabel="http://disclosure.edinet-fsa.go.jp/jpcrp/std/alt/role/label"/>
    <link:loc xlink:type="locator" xlink:href="../jpcrp_cor_2025-08-01.xsd#jpcrp_cor_Type1SemiAnnualConsolidatedStatementOfComprehensiveIncomeTextBlock" xlink:label="Type1SemiAnnualConsolidatedStatementOfComprehensiveIncomeTextBlock"/>
    <link:presentationArc xlink:type="arc" xlink:arcrole="http://www.xbrl.org/2003/arcrole/parent-child" xlink:from="Type1SemiAnnualConsolidatedStatementOfComprehensiveIncomeHeading" xlink:to="Type1SemiAnnualConsolidatedStatementOfComprehensiveIncomeTextBlock" order="1.0"/>
    <link:loc xlink:type="locator" xlink:href="../jpcrp_cor_2025-08-01.xsd#jpcrp_cor_SemiAnnualConsolidatedStatementOfComprehensiveIncomeUSGAAPTextBlock" xlink:label="SemiAnnualConsolidatedStatementOfComprehensiveIncomeUSGAAPTextBlock"/>
    <link:presentationArc xlink:type="arc" xlink:arcrole="http://www.xbrl.org/2003/arcrole/parent-child" xlink:from="Type1SemiAnnualConsolidatedStatementOfComprehensiveIncomeHeading" xlink:to="SemiAnnualConsolidatedStatementOfComprehensiveIncomeUSGAAPTextBlock" order="2.0"/>
    <link:loc xlink:type="locator" xlink:href="../../../jppfs/2025-08-01/jppfs_cor_2025-08-01.xsd#jppfs_cor_Type1SemiAnnualConsolidatedStatementOfComprehensiveIncomeSingleStatementHeading" xlink:label="Type1SemiAnnualConsolidatedStatementOfComprehensiveIncomeSingleStatementHeading"/>
    <link:presentationArc xlink:type="arc" xlink:arcrole="http://www.xbrl.org/2003/arcrole/parent-child" xlink:from="Type1SemiAnnualConsolidatedFinancialStatementsHeading" xlink:to="Type1SemiAnnualConsolidatedStatementOfComprehensiveIncomeSingleStatementHeading" order="3.0" preferredLabel="http://disclosure.edinet-fsa.go.jp/jpcrp/std/alt/role/label"/>
    <link:loc xlink:type="locator" xlink:href="../jpcrp_cor_2025-08-01.xsd#jpcrp_cor_Type1SemiAnnualConsolidatedStatementOfComprehensiveIncomeSingleStatementTextBlock" xlink:label="Type1SemiAnnualConsolidatedStatementOfComprehensiveIncomeSingleStatementTextBlock"/>
    <link:presentationArc xlink:type="arc" xlink:arcrole="http://www.xbrl.org/2003/arcrole/parent-child" xlink:from="Type1SemiAnnualConsolidatedStatementOfComprehensiveIncomeSingleStatementHeading" xlink:to="Type1SemiAnnualConsolidatedStatementOfComprehensiveIncomeSingleStatementTextBlock" order="1.0"/>
    <link:loc xlink:type="locator" xlink:href="../jpcrp_cor_2025-08-01.xsd#jpcrp_cor_SemiAnnualConsolidatedStatementOfComprehensiveIncomeSingleStatementUSGAAPTextBlock" xlink:label="SemiAnnualConsolidatedStatementOfComprehensiveIncomeSingleStatementUSGAAPTextBlock"/>
    <link:presentationArc xlink:type="arc" xlink:arcrole="http://www.xbrl.org/2003/arcrole/parent-child" xlink:from="Type1SemiAnnualConsolidatedStatementOfComprehensiveIncomeSingleStatementHeading" xlink:to="SemiAnnualConsolidatedStatementOfComprehensiveIncomeSingleStatementUSGAAPTextBlock" order="2.0"/>
    <link:loc xlink:type="locator" xlink:href="../../../jppfs/2025-08-01/jppfs_cor_2025-08-01.xsd#jppfs_cor_Type1SemiAnnualConsolidatedStatementOfCashFlowsHeading" xlink:label="Type1SemiAnnualConsolidatedStatementOfCashFlowsHeading"/>
    <link:presentationArc xlink:type="arc" xlink:arcrole="http://www.xbrl.org/2003/arcrole/parent-child" xlink:from="Type1SemiAnnualConsolidatedFinancialStatementsHeading" xlink:to="Type1SemiAnnualConsolidatedStatementOfCashFlowsHeading" order="4.0" preferredLabel="http://disclosure.edinet-fsa.go.jp/jpcrp/std/alt/role/label"/>
    <link:loc xlink:type="locator" xlink:href="../jpcrp_cor_2025-08-01.xsd#jpcrp_cor_Type1SemiAnnualConsolidatedStatementOfCashFlowsTextBlock" xlink:label="Type1SemiAnnualConsolidatedStatementOfCashFlowsTextBlock"/>
    <link:presentationArc xlink:type="arc" xlink:arcrole="http://www.xbrl.org/2003/arcrole/parent-child" xlink:from="Type1SemiAnnualConsolidatedStatementOfCashFlowsHeading" xlink:to="Type1SemiAnnualConsolidatedStatementOfCashFlowsTextBlock" order="1.0"/>
    <link:loc xlink:type="locator" xlink:href="../jpcrp_cor_2025-08-01.xsd#jpcrp_cor_SemiAnnualConsolidatedStatementOfCashFlowsUSGAAPTextBlock" xlink:label="SemiAnnualConsolidatedStatementOfCashFlowsUSGAAPTextBlock"/>
    <link:presentationArc xlink:type="arc" xlink:arcrole="http://www.xbrl.org/2003/arcrole/parent-child" xlink:from="Type1SemiAnnualConsolidatedStatementOfCashFlowsHeading" xlink:to="SemiAnnualConsolidatedStatementOfCashFlowsUSGAAPTextBlock" order="2.0"/>
    <link:loc xlink:type="locator" xlink:href="../jpcrp_cor_2025-08-01.xsd#jpcrp_cor_Type1SemiAnnualFinancialStatementsHeading" xlink:label="Type1SemiAnnualFinancialStatementsHeading"/>
    <link:presentationArc xlink:type="arc" xlink:arcrole="http://www.xbrl.org/2003/arcrole/parent-child" xlink:from="CabinetOfficeOrdinanceOnDisclosureOfCorporateInformationEtcFormNo93SemiAnnualSecuritiesReportHeading" xlink:to="Type1SemiAnnualFinancialStatementsHeading" order="2.0" preferredLabel="http://disclosure.edinet-fsa.go.jp/jpcrp/std/alt/role/label"/>
    <link:loc xlink:type="locator" xlink:href="../../../jppfs/2025-08-01/jppfs_cor_2025-08-01.xsd#jppfs_cor_Type1SemiAnnualBalanceSheetHeading" xlink:label="Type1SemiAnnualBalanceSheetHeading"/>
    <link:presentationArc xlink:type="arc" xlink:arcrole="http://www.xbrl.org/2003/arcrole/parent-child" xlink:from="Type1SemiAnnualFinancialStatementsHeading" xlink:to="Type1SemiAnnualBalanceSheetHeading" order="1.0" preferredLabel="http://disclosure.edinet-fsa.go.jp/jpcrp/std/alt/role/label"/>
    <link:loc xlink:type="locator" xlink:href="../jpcrp_cor_2025-08-01.xsd#jpcrp_cor_Type1SemiAnnualBalanceSheetTextBlock" xlink:label="Type1SemiAnnualBalanceSheetTextBlock"/>
    <link:presentationArc xlink:type="arc" xlink:arcrole="http://www.xbrl.org/2003/arcrole/parent-child" xlink:from="Type1SemiAnnualBalanceSheetHeading" xlink:to="Type1SemiAnnualBalanceSheetTextBlock" order="1.0"/>
    <link:loc xlink:type="locator" xlink:href="../../../jppfs/2025-08-01/jppfs_cor_2025-08-01.xsd#jppfs_cor_Type1SemiAnnualStatementOfIncomeHeading" xlink:label="Type1SemiAnnualStatementOfIncomeHeading"/>
    <link:presentationArc xlink:type="arc" xlink:arcrole="http://www.xbrl.org/2003/arcrole/parent-child" xlink:from="Type1SemiAnnualFinancialStatementsHeading" xlink:to="Type1SemiAnnualStatementOfIncomeHeading" order="2.0" preferredLabel="http://disclosure.edinet-fsa.go.jp/jpcrp/std/alt/role/label"/>
    <link:loc xlink:type="locator" xlink:href="../jpcrp_cor_2025-08-01.xsd#jpcrp_cor_Type1SemiAnnualStatementOfIncomeTextBlock" xlink:label="Type1SemiAnnualStatementOfIncomeTextBlock"/>
    <link:presentationArc xlink:type="arc" xlink:arcrole="http://www.xbrl.org/2003/arcrole/parent-child" xlink:from="Type1SemiAnnualStatementOfIncomeHeading" xlink:to="Type1SemiAnnualStatementOfIncomeTextBlock" order="1.0"/>
    <link:loc xlink:type="locator" xlink:href="../../../jppfs/2025-08-01/jppfs_cor_2025-08-01.xsd#jppfs_cor_Type1SemiAnnualStatementOfCashFlowsHeading" xlink:label="Type1SemiAnnualStatementOfCashFlowsHeading"/>
    <link:presentationArc xlink:type="arc" xlink:arcrole="http://www.xbrl.org/2003/arcrole/parent-child" xlink:from="Type1SemiAnnualFinancialStatementsHeading" xlink:to="Type1SemiAnnualStatementOfCashFlowsHeading" order="3.0" preferredLabel="http://disclosure.edinet-fsa.go.jp/jpcrp/std/alt/role/label"/>
    <link:loc xlink:type="locator" xlink:href="../jpcrp_cor_2025-08-01.xsd#jpcrp_cor_Type1SemiAnnualStatementOfCashFlowsTextBlock" xlink:label="Type1SemiAnnualStatementOfCashFlowsTextBlock"/>
    <link:presentationArc xlink:type="arc" xlink:arcrole="http://www.xbrl.org/2003/arcrole/parent-child" xlink:from="Type1SemiAnnualStatementOfCashFlowsHeading" xlink:to="Type1SemiAnnualStatementOfCashFlowsTextBlock" order="1.0"/>
  </link:presentationLink>
</link:linkbase>
