<?xml version="1.0" encoding="UTF-8"?>
<!--  (c) Financial Services Agency, The Japanese Government.
      All Rights Reserved.
      For intellectual property policy and authorized uses of EDINET Taxonomy,
      refer to “EDINET Taxonomy Legal Statement” at http://www.fsa.go.jp/search/EDINET_Taxonomy_Legal_Statement.html
-->
<link:linkbase xmlns:link="http://www.xbrl.org/2003/linkbase" xmlns:xsi="http://www.w3.org/2001/XMLSchema-instance" xmlns:xlink="http://www.w3.org/1999/xlink" xmlns:xbrli="http://www.xbrl.org/2003/instance">
  <link:roleRef roleURI="http://disclosure.edinet-fsa.go.jp/role/jpcrp/rol_std_IndependentAuditorsReport" xlink:type="simple" xlink:href="../jpcrp_rt_2025-08-01.xsd#rol_std_IndependentAuditorsReport"/>
  <link:presentationLink xlink:type="extended" xlink:role="http://disclosure.edinet-fsa.go.jp/role/jpcrp/rol_std_IndependentAuditorsReport">
    <link:loc xlink:type="locator" xlink:href="../jpcrp_cor_2025-08-01.xsd#jpcrp_cor_IndependentAuditorsReportHeading" xlink:label="IndependentAuditorsReportHeading"/>
    <link:loc xlink:type="locator" xlink:href="../jpcrp_cor_2025-08-01.xsd#jpcrp_cor_IndependentAuditorsReportConsolidatedTextBlock" xlink:label="IndependentAuditorsReportConsolidatedTextBlock"/>
    <link:presentationArc xlink:type="arc" xlink:arcrole="http://www.xbrl.org/2003/arcrole/parent-child" xlink:from="IndependentAuditorsReportHeading" xlink:to="IndependentAuditorsReportConsolidatedTextBlock" order="1.0"/>
    <link:loc xlink:type="locator" xlink:href="../jpcrp_cor_2025-08-01.xsd#jpcrp_cor_AuditFirm1Consolidated" xlink:label="AuditFirm1Consolidated"/>
    <link:presentationArc xlink:type="arc" xlink:arcrole="http://www.xbrl.org/2003/arcrole/parent-child" xlink:from="IndependentAuditorsReportConsolidatedTextBlock" xlink:to="AuditFirm1Consolidated" order="1.0"/>
    <link:loc xlink:type="locator" xlink:href="../jpcrp_cor_2025-08-01.xsd#jpcrp_cor_CPA1AuditFirm1Consolidated" xlink:label="CPA1AuditFirm1Consolidated"/>
    <link:presentationArc xlink:type="arc" xlink:arcrole="http://www.xbrl.org/2003/arcrole/parent-child" xlink:from="AuditFirm1Consolidated" xlink:to="CPA1AuditFirm1Consolidated" order="1.0"/>
    <link:loc xlink:type="locator" xlink:href="../jpcrp_cor_2025-08-01.xsd#jpcrp_cor_CPA2AuditFirm1Consolidated" xlink:label="CPA2AuditFirm1Consolidated"/>
    <link:presentationArc xlink:type="arc" xlink:arcrole="http://www.xbrl.org/2003/arcrole/parent-child" xlink:from="AuditFirm1Consolidated" xlink:to="CPA2AuditFirm1Consolidated" order="2.0"/>
    <link:loc xlink:type="locator" xlink:href="../jpcrp_cor_2025-08-01.xsd#jpcrp_cor_CPA3AuditFirm1Consolidated" xlink:label="CPA3AuditFirm1Consolidated"/>
    <link:presentationArc xlink:type="arc" xlink:arcrole="http://www.xbrl.org/2003/arcrole/parent-child" xlink:from="AuditFirm1Consolidated" xlink:to="CPA3AuditFirm1Consolidated" order="3.0"/>
    <link:loc xlink:type="locator" xlink:href="../jpcrp_cor_2025-08-01.xsd#jpcrp_cor_CPA4AuditFirm1Consolidated" xlink:label="CPA4AuditFirm1Consolidated"/>
    <link:presentationArc xlink:type="arc" xlink:arcrole="http://www.xbrl.org/2003/arcrole/parent-child" xlink:from="AuditFirm1Consolidated" xlink:to="CPA4AuditFirm1Consolidated" order="4.0"/>
    <link:loc xlink:type="locator" xlink:href="../jpcrp_cor_2025-08-01.xsd#jpcrp_cor_CPA5AuditFirm1Consolidated" xlink:label="CPA5AuditFirm1Consolidated"/>
    <link:presentationArc xlink:type="arc" xlink:arcrole="http://www.xbrl.org/2003/arcrole/parent-child" xlink:from="AuditFirm1Consolidated" xlink:to="CPA5AuditFirm1Consolidated" order="5.0"/>
    <link:loc xlink:type="locator" xlink:href="../jpcrp_cor_2025-08-01.xsd#jpcrp_cor_AuditFirm2Consolidated" xlink:label="AuditFirm2Consolidated"/>
    <link:presentationArc xlink:type="arc" xlink:arcrole="http://www.xbrl.org/2003/arcrole/parent-child" xlink:from="IndependentAuditorsReportConsolidatedTextBlock" xlink:to="AuditFirm2Consolidated" order="2.0"/>
    <link:loc xlink:type="locator" xlink:href="../jpcrp_cor_2025-08-01.xsd#jpcrp_cor_CPA1AuditFirm2Consolidated" xlink:label="CPA1AuditFirm2Consolidated"/>
    <link:presentationArc xlink:type="arc" xlink:arcrole="http://www.xbrl.org/2003/arcrole/parent-child" xlink:from="AuditFirm2Consolidated" xlink:to="CPA1AuditFirm2Consolidated" order="1.0"/>
    <link:loc xlink:type="locator" xlink:href="../jpcrp_cor_2025-08-01.xsd#jpcrp_cor_CPA2AuditFirm2Consolidated" xlink:label="CPA2AuditFirm2Consolidated"/>
    <link:presentationArc xlink:type="arc" xlink:arcrole="http://www.xbrl.org/2003/arcrole/parent-child" xlink:from="AuditFirm2Consolidated" xlink:to="CPA2AuditFirm2Consolidated" order="2.0"/>
    <link:loc xlink:type="locator" xlink:href="../jpcrp_cor_2025-08-01.xsd#jpcrp_cor_AuditOpinionConsolidatedTextBlock" xlink:label="AuditOpinionConsolidatedTextBlock"/>
    <link:presentationArc xlink:type="arc" xlink:arcrole="http://www.xbrl.org/2003/arcrole/parent-child" xlink:from="IndependentAuditorsReportConsolidatedTextBlock" xlink:to="AuditOpinionConsolidatedTextBlock" order="3.0"/>
    <link:loc xlink:type="locator" xlink:href="../jpcrp_cor_2025-08-01.xsd#jpcrp_cor_KeyAuditMattersConsolidatedTextBlock" xlink:label="KeyAuditMattersConsolidatedTextBlock"/>
    <link:presentationArc xlink:type="arc" xlink:arcrole="http://www.xbrl.org/2003/arcrole/parent-child" xlink:from="IndependentAuditorsReportConsolidatedTextBlock" xlink:to="KeyAuditMattersConsolidatedTextBlock" order="4.0"/>
    <link:loc xlink:type="locator" xlink:href="../jpcrp_cor_2025-08-01.xsd#jpcrp_cor_OverviewKAMConsolidatedTextBlock" xlink:label="OverviewKAMConsolidatedTextBlock"/>
    <link:presentationArc xlink:type="arc" xlink:arcrole="http://www.xbrl.org/2003/arcrole/parent-child" xlink:from="KeyAuditMattersConsolidatedTextBlock" xlink:to="OverviewKAMConsolidatedTextBlock" order="1.0"/>
    <link:loc xlink:type="locator" xlink:href="../jpcrp_cor_2025-08-01.xsd#jpcrp_cor_OtherInformationConsolidatedTextBlock" xlink:label="OtherInformationConsolidatedTextBlock"/>
    <link:presentationArc xlink:type="arc" xlink:arcrole="http://www.xbrl.org/2003/arcrole/parent-child" xlink:from="IndependentAuditorsReportConsolidatedTextBlock" xlink:to="OtherInformationConsolidatedTextBlock" order="5.0"/>
    <link:loc xlink:type="locator" xlink:href="../jpcrp_cor_2025-08-01.xsd#jpcrp_cor_UncorrectedMaterialMisstatementOtherInformationConsolidatedTextBlock" xlink:label="UncorrectedMaterialMisstatementOtherInformationConsolidatedTextBlock"/>
    <link:presentationArc xlink:type="arc" xlink:arcrole="http://www.xbrl.org/2003/arcrole/parent-child" xlink:from="OtherInformationConsolidatedTextBlock" xlink:to="UncorrectedMaterialMisstatementOtherInformationConsolidatedTextBlock" order="1.0"/>
    <link:loc xlink:type="locator" xlink:href="../jpcrp_cor_2025-08-01.xsd#jpcrp_cor_FeeRelatedInformationConsolidatedTextBlock" xlink:label="FeeRelatedInformationConsolidatedTextBlock"/>
    <link:presentationArc xlink:type="arc" xlink:arcrole="http://www.xbrl.org/2003/arcrole/parent-child" xlink:from="IndependentAuditorsReportConsolidatedTextBlock" xlink:to="FeeRelatedInformationConsolidatedTextBlock" order="6.0"/>
    <link:loc xlink:type="locator" xlink:href="../jpcrp_cor_2025-08-01.xsd#jpcrp_cor_IndependentAuditorsReportNonConsolidatedTextBlock" xlink:label="IndependentAuditorsReportNonConsolidatedTextBlock"/>
    <link:presentationArc xlink:type="arc" xlink:arcrole="http://www.xbrl.org/2003/arcrole/parent-child" xlink:from="IndependentAuditorsReportHeading" xlink:to="IndependentAuditorsReportNonConsolidatedTextBlock" order="2.0"/>
    <link:loc xlink:type="locator" xlink:href="../jpcrp_cor_2025-08-01.xsd#jpcrp_cor_AuditFirm1NonConsolidated" xlink:label="AuditFirm1NonConsolidated"/>
    <link:presentationArc xlink:type="arc" xlink:arcrole="http://www.xbrl.org/2003/arcrole/parent-child" xlink:from="IndependentAuditorsReportNonConsolidatedTextBlock" xlink:to="AuditFirm1NonConsolidated" order="1.0"/>
    <link:loc xlink:type="locator" xlink:href="../jpcrp_cor_2025-08-01.xsd#jpcrp_cor_CPA1AuditFirm1NonConsolidated" xlink:label="CPA1AuditFirm1NonConsolidated"/>
    <link:presentationArc xlink:type="arc" xlink:arcrole="http://www.xbrl.org/2003/arcrole/parent-child" xlink:from="AuditFirm1NonConsolidated" xlink:to="CPA1AuditFirm1NonConsolidated" order="1.0"/>
    <link:loc xlink:type="locator" xlink:href="../jpcrp_cor_2025-08-01.xsd#jpcrp_cor_CPA2AuditFirm1NonConsolidated" xlink:label="CPA2AuditFirm1NonConsolidated"/>
    <link:presentationArc xlink:type="arc" xlink:arcrole="http://www.xbrl.org/2003/arcrole/parent-child" xlink:from="AuditFirm1NonConsolidated" xlink:to="CPA2AuditFirm1NonConsolidated" order="2.0"/>
    <link:loc xlink:type="locator" xlink:href="../jpcrp_cor_2025-08-01.xsd#jpcrp_cor_CPA3AuditFirm1NonConsolidated" xlink:label="CPA3AuditFirm1NonConsolidated"/>
    <link:presentationArc xlink:type="arc" xlink:arcrole="http://www.xbrl.org/2003/arcrole/parent-child" xlink:from="AuditFirm1NonConsolidated" xlink:to="CPA3AuditFirm1NonConsolidated" order="3.0"/>
    <link:loc xlink:type="locator" xlink:href="../jpcrp_cor_2025-08-01.xsd#jpcrp_cor_CPA4AuditFirm1NonConsolidated" xlink:label="CPA4AuditFirm1NonConsolidated"/>
    <link:presentationArc xlink:type="arc" xlink:arcrole="http://www.xbrl.org/2003/arcrole/parent-child" xlink:from="AuditFirm1NonConsolidated" xlink:to="CPA4AuditFirm1NonConsolidated" order="4.0"/>
    <link:loc xlink:type="locator" xlink:href="../jpcrp_cor_2025-08-01.xsd#jpcrp_cor_CPA5AuditFirm1NonConsolidated" xlink:label="CPA5AuditFirm1NonConsolidated"/>
    <link:presentationArc xlink:type="arc" xlink:arcrole="http://www.xbrl.org/2003/arcrole/parent-child" xlink:from="AuditFirm1NonConsolidated" xlink:to="CPA5AuditFirm1NonConsolidated" order="5.0"/>
    <link:loc xlink:type="locator" xlink:href="../jpcrp_cor_2025-08-01.xsd#jpcrp_cor_AuditFirm2NonConsolidated" xlink:label="AuditFirm2NonConsolidated"/>
    <link:presentationArc xlink:type="arc" xlink:arcrole="http://www.xbrl.org/2003/arcrole/parent-child" xlink:from="IndependentAuditorsReportNonConsolidatedTextBlock" xlink:to="AuditFirm2NonConsolidated" order="2.0"/>
    <link:loc xlink:type="locator" xlink:href="../jpcrp_cor_2025-08-01.xsd#jpcrp_cor_CPA1AuditFirm2NonConsolidated" xlink:label="CPA1AuditFirm2NonConsolidated"/>
    <link:presentationArc xlink:type="arc" xlink:arcrole="http://www.xbrl.org/2003/arcrole/parent-child" xlink:from="AuditFirm2NonConsolidated" xlink:to="CPA1AuditFirm2NonConsolidated" order="1.0"/>
    <link:loc xlink:type="locator" xlink:href="../jpcrp_cor_2025-08-01.xsd#jpcrp_cor_CPA2AuditFirm2NonConsolidated" xlink:label="CPA2AuditFirm2NonConsolidated"/>
    <link:presentationArc xlink:type="arc" xlink:arcrole="http://www.xbrl.org/2003/arcrole/parent-child" xlink:from="AuditFirm2NonConsolidated" xlink:to="CPA2AuditFirm2NonConsolidated" order="2.0"/>
    <link:loc xlink:type="locator" xlink:href="../jpcrp_cor_2025-08-01.xsd#jpcrp_cor_AuditOpinionNonConsolidatedTextBlock" xlink:label="AuditOpinionNonConsolidatedTextBlock"/>
    <link:presentationArc xlink:type="arc" xlink:arcrole="http://www.xbrl.org/2003/arcrole/parent-child" xlink:from="IndependentAuditorsReportNonConsolidatedTextBlock" xlink:to="AuditOpinionNonConsolidatedTextBlock" order="3.0"/>
    <link:loc xlink:type="locator" xlink:href="../jpcrp_cor_2025-08-01.xsd#jpcrp_cor_KeyAuditMattersNonConsolidatedTextBlock" xlink:label="KeyAuditMattersNonConsolidatedTextBlock"/>
    <link:presentationArc xlink:type="arc" xlink:arcrole="http://www.xbrl.org/2003/arcrole/parent-child" xlink:from="IndependentAuditorsReportNonConsolidatedTextBlock" xlink:to="KeyAuditMattersNonConsolidatedTextBlock" order="4.0"/>
    <link:loc xlink:type="locator" xlink:href="../jpcrp_cor_2025-08-01.xsd#jpcrp_cor_OverviewKAMNonConsolidatedTextBlock" xlink:label="OverviewKAMNonConsolidatedTextBlock"/>
    <link:presentationArc xlink:type="arc" xlink:arcrole="http://www.xbrl.org/2003/arcrole/parent-child" xlink:from="KeyAuditMattersNonConsolidatedTextBlock" xlink:to="OverviewKAMNonConsolidatedTextBlock" order="1.0"/>
    <link:loc xlink:type="locator" xlink:href="../jpcrp_cor_2025-08-01.xsd#jpcrp_cor_OtherInformationNonConsolidatedTextBlock" xlink:label="OtherInformationNonConsolidatedTextBlock"/>
    <link:presentationArc xlink:type="arc" xlink:arcrole="http://www.xbrl.org/2003/arcrole/parent-child" xlink:from="IndependentAuditorsReportNonConsolidatedTextBlock" xlink:to="OtherInformationNonConsolidatedTextBlock" order="5.0"/>
    <link:loc xlink:type="locator" xlink:href="../jpcrp_cor_2025-08-01.xsd#jpcrp_cor_UncorrectedMaterialMisstatementOtherInformationNonConsolidatedTextBlock" xlink:label="UncorrectedMaterialMisstatementOtherInformationNonConsolidatedTextBlock"/>
    <link:presentationArc xlink:type="arc" xlink:arcrole="http://www.xbrl.org/2003/arcrole/parent-child" xlink:from="OtherInformationNonConsolidatedTextBlock" xlink:to="UncorrectedMaterialMisstatementOtherInformationNonConsolidatedTextBlock" order="1.0"/>
    <link:loc xlink:type="locator" xlink:href="../jpcrp_cor_2025-08-01.xsd#jpcrp_cor_FeeRelatedInformationNonConsolidatedTextBlock" xlink:label="FeeRelatedInformationNonConsolidatedTextBlock"/>
    <link:presentationArc xlink:type="arc" xlink:arcrole="http://www.xbrl.org/2003/arcrole/parent-child" xlink:from="IndependentAuditorsReportNonConsolidatedTextBlock" xlink:to="FeeRelatedInformationNonConsolidatedTextBlock" order="6.0"/>
    <link:loc xlink:type="locator" xlink:href="../jpcrp_cor_2025-08-01.xsd#jpcrp_cor_IndependentAuditorsReportSemiAnnualPeriodOfNextFiscalYearConsolidatedTextBlock" xlink:label="IndependentAuditorsReportSemiAnnualPeriodOfNextFiscalYearConsolidatedTextBlock"/>
    <link:presentationArc xlink:type="arc" xlink:arcrole="http://www.xbrl.org/2003/arcrole/parent-child" xlink:from="IndependentAuditorsReportHeading" xlink:to="IndependentAuditorsReportSemiAnnualPeriodOfNextFiscalYearConsolidatedTextBlock" order="3.0"/>
    <link:loc xlink:type="locator" xlink:href="../jpcrp_cor_2025-08-01.xsd#jpcrp_cor_AuditFirm1SemiAnnualPeriodOfNextFiscalYearConsolidated" xlink:label="AuditFirm1SemiAnnualPeriodOfNextFiscalYearConsolidated"/>
    <link:presentationArc xlink:type="arc" xlink:arcrole="http://www.xbrl.org/2003/arcrole/parent-child" xlink:from="IndependentAuditorsReportSemiAnnualPeriodOfNextFiscalYearConsolidatedTextBlock" xlink:to="AuditFirm1SemiAnnualPeriodOfNextFiscalYearConsolidated" order="1.0"/>
    <link:loc xlink:type="locator" xlink:href="../jpcrp_cor_2025-08-01.xsd#jpcrp_cor_CPA1AuditFirm1SemiAnnualPeriodOfNextFiscalYearConsolidated" xlink:label="CPA1AuditFirm1SemiAnnualPeriodOfNextFiscalYearConsolidated"/>
    <link:presentationArc xlink:type="arc" xlink:arcrole="http://www.xbrl.org/2003/arcrole/parent-child" xlink:from="AuditFirm1SemiAnnualPeriodOfNextFiscalYearConsolidated" xlink:to="CPA1AuditFirm1SemiAnnualPeriodOfNextFiscalYearConsolidated" order="1.0"/>
    <link:loc xlink:type="locator" xlink:href="../jpcrp_cor_2025-08-01.xsd#jpcrp_cor_CPA2AuditFirm1SemiAnnualPeriodOfNextFiscalYearConsolidated" xlink:label="CPA2AuditFirm1SemiAnnualPeriodOfNextFiscalYearConsolidated"/>
    <link:presentationArc xlink:type="arc" xlink:arcrole="http://www.xbrl.org/2003/arcrole/parent-child" xlink:from="AuditFirm1SemiAnnualPeriodOfNextFiscalYearConsolidated" xlink:to="CPA2AuditFirm1SemiAnnualPeriodOfNextFiscalYearConsolidated" order="2.0"/>
    <link:loc xlink:type="locator" xlink:href="../jpcrp_cor_2025-08-01.xsd#jpcrp_cor_CPA3AuditFirm1SemiAnnualPeriodOfNextFiscalYearConsolidated" xlink:label="CPA3AuditFirm1SemiAnnualPeriodOfNextFiscalYearConsolidated"/>
    <link:presentationArc xlink:type="arc" xlink:arcrole="http://www.xbrl.org/2003/arcrole/parent-child" xlink:from="AuditFirm1SemiAnnualPeriodOfNextFiscalYearConsolidated" xlink:to="CPA3AuditFirm1SemiAnnualPeriodOfNextFiscalYearConsolidated" order="3.0"/>
    <link:loc xlink:type="locator" xlink:href="../jpcrp_cor_2025-08-01.xsd#jpcrp_cor_CPA4AuditFirm1SemiAnnualPeriodOfNextFiscalYearConsolidated" xlink:label="CPA4AuditFirm1SemiAnnualPeriodOfNextFiscalYearConsolidated"/>
    <link:presentationArc xlink:type="arc" xlink:arcrole="http://www.xbrl.org/2003/arcrole/parent-child" xlink:from="AuditFirm1SemiAnnualPeriodOfNextFiscalYearConsolidated" xlink:to="CPA4AuditFirm1SemiAnnualPeriodOfNextFiscalYearConsolidated" order="4.0"/>
    <link:loc xlink:type="locator" xlink:href="../jpcrp_cor_2025-08-01.xsd#jpcrp_cor_CPA5AuditFirm1SemiAnnualPeriodOfNextFiscalYearConsolidated" xlink:label="CPA5AuditFirm1SemiAnnualPeriodOfNextFiscalYearConsolidated"/>
    <link:presentationArc xlink:type="arc" xlink:arcrole="http://www.xbrl.org/2003/arcrole/parent-child" xlink:from="AuditFirm1SemiAnnualPeriodOfNextFiscalYearConsolidated" xlink:to="CPA5AuditFirm1SemiAnnualPeriodOfNextFiscalYearConsolidated" order="5.0"/>
    <link:loc xlink:type="locator" xlink:href="../jpcrp_cor_2025-08-01.xsd#jpcrp_cor_AuditFirm2SemiAnnualPeriodOfNextFiscalYearConsolidated" xlink:label="AuditFirm2SemiAnnualPeriodOfNextFiscalYearConsolidated"/>
    <link:presentationArc xlink:type="arc" xlink:arcrole="http://www.xbrl.org/2003/arcrole/parent-child" xlink:from="IndependentAuditorsReportSemiAnnualPeriodOfNextFiscalYearConsolidatedTextBlock" xlink:to="AuditFirm2SemiAnnualPeriodOfNextFiscalYearConsolidated" order="2.0"/>
    <link:loc xlink:type="locator" xlink:href="../jpcrp_cor_2025-08-01.xsd#jpcrp_cor_CPA1AuditFirm2SemiAnnualPeriodOfNextFiscalYearConsolidated" xlink:label="CPA1AuditFirm2SemiAnnualPeriodOfNextFiscalYearConsolidated"/>
    <link:presentationArc xlink:type="arc" xlink:arcrole="http://www.xbrl.org/2003/arcrole/parent-child" xlink:from="AuditFirm2SemiAnnualPeriodOfNextFiscalYearConsolidated" xlink:to="CPA1AuditFirm2SemiAnnualPeriodOfNextFiscalYearConsolidated" order="1.0"/>
    <link:loc xlink:type="locator" xlink:href="../jpcrp_cor_2025-08-01.xsd#jpcrp_cor_CPA2AuditFirm2SemiAnnualPeriodOfNextFiscalYearConsolidated" xlink:label="CPA2AuditFirm2SemiAnnualPeriodOfNextFiscalYearConsolidated"/>
    <link:presentationArc xlink:type="arc" xlink:arcrole="http://www.xbrl.org/2003/arcrole/parent-child" xlink:from="AuditFirm2SemiAnnualPeriodOfNextFiscalYearConsolidated" xlink:to="CPA2AuditFirm2SemiAnnualPeriodOfNextFiscalYearConsolidated" order="2.0"/>
    <link:loc xlink:type="locator" xlink:href="../jpcrp_cor_2025-08-01.xsd#jpcrp_cor_IndependentAuditorsReportSemiAnnualPeriodOfNextFiscalYearNonConsolidatedTextBlock" xlink:label="IndependentAuditorsReportSemiAnnualPeriodOfNextFiscalYearNonConsolidatedTextBlock"/>
    <link:presentationArc xlink:type="arc" xlink:arcrole="http://www.xbrl.org/2003/arcrole/parent-child" xlink:from="IndependentAuditorsReportHeading" xlink:to="IndependentAuditorsReportSemiAnnualPeriodOfNextFiscalYearNonConsolidatedTextBlock" order="4.0"/>
    <link:loc xlink:type="locator" xlink:href="../jpcrp_cor_2025-08-01.xsd#jpcrp_cor_AuditFirm1SemiAnnualPeriodOfNextFiscalYearNonConsolidated" xlink:label="AuditFirm1SemiAnnualPeriodOfNextFiscalYearNonConsolidated"/>
    <link:presentationArc xlink:type="arc" xlink:arcrole="http://www.xbrl.org/2003/arcrole/parent-child" xlink:from="IndependentAuditorsReportSemiAnnualPeriodOfNextFiscalYearNonConsolidatedTextBlock" xlink:to="AuditFirm1SemiAnnualPeriodOfNextFiscalYearNonConsolidated" order="1.0"/>
    <link:loc xlink:type="locator" xlink:href="../jpcrp_cor_2025-08-01.xsd#jpcrp_cor_CPA1AuditFirm1SemiAnnualPeriodOfNextFiscalYearNonConsolidated" xlink:label="CPA1AuditFirm1SemiAnnualPeriodOfNextFiscalYearNonConsolidated"/>
    <link:presentationArc xlink:type="arc" xlink:arcrole="http://www.xbrl.org/2003/arcrole/parent-child" xlink:from="AuditFirm1SemiAnnualPeriodOfNextFiscalYearNonConsolidated" xlink:to="CPA1AuditFirm1SemiAnnualPeriodOfNextFiscalYearNonConsolidated" order="1.0"/>
    <link:loc xlink:type="locator" xlink:href="../jpcrp_cor_2025-08-01.xsd#jpcrp_cor_CPA2AuditFirm1SemiAnnualPeriodOfNextFiscalYearNonConsolidated" xlink:label="CPA2AuditFirm1SemiAnnualPeriodOfNextFiscalYearNonConsolidated"/>
    <link:presentationArc xlink:type="arc" xlink:arcrole="http://www.xbrl.org/2003/arcrole/parent-child" xlink:from="AuditFirm1SemiAnnualPeriodOfNextFiscalYearNonConsolidated" xlink:to="CPA2AuditFirm1SemiAnnualPeriodOfNextFiscalYearNonConsolidated" order="2.0"/>
    <link:loc xlink:type="locator" xlink:href="../jpcrp_cor_2025-08-01.xsd#jpcrp_cor_CPA3AuditFirm1SemiAnnualPeriodOfNextFiscalYearNonConsolidated" xlink:label="CPA3AuditFirm1SemiAnnualPeriodOfNextFiscalYearNonConsolidated"/>
    <link:presentationArc xlink:type="arc" xlink:arcrole="http://www.xbrl.org/2003/arcrole/parent-child" xlink:from="AuditFirm1SemiAnnualPeriodOfNextFiscalYearNonConsolidated" xlink:to="CPA3AuditFirm1SemiAnnualPeriodOfNextFiscalYearNonConsolidated" order="3.0"/>
    <link:loc xlink:type="locator" xlink:href="../jpcrp_cor_2025-08-01.xsd#jpcrp_cor_CPA4AuditFirm1SemiAnnualPeriodOfNextFiscalYearNonConsolidated" xlink:label="CPA4AuditFirm1SemiAnnualPeriodOfNextFiscalYearNonConsolidated"/>
    <link:presentationArc xlink:type="arc" xlink:arcrole="http://www.xbrl.org/2003/arcrole/parent-child" xlink:from="AuditFirm1SemiAnnualPeriodOfNextFiscalYearNonConsolidated" xlink:to="CPA4AuditFirm1SemiAnnualPeriodOfNextFiscalYearNonConsolidated" order="4.0"/>
    <link:loc xlink:type="locator" xlink:href="../jpcrp_cor_2025-08-01.xsd#jpcrp_cor_CPA5AuditFirm1SemiAnnualPeriodOfNextFiscalYearNonConsolidated" xlink:label="CPA5AuditFirm1SemiAnnualPeriodOfNextFiscalYearNonConsolidated"/>
    <link:presentationArc xlink:type="arc" xlink:arcrole="http://www.xbrl.org/2003/arcrole/parent-child" xlink:from="AuditFirm1SemiAnnualPeriodOfNextFiscalYearNonConsolidated" xlink:to="CPA5AuditFirm1SemiAnnualPeriodOfNextFiscalYearNonConsolidated" order="5.0"/>
    <link:loc xlink:type="locator" xlink:href="../jpcrp_cor_2025-08-01.xsd#jpcrp_cor_AuditFirm2SemiAnnualPeriodOfNextFiscalYearNonConsolidated" xlink:label="AuditFirm2SemiAnnualPeriodOfNextFiscalYearNonConsolidated"/>
    <link:presentationArc xlink:type="arc" xlink:arcrole="http://www.xbrl.org/2003/arcrole/parent-child" xlink:from="IndependentAuditorsReportSemiAnnualPeriodOfNextFiscalYearNonConsolidatedTextBlock" xlink:to="AuditFirm2SemiAnnualPeriodOfNextFiscalYearNonConsolidated" order="2.0"/>
    <link:loc xlink:type="locator" xlink:href="../jpcrp_cor_2025-08-01.xsd#jpcrp_cor_CPA1AuditFirm2SemiAnnualPeriodOfNextFiscalYearNonConsolidated" xlink:label="CPA1AuditFirm2SemiAnnualPeriodOfNextFiscalYearNonConsolidated"/>
    <link:presentationArc xlink:type="arc" xlink:arcrole="http://www.xbrl.org/2003/arcrole/parent-child" xlink:from="AuditFirm2SemiAnnualPeriodOfNextFiscalYearNonConsolidated" xlink:to="CPA1AuditFirm2SemiAnnualPeriodOfNextFiscalYearNonConsolidated" order="1.0"/>
    <link:loc xlink:type="locator" xlink:href="../jpcrp_cor_2025-08-01.xsd#jpcrp_cor_CPA2AuditFirm2SemiAnnualPeriodOfNextFiscalYearNonConsolidated" xlink:label="CPA2AuditFirm2SemiAnnualPeriodOfNextFiscalYearNonConsolidated"/>
    <link:presentationArc xlink:type="arc" xlink:arcrole="http://www.xbrl.org/2003/arcrole/parent-child" xlink:from="AuditFirm2SemiAnnualPeriodOfNextFiscalYearNonConsolidated" xlink:to="CPA2AuditFirm2SemiAnnualPeriodOfNextFiscalYearNonConsolidated" order="2.0"/>
    <link:loc xlink:type="locator" xlink:href="../jpcrp_cor_2025-08-01.xsd#jpcrp_cor_IndependentAuditorsReportConsolidatedPriorYearTextBlock" xlink:label="IndependentAuditorsReportConsolidatedPriorYearTextBlock"/>
    <link:presentationArc xlink:type="arc" xlink:arcrole="http://www.xbrl.org/2003/arcrole/parent-child" xlink:from="IndependentAuditorsReportHeading" xlink:to="IndependentAuditorsReportConsolidatedPriorYearTextBlock" order="5.0"/>
    <link:loc xlink:type="locator" xlink:href="../jpcrp_cor_2025-08-01.xsd#jpcrp_cor_AuditFirm1ConsolidatedPriorYear" xlink:label="AuditFirm1ConsolidatedPriorYear"/>
    <link:presentationArc xlink:type="arc" xlink:arcrole="http://www.xbrl.org/2003/arcrole/parent-child" xlink:from="IndependentAuditorsReportConsolidatedPriorYearTextBlock" xlink:to="AuditFirm1ConsolidatedPriorYear" order="1.0"/>
    <link:loc xlink:type="locator" xlink:href="../jpcrp_cor_2025-08-01.xsd#jpcrp_cor_CPA1AuditFirm1ConsolidatedPriorYear" xlink:label="CPA1AuditFirm1ConsolidatedPriorYear"/>
    <link:presentationArc xlink:type="arc" xlink:arcrole="http://www.xbrl.org/2003/arcrole/parent-child" xlink:from="AuditFirm1ConsolidatedPriorYear" xlink:to="CPA1AuditFirm1ConsolidatedPriorYear" order="1.0"/>
    <link:loc xlink:type="locator" xlink:href="../jpcrp_cor_2025-08-01.xsd#jpcrp_cor_CPA2AuditFirm1ConsolidatedPriorYear" xlink:label="CPA2AuditFirm1ConsolidatedPriorYear"/>
    <link:presentationArc xlink:type="arc" xlink:arcrole="http://www.xbrl.org/2003/arcrole/parent-child" xlink:from="AuditFirm1ConsolidatedPriorYear" xlink:to="CPA2AuditFirm1ConsolidatedPriorYear" order="2.0"/>
    <link:loc xlink:type="locator" xlink:href="../jpcrp_cor_2025-08-01.xsd#jpcrp_cor_CPA3AuditFirm1ConsolidatedPriorYear" xlink:label="CPA3AuditFirm1ConsolidatedPriorYear"/>
    <link:presentationArc xlink:type="arc" xlink:arcrole="http://www.xbrl.org/2003/arcrole/parent-child" xlink:from="AuditFirm1ConsolidatedPriorYear" xlink:to="CPA3AuditFirm1ConsolidatedPriorYear" order="3.0"/>
    <link:loc xlink:type="locator" xlink:href="../jpcrp_cor_2025-08-01.xsd#jpcrp_cor_CPA4AuditFirm1ConsolidatedPriorYear" xlink:label="CPA4AuditFirm1ConsolidatedPriorYear"/>
    <link:presentationArc xlink:type="arc" xlink:arcrole="http://www.xbrl.org/2003/arcrole/parent-child" xlink:from="AuditFirm1ConsolidatedPriorYear" xlink:to="CPA4AuditFirm1ConsolidatedPriorYear" order="4.0"/>
    <link:loc xlink:type="locator" xlink:href="../jpcrp_cor_2025-08-01.xsd#jpcrp_cor_CPA5AuditFirm1ConsolidatedPriorYear" xlink:label="CPA5AuditFirm1ConsolidatedPriorYear"/>
    <link:presentationArc xlink:type="arc" xlink:arcrole="http://www.xbrl.org/2003/arcrole/parent-child" xlink:from="AuditFirm1ConsolidatedPriorYear" xlink:to="CPA5AuditFirm1ConsolidatedPriorYear" order="5.0"/>
    <link:loc xlink:type="locator" xlink:href="../jpcrp_cor_2025-08-01.xsd#jpcrp_cor_AuditFirm2ConsolidatedPriorYear" xlink:label="AuditFirm2ConsolidatedPriorYear"/>
    <link:presentationArc xlink:type="arc" xlink:arcrole="http://www.xbrl.org/2003/arcrole/parent-child" xlink:from="IndependentAuditorsReportConsolidatedPriorYearTextBlock" xlink:to="AuditFirm2ConsolidatedPriorYear" order="2.0"/>
    <link:loc xlink:type="locator" xlink:href="../jpcrp_cor_2025-08-01.xsd#jpcrp_cor_CPA1AuditFirm2ConsolidatedPriorYear" xlink:label="CPA1AuditFirm2ConsolidatedPriorYear"/>
    <link:presentationArc xlink:type="arc" xlink:arcrole="http://www.xbrl.org/2003/arcrole/parent-child" xlink:from="AuditFirm2ConsolidatedPriorYear" xlink:to="CPA1AuditFirm2ConsolidatedPriorYear" order="1.0"/>
    <link:loc xlink:type="locator" xlink:href="../jpcrp_cor_2025-08-01.xsd#jpcrp_cor_CPA2AuditFirm2ConsolidatedPriorYear" xlink:label="CPA2AuditFirm2ConsolidatedPriorYear"/>
    <link:presentationArc xlink:type="arc" xlink:arcrole="http://www.xbrl.org/2003/arcrole/parent-child" xlink:from="AuditFirm2ConsolidatedPriorYear" xlink:to="CPA2AuditFirm2ConsolidatedPriorYear" order="2.0"/>
    <link:loc xlink:type="locator" xlink:href="../jpcrp_cor_2025-08-01.xsd#jpcrp_cor_AuditOpinionConsolidatedPriorYearTextBlock" xlink:label="AuditOpinionConsolidatedPriorYearTextBlock"/>
    <link:presentationArc xlink:type="arc" xlink:arcrole="http://www.xbrl.org/2003/arcrole/parent-child" xlink:from="IndependentAuditorsReportConsolidatedPriorYearTextBlock" xlink:to="AuditOpinionConsolidatedPriorYearTextBlock" order="3.0"/>
    <link:loc xlink:type="locator" xlink:href="../jpcrp_cor_2025-08-01.xsd#jpcrp_cor_KeyAuditMattersConsolidatedPriorYearTextBlock" xlink:label="KeyAuditMattersConsolidatedPriorYearTextBlock"/>
    <link:presentationArc xlink:type="arc" xlink:arcrole="http://www.xbrl.org/2003/arcrole/parent-child" xlink:from="IndependentAuditorsReportConsolidatedPriorYearTextBlock" xlink:to="KeyAuditMattersConsolidatedPriorYearTextBlock" order="4.0"/>
    <link:loc xlink:type="locator" xlink:href="../jpcrp_cor_2025-08-01.xsd#jpcrp_cor_OverviewKAMConsolidatedPriorYearTextBlock" xlink:label="OverviewKAMConsolidatedPriorYearTextBlock"/>
    <link:presentationArc xlink:type="arc" xlink:arcrole="http://www.xbrl.org/2003/arcrole/parent-child" xlink:from="KeyAuditMattersConsolidatedPriorYearTextBlock" xlink:to="OverviewKAMConsolidatedPriorYearTextBlock" order="1.0"/>
    <link:loc xlink:type="locator" xlink:href="../jpcrp_cor_2025-08-01.xsd#jpcrp_cor_OtherInformationConsolidatedPriorYearTextBlock" xlink:label="OtherInformationConsolidatedPriorYearTextBlock"/>
    <link:presentationArc xlink:type="arc" xlink:arcrole="http://www.xbrl.org/2003/arcrole/parent-child" xlink:from="IndependentAuditorsReportConsolidatedPriorYearTextBlock" xlink:to="OtherInformationConsolidatedPriorYearTextBlock" order="5.0"/>
    <link:loc xlink:type="locator" xlink:href="../jpcrp_cor_2025-08-01.xsd#jpcrp_cor_UncorrectedMaterialMisstatementOtherInformationConsolidatedPriorYearTextBlock" xlink:label="UncorrectedMaterialMisstatementOtherInformationConsolidatedPriorYearTextBlock"/>
    <link:presentationArc xlink:type="arc" xlink:arcrole="http://www.xbrl.org/2003/arcrole/parent-child" xlink:from="OtherInformationConsolidatedPriorYearTextBlock" xlink:to="UncorrectedMaterialMisstatementOtherInformationConsolidatedPriorYearTextBlock" order="1.0"/>
    <link:loc xlink:type="locator" xlink:href="../jpcrp_cor_2025-08-01.xsd#jpcrp_cor_FeeRelatedInformationConsolidatedPriorYearTextBlock" xlink:label="FeeRelatedInformationConsolidatedPriorYearTextBlock"/>
    <link:presentationArc xlink:type="arc" xlink:arcrole="http://www.xbrl.org/2003/arcrole/parent-child" xlink:from="IndependentAuditorsReportConsolidatedPriorYearTextBlock" xlink:to="FeeRelatedInformationConsolidatedPriorYearTextBlock" order="6.0"/>
    <link:loc xlink:type="locator" xlink:href="../jpcrp_cor_2025-08-01.xsd#jpcrp_cor_IndependentAuditorsReportNonConsolidatedPriorYearTextBlock" xlink:label="IndependentAuditorsReportNonConsolidatedPriorYearTextBlock"/>
    <link:presentationArc xlink:type="arc" xlink:arcrole="http://www.xbrl.org/2003/arcrole/parent-child" xlink:from="IndependentAuditorsReportHeading" xlink:to="IndependentAuditorsReportNonConsolidatedPriorYearTextBlock" order="6.0"/>
    <link:loc xlink:type="locator" xlink:href="../jpcrp_cor_2025-08-01.xsd#jpcrp_cor_AuditFirm1NonConsolidatedPriorYear" xlink:label="AuditFirm1NonConsolidatedPriorYear"/>
    <link:presentationArc xlink:type="arc" xlink:arcrole="http://www.xbrl.org/2003/arcrole/parent-child" xlink:from="IndependentAuditorsReportNonConsolidatedPriorYearTextBlock" xlink:to="AuditFirm1NonConsolidatedPriorYear" order="1.0"/>
    <link:loc xlink:type="locator" xlink:href="../jpcrp_cor_2025-08-01.xsd#jpcrp_cor_CPA1AuditFirm1NonConsolidatedPriorYear" xlink:label="CPA1AuditFirm1NonConsolidatedPriorYear"/>
    <link:presentationArc xlink:type="arc" xlink:arcrole="http://www.xbrl.org/2003/arcrole/parent-child" xlink:from="AuditFirm1NonConsolidatedPriorYear" xlink:to="CPA1AuditFirm1NonConsolidatedPriorYear" order="1.0"/>
    <link:loc xlink:type="locator" xlink:href="../jpcrp_cor_2025-08-01.xsd#jpcrp_cor_CPA2AuditFirm1NonConsolidatedPriorYear" xlink:label="CPA2AuditFirm1NonConsolidatedPriorYear"/>
    <link:presentationArc xlink:type="arc" xlink:arcrole="http://www.xbrl.org/2003/arcrole/parent-child" xlink:from="AuditFirm1NonConsolidatedPriorYear" xlink:to="CPA2AuditFirm1NonConsolidatedPriorYear" order="2.0"/>
    <link:loc xlink:type="locator" xlink:href="../jpcrp_cor_2025-08-01.xsd#jpcrp_cor_CPA3AuditFirm1NonConsolidatedPriorYear" xlink:label="CPA3AuditFirm1NonConsolidatedPriorYear"/>
    <link:presentationArc xlink:type="arc" xlink:arcrole="http://www.xbrl.org/2003/arcrole/parent-child" xlink:from="AuditFirm1NonConsolidatedPriorYear" xlink:to="CPA3AuditFirm1NonConsolidatedPriorYear" order="3.0"/>
    <link:loc xlink:type="locator" xlink:href="../jpcrp_cor_2025-08-01.xsd#jpcrp_cor_CPA4AuditFirm1NonConsolidatedPriorYear" xlink:label="CPA4AuditFirm1NonConsolidatedPriorYear"/>
    <link:presentationArc xlink:type="arc" xlink:arcrole="http://www.xbrl.org/2003/arcrole/parent-child" xlink:from="AuditFirm1NonConsolidatedPriorYear" xlink:to="CPA4AuditFirm1NonConsolidatedPriorYear" order="4.0"/>
    <link:loc xlink:type="locator" xlink:href="../jpcrp_cor_2025-08-01.xsd#jpcrp_cor_CPA5AuditFirm1NonConsolidatedPriorYear" xlink:label="CPA5AuditFirm1NonConsolidatedPriorYear"/>
    <link:presentationArc xlink:type="arc" xlink:arcrole="http://www.xbrl.org/2003/arcrole/parent-child" xlink:from="AuditFirm1NonConsolidatedPriorYear" xlink:to="CPA5AuditFirm1NonConsolidatedPriorYear" order="5.0"/>
    <link:loc xlink:type="locator" xlink:href="../jpcrp_cor_2025-08-01.xsd#jpcrp_cor_AuditFirm2NonConsolidatedPriorYear" xlink:label="AuditFirm2NonConsolidatedPriorYear"/>
    <link:presentationArc xlink:type="arc" xlink:arcrole="http://www.xbrl.org/2003/arcrole/parent-child" xlink:from="IndependentAuditorsReportNonConsolidatedPriorYearTextBlock" xlink:to="AuditFirm2NonConsolidatedPriorYear" order="2.0"/>
    <link:loc xlink:type="locator" xlink:href="../jpcrp_cor_2025-08-01.xsd#jpcrp_cor_CPA1AuditFirm2NonConsolidatedPriorYear" xlink:label="CPA1AuditFirm2NonConsolidatedPriorYear"/>
    <link:presentationArc xlink:type="arc" xlink:arcrole="http://www.xbrl.org/2003/arcrole/parent-child" xlink:from="AuditFirm2NonConsolidatedPriorYear" xlink:to="CPA1AuditFirm2NonConsolidatedPriorYear" order="1.0"/>
    <link:loc xlink:type="locator" xlink:href="../jpcrp_cor_2025-08-01.xsd#jpcrp_cor_CPA2AuditFirm2NonConsolidatedPriorYear" xlink:label="CPA2AuditFirm2NonConsolidatedPriorYear"/>
    <link:presentationArc xlink:type="arc" xlink:arcrole="http://www.xbrl.org/2003/arcrole/parent-child" xlink:from="AuditFirm2NonConsolidatedPriorYear" xlink:to="CPA2AuditFirm2NonConsolidatedPriorYear" order="2.0"/>
    <link:loc xlink:type="locator" xlink:href="../jpcrp_cor_2025-08-01.xsd#jpcrp_cor_AuditOpinionNonConsolidatedPriorYearTextBlock" xlink:label="AuditOpinionNonConsolidatedPriorYearTextBlock"/>
    <link:presentationArc xlink:type="arc" xlink:arcrole="http://www.xbrl.org/2003/arcrole/parent-child" xlink:from="IndependentAuditorsReportNonConsolidatedPriorYearTextBlock" xlink:to="AuditOpinionNonConsolidatedPriorYearTextBlock" order="3.0"/>
    <link:loc xlink:type="locator" xlink:href="../jpcrp_cor_2025-08-01.xsd#jpcrp_cor_KeyAuditMattersNonConsolidatedPriorYearTextBlock" xlink:label="KeyAuditMattersNonConsolidatedPriorYearTextBlock"/>
    <link:presentationArc xlink:type="arc" xlink:arcrole="http://www.xbrl.org/2003/arcrole/parent-child" xlink:from="IndependentAuditorsReportNonConsolidatedPriorYearTextBlock" xlink:to="KeyAuditMattersNonConsolidatedPriorYearTextBlock" order="4.0"/>
    <link:loc xlink:type="locator" xlink:href="../jpcrp_cor_2025-08-01.xsd#jpcrp_cor_OverviewKAMNonConsolidatedPriorYearTextBlock" xlink:label="OverviewKAMNonConsolidatedPriorYearTextBlock"/>
    <link:presentationArc xlink:type="arc" xlink:arcrole="http://www.xbrl.org/2003/arcrole/parent-child" xlink:from="KeyAuditMattersNonConsolidatedPriorYearTextBlock" xlink:to="OverviewKAMNonConsolidatedPriorYearTextBlock" order="1.0"/>
    <link:loc xlink:type="locator" xlink:href="../jpcrp_cor_2025-08-01.xsd#jpcrp_cor_OtherInformationNonConsolidatedPriorYearTextBlock" xlink:label="OtherInformationNonConsolidatedPriorYearTextBlock"/>
    <link:presentationArc xlink:type="arc" xlink:arcrole="http://www.xbrl.org/2003/arcrole/parent-child" xlink:from="IndependentAuditorsReportNonConsolidatedPriorYearTextBlock" xlink:to="OtherInformationNonConsolidatedPriorYearTextBlock" order="5.0"/>
    <link:loc xlink:type="locator" xlink:href="../jpcrp_cor_2025-08-01.xsd#jpcrp_cor_UncorrectedMaterialMisstatementOtherInformationNonConsolidatedPriorYearTextBlock" xlink:label="UncorrectedMaterialMisstatementOtherInformationNonConsolidatedPriorYearTextBlock"/>
    <link:presentationArc xlink:type="arc" xlink:arcrole="http://www.xbrl.org/2003/arcrole/parent-child" xlink:from="OtherInformationNonConsolidatedPriorYearTextBlock" xlink:to="UncorrectedMaterialMisstatementOtherInformationNonConsolidatedPriorYearTextBlock" order="1.0"/>
    <link:loc xlink:type="locator" xlink:href="../jpcrp_cor_2025-08-01.xsd#jpcrp_cor_FeeRelatedInformationNonConsolidatedPriorYearTextBlock" xlink:label="FeeRelatedInformationNonConsolidatedPriorYearTextBlock"/>
    <link:presentationArc xlink:type="arc" xlink:arcrole="http://www.xbrl.org/2003/arcrole/parent-child" xlink:from="IndependentAuditorsReportNonConsolidatedPriorYearTextBlock" xlink:to="FeeRelatedInformationNonConsolidatedPriorYearTextBlock" order="6.0"/>
  </link:presentationLink>
</link:linkbase>
