<?xml version="1.0" encoding="UTF-8"?>
<!--  (c) Financial Services Agency, The Japanese Government.
      All Rights Reserved.
      For intellectual property policy and authorized uses of EDINET Taxonomy,
      refer to “EDINET Taxonomy Legal Statement” at http://www.fsa.go.jp/search/EDINET_Taxonomy_Legal_Statement.html
-->
<link:linkbase xmlns:link="http://www.xbrl.org/2003/linkbase" xmlns:xsi="http://www.w3.org/2001/XMLSchema-instance" xmlns:xbrldt="http://xbrl.org/2005/xbrldt" xmlns:xlink="http://www.w3.org/1999/xlink" xmlns:xbrli="http://www.xbrl.org/2003/instance">
  <link:roleRef roleURI="http://disclosure.edinet-fsa.go.jp/role/jpcrp/rol_std_NotesType1SemiAnnualStatementOfCashFlows" xlink:type="simple" xlink:href="../jpcrp_rt_2025-08-01.xsd#rol_std_NotesType1SemiAnnualStatementOfCashFlows"/>
  <link:arcroleRef arcroleURI="http://xbrl.org/int/dim/arcrole/all" xlink:type="simple" xlink:href="http://www.xbrl.org/2005/xbrldt-2005.xsd#all"/>
  <link:arcroleRef arcroleURI="http://xbrl.org/int/dim/arcrole/dimension-domain" xlink:type="simple" xlink:href="http://www.xbrl.org/2005/xbrldt-2005.xsd#dimension-domain"/>
  <link:arcroleRef arcroleURI="http://xbrl.org/int/dim/arcrole/domain-member" xlink:type="simple" xlink:href="http://www.xbrl.org/2005/xbrldt-2005.xsd#domain-member"/>
  <link:arcroleRef arcroleURI="http://xbrl.org/int/dim/arcrole/hypercube-dimension" xlink:type="simple" xlink:href="http://www.xbrl.org/2005/xbrldt-2005.xsd#hypercube-dimension"/>
  <link:definitionLink xlink:type="extended" xlink:role="http://disclosure.edinet-fsa.go.jp/role/jpcrp/rol_std_NotesType1SemiAnnualStatementOfCashFlows">
    <link:loc xlink:type="locator" xlink:href="../../../jppfs/2025-08-01/jppfs_cor_2025-08-01.xsd#jppfs_cor_ConsolidatedOrNonConsolidatedAxis" xlink:label="ConsolidatedOrNonConsolidatedAxis"/>
    <link:loc xlink:type="locator" xlink:href="../../../jppfs/2025-08-01/jppfs_cor_2025-08-01.xsd#jppfs_cor_NonConsolidatedMember" xlink:label="NonConsolidatedMember"/>
    <link:definitionArc xlink:type="arc" xlink:arcrole="http://xbrl.org/int/dim/arcrole/dimension-domain" xlink:from="ConsolidatedOrNonConsolidatedAxis" xlink:to="NonConsolidatedMember" order="1.0"/>
    <link:loc xlink:type="locator" xlink:href="../jpcrp_cor_2025-08-01.xsd#jpcrp_cor_NotesType1SemiAnnualStatementOfCashFlowsHeading" xlink:label="NotesType1SemiAnnualStatementOfCashFlowsHeading"/>
    <link:loc xlink:type="locator" xlink:href="../jpcrp_cor_2025-08-01.xsd#jpcrp_cor_NotesType1SemiAnnualStatementOfCashFlowsTable" xlink:label="NotesType1SemiAnnualStatementOfCashFlowsTable"/>
    <link:definitionArc xlink:type="arc" xlink:arcrole="http://xbrl.org/int/dim/arcrole/all" xlink:from="NotesType1SemiAnnualStatementOfCashFlowsHeading" xlink:to="NotesType1SemiAnnualStatementOfCashFlowsTable" order="1.0" xbrldt:contextElement="scenario" xbrldt:closed="true"/>
    <link:definitionArc xlink:type="arc" xlink:arcrole="http://xbrl.org/int/dim/arcrole/hypercube-dimension" xlink:from="NotesType1SemiAnnualStatementOfCashFlowsTable" xlink:to="ConsolidatedOrNonConsolidatedAxis" order="1.0"/>
    <link:loc xlink:type="locator" xlink:href="../jpcrp_cor_2025-08-01.xsd#jpcrp_cor_NotesType1SemiAnnualStatementOfCashFlowsLineItems" xlink:label="NotesType1SemiAnnualStatementOfCashFlowsLineItems"/>
    <link:definitionArc xlink:type="arc" xlink:arcrole="http://xbrl.org/int/dim/arcrole/domain-member" xlink:from="NotesType1SemiAnnualStatementOfCashFlowsHeading" xlink:to="NotesType1SemiAnnualStatementOfCashFlowsLineItems" order="1.0"/>
    <link:loc xlink:type="locator" xlink:href="../jpcrp_cor_2025-08-01.xsd#jpcrp_cor_ReconciliationOfEndingBalanceOfCashAndCashEquivalentsWithAccountBalancesPerBalanceSheetTextBlock" xlink:label="ReconciliationOfEndingBalanceOfCashAndCashEquivalentsWithAccountBalancesPerBalanceSheetTextBlock"/>
    <link:definitionArc xlink:type="arc" xlink:arcrole="http://xbrl.org/int/dim/arcrole/domain-member" xlink:from="NotesType1SemiAnnualStatementOfCashFlowsLineItems" xlink:to="ReconciliationOfEndingBalanceOfCashAndCashEquivalentsWithAccountBalancesPerBalanceSheetTextBlock" order="1.0"/>
    <link:loc xlink:type="locator" xlink:href="../jpcrp_cor_2025-08-01.xsd#jpcrp_cor_DescriptionOfFactThatCashFlowsFromUsedInInvestingActivitiesIncludeCashFlowsFromAssetManagementActivitiesRelatedToInsuranceBusinessINSTextBlock" xlink:label="DescriptionOfFactThatCashFlowsFromUsedInInvestingActivitiesIncludeCashFlowsFromAssetManagementActivitiesRelatedToInsuranceBusinessINSTextBlock"/>
    <link:definitionArc xlink:type="arc" xlink:arcrole="http://xbrl.org/int/dim/arcrole/domain-member" xlink:from="NotesType1SemiAnnualStatementOfCashFlowsLineItems" xlink:to="DescriptionOfFactThatCashFlowsFromUsedInInvestingActivitiesIncludeCashFlowsFromAssetManagementActivitiesRelatedToInsuranceBusinessINSTextBlock" order="2.0"/>
  </link:definitionLink>
</link:linkbase>
