<?xml version="1.0" encoding="UTF-8"?>
<!--  (c) Financial Services Agency, The Japanese Government.
      All Rights Reserved.
      For intellectual property policy and authorized uses of EDINET Taxonomy,
      refer to “EDINET Taxonomy Legal Statement” at http://www.fsa.go.jp/search/EDINET_Taxonomy_Legal_Statement.html
-->
<link:linkbase xmlns:link="http://www.xbrl.org/2003/linkbase" xmlns:xsi="http://www.w3.org/2001/XMLSchema-instance" xmlns:xbrldt="http://xbrl.org/2005/xbrldt" xmlns:xlink="http://www.w3.org/1999/xlink" xmlns:xbrli="http://www.xbrl.org/2003/instance">
  <link:roleRef roleURI="http://disclosure.edinet-fsa.go.jp/role/jpcrp/rol_std_NotesType1SemiAnnualConsolidatedBalanceSheet" xlink:type="simple" xlink:href="../jpcrp_rt_2025-08-01.xsd#rol_std_NotesType1SemiAnnualConsolidatedBalanceSheet"/>
  <link:arcroleRef arcroleURI="http://xbrl.org/int/dim/arcrole/all" xlink:type="simple" xlink:href="http://www.xbrl.org/2005/xbrldt-2005.xsd#all"/>
  <link:arcroleRef arcroleURI="http://xbrl.org/int/dim/arcrole/dimension-default" xlink:type="simple" xlink:href="http://www.xbrl.org/2005/xbrldt-2005.xsd#dimension-default"/>
  <link:arcroleRef arcroleURI="http://xbrl.org/int/dim/arcrole/dimension-domain" xlink:type="simple" xlink:href="http://www.xbrl.org/2005/xbrldt-2005.xsd#dimension-domain"/>
  <link:arcroleRef arcroleURI="http://xbrl.org/int/dim/arcrole/domain-member" xlink:type="simple" xlink:href="http://www.xbrl.org/2005/xbrldt-2005.xsd#domain-member"/>
  <link:arcroleRef arcroleURI="http://xbrl.org/int/dim/arcrole/hypercube-dimension" xlink:type="simple" xlink:href="http://www.xbrl.org/2005/xbrldt-2005.xsd#hypercube-dimension"/>
  <link:definitionLink xlink:type="extended" xlink:role="http://disclosure.edinet-fsa.go.jp/role/jpcrp/rol_std_NotesType1SemiAnnualConsolidatedBalanceSheet">
    <link:loc xlink:type="locator" xlink:href="../../../jppfs/2025-08-01/jppfs_cor_2025-08-01.xsd#jppfs_cor_ConsolidatedOrNonConsolidatedAxis" xlink:label="ConsolidatedOrNonConsolidatedAxis"/>
    <link:loc xlink:type="locator" xlink:href="../../../jppfs/2025-08-01/jppfs_cor_2025-08-01.xsd#jppfs_cor_ConsolidatedMember" xlink:label="ConsolidatedMember"/>
    <link:definitionArc xlink:type="arc" xlink:arcrole="http://xbrl.org/int/dim/arcrole/dimension-domain" xlink:from="ConsolidatedOrNonConsolidatedAxis" xlink:to="ConsolidatedMember" order="1.0"/>
    <link:loc xlink:type="locator" xlink:href="../../../jppfs/2025-08-01/jppfs_cor_2025-08-01.xsd#jppfs_cor_ConsolidatedMember" xlink:label="ConsolidatedMember_2"/>
    <link:definitionArc xlink:type="arc" xlink:arcrole="http://xbrl.org/int/dim/arcrole/dimension-default" xlink:from="ConsolidatedOrNonConsolidatedAxis" xlink:to="ConsolidatedMember_2" order="1.0"/>
    <link:loc xlink:type="locator" xlink:href="../jpcrp_cor_2025-08-01.xsd#jpcrp_cor_NotesRegardingInventoriesTextBlock" xlink:label="NotesRegardingInventoriesTextBlock"/>
    <link:loc xlink:type="locator" xlink:href="../../../jppfs/2025-08-01/jppfs_cor_2025-08-01.xsd#jppfs_cor_MerchandiseAndFinishedGoods" xlink:label="MerchandiseAndFinishedGoods"/>
    <link:definitionArc xlink:type="arc" xlink:arcrole="http://xbrl.org/int/dim/arcrole/domain-member" xlink:from="NotesRegardingInventoriesTextBlock" xlink:to="MerchandiseAndFinishedGoods" order="1.0"/>
    <link:loc xlink:type="locator" xlink:href="../../../jppfs/2025-08-01/jppfs_cor_2025-08-01.xsd#jppfs_cor_WorkInProcess" xlink:label="WorkInProcess"/>
    <link:definitionArc xlink:type="arc" xlink:arcrole="http://xbrl.org/int/dim/arcrole/domain-member" xlink:from="NotesRegardingInventoriesTextBlock" xlink:to="WorkInProcess" order="2.0"/>
    <link:loc xlink:type="locator" xlink:href="../../../jppfs/2025-08-01/jppfs_cor_2025-08-01.xsd#jppfs_cor_RawMaterialsAndSupplies" xlink:label="RawMaterialsAndSupplies"/>
    <link:definitionArc xlink:type="arc" xlink:arcrole="http://xbrl.org/int/dim/arcrole/domain-member" xlink:from="NotesRegardingInventoriesTextBlock" xlink:to="RawMaterialsAndSupplies" order="3.0"/>
    <link:loc xlink:type="locator" xlink:href="../../../jppfs/2025-08-01/jppfs_cor_2025-08-01.xsd#jppfs_cor_Inventories" xlink:label="Inventories"/>
    <link:definitionArc xlink:type="arc" xlink:arcrole="http://xbrl.org/int/dim/arcrole/domain-member" xlink:from="NotesRegardingInventoriesTextBlock" xlink:to="Inventories" order="4.0"/>
    <link:loc xlink:type="locator" xlink:href="../jpcrp_cor_2025-08-01.xsd#jpcrp_cor_NotesRegardingAllowancesDirectlyDeductedFromBalancesOfAssetsTextBlock" xlink:label="NotesRegardingAllowancesDirectlyDeductedFromBalancesOfAssetsTextBlock"/>
    <link:loc xlink:type="locator" xlink:href="../../../jppfs/2025-08-01/jppfs_cor_2025-08-01.xsd#jppfs_cor_AllowanceForDoubtfulAccountsCA" xlink:label="AllowanceForDoubtfulAccountsCA"/>
    <link:definitionArc xlink:type="arc" xlink:arcrole="http://xbrl.org/int/dim/arcrole/domain-member" xlink:from="NotesRegardingAllowancesDirectlyDeductedFromBalancesOfAssetsTextBlock" xlink:to="AllowanceForDoubtfulAccountsCA" order="1.0"/>
    <link:loc xlink:type="locator" xlink:href="../../../jppfs/2025-08-01/jppfs_cor_2025-08-01.xsd#jppfs_cor_AllowanceForDoubtfulAccountsIOAByGroup" xlink:label="AllowanceForDoubtfulAccountsIOAByGroup"/>
    <link:definitionArc xlink:type="arc" xlink:arcrole="http://xbrl.org/int/dim/arcrole/domain-member" xlink:from="NotesRegardingAllowancesDirectlyDeductedFromBalancesOfAssetsTextBlock" xlink:to="AllowanceForDoubtfulAccountsIOAByGroup" order="2.0"/>
    <link:loc xlink:type="locator" xlink:href="../../../jppfs/2025-08-01/jppfs_cor_2025-08-01.xsd#jppfs_cor_AllowanceForDoubtfulAccountsAccountsReceivableTrade" xlink:label="AllowanceForDoubtfulAccountsAccountsReceivableTrade"/>
    <link:definitionArc xlink:type="arc" xlink:arcrole="http://xbrl.org/int/dim/arcrole/domain-member" xlink:from="NotesRegardingAllowancesDirectlyDeductedFromBalancesOfAssetsTextBlock" xlink:to="AllowanceForDoubtfulAccountsAccountsReceivableTrade" order="3.0"/>
    <link:loc xlink:type="locator" xlink:href="../../../jppfs/2025-08-01/jppfs_cor_2025-08-01.xsd#jppfs_cor_AllowanceForDoubtfulAccountsLongTermLoansReceivable" xlink:label="AllowanceForDoubtfulAccountsLongTermLoansReceivable"/>
    <link:definitionArc xlink:type="arc" xlink:arcrole="http://xbrl.org/int/dim/arcrole/domain-member" xlink:from="NotesRegardingAllowancesDirectlyDeductedFromBalancesOfAssetsTextBlock" xlink:to="AllowanceForDoubtfulAccountsLongTermLoansReceivable" order="4.0"/>
    <link:loc xlink:type="locator" xlink:href="../../../jppfs/2025-08-01/jppfs_cor_2025-08-01.xsd#jppfs_cor_AllowanceForDoubtfulAccountsClaimsInBankruptcyReorganizationClaimsAndOther" xlink:label="AllowanceForDoubtfulAccountsClaimsInBankruptcyReorganizationClaimsAndOther"/>
    <link:definitionArc xlink:type="arc" xlink:arcrole="http://xbrl.org/int/dim/arcrole/domain-member" xlink:from="NotesRegardingAllowancesDirectlyDeductedFromBalancesOfAssetsTextBlock" xlink:to="AllowanceForDoubtfulAccountsClaimsInBankruptcyReorganizationClaimsAndOther" order="5.0"/>
    <link:loc xlink:type="locator" xlink:href="../jpcrp_cor_2025-08-01.xsd#jpcrp_cor_NotesRegardingAccumulatedDepreciationOfPropertyPlantAndEquipmentTextBlock" xlink:label="NotesRegardingAccumulatedDepreciationOfPropertyPlantAndEquipmentTextBlock"/>
    <link:loc xlink:type="locator" xlink:href="../../../jppfs/2025-08-01/jppfs_cor_2025-08-01.xsd#jppfs_cor_AccumulatedDepreciationPPEByGroup" xlink:label="AccumulatedDepreciationPPEByGroup"/>
    <link:definitionArc xlink:type="arc" xlink:arcrole="http://xbrl.org/int/dim/arcrole/domain-member" xlink:from="NotesRegardingAccumulatedDepreciationOfPropertyPlantAndEquipmentTextBlock" xlink:to="AccumulatedDepreciationPPEByGroup" order="1.0"/>
    <link:loc xlink:type="locator" xlink:href="../../../jppfs/2025-08-01/jppfs_cor_2025-08-01.xsd#jppfs_cor_AccumulatedDepreciationBuildings" xlink:label="AccumulatedDepreciationBuildings"/>
    <link:definitionArc xlink:type="arc" xlink:arcrole="http://xbrl.org/int/dim/arcrole/domain-member" xlink:from="NotesRegardingAccumulatedDepreciationOfPropertyPlantAndEquipmentTextBlock" xlink:to="AccumulatedDepreciationBuildings" order="2.0"/>
    <link:loc xlink:type="locator" xlink:href="../../../jppfs/2025-08-01/jppfs_cor_2025-08-01.xsd#jppfs_cor_AccumulatedDepreciationStructures" xlink:label="AccumulatedDepreciationStructures"/>
    <link:definitionArc xlink:type="arc" xlink:arcrole="http://xbrl.org/int/dim/arcrole/domain-member" xlink:from="NotesRegardingAccumulatedDepreciationOfPropertyPlantAndEquipmentTextBlock" xlink:to="AccumulatedDepreciationStructures" order="3.0"/>
    <link:loc xlink:type="locator" xlink:href="../../../jppfs/2025-08-01/jppfs_cor_2025-08-01.xsd#jppfs_cor_AccumulatedDepreciationMachineryAndEquipment" xlink:label="AccumulatedDepreciationMachineryAndEquipment"/>
    <link:definitionArc xlink:type="arc" xlink:arcrole="http://xbrl.org/int/dim/arcrole/domain-member" xlink:from="NotesRegardingAccumulatedDepreciationOfPropertyPlantAndEquipmentTextBlock" xlink:to="AccumulatedDepreciationMachineryAndEquipment" order="4.0"/>
    <link:loc xlink:type="locator" xlink:href="../jpcrp_cor_2025-08-01.xsd#jpcrp_cor_NotesRegardingTradeNotesReceivableDiscountedOrTransferredByEndorsementTextBlock" xlink:label="NotesRegardingTradeNotesReceivableDiscountedOrTransferredByEndorsementTextBlock"/>
    <link:loc xlink:type="locator" xlink:href="../jpcrp_cor_2025-08-01.xsd#jpcrp_cor_DiscountedTradeNotesReceivable" xlink:label="DiscountedTradeNotesReceivable"/>
    <link:definitionArc xlink:type="arc" xlink:arcrole="http://xbrl.org/int/dim/arcrole/domain-member" xlink:from="NotesRegardingTradeNotesReceivableDiscountedOrTransferredByEndorsementTextBlock" xlink:to="DiscountedTradeNotesReceivable" order="1.0"/>
    <link:loc xlink:type="locator" xlink:href="../jpcrp_cor_2025-08-01.xsd#jpcrp_cor_TradeNotesReceivableTransferredByEndorsement" xlink:label="TradeNotesReceivableTransferredByEndorsement"/>
    <link:definitionArc xlink:type="arc" xlink:arcrole="http://xbrl.org/int/dim/arcrole/domain-member" xlink:from="NotesRegardingTradeNotesReceivableDiscountedOrTransferredByEndorsementTextBlock" xlink:to="TradeNotesReceivableTransferredByEndorsement" order="2.0"/>
    <link:loc xlink:type="locator" xlink:href="../jpcrp_cor_2025-08-01.xsd#jpcrp_cor_NotesType1SemiAnnualConsolidatedBalanceSheetHeading" xlink:label="NotesType1SemiAnnualConsolidatedBalanceSheetHeading"/>
    <link:loc xlink:type="locator" xlink:href="../jpcrp_cor_2025-08-01.xsd#jpcrp_cor_NotesType1SemiAnnualConsolidatedBalanceSheetTable" xlink:label="NotesType1SemiAnnualConsolidatedBalanceSheetTable"/>
    <link:definitionArc xlink:type="arc" xlink:arcrole="http://xbrl.org/int/dim/arcrole/all" xlink:from="NotesType1SemiAnnualConsolidatedBalanceSheetHeading" xlink:to="NotesType1SemiAnnualConsolidatedBalanceSheetTable" order="1.0" xbrldt:contextElement="scenario" xbrldt:closed="true"/>
    <link:definitionArc xlink:type="arc" xlink:arcrole="http://xbrl.org/int/dim/arcrole/hypercube-dimension" xlink:from="NotesType1SemiAnnualConsolidatedBalanceSheetTable" xlink:to="ConsolidatedOrNonConsolidatedAxis" order="1.0"/>
    <link:loc xlink:type="locator" xlink:href="../jpcrp_cor_2025-08-01.xsd#jpcrp_cor_NotesType1SemiAnnualConsolidatedBalanceSheetLineItems" xlink:label="NotesType1SemiAnnualConsolidatedBalanceSheetLineItems"/>
    <link:definitionArc xlink:type="arc" xlink:arcrole="http://xbrl.org/int/dim/arcrole/domain-member" xlink:from="NotesType1SemiAnnualConsolidatedBalanceSheetHeading" xlink:to="NotesType1SemiAnnualConsolidatedBalanceSheetLineItems" order="1.0"/>
    <link:definitionArc xlink:type="arc" xlink:arcrole="http://xbrl.org/int/dim/arcrole/domain-member" xlink:from="NotesType1SemiAnnualConsolidatedBalanceSheetLineItems" xlink:to="NotesRegardingInventoriesTextBlock" order="1.0"/>
    <link:definitionArc xlink:type="arc" xlink:arcrole="http://xbrl.org/int/dim/arcrole/domain-member" xlink:from="NotesType1SemiAnnualConsolidatedBalanceSheetLineItems" xlink:to="NotesRegardingAllowancesDirectlyDeductedFromBalancesOfAssetsTextBlock" order="2.0"/>
    <link:loc xlink:type="locator" xlink:href="../jpcrp_cor_2025-08-01.xsd#jpcrp_cor_NotesRegardingPresentationOfGoodwillAndNegativeGoodwillTextBlock" xlink:label="NotesRegardingPresentationOfGoodwillAndNegativeGoodwillTextBlock"/>
    <link:definitionArc xlink:type="arc" xlink:arcrole="http://xbrl.org/int/dim/arcrole/domain-member" xlink:from="NotesType1SemiAnnualConsolidatedBalanceSheetLineItems" xlink:to="NotesRegardingPresentationOfGoodwillAndNegativeGoodwillTextBlock" order="3.0"/>
    <link:definitionArc xlink:type="arc" xlink:arcrole="http://xbrl.org/int/dim/arcrole/domain-member" xlink:from="NotesType1SemiAnnualConsolidatedBalanceSheetLineItems" xlink:to="NotesRegardingAccumulatedDepreciationOfPropertyPlantAndEquipmentTextBlock" order="4.0"/>
    <link:loc xlink:type="locator" xlink:href="../jpcrp_cor_2025-08-01.xsd#jpcrp_cor_NotesRegardingPresentationOfAccumulatedImpairmentLossTextBlock" xlink:label="NotesRegardingPresentationOfAccumulatedImpairmentLossTextBlock"/>
    <link:definitionArc xlink:type="arc" xlink:arcrole="http://xbrl.org/int/dim/arcrole/domain-member" xlink:from="NotesType1SemiAnnualConsolidatedBalanceSheetLineItems" xlink:to="NotesRegardingPresentationOfAccumulatedImpairmentLossTextBlock" order="5.0"/>
    <link:loc xlink:type="locator" xlink:href="../jpcrp_cor_2025-08-01.xsd#jpcrp_cor_NotesRegardingPresentationOfInventoriesAndProvisionForLossOnConstructionContractsTextBlock" xlink:label="NotesRegardingPresentationOfInventoriesAndProvisionForLossOnConstructionContractsTextBlock"/>
    <link:definitionArc xlink:type="arc" xlink:arcrole="http://xbrl.org/int/dim/arcrole/domain-member" xlink:from="NotesType1SemiAnnualConsolidatedBalanceSheetLineItems" xlink:to="NotesRegardingPresentationOfInventoriesAndProvisionForLossOnConstructionContractsTextBlock" order="6.0"/>
    <link:loc xlink:type="locator" xlink:href="../jpcrp_cor_2025-08-01.xsd#jpcrp_cor_NotesRegardingGuaranteeObligationsTextBlock" xlink:label="NotesRegardingGuaranteeObligationsTextBlock"/>
    <link:definitionArc xlink:type="arc" xlink:arcrole="http://xbrl.org/int/dim/arcrole/domain-member" xlink:from="NotesType1SemiAnnualConsolidatedBalanceSheetLineItems" xlink:to="NotesRegardingGuaranteeObligationsTextBlock" order="7.0"/>
    <link:definitionArc xlink:type="arc" xlink:arcrole="http://xbrl.org/int/dim/arcrole/domain-member" xlink:from="NotesType1SemiAnnualConsolidatedBalanceSheetLineItems" xlink:to="NotesRegardingTradeNotesReceivableDiscountedOrTransferredByEndorsementTextBlock" order="8.0"/>
    <link:loc xlink:type="locator" xlink:href="../jpcrp_cor_2025-08-01.xsd#jpcrp_cor_NotesRegardingPresentationOfNetAssetsOfDesignatedCorporationTextBlock" xlink:label="NotesRegardingPresentationOfNetAssetsOfDesignatedCorporationTextBlock"/>
    <link:definitionArc xlink:type="arc" xlink:arcrole="http://xbrl.org/int/dim/arcrole/domain-member" xlink:from="NotesType1SemiAnnualConsolidatedBalanceSheetLineItems" xlink:to="NotesRegardingPresentationOfNetAssetsOfDesignatedCorporationTextBlock" order="9.0"/>
    <link:loc xlink:type="locator" xlink:href="../jpcrp_cor_2025-08-01.xsd#jpcrp_cor_NotesRegardingPromissoryNotesDueOnBalanceSheetDateTextBlock" xlink:label="NotesRegardingPromissoryNotesDueOnBalanceSheetDateTextBlock"/>
    <link:definitionArc xlink:type="arc" xlink:arcrole="http://xbrl.org/int/dim/arcrole/domain-member" xlink:from="NotesType1SemiAnnualConsolidatedBalanceSheetLineItems" xlink:to="NotesRegardingPromissoryNotesDueOnBalanceSheetDateTextBlock" order="10.0"/>
    <link:loc xlink:type="locator" xlink:href="../jpcrp_cor_2025-08-01.xsd#jpcrp_cor_NotesRegardingFinancialCovenantTextBlock" xlink:label="NotesRegardingFinancialCovenantTextBlock"/>
    <link:definitionArc xlink:type="arc" xlink:arcrole="http://xbrl.org/int/dim/arcrole/domain-member" xlink:from="NotesType1SemiAnnualConsolidatedBalanceSheetLineItems" xlink:to="NotesRegardingFinancialCovenantTextBlock" order="11.0"/>
  </link:definitionLink>
</link:linkbase>
