<?xml version="1.0" encoding="UTF-8"?>
<!--  (c) Financial Services Agency, The Japanese Government.
      All Rights Reserved.
      For intellectual property policy and authorized uses of EDINET Taxonomy,
      refer to “EDINET Taxonomy Legal Statement” at http://www.fsa.go.jp/search/EDINET_Taxonomy_Legal_Statement.html
-->
<link:linkbase xmlns:link="http://www.xbrl.org/2003/linkbase" xmlns:xsi="http://www.w3.org/2001/XMLSchema-instance" xmlns:xlink="http://www.w3.org/1999/xlink" xmlns:xbrli="http://www.xbrl.org/2003/instance">
  <link:roleRef roleURI="http://disclosure.edinet-fsa.go.jp/role/jpcrp/rol_std_NotesType1SemiAnnualConsolidatedStatementOfComprehensiveIncomeSingleStatement" xlink:type="simple" xlink:href="../jpcrp_rt_2025-08-01.xsd#rol_std_NotesType1SemiAnnualConsolidatedStatementOfComprehensiveIncomeSingleStatement"/>
  <link:presentationLink xlink:type="extended" xlink:role="http://disclosure.edinet-fsa.go.jp/role/jpcrp/rol_std_NotesType1SemiAnnualConsolidatedStatementOfComprehensiveIncomeSingleStatement">
    <link:loc xlink:type="locator" xlink:href="../../../jppfs/2025-08-01/jppfs_cor_2025-08-01.xsd#jppfs_cor_ConsolidatedOrNonConsolidatedAxis" xlink:label="ConsolidatedOrNonConsolidatedAxis"/>
    <link:loc xlink:type="locator" xlink:href="../../../jppfs/2025-08-01/jppfs_cor_2025-08-01.xsd#jppfs_cor_ConsolidatedMember" xlink:label="ConsolidatedMember"/>
    <link:presentationArc xlink:type="arc" xlink:arcrole="http://www.xbrl.org/2003/arcrole/parent-child" xlink:from="ConsolidatedOrNonConsolidatedAxis" xlink:to="ConsolidatedMember" order="1.0"/>
    <link:loc xlink:type="locator" xlink:href="../jpcrp_cor_2025-08-01.xsd#jpcrp_cor_MajorComponentsOfSellingGeneralAndAdministrativeExpensesTextBlock" xlink:label="MajorComponentsOfSellingGeneralAndAdministrativeExpensesTextBlock"/>
    <link:loc xlink:type="locator" xlink:href="../../../jppfs/2025-08-01/jppfs_cor_2025-08-01.xsd#jppfs_cor_DepreciationSGA" xlink:label="DepreciationSGA"/>
    <link:presentationArc xlink:type="arc" xlink:arcrole="http://www.xbrl.org/2003/arcrole/parent-child" xlink:from="MajorComponentsOfSellingGeneralAndAdministrativeExpensesTextBlock" xlink:to="DepreciationSGA" order="1.0"/>
    <link:loc xlink:type="locator" xlink:href="../../../jppfs/2025-08-01/jppfs_cor_2025-08-01.xsd#jppfs_cor_ProvisionOfAllowanceForDoubtfulAccountsSGA" xlink:label="ProvisionOfAllowanceForDoubtfulAccountsSGA"/>
    <link:presentationArc xlink:type="arc" xlink:arcrole="http://www.xbrl.org/2003/arcrole/parent-child" xlink:from="MajorComponentsOfSellingGeneralAndAdministrativeExpensesTextBlock" xlink:to="ProvisionOfAllowanceForDoubtfulAccountsSGA" order="2.0"/>
    <link:loc xlink:type="locator" xlink:href="../jpcrp_cor_2025-08-01.xsd#jpcrp_cor_NotesType1SemiAnnualConsolidatedStatementOfComprehensiveIncomeSingleStatementHeading" xlink:label="NotesType1SemiAnnualConsolidatedStatementOfComprehensiveIncomeSingleStatementHeading"/>
    <link:loc xlink:type="locator" xlink:href="../jpcrp_cor_2025-08-01.xsd#jpcrp_cor_NotesType1SemiAnnualConsolidatedStatementOfComprehensiveIncomeSingleStatementTable" xlink:label="NotesType1SemiAnnualConsolidatedStatementOfComprehensiveIncomeSingleStatementTable"/>
    <link:presentationArc xlink:type="arc" xlink:arcrole="http://www.xbrl.org/2003/arcrole/parent-child" xlink:from="NotesType1SemiAnnualConsolidatedStatementOfComprehensiveIncomeSingleStatementHeading" xlink:to="NotesType1SemiAnnualConsolidatedStatementOfComprehensiveIncomeSingleStatementTable" order="1.0"/>
    <link:presentationArc xlink:type="arc" xlink:arcrole="http://www.xbrl.org/2003/arcrole/parent-child" xlink:from="NotesType1SemiAnnualConsolidatedStatementOfComprehensiveIncomeSingleStatementTable" xlink:to="ConsolidatedOrNonConsolidatedAxis" order="1.0"/>
    <link:loc xlink:type="locator" xlink:href="../jpcrp_cor_2025-08-01.xsd#jpcrp_cor_NotesType1SemiAnnualConsolidatedStatementOfComprehensiveIncomeSingleStatementLineItems" xlink:label="NotesType1SemiAnnualConsolidatedStatementOfComprehensiveIncomeSingleStatementLineItems"/>
    <link:presentationArc xlink:type="arc" xlink:arcrole="http://www.xbrl.org/2003/arcrole/parent-child" xlink:from="NotesType1SemiAnnualConsolidatedStatementOfComprehensiveIncomeSingleStatementHeading" xlink:to="NotesType1SemiAnnualConsolidatedStatementOfComprehensiveIncomeSingleStatementLineItems" order="2.0"/>
    <link:presentationArc xlink:type="arc" xlink:arcrole="http://www.xbrl.org/2003/arcrole/parent-child" xlink:from="NotesType1SemiAnnualConsolidatedStatementOfComprehensiveIncomeSingleStatementLineItems" xlink:to="MajorComponentsOfSellingGeneralAndAdministrativeExpensesTextBlock" order="1.0"/>
    <link:loc xlink:type="locator" xlink:href="../jpcrp_cor_2025-08-01.xsd#jpcrp_cor_NotesWhenThereIsSignificantSeasonalFluctuationInSalesOrOperatingExpensesTextBlock" xlink:label="NotesWhenThereIsSignificantSeasonalFluctuationInSalesOrOperatingExpensesTextBlock"/>
    <link:presentationArc xlink:type="arc" xlink:arcrole="http://www.xbrl.org/2003/arcrole/parent-child" xlink:from="NotesType1SemiAnnualConsolidatedStatementOfComprehensiveIncomeSingleStatementLineItems" xlink:to="NotesWhenThereIsSignificantSeasonalFluctuationInSalesOrOperatingExpensesTextBlock" order="2.0"/>
    <link:loc xlink:type="locator" xlink:href="../jpcrp_cor_2025-08-01.xsd#jpcrp_cor_NotesRegardingIncomeTaxesForGlobalMinimumTaxTextBlock" xlink:label="NotesRegardingIncomeTaxesForGlobalMinimumTaxTextBlock"/>
    <link:presentationArc xlink:type="arc" xlink:arcrole="http://www.xbrl.org/2003/arcrole/parent-child" xlink:from="NotesType1SemiAnnualConsolidatedStatementOfComprehensiveIncomeSingleStatementLineItems" xlink:to="NotesRegardingIncomeTaxesForGlobalMinimumTaxTextBlock" order="3.0"/>
  </link:presentationLink>
</link:linkbase>
