<?xml version="1.0" encoding="UTF-8"?>
<!--  (c) Financial Services Agency, The Japanese Government.
      All Rights Reserved.
      For intellectual property policy and authorized uses of EDINET Taxonomy,
      refer to “EDINET Taxonomy Legal Statement” at http://www.fsa.go.jp/search/EDINET_Taxonomy_Legal_Statement.html
-->
<link:linkbase xmlns:link="http://www.xbrl.org/2003/linkbase" xmlns:xsi="http://www.w3.org/2001/XMLSchema-instance" xmlns:xlink="http://www.w3.org/1999/xlink" xmlns:xbrli="http://www.xbrl.org/2003/instance">
  <link:roleRef roleURI="http://disclosure.edinet-fsa.go.jp/role/jpcrp/rol_std_RemunerationForDirectorsAndOtherOfficers-01" xlink:type="simple" xlink:href="../jpcrp_rt_2025-08-01.xsd#rol_std_RemunerationForDirectorsAndOtherOfficers-01"/>
  <link:presentationLink xlink:type="extended" xlink:role="http://disclosure.edinet-fsa.go.jp/role/jpcrp/rol_std_RemunerationForDirectorsAndOtherOfficers-01">
    <link:loc xlink:type="locator" xlink:href="../jpcrp_cor_2025-08-01.xsd#jpcrp_cor_RemunerationForDirectorsAndOtherOfficersHeading" xlink:label="RemunerationForDirectorsAndOtherOfficersHeading"/>
    <link:loc xlink:type="locator" xlink:href="../jpcrp_cor_2025-08-01.xsd#jpcrp_cor_RemunerationEtcByCategoryOfDirectorsAndOtherOfficersAbstract" xlink:label="RemunerationEtcByCategoryOfDirectorsAndOtherOfficersAbstract"/>
    <link:presentationArc xlink:type="arc" xlink:arcrole="http://www.xbrl.org/2003/arcrole/parent-child" xlink:from="RemunerationForDirectorsAndOtherOfficersHeading" xlink:to="RemunerationEtcByCategoryOfDirectorsAndOtherOfficersAbstract" order="1.0"/>
    <link:loc xlink:type="locator" xlink:href="../jpcrp_cor_2025-08-01.xsd#jpcrp_cor_RemunerationEtcByCategoryOfDirectorsAndOtherOfficersTable" xlink:label="RemunerationEtcByCategoryOfDirectorsAndOtherOfficersTable"/>
    <link:presentationArc xlink:type="arc" xlink:arcrole="http://www.xbrl.org/2003/arcrole/parent-child" xlink:from="RemunerationEtcByCategoryOfDirectorsAndOtherOfficersAbstract" xlink:to="RemunerationEtcByCategoryOfDirectorsAndOtherOfficersTable" order="1.0"/>
    <link:loc xlink:type="locator" xlink:href="../jpcrp_cor_2025-08-01.xsd#jpcrp_cor_CategoriesOfDirectorsAndOtherOfficersAxis" xlink:label="CategoriesOfDirectorsAndOtherOfficersAxis"/>
    <link:presentationArc xlink:type="arc" xlink:arcrole="http://www.xbrl.org/2003/arcrole/parent-child" xlink:from="RemunerationEtcByCategoryOfDirectorsAndOtherOfficersTable" xlink:to="CategoriesOfDirectorsAndOtherOfficersAxis" order="1.0"/>
    <link:loc xlink:type="locator" xlink:href="../jpcrp_cor_2025-08-01.xsd#jpcrp_cor_DirectorsExcludingOutsideDirectorsMember" xlink:label="DirectorsExcludingOutsideDirectorsMember"/>
    <link:presentationArc xlink:type="arc" xlink:arcrole="http://www.xbrl.org/2003/arcrole/parent-child" xlink:from="CategoriesOfDirectorsAndOtherOfficersAxis" xlink:to="DirectorsExcludingOutsideDirectorsMember" order="1.0"/>
    <link:loc xlink:type="locator" xlink:href="../jpcrp_cor_2025-08-01.xsd#jpcrp_cor_DirectorsExcludingAuditAndSupervisoryCommitteeMembersAndOutsideDirectorsMember" xlink:label="DirectorsExcludingAuditAndSupervisoryCommitteeMembersAndOutsideDirectorsMember"/>
    <link:presentationArc xlink:type="arc" xlink:arcrole="http://www.xbrl.org/2003/arcrole/parent-child" xlink:from="CategoriesOfDirectorsAndOtherOfficersAxis" xlink:to="DirectorsExcludingAuditAndSupervisoryCommitteeMembersAndOutsideDirectorsMember" order="2.0"/>
    <link:loc xlink:type="locator" xlink:href="../jpcrp_cor_2025-08-01.xsd#jpcrp_cor_DirectorsAppointedAsAuditAndSupervisoryCommitteeMembersExcludingOutsideDirectorsMember" xlink:label="DirectorsAppointedAsAuditAndSupervisoryCommitteeMembersExcludingOutsideDirectorsMember"/>
    <link:presentationArc xlink:type="arc" xlink:arcrole="http://www.xbrl.org/2003/arcrole/parent-child" xlink:from="CategoriesOfDirectorsAndOtherOfficersAxis" xlink:to="DirectorsAppointedAsAuditAndSupervisoryCommitteeMembersExcludingOutsideDirectorsMember" order="3.0"/>
    <link:loc xlink:type="locator" xlink:href="../jpcrp_cor_2025-08-01.xsd#jpcrp_cor_CorporateAuditorsExcludingOutsideCorporateAuditorsMember" xlink:label="CorporateAuditorsExcludingOutsideCorporateAuditorsMember"/>
    <link:presentationArc xlink:type="arc" xlink:arcrole="http://www.xbrl.org/2003/arcrole/parent-child" xlink:from="CategoriesOfDirectorsAndOtherOfficersAxis" xlink:to="CorporateAuditorsExcludingOutsideCorporateAuditorsMember" order="4.0"/>
    <link:loc xlink:type="locator" xlink:href="../jpcrp_cor_2025-08-01.xsd#jpcrp_cor_ExecutiveOfficersMember" xlink:label="ExecutiveOfficersMember"/>
    <link:presentationArc xlink:type="arc" xlink:arcrole="http://www.xbrl.org/2003/arcrole/parent-child" xlink:from="CategoriesOfDirectorsAndOtherOfficersAxis" xlink:to="ExecutiveOfficersMember" order="5.0"/>
    <link:loc xlink:type="locator" xlink:href="../jpcrp_cor_2025-08-01.xsd#jpcrp_cor_OutsideDirectorsAndOtherOfficersMember" xlink:label="OutsideDirectorsAndOtherOfficersMember"/>
    <link:presentationArc xlink:type="arc" xlink:arcrole="http://www.xbrl.org/2003/arcrole/parent-child" xlink:from="CategoriesOfDirectorsAndOtherOfficersAxis" xlink:to="OutsideDirectorsAndOtherOfficersMember" order="6.0"/>
    <link:loc xlink:type="locator" xlink:href="../jpcrp_cor_2025-08-01.xsd#jpcrp_cor_OutsideDirectorsMember" xlink:label="OutsideDirectorsMember"/>
    <link:presentationArc xlink:type="arc" xlink:arcrole="http://www.xbrl.org/2003/arcrole/parent-child" xlink:from="CategoriesOfDirectorsAndOtherOfficersAxis" xlink:to="OutsideDirectorsMember" order="7.0"/>
    <link:loc xlink:type="locator" xlink:href="../jpcrp_cor_2025-08-01.xsd#jpcrp_cor_OutsideCorporateAuditorsMember" xlink:label="OutsideCorporateAuditorsMember"/>
    <link:presentationArc xlink:type="arc" xlink:arcrole="http://www.xbrl.org/2003/arcrole/parent-child" xlink:from="CategoriesOfDirectorsAndOtherOfficersAxis" xlink:to="OutsideCorporateAuditorsMember" order="8.0"/>
    <link:loc xlink:type="locator" xlink:href="../jpcrp_cor_2025-08-01.xsd#jpcrp_cor_RemunerationEtcByCategoryOfDirectorsAndOtherOfficersLineItems" xlink:label="RemunerationEtcByCategoryOfDirectorsAndOtherOfficersLineItems"/>
    <link:presentationArc xlink:type="arc" xlink:arcrole="http://www.xbrl.org/2003/arcrole/parent-child" xlink:from="RemunerationEtcByCategoryOfDirectorsAndOtherOfficersAbstract" xlink:to="RemunerationEtcByCategoryOfDirectorsAndOtherOfficersLineItems" order="2.0"/>
    <link:loc xlink:type="locator" xlink:href="../jpcrp_cor_2025-08-01.xsd#jpcrp_cor_TotalAmountOfRemunerationEtcRemunerationEtcByCategoryOfDirectorsAndOtherOfficers" xlink:label="TotalAmountOfRemunerationEtcRemunerationEtcByCategoryOfDirectorsAndOtherOfficers"/>
    <link:presentationArc xlink:type="arc" xlink:arcrole="http://www.xbrl.org/2003/arcrole/parent-child" xlink:from="RemunerationEtcByCategoryOfDirectorsAndOtherOfficersLineItems" xlink:to="TotalAmountOfRemunerationEtcRemunerationEtcByCategoryOfDirectorsAndOtherOfficers" order="1.0"/>
    <link:loc xlink:type="locator" xlink:href="../jpcrp_cor_2025-08-01.xsd#jpcrp_cor_TotalAmountByTypeOfRemunerationRemunerationEtcByCategoryOfDirectorsAndOtherOfficersAbstract" xlink:label="TotalAmountByTypeOfRemunerationRemunerationEtcByCategoryOfDirectorsAndOtherOfficersAbstract"/>
    <link:presentationArc xlink:type="arc" xlink:arcrole="http://www.xbrl.org/2003/arcrole/parent-child" xlink:from="RemunerationEtcByCategoryOfDirectorsAndOtherOfficersLineItems" xlink:to="TotalAmountByTypeOfRemunerationRemunerationEtcByCategoryOfDirectorsAndOtherOfficersAbstract" order="2.0"/>
    <link:loc xlink:type="locator" xlink:href="../jpcrp_cor_2025-08-01.xsd#jpcrp_cor_FixedRemunerationRemunerationByCategoryOfDirectorsAndOtherOfficers" xlink:label="FixedRemunerationRemunerationByCategoryOfDirectorsAndOtherOfficers"/>
    <link:presentationArc xlink:type="arc" xlink:arcrole="http://www.xbrl.org/2003/arcrole/parent-child" xlink:from="TotalAmountByTypeOfRemunerationRemunerationEtcByCategoryOfDirectorsAndOtherOfficersAbstract" xlink:to="FixedRemunerationRemunerationByCategoryOfDirectorsAndOtherOfficers" order="1.0"/>
    <link:loc xlink:type="locator" xlink:href="../jpcrp_cor_2025-08-01.xsd#jpcrp_cor_PerformanceBasedRemunerationRemunerationByCategoryOfDirectorsAndOtherOfficers" xlink:label="PerformanceBasedRemunerationRemunerationByCategoryOfDirectorsAndOtherOfficers"/>
    <link:presentationArc xlink:type="arc" xlink:arcrole="http://www.xbrl.org/2003/arcrole/parent-child" xlink:from="TotalAmountByTypeOfRemunerationRemunerationEtcByCategoryOfDirectorsAndOtherOfficersAbstract" xlink:to="PerformanceBasedRemunerationRemunerationByCategoryOfDirectorsAndOtherOfficers" order="2.0"/>
    <link:loc xlink:type="locator" xlink:href="../jpcrp_cor_2025-08-01.xsd#jpcrp_cor_BaseRemunerationRemunerationEtcByCategoryOfDirectorsAndOtherOfficers" xlink:label="BaseRemunerationRemunerationEtcByCategoryOfDirectorsAndOtherOfficers"/>
    <link:presentationArc xlink:type="arc" xlink:arcrole="http://www.xbrl.org/2003/arcrole/parent-child" xlink:from="TotalAmountByTypeOfRemunerationRemunerationEtcByCategoryOfDirectorsAndOtherOfficersAbstract" xlink:to="BaseRemunerationRemunerationEtcByCategoryOfDirectorsAndOtherOfficers" order="3.0"/>
    <link:loc xlink:type="locator" xlink:href="../jpcrp_cor_2025-08-01.xsd#jpcrp_cor_ShareAwardsRemunerationEtcByCategoryOfDirectorsAndOtherOfficers" xlink:label="ShareAwardsRemunerationEtcByCategoryOfDirectorsAndOtherOfficers"/>
    <link:presentationArc xlink:type="arc" xlink:arcrole="http://www.xbrl.org/2003/arcrole/parent-child" xlink:from="TotalAmountByTypeOfRemunerationRemunerationEtcByCategoryOfDirectorsAndOtherOfficersAbstract" xlink:to="ShareAwardsRemunerationEtcByCategoryOfDirectorsAndOtherOfficers" order="4.0"/>
    <link:loc xlink:type="locator" xlink:href="../jpcrp_cor_2025-08-01.xsd#jpcrp_cor_RestrictedShareAwardsRemunerationEtcByCategoryOfDirectorsAndOtherOfficers" xlink:label="RestrictedShareAwardsRemunerationEtcByCategoryOfDirectorsAndOtherOfficers"/>
    <link:presentationArc xlink:type="arc" xlink:arcrole="http://www.xbrl.org/2003/arcrole/parent-child" xlink:from="TotalAmountByTypeOfRemunerationRemunerationEtcByCategoryOfDirectorsAndOtherOfficersAbstract" xlink:to="RestrictedShareAwardsRemunerationEtcByCategoryOfDirectorsAndOtherOfficers" order="5.0"/>
    <link:loc xlink:type="locator" xlink:href="../jpcrp_cor_2025-08-01.xsd#jpcrp_cor_PerformanceLinkedShareAwardsRemunerationEtcByCategoryOfDirectorsAndOtherOfficers" xlink:label="PerformanceLinkedShareAwardsRemunerationEtcByCategoryOfDirectorsAndOtherOfficers"/>
    <link:presentationArc xlink:type="arc" xlink:arcrole="http://www.xbrl.org/2003/arcrole/parent-child" xlink:from="TotalAmountByTypeOfRemunerationRemunerationEtcByCategoryOfDirectorsAndOtherOfficersAbstract" xlink:to="PerformanceLinkedShareAwardsRemunerationEtcByCategoryOfDirectorsAndOtherOfficers" order="6.0"/>
    <link:loc xlink:type="locator" xlink:href="../jpcrp_cor_2025-08-01.xsd#jpcrp_cor_ShareOptionRemunerationEtcByCategoryOfDirectorsAndOtherOfficers" xlink:label="ShareOptionRemunerationEtcByCategoryOfDirectorsAndOtherOfficers"/>
    <link:presentationArc xlink:type="arc" xlink:arcrole="http://www.xbrl.org/2003/arcrole/parent-child" xlink:from="TotalAmountByTypeOfRemunerationRemunerationEtcByCategoryOfDirectorsAndOtherOfficersAbstract" xlink:to="ShareOptionRemunerationEtcByCategoryOfDirectorsAndOtherOfficers" order="7.0"/>
    <link:loc xlink:type="locator" xlink:href="../jpcrp_cor_2025-08-01.xsd#jpcrp_cor_BonusRemunerationEtcByCategoryOfDirectorsAndOtherOfficers" xlink:label="BonusRemunerationEtcByCategoryOfDirectorsAndOtherOfficers"/>
    <link:presentationArc xlink:type="arc" xlink:arcrole="http://www.xbrl.org/2003/arcrole/parent-child" xlink:from="TotalAmountByTypeOfRemunerationRemunerationEtcByCategoryOfDirectorsAndOtherOfficersAbstract" xlink:to="BonusRemunerationEtcByCategoryOfDirectorsAndOtherOfficers" order="8.0"/>
    <link:loc xlink:type="locator" xlink:href="../jpcrp_cor_2025-08-01.xsd#jpcrp_cor_RetirementBenefitsRemunerationEtcByCategoryOfDirectorsAndOtherOfficers" xlink:label="RetirementBenefitsRemunerationEtcByCategoryOfDirectorsAndOtherOfficers"/>
    <link:presentationArc xlink:type="arc" xlink:arcrole="http://www.xbrl.org/2003/arcrole/parent-child" xlink:from="TotalAmountByTypeOfRemunerationRemunerationEtcByCategoryOfDirectorsAndOtherOfficersAbstract" xlink:to="RetirementBenefitsRemunerationEtcByCategoryOfDirectorsAndOtherOfficers" order="9.0"/>
    <link:loc xlink:type="locator" xlink:href="../jpcrp_cor_2025-08-01.xsd#jpcrp_cor_NonMonetaryRemunerationRemunerationByCategoryOfDirectorsAndOtherOfficers" xlink:label="NonMonetaryRemunerationRemunerationByCategoryOfDirectorsAndOtherOfficers"/>
    <link:presentationArc xlink:type="arc" xlink:arcrole="http://www.xbrl.org/2003/arcrole/parent-child" xlink:from="TotalAmountByTypeOfRemunerationRemunerationEtcByCategoryOfDirectorsAndOtherOfficersAbstract" xlink:to="NonMonetaryRemunerationRemunerationByCategoryOfDirectorsAndOtherOfficers" order="10.0"/>
    <link:loc xlink:type="locator" xlink:href="../jpcrp_cor_2025-08-01.xsd#jpcrp_cor_OtherRemunerationEtcByCategoryOfDirectorsAndOtherOfficers" xlink:label="OtherRemunerationEtcByCategoryOfDirectorsAndOtherOfficers"/>
    <link:presentationArc xlink:type="arc" xlink:arcrole="http://www.xbrl.org/2003/arcrole/parent-child" xlink:from="TotalAmountByTypeOfRemunerationRemunerationEtcByCategoryOfDirectorsAndOtherOfficersAbstract" xlink:to="OtherRemunerationEtcByCategoryOfDirectorsAndOtherOfficers" order="11.0"/>
    <link:loc xlink:type="locator" xlink:href="../jpcrp_cor_2025-08-01.xsd#jpcrp_cor_NumberOfDirectorsAndOtherOfficersRemunerationEtcByCategoryOfDirectorsAndOtherOfficers" xlink:label="NumberOfDirectorsAndOtherOfficersRemunerationEtcByCategoryOfDirectorsAndOtherOfficers"/>
    <link:presentationArc xlink:type="arc" xlink:arcrole="http://www.xbrl.org/2003/arcrole/parent-child" xlink:from="RemunerationEtcByCategoryOfDirectorsAndOtherOfficersLineItems" xlink:to="NumberOfDirectorsAndOtherOfficersRemunerationEtcByCategoryOfDirectorsAndOtherOfficers" order="3.0"/>
  </link:presentationLink>
</link:linkbase>
