<?xml version="1.0" encoding="UTF-8"?>
<!--  (c) Financial Services Agency, The Japanese Government.
      All Rights Reserved.
      For intellectual property policy and authorized uses of EDINET Taxonomy,
      refer to “EDINET Taxonomy Legal Statement” at http://www.fsa.go.jp/search/EDINET_Taxonomy_Legal_Statement.html
-->
<link:linkbase xmlns:link="http://www.xbrl.org/2003/linkbase" xmlns:xsi="http://www.w3.org/2001/XMLSchema-instance" xmlns:xlink="http://www.w3.org/1999/xlink" xmlns:xbrli="http://www.xbrl.org/2003/instance">
  <link:roleRef roleURI="http://disclosure.edinet-fsa.go.jp/role/jpigp/rol_std_StatementOfCashFlowsIFRS-ListOfAccounts" xlink:type="simple" xlink:href="../jpigp_rt_2021-11-01.xsd#rol_std_StatementOfCashFlowsIFRS-ListOfAccounts"/>
  <link:definitionLink xlink:type="extended" xlink:role="http://disclosure.edinet-fsa.go.jp/role/jpigp/rol_std_StatementOfCashFlowsIFRS-ListOfAccounts">
    <link:loc xlink:type="locator" xlink:href="../jpigp_cor_2021-11-01.xsd#jpigp_cor_StatementOfCashFlowsIFRSLineItems" xlink:label="StatementOfCashFlowsIFRSLineItems"/>
    <link:loc xlink:type="locator" xlink:href="../jpigp_cor_2021-11-01.xsd#jpigp_cor_CashFlowsFromOperatingActivitiesIFRSAbstract" xlink:label="CashFlowsFromOperatingActivitiesIFRSAbstract"/>
    <link:definitionArc xlink:type="arc" xlink:arcrole="http://www.xbrl.org/2003/arcrole/general-special" xlink:from="StatementOfCashFlowsIFRSLineItems" xlink:to="CashFlowsFromOperatingActivitiesIFRSAbstract" order="1.0"/>
    <link:loc xlink:type="locator" xlink:href="../jpigp_cor_2021-11-01.xsd#jpigp_cor_ProfitLossIFRS" xlink:label="ProfitLossIFRS"/>
    <link:definitionArc xlink:type="arc" xlink:arcrole="http://www.xbrl.org/2003/arcrole/general-special" xlink:from="CashFlowsFromOperatingActivitiesIFRSAbstract" xlink:to="ProfitLossIFRS" order="1.0"/>
    <link:loc xlink:type="locator" xlink:href="../jpigp_cor_2021-11-01.xsd#jpigp_cor_ProfitLossBeforeTaxIFRS" xlink:label="ProfitLossBeforeTaxIFRS"/>
    <link:definitionArc xlink:type="arc" xlink:arcrole="http://www.xbrl.org/2003/arcrole/general-special" xlink:from="CashFlowsFromOperatingActivitiesIFRSAbstract" xlink:to="ProfitLossBeforeTaxIFRS" order="2.0"/>
    <link:loc xlink:type="locator" xlink:href="../jpigp_cor_2021-11-01.xsd#jpigp_cor_ProfitLossBeforeTaxFromDiscontinuedOperationsIFRS" xlink:label="ProfitLossBeforeTaxFromDiscontinuedOperationsIFRS"/>
    <link:definitionArc xlink:type="arc" xlink:arcrole="http://www.xbrl.org/2003/arcrole/general-special" xlink:from="CashFlowsFromOperatingActivitiesIFRSAbstract" xlink:to="ProfitLossBeforeTaxFromDiscontinuedOperationsIFRS" order="3.0"/>
    <link:loc xlink:type="locator" xlink:href="../jpigp_cor_2021-11-01.xsd#jpigp_cor_AdjustmentsForOpeCFIFRSAbstract" xlink:label="AdjustmentsForOpeCFIFRSAbstract"/>
    <link:definitionArc xlink:type="arc" xlink:arcrole="http://www.xbrl.org/2003/arcrole/general-special" xlink:from="CashFlowsFromOperatingActivitiesIFRSAbstract" xlink:to="AdjustmentsForOpeCFIFRSAbstract" order="4.0"/>
    <link:loc xlink:type="locator" xlink:href="../jpigp_cor_2021-11-01.xsd#jpigp_cor_IncomeTaxExpenseOpeCFIFRS" xlink:label="IncomeTaxExpenseOpeCFIFRS"/>
    <link:definitionArc xlink:type="arc" xlink:arcrole="http://www.xbrl.org/2003/arcrole/general-special" xlink:from="AdjustmentsForOpeCFIFRSAbstract" xlink:to="IncomeTaxExpenseOpeCFIFRS" order="1.0"/>
    <link:loc xlink:type="locator" xlink:href="../jpigp_cor_2021-11-01.xsd#jpigp_cor_DepreciationAndAmortizationOpeCFIFRS" xlink:label="DepreciationAndAmortizationOpeCFIFRS"/>
    <link:definitionArc xlink:type="arc" xlink:arcrole="http://www.xbrl.org/2003/arcrole/general-special" xlink:from="AdjustmentsForOpeCFIFRSAbstract" xlink:to="DepreciationAndAmortizationOpeCFIFRS" order="2.0"/>
    <link:loc xlink:type="locator" xlink:href="../jpigp_cor_2021-11-01.xsd#jpigp_cor_DepreciationAndAmortizationOfIntangibleAssetsOpeCFIFRS" xlink:label="DepreciationAndAmortizationOfIntangibleAssetsOpeCFIFRS"/>
    <link:definitionArc xlink:type="arc" xlink:arcrole="http://www.xbrl.org/2003/arcrole/general-special" xlink:from="AdjustmentsForOpeCFIFRSAbstract" xlink:to="DepreciationAndAmortizationOfIntangibleAssetsOpeCFIFRS" order="3.0"/>
    <link:loc xlink:type="locator" xlink:href="../jpigp_cor_2021-11-01.xsd#jpigp_cor_DepreciationExpenseOpeCFIFRS" xlink:label="DepreciationExpenseOpeCFIFRS"/>
    <link:definitionArc xlink:type="arc" xlink:arcrole="http://www.xbrl.org/2003/arcrole/general-special" xlink:from="AdjustmentsForOpeCFIFRSAbstract" xlink:to="DepreciationExpenseOpeCFIFRS" order="4.0"/>
    <link:loc xlink:type="locator" xlink:href="../jpigp_cor_2021-11-01.xsd#jpigp_cor_ImpairmentLossesReversalOfImpairmentLossesOpeCFIFRS" xlink:label="ImpairmentLossesReversalOfImpairmentLossesOpeCFIFRS"/>
    <link:definitionArc xlink:type="arc" xlink:arcrole="http://www.xbrl.org/2003/arcrole/general-special" xlink:from="AdjustmentsForOpeCFIFRSAbstract" xlink:to="ImpairmentLossesReversalOfImpairmentLossesOpeCFIFRS" order="5.0"/>
    <link:loc xlink:type="locator" xlink:href="../jpigp_cor_2021-11-01.xsd#jpigp_cor_InterestAndDividendIncomeOpeCFIFRS" xlink:label="InterestAndDividendIncomeOpeCFIFRS"/>
    <link:definitionArc xlink:type="arc" xlink:arcrole="http://www.xbrl.org/2003/arcrole/general-special" xlink:from="AdjustmentsForOpeCFIFRSAbstract" xlink:to="InterestAndDividendIncomeOpeCFIFRS" order="6.0"/>
    <link:loc xlink:type="locator" xlink:href="../jpigp_cor_2021-11-01.xsd#jpigp_cor_InterestIncomeOpeCFIFRS" xlink:label="InterestIncomeOpeCFIFRS"/>
    <link:definitionArc xlink:type="arc" xlink:arcrole="http://www.xbrl.org/2003/arcrole/general-special" xlink:from="AdjustmentsForOpeCFIFRSAbstract" xlink:to="InterestIncomeOpeCFIFRS" order="7.0"/>
    <link:loc xlink:type="locator" xlink:href="../jpigp_cor_2021-11-01.xsd#jpigp_cor_DividendIncomeOpeCFIFRS" xlink:label="DividendIncomeOpeCFIFRS"/>
    <link:definitionArc xlink:type="arc" xlink:arcrole="http://www.xbrl.org/2003/arcrole/general-special" xlink:from="AdjustmentsForOpeCFIFRSAbstract" xlink:to="DividendIncomeOpeCFIFRS" order="8.0"/>
    <link:loc xlink:type="locator" xlink:href="../jpigp_cor_2021-11-01.xsd#jpigp_cor_InterestExpensesOpeCFIFRS" xlink:label="InterestExpensesOpeCFIFRS"/>
    <link:definitionArc xlink:type="arc" xlink:arcrole="http://www.xbrl.org/2003/arcrole/general-special" xlink:from="AdjustmentsForOpeCFIFRSAbstract" xlink:to="InterestExpensesOpeCFIFRS" order="9.0"/>
    <link:loc xlink:type="locator" xlink:href="../jpigp_cor_2021-11-01.xsd#jpigp_cor_FinanceIncomeAndFinanceCostsOpeCFIFRS" xlink:label="FinanceIncomeAndFinanceCostsOpeCFIFRS"/>
    <link:definitionArc xlink:type="arc" xlink:arcrole="http://www.xbrl.org/2003/arcrole/general-special" xlink:from="AdjustmentsForOpeCFIFRSAbstract" xlink:to="FinanceIncomeAndFinanceCostsOpeCFIFRS" order="10.0"/>
    <link:loc xlink:type="locator" xlink:href="../jpigp_cor_2021-11-01.xsd#jpigp_cor_FinanceIncomeOpeCFIFRS" xlink:label="FinanceIncomeOpeCFIFRS"/>
    <link:definitionArc xlink:type="arc" xlink:arcrole="http://www.xbrl.org/2003/arcrole/general-special" xlink:from="AdjustmentsForOpeCFIFRSAbstract" xlink:to="FinanceIncomeOpeCFIFRS" order="11.0"/>
    <link:loc xlink:type="locator" xlink:href="../jpigp_cor_2021-11-01.xsd#jpigp_cor_FinanceCostsOpeCFIFRS" xlink:label="FinanceCostsOpeCFIFRS"/>
    <link:definitionArc xlink:type="arc" xlink:arcrole="http://www.xbrl.org/2003/arcrole/general-special" xlink:from="AdjustmentsForOpeCFIFRSAbstract" xlink:to="FinanceCostsOpeCFIFRS" order="12.0"/>
    <link:loc xlink:type="locator" xlink:href="../jpigp_cor_2021-11-01.xsd#jpigp_cor_LossGainOnInvestmentsInSecuritiesOpeCFIFRS" xlink:label="LossGainOnInvestmentsInSecuritiesOpeCFIFRS"/>
    <link:definitionArc xlink:type="arc" xlink:arcrole="http://www.xbrl.org/2003/arcrole/general-special" xlink:from="AdjustmentsForOpeCFIFRSAbstract" xlink:to="LossGainOnInvestmentsInSecuritiesOpeCFIFRS" order="13.0"/>
    <link:loc xlink:type="locator" xlink:href="../jpigp_cor_2021-11-01.xsd#jpigp_cor_ShareOfLossProfitOfInvestmentsAccountedForUsingEquityMethodOpeCFIFRS" xlink:label="ShareOfLossProfitOfInvestmentsAccountedForUsingEquityMethodOpeCFIFRS"/>
    <link:definitionArc xlink:type="arc" xlink:arcrole="http://www.xbrl.org/2003/arcrole/general-special" xlink:from="AdjustmentsForOpeCFIFRSAbstract" xlink:to="ShareOfLossProfitOfInvestmentsAccountedForUsingEquityMethodOpeCFIFRS" order="14.0"/>
    <link:loc xlink:type="locator" xlink:href="../jpigp_cor_2021-11-01.xsd#jpigp_cor_LossGainRelatedToFixedAssetsOpeCFIFRS" xlink:label="LossGainRelatedToFixedAssetsOpeCFIFRS"/>
    <link:definitionArc xlink:type="arc" xlink:arcrole="http://www.xbrl.org/2003/arcrole/general-special" xlink:from="AdjustmentsForOpeCFIFRSAbstract" xlink:to="LossGainRelatedToFixedAssetsOpeCFIFRS" order="15.0"/>
    <link:loc xlink:type="locator" xlink:href="../jpigp_cor_2021-11-01.xsd#jpigp_cor_LossGainOnSaleAndRetirementOfFixedAssetsOpeCFIFRS" xlink:label="LossGainOnSaleAndRetirementOfFixedAssetsOpeCFIFRS"/>
    <link:definitionArc xlink:type="arc" xlink:arcrole="http://www.xbrl.org/2003/arcrole/general-special" xlink:from="AdjustmentsForOpeCFIFRSAbstract" xlink:to="LossGainOnSaleAndRetirementOfFixedAssetsOpeCFIFRS" order="16.0"/>
    <link:loc xlink:type="locator" xlink:href="../jpigp_cor_2021-11-01.xsd#jpigp_cor_LossGainOnSaleOfFixedAssetsOpeCFIFRS" xlink:label="LossGainOnSaleOfFixedAssetsOpeCFIFRS"/>
    <link:definitionArc xlink:type="arc" xlink:arcrole="http://www.xbrl.org/2003/arcrole/general-special" xlink:from="AdjustmentsForOpeCFIFRSAbstract" xlink:to="LossGainOnSaleOfFixedAssetsOpeCFIFRS" order="17.0"/>
    <link:loc xlink:type="locator" xlink:href="../jpigp_cor_2021-11-01.xsd#jpigp_cor_LossOnRetirementOfFixedAssetsOpeCFIFRS" xlink:label="LossOnRetirementOfFixedAssetsOpeCFIFRS"/>
    <link:definitionArc xlink:type="arc" xlink:arcrole="http://www.xbrl.org/2003/arcrole/general-special" xlink:from="AdjustmentsForOpeCFIFRSAbstract" xlink:to="LossOnRetirementOfFixedAssetsOpeCFIFRS" order="18.0"/>
    <link:loc xlink:type="locator" xlink:href="../jpigp_cor_2021-11-01.xsd#jpigp_cor_LossGainOnSaleAndRetirementOfPropertyPlantAndEquipmentAndIntangibleAssetsOpeCFIFRS" xlink:label="LossGainOnSaleAndRetirementOfPropertyPlantAndEquipmentAndIntangibleAssetsOpeCFIFRS"/>
    <link:definitionArc xlink:type="arc" xlink:arcrole="http://www.xbrl.org/2003/arcrole/general-special" xlink:from="AdjustmentsForOpeCFIFRSAbstract" xlink:to="LossGainOnSaleAndRetirementOfPropertyPlantAndEquipmentAndIntangibleAssetsOpeCFIFRS" order="19.0"/>
    <link:loc xlink:type="locator" xlink:href="../jpigp_cor_2021-11-01.xsd#jpigp_cor_LossGainOnSaleOfPropertyPlantAndEquipmentOpeCFIFRS" xlink:label="LossGainOnSaleOfPropertyPlantAndEquipmentOpeCFIFRS"/>
    <link:definitionArc xlink:type="arc" xlink:arcrole="http://www.xbrl.org/2003/arcrole/general-special" xlink:from="AdjustmentsForOpeCFIFRSAbstract" xlink:to="LossGainOnSaleOfPropertyPlantAndEquipmentOpeCFIFRS" order="20.0"/>
    <link:loc xlink:type="locator" xlink:href="../jpigp_cor_2021-11-01.xsd#jpigp_cor_ShareBasedPaymentExpensesOpeCFIFRS" xlink:label="ShareBasedPaymentExpensesOpeCFIFRS"/>
    <link:definitionArc xlink:type="arc" xlink:arcrole="http://www.xbrl.org/2003/arcrole/general-special" xlink:from="AdjustmentsForOpeCFIFRSAbstract" xlink:to="ShareBasedPaymentExpensesOpeCFIFRS" order="21.0"/>
    <link:loc xlink:type="locator" xlink:href="../jpigp_cor_2021-11-01.xsd#jpigp_cor_LossGainOnStepAcquisitionOpeCFIFRS" xlink:label="LossGainOnStepAcquisitionOpeCFIFRS"/>
    <link:definitionArc xlink:type="arc" xlink:arcrole="http://www.xbrl.org/2003/arcrole/general-special" xlink:from="AdjustmentsForOpeCFIFRSAbstract" xlink:to="LossGainOnStepAcquisitionOpeCFIFRS" order="22.0"/>
    <link:loc xlink:type="locator" xlink:href="../jpigp_cor_2021-11-01.xsd#jpigp_cor_LossGainOnRemeasurementRelatingToBusinessCombinationsOpeCFIFRS" xlink:label="LossGainOnRemeasurementRelatingToBusinessCombinationsOpeCFIFRS"/>
    <link:definitionArc xlink:type="arc" xlink:arcrole="http://www.xbrl.org/2003/arcrole/general-special" xlink:from="AdjustmentsForOpeCFIFRSAbstract" xlink:to="LossGainOnRemeasurementRelatingToBusinessCombinationsOpeCFIFRS" order="23.0"/>
    <link:loc xlink:type="locator" xlink:href="../jpigp_cor_2021-11-01.xsd#jpigp_cor_ForeignExchangeLossGainOpeCFIFRS" xlink:label="ForeignExchangeLossGainOpeCFIFRS"/>
    <link:definitionArc xlink:type="arc" xlink:arcrole="http://www.xbrl.org/2003/arcrole/general-special" xlink:from="AdjustmentsForOpeCFIFRSAbstract" xlink:to="ForeignExchangeLossGainOpeCFIFRS" order="24.0"/>
    <link:loc xlink:type="locator" xlink:href="../jpigp_cor_2021-11-01.xsd#jpigp_cor_ChangesInWorkingCapitalOpeCFIFRSAbstract" xlink:label="ChangesInWorkingCapitalOpeCFIFRSAbstract"/>
    <link:definitionArc xlink:type="arc" xlink:arcrole="http://www.xbrl.org/2003/arcrole/general-special" xlink:from="AdjustmentsForOpeCFIFRSAbstract" xlink:to="ChangesInWorkingCapitalOpeCFIFRSAbstract" order="25.0"/>
    <link:loc xlink:type="locator" xlink:href="../jpigp_cor_2021-11-01.xsd#jpigp_cor_DecreaseIncreaseInTradeAndOtherReceivablesOpeCFIFRS" xlink:label="DecreaseIncreaseInTradeAndOtherReceivablesOpeCFIFRS"/>
    <link:definitionArc xlink:type="arc" xlink:arcrole="http://www.xbrl.org/2003/arcrole/general-special" xlink:from="ChangesInWorkingCapitalOpeCFIFRSAbstract" xlink:to="DecreaseIncreaseInTradeAndOtherReceivablesOpeCFIFRS" order="1.0"/>
    <link:loc xlink:type="locator" xlink:href="../jpigp_cor_2021-11-01.xsd#jpigp_cor_DecreaseIncreaseInTradeAndOtherReceivables2OpeCFIFRS" xlink:label="DecreaseIncreaseInTradeAndOtherReceivables2OpeCFIFRS"/>
    <link:definitionArc xlink:type="arc" xlink:arcrole="http://www.xbrl.org/2003/arcrole/general-special" xlink:from="ChangesInWorkingCapitalOpeCFIFRSAbstract" xlink:to="DecreaseIncreaseInTradeAndOtherReceivables2OpeCFIFRS" order="2.0"/>
    <link:loc xlink:type="locator" xlink:href="../jpigp_cor_2021-11-01.xsd#jpigp_cor_DecreaseIncreaseInTradeAndOtherReceivables3OpeCFIFRS" xlink:label="DecreaseIncreaseInTradeAndOtherReceivables3OpeCFIFRS"/>
    <link:definitionArc xlink:type="arc" xlink:arcrole="http://www.xbrl.org/2003/arcrole/general-special" xlink:from="ChangesInWorkingCapitalOpeCFIFRSAbstract" xlink:to="DecreaseIncreaseInTradeAndOtherReceivables3OpeCFIFRS" order="3.0"/>
    <link:loc xlink:type="locator" xlink:href="../jpigp_cor_2021-11-01.xsd#jpigp_cor_DecreaseIncreaseInTradeReceivablesOpeCFIFRS" xlink:label="DecreaseIncreaseInTradeReceivablesOpeCFIFRS"/>
    <link:definitionArc xlink:type="arc" xlink:arcrole="http://www.xbrl.org/2003/arcrole/general-special" xlink:from="ChangesInWorkingCapitalOpeCFIFRSAbstract" xlink:to="DecreaseIncreaseInTradeReceivablesOpeCFIFRS" order="4.0"/>
    <link:loc xlink:type="locator" xlink:href="../jpigp_cor_2021-11-01.xsd#jpigp_cor_DecreaseIncreaseInTradeReceivables2OpeCFIFRS" xlink:label="DecreaseIncreaseInTradeReceivables2OpeCFIFRS"/>
    <link:definitionArc xlink:type="arc" xlink:arcrole="http://www.xbrl.org/2003/arcrole/general-special" xlink:from="ChangesInWorkingCapitalOpeCFIFRSAbstract" xlink:to="DecreaseIncreaseInTradeReceivables2OpeCFIFRS" order="5.0"/>
    <link:loc xlink:type="locator" xlink:href="../jpigp_cor_2021-11-01.xsd#jpigp_cor_DecreaseIncreaseInContractAssetsOpeCFIFRS" xlink:label="DecreaseIncreaseInContractAssetsOpeCFIFRS"/>
    <link:definitionArc xlink:type="arc" xlink:arcrole="http://www.xbrl.org/2003/arcrole/general-special" xlink:from="ChangesInWorkingCapitalOpeCFIFRSAbstract" xlink:to="DecreaseIncreaseInContractAssetsOpeCFIFRS" order="6.0"/>
    <link:loc xlink:type="locator" xlink:href="../jpigp_cor_2021-11-01.xsd#jpigp_cor_DecreaseIncreaseInInventoriesOpeCFIFRS" xlink:label="DecreaseIncreaseInInventoriesOpeCFIFRS"/>
    <link:definitionArc xlink:type="arc" xlink:arcrole="http://www.xbrl.org/2003/arcrole/general-special" xlink:from="ChangesInWorkingCapitalOpeCFIFRSAbstract" xlink:to="DecreaseIncreaseInInventoriesOpeCFIFRS" order="7.0"/>
    <link:loc xlink:type="locator" xlink:href="../jpigp_cor_2021-11-01.xsd#jpigp_cor_IncreaseDecreaseInTradeAndOtherPayablesOpeCFIFRS" xlink:label="IncreaseDecreaseInTradeAndOtherPayablesOpeCFIFRS"/>
    <link:definitionArc xlink:type="arc" xlink:arcrole="http://www.xbrl.org/2003/arcrole/general-special" xlink:from="ChangesInWorkingCapitalOpeCFIFRSAbstract" xlink:to="IncreaseDecreaseInTradeAndOtherPayablesOpeCFIFRS" order="8.0"/>
    <link:loc xlink:type="locator" xlink:href="../jpigp_cor_2021-11-01.xsd#jpigp_cor_IncreaseDecreaseInTradeAndOtherPayables2OpeCFIFRS" xlink:label="IncreaseDecreaseInTradeAndOtherPayables2OpeCFIFRS"/>
    <link:definitionArc xlink:type="arc" xlink:arcrole="http://www.xbrl.org/2003/arcrole/general-special" xlink:from="ChangesInWorkingCapitalOpeCFIFRSAbstract" xlink:to="IncreaseDecreaseInTradeAndOtherPayables2OpeCFIFRS" order="9.0"/>
    <link:loc xlink:type="locator" xlink:href="../jpigp_cor_2021-11-01.xsd#jpigp_cor_IncreaseDecreaseInTradeAndOtherPayables3OpeCFIFRS" xlink:label="IncreaseDecreaseInTradeAndOtherPayables3OpeCFIFRS"/>
    <link:definitionArc xlink:type="arc" xlink:arcrole="http://www.xbrl.org/2003/arcrole/general-special" xlink:from="ChangesInWorkingCapitalOpeCFIFRSAbstract" xlink:to="IncreaseDecreaseInTradeAndOtherPayables3OpeCFIFRS" order="10.0"/>
    <link:loc xlink:type="locator" xlink:href="../jpigp_cor_2021-11-01.xsd#jpigp_cor_IncreaseDecreaseInTradePayablesOpeCFIFRS" xlink:label="IncreaseDecreaseInTradePayablesOpeCFIFRS"/>
    <link:definitionArc xlink:type="arc" xlink:arcrole="http://www.xbrl.org/2003/arcrole/general-special" xlink:from="ChangesInWorkingCapitalOpeCFIFRSAbstract" xlink:to="IncreaseDecreaseInTradePayablesOpeCFIFRS" order="11.0"/>
    <link:loc xlink:type="locator" xlink:href="../jpigp_cor_2021-11-01.xsd#jpigp_cor_IncreaseDecreaseInTradePayables2OpeCFIFRS" xlink:label="IncreaseDecreaseInTradePayables2OpeCFIFRS"/>
    <link:definitionArc xlink:type="arc" xlink:arcrole="http://www.xbrl.org/2003/arcrole/general-special" xlink:from="ChangesInWorkingCapitalOpeCFIFRSAbstract" xlink:to="IncreaseDecreaseInTradePayables2OpeCFIFRS" order="12.0"/>
    <link:loc xlink:type="locator" xlink:href="../jpigp_cor_2021-11-01.xsd#jpigp_cor_IncreaseDecreaseInTradePayables3OpeCFIFRS" xlink:label="IncreaseDecreaseInTradePayables3OpeCFIFRS"/>
    <link:definitionArc xlink:type="arc" xlink:arcrole="http://www.xbrl.org/2003/arcrole/general-special" xlink:from="ChangesInWorkingCapitalOpeCFIFRSAbstract" xlink:to="IncreaseDecreaseInTradePayables3OpeCFIFRS" order="13.0"/>
    <link:loc xlink:type="locator" xlink:href="../jpigp_cor_2021-11-01.xsd#jpigp_cor_IncreaseDecreaseInContractLiabilitiesOpeCFIFRS" xlink:label="IncreaseDecreaseInContractLiabilitiesOpeCFIFRS"/>
    <link:definitionArc xlink:type="arc" xlink:arcrole="http://www.xbrl.org/2003/arcrole/general-special" xlink:from="ChangesInWorkingCapitalOpeCFIFRSAbstract" xlink:to="IncreaseDecreaseInContractLiabilitiesOpeCFIFRS" order="14.0"/>
    <link:loc xlink:type="locator" xlink:href="../jpigp_cor_2021-11-01.xsd#jpigp_cor_IncreaseOrDecreaseInRetirementBenefitAssetOrLiabilityOpeCFIFRS" xlink:label="IncreaseOrDecreaseInRetirementBenefitAssetOrLiabilityOpeCFIFRS"/>
    <link:definitionArc xlink:type="arc" xlink:arcrole="http://www.xbrl.org/2003/arcrole/general-special" xlink:from="ChangesInWorkingCapitalOpeCFIFRSAbstract" xlink:to="IncreaseOrDecreaseInRetirementBenefitAssetOrLiabilityOpeCFIFRS" order="15.0"/>
    <link:loc xlink:type="locator" xlink:href="../jpigp_cor_2021-11-01.xsd#jpigp_cor_DecreaseIncreaseInRetirementBenefitAssetOpeCFIFRS" xlink:label="DecreaseIncreaseInRetirementBenefitAssetOpeCFIFRS"/>
    <link:definitionArc xlink:type="arc" xlink:arcrole="http://www.xbrl.org/2003/arcrole/general-special" xlink:from="ChangesInWorkingCapitalOpeCFIFRSAbstract" xlink:to="DecreaseIncreaseInRetirementBenefitAssetOpeCFIFRS" order="16.0"/>
    <link:loc xlink:type="locator" xlink:href="../jpigp_cor_2021-11-01.xsd#jpigp_cor_IncreaseDecreaseInRetirementBenefitLiabilityOpeCFIFRS" xlink:label="IncreaseDecreaseInRetirementBenefitLiabilityOpeCFIFRS"/>
    <link:definitionArc xlink:type="arc" xlink:arcrole="http://www.xbrl.org/2003/arcrole/general-special" xlink:from="ChangesInWorkingCapitalOpeCFIFRSAbstract" xlink:to="IncreaseDecreaseInRetirementBenefitLiabilityOpeCFIFRS" order="17.0"/>
    <link:loc xlink:type="locator" xlink:href="../jpigp_cor_2021-11-01.xsd#jpigp_cor_IncreaseDecreaseInProvisionsOpeCFIFRS" xlink:label="IncreaseDecreaseInProvisionsOpeCFIFRS"/>
    <link:definitionArc xlink:type="arc" xlink:arcrole="http://www.xbrl.org/2003/arcrole/general-special" xlink:from="ChangesInWorkingCapitalOpeCFIFRSAbstract" xlink:to="IncreaseDecreaseInProvisionsOpeCFIFRS" order="18.0"/>
    <link:loc xlink:type="locator" xlink:href="../jpigp_cor_2021-11-01.xsd#jpigp_cor_OtherChangesInWorkingCapitalOpeCFIFRS" xlink:label="OtherChangesInWorkingCapitalOpeCFIFRS"/>
    <link:definitionArc xlink:type="arc" xlink:arcrole="http://www.xbrl.org/2003/arcrole/general-special" xlink:from="ChangesInWorkingCapitalOpeCFIFRSAbstract" xlink:to="OtherChangesInWorkingCapitalOpeCFIFRS" order="19.0"/>
    <link:loc xlink:type="locator" xlink:href="../jpigp_cor_2021-11-01.xsd#jpigp_cor_SubtotalOpeCFIFRS" xlink:label="SubtotalOpeCFIFRS"/>
    <link:definitionArc xlink:type="arc" xlink:arcrole="http://www.xbrl.org/2003/arcrole/general-special" xlink:from="CashFlowsFromOperatingActivitiesIFRSAbstract" xlink:to="SubtotalOpeCFIFRS" order="5.0"/>
    <link:loc xlink:type="locator" xlink:href="../jpigp_cor_2021-11-01.xsd#jpigp_cor_InterestAndDividendsReceivedOpeCFIFRS" xlink:label="InterestAndDividendsReceivedOpeCFIFRS"/>
    <link:definitionArc xlink:type="arc" xlink:arcrole="http://www.xbrl.org/2003/arcrole/general-special" xlink:from="CashFlowsFromOperatingActivitiesIFRSAbstract" xlink:to="InterestAndDividendsReceivedOpeCFIFRS" order="6.0"/>
    <link:loc xlink:type="locator" xlink:href="../jpigp_cor_2021-11-01.xsd#jpigp_cor_InterestReceivedOpeCFIFRS" xlink:label="InterestReceivedOpeCFIFRS"/>
    <link:definitionArc xlink:type="arc" xlink:arcrole="http://www.xbrl.org/2003/arcrole/general-special" xlink:from="CashFlowsFromOperatingActivitiesIFRSAbstract" xlink:to="InterestReceivedOpeCFIFRS" order="7.0"/>
    <link:loc xlink:type="locator" xlink:href="../jpigp_cor_2021-11-01.xsd#jpigp_cor_DividendsReceivedOpeCFIFRS" xlink:label="DividendsReceivedOpeCFIFRS"/>
    <link:definitionArc xlink:type="arc" xlink:arcrole="http://www.xbrl.org/2003/arcrole/general-special" xlink:from="CashFlowsFromOperatingActivitiesIFRSAbstract" xlink:to="DividendsReceivedOpeCFIFRS" order="8.0"/>
    <link:loc xlink:type="locator" xlink:href="../jpigp_cor_2021-11-01.xsd#jpigp_cor_InterestPaidOpeCFIFRS" xlink:label="InterestPaidOpeCFIFRS"/>
    <link:definitionArc xlink:type="arc" xlink:arcrole="http://www.xbrl.org/2003/arcrole/general-special" xlink:from="CashFlowsFromOperatingActivitiesIFRSAbstract" xlink:to="InterestPaidOpeCFIFRS" order="9.0"/>
    <link:loc xlink:type="locator" xlink:href="../jpigp_cor_2021-11-01.xsd#jpigp_cor_IncomeTaxesRefundPaidOpeCFIFRS" xlink:label="IncomeTaxesRefundPaidOpeCFIFRS"/>
    <link:definitionArc xlink:type="arc" xlink:arcrole="http://www.xbrl.org/2003/arcrole/general-special" xlink:from="CashFlowsFromOperatingActivitiesIFRSAbstract" xlink:to="IncomeTaxesRefundPaidOpeCFIFRS" order="10.0"/>
    <link:loc xlink:type="locator" xlink:href="../jpigp_cor_2021-11-01.xsd#jpigp_cor_IncomeTaxesPaidOpeCFIFRS" xlink:label="IncomeTaxesPaidOpeCFIFRS"/>
    <link:definitionArc xlink:type="arc" xlink:arcrole="http://www.xbrl.org/2003/arcrole/general-special" xlink:from="CashFlowsFromOperatingActivitiesIFRSAbstract" xlink:to="IncomeTaxesPaidOpeCFIFRS" order="11.0"/>
    <link:loc xlink:type="locator" xlink:href="../jpigp_cor_2021-11-01.xsd#jpigp_cor_IncomeTaxesRefundOpeCFIFRS" xlink:label="IncomeTaxesRefundOpeCFIFRS"/>
    <link:definitionArc xlink:type="arc" xlink:arcrole="http://www.xbrl.org/2003/arcrole/general-special" xlink:from="CashFlowsFromOperatingActivitiesIFRSAbstract" xlink:to="IncomeTaxesRefundOpeCFIFRS" order="12.0"/>
    <link:loc xlink:type="locator" xlink:href="../jpigp_cor_2021-11-01.xsd#jpigp_cor_OtherOpeCFIFRS" xlink:label="OtherOpeCFIFRS"/>
    <link:definitionArc xlink:type="arc" xlink:arcrole="http://www.xbrl.org/2003/arcrole/general-special" xlink:from="CashFlowsFromOperatingActivitiesIFRSAbstract" xlink:to="OtherOpeCFIFRS" order="13.0"/>
    <link:loc xlink:type="locator" xlink:href="../jpigp_cor_2021-11-01.xsd#jpigp_cor_NetCashProvidedByUsedInOperatingActivitiesIFRS" xlink:label="NetCashProvidedByUsedInOperatingActivitiesIFRS"/>
    <link:definitionArc xlink:type="arc" xlink:arcrole="http://www.xbrl.org/2003/arcrole/general-special" xlink:from="CashFlowsFromOperatingActivitiesIFRSAbstract" xlink:to="NetCashProvidedByUsedInOperatingActivitiesIFRS" order="14.0"/>
    <link:loc xlink:type="locator" xlink:href="../jpigp_cor_2021-11-01.xsd#jpigp_cor_CashFlowsFromInvestingActivitiesIFRSAbstract" xlink:label="CashFlowsFromInvestingActivitiesIFRSAbstract"/>
    <link:definitionArc xlink:type="arc" xlink:arcrole="http://www.xbrl.org/2003/arcrole/general-special" xlink:from="StatementOfCashFlowsIFRSLineItems" xlink:to="CashFlowsFromInvestingActivitiesIFRSAbstract" order="2.0"/>
    <link:loc xlink:type="locator" xlink:href="../jpigp_cor_2021-11-01.xsd#jpigp_cor_PurchaseOfPropertyPlantAndEquipmentAndIntangibleAssetsInvCFIFRS" xlink:label="PurchaseOfPropertyPlantAndEquipmentAndIntangibleAssetsInvCFIFRS"/>
    <link:definitionArc xlink:type="arc" xlink:arcrole="http://www.xbrl.org/2003/arcrole/general-special" xlink:from="CashFlowsFromInvestingActivitiesIFRSAbstract" xlink:to="PurchaseOfPropertyPlantAndEquipmentAndIntangibleAssetsInvCFIFRS" order="1.0"/>
    <link:loc xlink:type="locator" xlink:href="../jpigp_cor_2021-11-01.xsd#jpigp_cor_ProceedsFromSaleOfPropertyPlantAndEquipmentAndIntangibleAssetsInvCFIFRS" xlink:label="ProceedsFromSaleOfPropertyPlantAndEquipmentAndIntangibleAssetsInvCFIFRS"/>
    <link:definitionArc xlink:type="arc" xlink:arcrole="http://www.xbrl.org/2003/arcrole/general-special" xlink:from="CashFlowsFromInvestingActivitiesIFRSAbstract" xlink:to="ProceedsFromSaleOfPropertyPlantAndEquipmentAndIntangibleAssetsInvCFIFRS" order="2.0"/>
    <link:loc xlink:type="locator" xlink:href="../jpigp_cor_2021-11-01.xsd#jpigp_cor_PurchaseOfPropertyPlantAndEquipmentInvCFIFRS" xlink:label="PurchaseOfPropertyPlantAndEquipmentInvCFIFRS"/>
    <link:definitionArc xlink:type="arc" xlink:arcrole="http://www.xbrl.org/2003/arcrole/general-special" xlink:from="CashFlowsFromInvestingActivitiesIFRSAbstract" xlink:to="PurchaseOfPropertyPlantAndEquipmentInvCFIFRS" order="3.0"/>
    <link:loc xlink:type="locator" xlink:href="../jpigp_cor_2021-11-01.xsd#jpigp_cor_ProceedsFromSaleOfPropertyPlantAndEquipmentInvCFIFRS" xlink:label="ProceedsFromSaleOfPropertyPlantAndEquipmentInvCFIFRS"/>
    <link:definitionArc xlink:type="arc" xlink:arcrole="http://www.xbrl.org/2003/arcrole/general-special" xlink:from="CashFlowsFromInvestingActivitiesIFRSAbstract" xlink:to="ProceedsFromSaleOfPropertyPlantAndEquipmentInvCFIFRS" order="4.0"/>
    <link:loc xlink:type="locator" xlink:href="../jpigp_cor_2021-11-01.xsd#jpigp_cor_PurchaseOfIntangibleAssetsInvCFIFRS" xlink:label="PurchaseOfIntangibleAssetsInvCFIFRS"/>
    <link:definitionArc xlink:type="arc" xlink:arcrole="http://www.xbrl.org/2003/arcrole/general-special" xlink:from="CashFlowsFromInvestingActivitiesIFRSAbstract" xlink:to="PurchaseOfIntangibleAssetsInvCFIFRS" order="5.0"/>
    <link:loc xlink:type="locator" xlink:href="../jpigp_cor_2021-11-01.xsd#jpigp_cor_ProceedsFromSaleOfIntangibleAssetsInvCFIFRS" xlink:label="ProceedsFromSaleOfIntangibleAssetsInvCFIFRS"/>
    <link:definitionArc xlink:type="arc" xlink:arcrole="http://www.xbrl.org/2003/arcrole/general-special" xlink:from="CashFlowsFromInvestingActivitiesIFRSAbstract" xlink:to="ProceedsFromSaleOfIntangibleAssetsInvCFIFRS" order="6.0"/>
    <link:loc xlink:type="locator" xlink:href="../jpigp_cor_2021-11-01.xsd#jpigp_cor_PurchaseOfInvestmentPropertyInvCFIFRS" xlink:label="PurchaseOfInvestmentPropertyInvCFIFRS"/>
    <link:definitionArc xlink:type="arc" xlink:arcrole="http://www.xbrl.org/2003/arcrole/general-special" xlink:from="CashFlowsFromInvestingActivitiesIFRSAbstract" xlink:to="PurchaseOfInvestmentPropertyInvCFIFRS" order="7.0"/>
    <link:loc xlink:type="locator" xlink:href="../jpigp_cor_2021-11-01.xsd#jpigp_cor_ProceedsFromSaleOfInvestmentPropertyInvCFIFRS" xlink:label="ProceedsFromSaleOfInvestmentPropertyInvCFIFRS"/>
    <link:definitionArc xlink:type="arc" xlink:arcrole="http://www.xbrl.org/2003/arcrole/general-special" xlink:from="CashFlowsFromInvestingActivitiesIFRSAbstract" xlink:to="ProceedsFromSaleOfInvestmentPropertyInvCFIFRS" order="8.0"/>
    <link:loc xlink:type="locator" xlink:href="../jpigp_cor_2021-11-01.xsd#jpigp_cor_PaymentsForLoansReceivableInvCFIFRS" xlink:label="PaymentsForLoansReceivableInvCFIFRS"/>
    <link:definitionArc xlink:type="arc" xlink:arcrole="http://www.xbrl.org/2003/arcrole/general-special" xlink:from="CashFlowsFromInvestingActivitiesIFRSAbstract" xlink:to="PaymentsForLoansReceivableInvCFIFRS" order="9.0"/>
    <link:loc xlink:type="locator" xlink:href="../jpigp_cor_2021-11-01.xsd#jpigp_cor_CollectionOfLoansReceivableInvCFIFRS" xlink:label="CollectionOfLoansReceivableInvCFIFRS"/>
    <link:definitionArc xlink:type="arc" xlink:arcrole="http://www.xbrl.org/2003/arcrole/general-special" xlink:from="CashFlowsFromInvestingActivitiesIFRSAbstract" xlink:to="CollectionOfLoansReceivableInvCFIFRS" order="10.0"/>
    <link:loc xlink:type="locator" xlink:href="../jpigp_cor_2021-11-01.xsd#jpigp_cor_NetDecreaseIncreaseInShortTermLoansReceivableInvCFIFRS" xlink:label="NetDecreaseIncreaseInShortTermLoansReceivableInvCFIFRS"/>
    <link:definitionArc xlink:type="arc" xlink:arcrole="http://www.xbrl.org/2003/arcrole/general-special" xlink:from="CashFlowsFromInvestingActivitiesIFRSAbstract" xlink:to="NetDecreaseIncreaseInShortTermLoansReceivableInvCFIFRS" order="11.0"/>
    <link:loc xlink:type="locator" xlink:href="../jpigp_cor_2021-11-01.xsd#jpigp_cor_PaymentsForAcquisitionOfSubsidiariesInvCFIFRS" xlink:label="PaymentsForAcquisitionOfSubsidiariesInvCFIFRS"/>
    <link:definitionArc xlink:type="arc" xlink:arcrole="http://www.xbrl.org/2003/arcrole/general-special" xlink:from="CashFlowsFromInvestingActivitiesIFRSAbstract" xlink:to="PaymentsForAcquisitionOfSubsidiariesInvCFIFRS" order="12.0"/>
    <link:loc xlink:type="locator" xlink:href="../jpigp_cor_2021-11-01.xsd#jpigp_cor_ProceedsFromSaleOfSubsidiariesInvCFIFRS" xlink:label="ProceedsFromSaleOfSubsidiariesInvCFIFRS"/>
    <link:definitionArc xlink:type="arc" xlink:arcrole="http://www.xbrl.org/2003/arcrole/general-special" xlink:from="CashFlowsFromInvestingActivitiesIFRSAbstract" xlink:to="ProceedsFromSaleOfSubsidiariesInvCFIFRS" order="13.0"/>
    <link:loc xlink:type="locator" xlink:href="../jpigp_cor_2021-11-01.xsd#jpigp_cor_PaymentsForAcquisitionOfBusinessesInvCFIFRS" xlink:label="PaymentsForAcquisitionOfBusinessesInvCFIFRS"/>
    <link:definitionArc xlink:type="arc" xlink:arcrole="http://www.xbrl.org/2003/arcrole/general-special" xlink:from="CashFlowsFromInvestingActivitiesIFRSAbstract" xlink:to="PaymentsForAcquisitionOfBusinessesInvCFIFRS" order="14.0"/>
    <link:loc xlink:type="locator" xlink:href="../jpigp_cor_2021-11-01.xsd#jpigp_cor_ProceedsFromSaleOfBusinessesInvCFIFRS" xlink:label="ProceedsFromSaleOfBusinessesInvCFIFRS"/>
    <link:definitionArc xlink:type="arc" xlink:arcrole="http://www.xbrl.org/2003/arcrole/general-special" xlink:from="CashFlowsFromInvestingActivitiesIFRSAbstract" xlink:to="ProceedsFromSaleOfBusinessesInvCFIFRS" order="15.0"/>
    <link:loc xlink:type="locator" xlink:href="../jpigp_cor_2021-11-01.xsd#jpigp_cor_PurchaseOfInvestmentsAccountedForUsingEquityMethodInvCFIFRS" xlink:label="PurchaseOfInvestmentsAccountedForUsingEquityMethodInvCFIFRS"/>
    <link:definitionArc xlink:type="arc" xlink:arcrole="http://www.xbrl.org/2003/arcrole/general-special" xlink:from="CashFlowsFromInvestingActivitiesIFRSAbstract" xlink:to="PurchaseOfInvestmentsAccountedForUsingEquityMethodInvCFIFRS" order="16.0"/>
    <link:loc xlink:type="locator" xlink:href="../jpigp_cor_2021-11-01.xsd#jpigp_cor_ProceedsFromSaleOfInvestmentsAccountedForUsingEquityMethodInvCFIFRS" xlink:label="ProceedsFromSaleOfInvestmentsAccountedForUsingEquityMethodInvCFIFRS"/>
    <link:definitionArc xlink:type="arc" xlink:arcrole="http://www.xbrl.org/2003/arcrole/general-special" xlink:from="CashFlowsFromInvestingActivitiesIFRSAbstract" xlink:to="ProceedsFromSaleOfInvestmentsAccountedForUsingEquityMethodInvCFIFRS" order="17.0"/>
    <link:loc xlink:type="locator" xlink:href="../jpigp_cor_2021-11-01.xsd#jpigp_cor_PurchaseOfInvestmentsInAssociatesInvCFIFRS" xlink:label="PurchaseOfInvestmentsInAssociatesInvCFIFRS"/>
    <link:definitionArc xlink:type="arc" xlink:arcrole="http://www.xbrl.org/2003/arcrole/general-special" xlink:from="CashFlowsFromInvestingActivitiesIFRSAbstract" xlink:to="PurchaseOfInvestmentsInAssociatesInvCFIFRS" order="18.0"/>
    <link:loc xlink:type="locator" xlink:href="../jpigp_cor_2021-11-01.xsd#jpigp_cor_ProceedsFromSaleOfInvestmentsInAssociatesInvCFIFRS" xlink:label="ProceedsFromSaleOfInvestmentsInAssociatesInvCFIFRS"/>
    <link:definitionArc xlink:type="arc" xlink:arcrole="http://www.xbrl.org/2003/arcrole/general-special" xlink:from="CashFlowsFromInvestingActivitiesIFRSAbstract" xlink:to="ProceedsFromSaleOfInvestmentsInAssociatesInvCFIFRS" order="19.0"/>
    <link:loc xlink:type="locator" xlink:href="../jpigp_cor_2021-11-01.xsd#jpigp_cor_PurchaseOfInvestmentSecuritiesInvCFIFRS" xlink:label="PurchaseOfInvestmentSecuritiesInvCFIFRS"/>
    <link:definitionArc xlink:type="arc" xlink:arcrole="http://www.xbrl.org/2003/arcrole/general-special" xlink:from="CashFlowsFromInvestingActivitiesIFRSAbstract" xlink:to="PurchaseOfInvestmentSecuritiesInvCFIFRS" order="20.0"/>
    <link:loc xlink:type="locator" xlink:href="../jpigp_cor_2021-11-01.xsd#jpigp_cor_ProceedsFromSaleOfInvestmentSecuritiesInvCFIFRS" xlink:label="ProceedsFromSaleOfInvestmentSecuritiesInvCFIFRS"/>
    <link:definitionArc xlink:type="arc" xlink:arcrole="http://www.xbrl.org/2003/arcrole/general-special" xlink:from="CashFlowsFromInvestingActivitiesIFRSAbstract" xlink:to="ProceedsFromSaleOfInvestmentSecuritiesInvCFIFRS" order="21.0"/>
    <link:loc xlink:type="locator" xlink:href="../jpigp_cor_2021-11-01.xsd#jpigp_cor_PurchaseOfMarketableSecuritiesInvCFIFRS" xlink:label="PurchaseOfMarketableSecuritiesInvCFIFRS"/>
    <link:definitionArc xlink:type="arc" xlink:arcrole="http://www.xbrl.org/2003/arcrole/general-special" xlink:from="CashFlowsFromInvestingActivitiesIFRSAbstract" xlink:to="PurchaseOfMarketableSecuritiesInvCFIFRS" order="22.0"/>
    <link:loc xlink:type="locator" xlink:href="../jpigp_cor_2021-11-01.xsd#jpigp_cor_ProceedsFromSaleOfMarketableSecuritiesInvCFIFRS" xlink:label="ProceedsFromSaleOfMarketableSecuritiesInvCFIFRS"/>
    <link:definitionArc xlink:type="arc" xlink:arcrole="http://www.xbrl.org/2003/arcrole/general-special" xlink:from="CashFlowsFromInvestingActivitiesIFRSAbstract" xlink:to="ProceedsFromSaleOfMarketableSecuritiesInvCFIFRS" order="23.0"/>
    <link:loc xlink:type="locator" xlink:href="../jpigp_cor_2021-11-01.xsd#jpigp_cor_PurchaseOfInvestmentsInvCFIFRS" xlink:label="PurchaseOfInvestmentsInvCFIFRS"/>
    <link:definitionArc xlink:type="arc" xlink:arcrole="http://www.xbrl.org/2003/arcrole/general-special" xlink:from="CashFlowsFromInvestingActivitiesIFRSAbstract" xlink:to="PurchaseOfInvestmentsInvCFIFRS" order="24.0"/>
    <link:loc xlink:type="locator" xlink:href="../jpigp_cor_2021-11-01.xsd#jpigp_cor_ProceedsFromSaleOfInvestmentsInvCFIFRS" xlink:label="ProceedsFromSaleOfInvestmentsInvCFIFRS"/>
    <link:definitionArc xlink:type="arc" xlink:arcrole="http://www.xbrl.org/2003/arcrole/general-special" xlink:from="CashFlowsFromInvestingActivitiesIFRSAbstract" xlink:to="ProceedsFromSaleOfInvestmentsInvCFIFRS" order="25.0"/>
    <link:loc xlink:type="locator" xlink:href="../jpigp_cor_2021-11-01.xsd#jpigp_cor_PurchaseOfOtherInvestmentsInvCFIFRS" xlink:label="PurchaseOfOtherInvestmentsInvCFIFRS"/>
    <link:definitionArc xlink:type="arc" xlink:arcrole="http://www.xbrl.org/2003/arcrole/general-special" xlink:from="CashFlowsFromInvestingActivitiesIFRSAbstract" xlink:to="PurchaseOfOtherInvestmentsInvCFIFRS" order="26.0"/>
    <link:loc xlink:type="locator" xlink:href="../jpigp_cor_2021-11-01.xsd#jpigp_cor_ProceedsFromSaleOfOtherInvestmentsInvCFIFRS" xlink:label="ProceedsFromSaleOfOtherInvestmentsInvCFIFRS"/>
    <link:definitionArc xlink:type="arc" xlink:arcrole="http://www.xbrl.org/2003/arcrole/general-special" xlink:from="CashFlowsFromInvestingActivitiesIFRSAbstract" xlink:to="ProceedsFromSaleOfOtherInvestmentsInvCFIFRS" order="27.0"/>
    <link:loc xlink:type="locator" xlink:href="../jpigp_cor_2021-11-01.xsd#jpigp_cor_PurchaseOfEquityInstrumentsInvCFIFRS" xlink:label="PurchaseOfEquityInstrumentsInvCFIFRS"/>
    <link:definitionArc xlink:type="arc" xlink:arcrole="http://www.xbrl.org/2003/arcrole/general-special" xlink:from="CashFlowsFromInvestingActivitiesIFRSAbstract" xlink:to="PurchaseOfEquityInstrumentsInvCFIFRS" order="28.0"/>
    <link:loc xlink:type="locator" xlink:href="../jpigp_cor_2021-11-01.xsd#jpigp_cor_ProceedsFromSaleOfEquityInstrumentsInvCFIFRS" xlink:label="ProceedsFromSaleOfEquityInstrumentsInvCFIFRS"/>
    <link:definitionArc xlink:type="arc" xlink:arcrole="http://www.xbrl.org/2003/arcrole/general-special" xlink:from="CashFlowsFromInvestingActivitiesIFRSAbstract" xlink:to="ProceedsFromSaleOfEquityInstrumentsInvCFIFRS" order="29.0"/>
    <link:loc xlink:type="locator" xlink:href="../jpigp_cor_2021-11-01.xsd#jpigp_cor_NetDecreaseIncreaseInTimeDepositsInvCFIFRS" xlink:label="NetDecreaseIncreaseInTimeDepositsInvCFIFRS"/>
    <link:definitionArc xlink:type="arc" xlink:arcrole="http://www.xbrl.org/2003/arcrole/general-special" xlink:from="CashFlowsFromInvestingActivitiesIFRSAbstract" xlink:to="NetDecreaseIncreaseInTimeDepositsInvCFIFRS" order="30.0"/>
    <link:loc xlink:type="locator" xlink:href="../jpigp_cor_2021-11-01.xsd#jpigp_cor_ProceedsFromWithdrawalOfTimeDepositsInvCFIFRS" xlink:label="ProceedsFromWithdrawalOfTimeDepositsInvCFIFRS"/>
    <link:definitionArc xlink:type="arc" xlink:arcrole="http://www.xbrl.org/2003/arcrole/general-special" xlink:from="CashFlowsFromInvestingActivitiesIFRSAbstract" xlink:to="ProceedsFromWithdrawalOfTimeDepositsInvCFIFRS" order="31.0"/>
    <link:loc xlink:type="locator" xlink:href="../jpigp_cor_2021-11-01.xsd#jpigp_cor_PaymentsIntoTimeDepositsInvCFIFRS" xlink:label="PaymentsIntoTimeDepositsInvCFIFRS"/>
    <link:definitionArc xlink:type="arc" xlink:arcrole="http://www.xbrl.org/2003/arcrole/general-special" xlink:from="CashFlowsFromInvestingActivitiesIFRSAbstract" xlink:to="PaymentsIntoTimeDepositsInvCFIFRS" order="32.0"/>
    <link:loc xlink:type="locator" xlink:href="../jpigp_cor_2021-11-01.xsd#jpigp_cor_PaymentsForLeaseholdDepositsAndGuaranteeDepositsInvCFIFRS" xlink:label="PaymentsForLeaseholdDepositsAndGuaranteeDepositsInvCFIFRS"/>
    <link:definitionArc xlink:type="arc" xlink:arcrole="http://www.xbrl.org/2003/arcrole/general-special" xlink:from="CashFlowsFromInvestingActivitiesIFRSAbstract" xlink:to="PaymentsForLeaseholdDepositsAndGuaranteeDepositsInvCFIFRS" order="33.0"/>
    <link:loc xlink:type="locator" xlink:href="../jpigp_cor_2021-11-01.xsd#jpigp_cor_ProceedsFromCollectionOfLeaseholdDepositsAndGuaranteeDepositsInvCFIFRS" xlink:label="ProceedsFromCollectionOfLeaseholdDepositsAndGuaranteeDepositsInvCFIFRS"/>
    <link:definitionArc xlink:type="arc" xlink:arcrole="http://www.xbrl.org/2003/arcrole/general-special" xlink:from="CashFlowsFromInvestingActivitiesIFRSAbstract" xlink:to="ProceedsFromCollectionOfLeaseholdDepositsAndGuaranteeDepositsInvCFIFRS" order="34.0"/>
    <link:loc xlink:type="locator" xlink:href="../jpigp_cor_2021-11-01.xsd#jpigp_cor_PurchaseOfOtherFinancialAssetsInvCFIFRS" xlink:label="PurchaseOfOtherFinancialAssetsInvCFIFRS"/>
    <link:definitionArc xlink:type="arc" xlink:arcrole="http://www.xbrl.org/2003/arcrole/general-special" xlink:from="CashFlowsFromInvestingActivitiesIFRSAbstract" xlink:to="PurchaseOfOtherFinancialAssetsInvCFIFRS" order="35.0"/>
    <link:loc xlink:type="locator" xlink:href="../jpigp_cor_2021-11-01.xsd#jpigp_cor_ProceedsFromSaleOfOtherFinancialAssetsInvCFIFRS" xlink:label="ProceedsFromSaleOfOtherFinancialAssetsInvCFIFRS"/>
    <link:definitionArc xlink:type="arc" xlink:arcrole="http://www.xbrl.org/2003/arcrole/general-special" xlink:from="CashFlowsFromInvestingActivitiesIFRSAbstract" xlink:to="ProceedsFromSaleOfOtherFinancialAssetsInvCFIFRS" order="36.0"/>
    <link:loc xlink:type="locator" xlink:href="../jpigp_cor_2021-11-01.xsd#jpigp_cor_InterestAndDividendsReceivedInvCFIFRS" xlink:label="InterestAndDividendsReceivedInvCFIFRS"/>
    <link:definitionArc xlink:type="arc" xlink:arcrole="http://www.xbrl.org/2003/arcrole/general-special" xlink:from="CashFlowsFromInvestingActivitiesIFRSAbstract" xlink:to="InterestAndDividendsReceivedInvCFIFRS" order="37.0"/>
    <link:loc xlink:type="locator" xlink:href="../jpigp_cor_2021-11-01.xsd#jpigp_cor_OtherInvCFIFRS" xlink:label="OtherInvCFIFRS"/>
    <link:definitionArc xlink:type="arc" xlink:arcrole="http://www.xbrl.org/2003/arcrole/general-special" xlink:from="CashFlowsFromInvestingActivitiesIFRSAbstract" xlink:to="OtherInvCFIFRS" order="38.0"/>
    <link:loc xlink:type="locator" xlink:href="../jpigp_cor_2021-11-01.xsd#jpigp_cor_NetCashProvidedByUsedInInvestingActivitiesIFRS" xlink:label="NetCashProvidedByUsedInInvestingActivitiesIFRS"/>
    <link:definitionArc xlink:type="arc" xlink:arcrole="http://www.xbrl.org/2003/arcrole/general-special" xlink:from="CashFlowsFromInvestingActivitiesIFRSAbstract" xlink:to="NetCashProvidedByUsedInInvestingActivitiesIFRS" order="39.0"/>
    <link:loc xlink:type="locator" xlink:href="../jpigp_cor_2021-11-01.xsd#jpigp_cor_CashFlowsFromFinancingActivitiesIFRSAbstract" xlink:label="CashFlowsFromFinancingActivitiesIFRSAbstract"/>
    <link:definitionArc xlink:type="arc" xlink:arcrole="http://www.xbrl.org/2003/arcrole/general-special" xlink:from="StatementOfCashFlowsIFRSLineItems" xlink:to="CashFlowsFromFinancingActivitiesIFRSAbstract" order="3.0"/>
    <link:loc xlink:type="locator" xlink:href="../jpigp_cor_2021-11-01.xsd#jpigp_cor_InterestPaidFinCFIFRS" xlink:label="InterestPaidFinCFIFRS"/>
    <link:definitionArc xlink:type="arc" xlink:arcrole="http://www.xbrl.org/2003/arcrole/general-special" xlink:from="CashFlowsFromFinancingActivitiesIFRSAbstract" xlink:to="InterestPaidFinCFIFRS" order="1.0"/>
    <link:loc xlink:type="locator" xlink:href="../jpigp_cor_2021-11-01.xsd#jpigp_cor_NetIncreaseDecreaseInShortTermBorrowingsFinCFIFRS" xlink:label="NetIncreaseDecreaseInShortTermBorrowingsFinCFIFRS"/>
    <link:definitionArc xlink:type="arc" xlink:arcrole="http://www.xbrl.org/2003/arcrole/general-special" xlink:from="CashFlowsFromFinancingActivitiesIFRSAbstract" xlink:to="NetIncreaseDecreaseInShortTermBorrowingsFinCFIFRS" order="2.0"/>
    <link:loc xlink:type="locator" xlink:href="../jpigp_cor_2021-11-01.xsd#jpigp_cor_ProceedsFromShortTermBorrowingsFinCFIFRS" xlink:label="ProceedsFromShortTermBorrowingsFinCFIFRS"/>
    <link:definitionArc xlink:type="arc" xlink:arcrole="http://www.xbrl.org/2003/arcrole/general-special" xlink:from="CashFlowsFromFinancingActivitiesIFRSAbstract" xlink:to="ProceedsFromShortTermBorrowingsFinCFIFRS" order="3.0"/>
    <link:loc xlink:type="locator" xlink:href="../jpigp_cor_2021-11-01.xsd#jpigp_cor_RepaymentsOfShortTermBorrowingsFinCFIFRS" xlink:label="RepaymentsOfShortTermBorrowingsFinCFIFRS"/>
    <link:definitionArc xlink:type="arc" xlink:arcrole="http://www.xbrl.org/2003/arcrole/general-special" xlink:from="CashFlowsFromFinancingActivitiesIFRSAbstract" xlink:to="RepaymentsOfShortTermBorrowingsFinCFIFRS" order="4.0"/>
    <link:loc xlink:type="locator" xlink:href="../jpigp_cor_2021-11-01.xsd#jpigp_cor_ProceedsFromIssuanceOfBondsAndLongTermBorrowingsFinCFIFRS" xlink:label="ProceedsFromIssuanceOfBondsAndLongTermBorrowingsFinCFIFRS"/>
    <link:definitionArc xlink:type="arc" xlink:arcrole="http://www.xbrl.org/2003/arcrole/general-special" xlink:from="CashFlowsFromFinancingActivitiesIFRSAbstract" xlink:to="ProceedsFromIssuanceOfBondsAndLongTermBorrowingsFinCFIFRS" order="5.0"/>
    <link:loc xlink:type="locator" xlink:href="../jpigp_cor_2021-11-01.xsd#jpigp_cor_RedemptionOfBondsAndRepaymentsOfLongTermBorrowingsFinCFIFRS" xlink:label="RedemptionOfBondsAndRepaymentsOfLongTermBorrowingsFinCFIFRS"/>
    <link:definitionArc xlink:type="arc" xlink:arcrole="http://www.xbrl.org/2003/arcrole/general-special" xlink:from="CashFlowsFromFinancingActivitiesIFRSAbstract" xlink:to="RedemptionOfBondsAndRepaymentsOfLongTermBorrowingsFinCFIFRS" order="6.0"/>
    <link:loc xlink:type="locator" xlink:href="../jpigp_cor_2021-11-01.xsd#jpigp_cor_ProceedsFromLongTermBorrowingsFinCFIFRS" xlink:label="ProceedsFromLongTermBorrowingsFinCFIFRS"/>
    <link:definitionArc xlink:type="arc" xlink:arcrole="http://www.xbrl.org/2003/arcrole/general-special" xlink:from="CashFlowsFromFinancingActivitiesIFRSAbstract" xlink:to="ProceedsFromLongTermBorrowingsFinCFIFRS" order="7.0"/>
    <link:loc xlink:type="locator" xlink:href="../jpigp_cor_2021-11-01.xsd#jpigp_cor_RepaymentsOfLongTermBorrowingsFinCFIFRS" xlink:label="RepaymentsOfLongTermBorrowingsFinCFIFRS"/>
    <link:definitionArc xlink:type="arc" xlink:arcrole="http://www.xbrl.org/2003/arcrole/general-special" xlink:from="CashFlowsFromFinancingActivitiesIFRSAbstract" xlink:to="RepaymentsOfLongTermBorrowingsFinCFIFRS" order="8.0"/>
    <link:loc xlink:type="locator" xlink:href="../jpigp_cor_2021-11-01.xsd#jpigp_cor_ProceedsFromIssuanceOfBondsFinCFIFRS" xlink:label="ProceedsFromIssuanceOfBondsFinCFIFRS"/>
    <link:definitionArc xlink:type="arc" xlink:arcrole="http://www.xbrl.org/2003/arcrole/general-special" xlink:from="CashFlowsFromFinancingActivitiesIFRSAbstract" xlink:to="ProceedsFromIssuanceOfBondsFinCFIFRS" order="9.0"/>
    <link:loc xlink:type="locator" xlink:href="../jpigp_cor_2021-11-01.xsd#jpigp_cor_RedemptionOfBondsFinCFIFRS" xlink:label="RedemptionOfBondsFinCFIFRS"/>
    <link:definitionArc xlink:type="arc" xlink:arcrole="http://www.xbrl.org/2003/arcrole/general-special" xlink:from="CashFlowsFromFinancingActivitiesIFRSAbstract" xlink:to="RedemptionOfBondsFinCFIFRS" order="10.0"/>
    <link:loc xlink:type="locator" xlink:href="../jpigp_cor_2021-11-01.xsd#jpigp_cor_RepaymentsOfLeaseObligationsFinCFIFRS" xlink:label="RepaymentsOfLeaseObligationsFinCFIFRS"/>
    <link:definitionArc xlink:type="arc" xlink:arcrole="http://www.xbrl.org/2003/arcrole/general-special" xlink:from="CashFlowsFromFinancingActivitiesIFRSAbstract" xlink:to="RepaymentsOfLeaseObligationsFinCFIFRS" order="11.0"/>
    <link:loc xlink:type="locator" xlink:href="../jpigp_cor_2021-11-01.xsd#jpigp_cor_RepaymentsOfFinanceLeaseObligationsFinCFIFRS" xlink:label="RepaymentsOfFinanceLeaseObligationsFinCFIFRS"/>
    <link:definitionArc xlink:type="arc" xlink:arcrole="http://www.xbrl.org/2003/arcrole/general-special" xlink:from="CashFlowsFromFinancingActivitiesIFRSAbstract" xlink:to="RepaymentsOfFinanceLeaseObligationsFinCFIFRS" order="12.0"/>
    <link:loc xlink:type="locator" xlink:href="../jpigp_cor_2021-11-01.xsd#jpigp_cor_ProceedsFromSaleAndLeasebackTransactionsFinCFIFRS" xlink:label="ProceedsFromSaleAndLeasebackTransactionsFinCFIFRS"/>
    <link:definitionArc xlink:type="arc" xlink:arcrole="http://www.xbrl.org/2003/arcrole/general-special" xlink:from="CashFlowsFromFinancingActivitiesIFRSAbstract" xlink:to="ProceedsFromSaleAndLeasebackTransactionsFinCFIFRS" order="13.0"/>
    <link:loc xlink:type="locator" xlink:href="../jpigp_cor_2021-11-01.xsd#jpigp_cor_ProceedsFromIssuanceOfSharesFinCFIFRS" xlink:label="ProceedsFromIssuanceOfSharesFinCFIFRS"/>
    <link:definitionArc xlink:type="arc" xlink:arcrole="http://www.xbrl.org/2003/arcrole/general-special" xlink:from="CashFlowsFromFinancingActivitiesIFRSAbstract" xlink:to="ProceedsFromIssuanceOfSharesFinCFIFRS" order="14.0"/>
    <link:loc xlink:type="locator" xlink:href="../jpigp_cor_2021-11-01.xsd#jpigp_cor_ProceedsFromExerciseOfEmployeeShareOptionsFinCFIFRS" xlink:label="ProceedsFromExerciseOfEmployeeShareOptionsFinCFIFRS"/>
    <link:definitionArc xlink:type="arc" xlink:arcrole="http://www.xbrl.org/2003/arcrole/general-special" xlink:from="CashFlowsFromFinancingActivitiesIFRSAbstract" xlink:to="ProceedsFromExerciseOfEmployeeShareOptionsFinCFIFRS" order="15.0"/>
    <link:loc xlink:type="locator" xlink:href="../jpigp_cor_2021-11-01.xsd#jpigp_cor_ProceedsFromExerciseOfShareAcquisitionRightsFinCFIFRS" xlink:label="ProceedsFromExerciseOfShareAcquisitionRightsFinCFIFRS"/>
    <link:definitionArc xlink:type="arc" xlink:arcrole="http://www.xbrl.org/2003/arcrole/general-special" xlink:from="CashFlowsFromFinancingActivitiesIFRSAbstract" xlink:to="ProceedsFromExerciseOfShareAcquisitionRightsFinCFIFRS" order="16.0"/>
    <link:loc xlink:type="locator" xlink:href="../jpigp_cor_2021-11-01.xsd#jpigp_cor_ProceedsFromIssuanceOfShareAcquisitionRightsFinCFIFRS" xlink:label="ProceedsFromIssuanceOfShareAcquisitionRightsFinCFIFRS"/>
    <link:definitionArc xlink:type="arc" xlink:arcrole="http://www.xbrl.org/2003/arcrole/general-special" xlink:from="CashFlowsFromFinancingActivitiesIFRSAbstract" xlink:to="ProceedsFromIssuanceOfShareAcquisitionRightsFinCFIFRS" order="17.0"/>
    <link:loc xlink:type="locator" xlink:href="../jpigp_cor_2021-11-01.xsd#jpigp_cor_CapitalContributionFromNonControllingInterestsFinCFIFRS" xlink:label="CapitalContributionFromNonControllingInterestsFinCFIFRS"/>
    <link:definitionArc xlink:type="arc" xlink:arcrole="http://www.xbrl.org/2003/arcrole/general-special" xlink:from="CashFlowsFromFinancingActivitiesIFRSAbstract" xlink:to="CapitalContributionFromNonControllingInterestsFinCFIFRS" order="18.0"/>
    <link:loc xlink:type="locator" xlink:href="../jpigp_cor_2021-11-01.xsd#jpigp_cor_PaymentsForAcquisitionOfInterestsInSubsidiariesFromNonControllingInterestsFinCFIFRS" xlink:label="PaymentsForAcquisitionOfInterestsInSubsidiariesFromNonControllingInterestsFinCFIFRS"/>
    <link:definitionArc xlink:type="arc" xlink:arcrole="http://www.xbrl.org/2003/arcrole/general-special" xlink:from="CashFlowsFromFinancingActivitiesIFRSAbstract" xlink:to="PaymentsForAcquisitionOfInterestsInSubsidiariesFromNonControllingInterestsFinCFIFRS" order="19.0"/>
    <link:loc xlink:type="locator" xlink:href="../jpigp_cor_2021-11-01.xsd#jpigp_cor_ProceedsFromChangesInOwnershipInterestsInSubsidiariesThatDoNotResultInLossOfControlFinCFIFRS" xlink:label="ProceedsFromChangesInOwnershipInterestsInSubsidiariesThatDoNotResultInLossOfControlFinCFIFRS"/>
    <link:definitionArc xlink:type="arc" xlink:arcrole="http://www.xbrl.org/2003/arcrole/general-special" xlink:from="CashFlowsFromFinancingActivitiesIFRSAbstract" xlink:to="ProceedsFromChangesInOwnershipInterestsInSubsidiariesThatDoNotResultInLossOfControlFinCFIFRS" order="20.0"/>
    <link:loc xlink:type="locator" xlink:href="../jpigp_cor_2021-11-01.xsd#jpigp_cor_PaymentsForPurchaseOfTreasurySharesFinCFIFRS" xlink:label="PaymentsForPurchaseOfTreasurySharesFinCFIFRS"/>
    <link:definitionArc xlink:type="arc" xlink:arcrole="http://www.xbrl.org/2003/arcrole/general-special" xlink:from="CashFlowsFromFinancingActivitiesIFRSAbstract" xlink:to="PaymentsForPurchaseOfTreasurySharesFinCFIFRS" order="21.0"/>
    <link:loc xlink:type="locator" xlink:href="../jpigp_cor_2021-11-01.xsd#jpigp_cor_ProceedsFromSaleOfTreasurySharesFinCFIFRS" xlink:label="ProceedsFromSaleOfTreasurySharesFinCFIFRS"/>
    <link:definitionArc xlink:type="arc" xlink:arcrole="http://www.xbrl.org/2003/arcrole/general-special" xlink:from="CashFlowsFromFinancingActivitiesIFRSAbstract" xlink:to="ProceedsFromSaleOfTreasurySharesFinCFIFRS" order="22.0"/>
    <link:loc xlink:type="locator" xlink:href="../jpigp_cor_2021-11-01.xsd#jpigp_cor_NetDecreaseIncreaseInTreasurySharesFinCFIFRS" xlink:label="NetDecreaseIncreaseInTreasurySharesFinCFIFRS"/>
    <link:definitionArc xlink:type="arc" xlink:arcrole="http://www.xbrl.org/2003/arcrole/general-special" xlink:from="CashFlowsFromFinancingActivitiesIFRSAbstract" xlink:to="NetDecreaseIncreaseInTreasurySharesFinCFIFRS" order="23.0"/>
    <link:loc xlink:type="locator" xlink:href="../jpigp_cor_2021-11-01.xsd#jpigp_cor_DividendsPaidFinCFIFRS" xlink:label="DividendsPaidFinCFIFRS"/>
    <link:definitionArc xlink:type="arc" xlink:arcrole="http://www.xbrl.org/2003/arcrole/general-special" xlink:from="CashFlowsFromFinancingActivitiesIFRSAbstract" xlink:to="DividendsPaidFinCFIFRS" order="24.0"/>
    <link:loc xlink:type="locator" xlink:href="../jpigp_cor_2021-11-01.xsd#jpigp_cor_DividendsPaidToOwnersOfParentFinCFIFRS" xlink:label="DividendsPaidToOwnersOfParentFinCFIFRS"/>
    <link:definitionArc xlink:type="arc" xlink:arcrole="http://www.xbrl.org/2003/arcrole/general-special" xlink:from="CashFlowsFromFinancingActivitiesIFRSAbstract" xlink:to="DividendsPaidToOwnersOfParentFinCFIFRS" order="25.0"/>
    <link:loc xlink:type="locator" xlink:href="../jpigp_cor_2021-11-01.xsd#jpigp_cor_DividendsPaidToNonControllingInterestsFinCFIFRS" xlink:label="DividendsPaidToNonControllingInterestsFinCFIFRS"/>
    <link:definitionArc xlink:type="arc" xlink:arcrole="http://www.xbrl.org/2003/arcrole/general-special" xlink:from="CashFlowsFromFinancingActivitiesIFRSAbstract" xlink:to="DividendsPaidToNonControllingInterestsFinCFIFRS" order="26.0"/>
    <link:loc xlink:type="locator" xlink:href="../jpigp_cor_2021-11-01.xsd#jpigp_cor_OtherFinCFIFRS" xlink:label="OtherFinCFIFRS"/>
    <link:definitionArc xlink:type="arc" xlink:arcrole="http://www.xbrl.org/2003/arcrole/general-special" xlink:from="CashFlowsFromFinancingActivitiesIFRSAbstract" xlink:to="OtherFinCFIFRS" order="27.0"/>
    <link:loc xlink:type="locator" xlink:href="../jpigp_cor_2021-11-01.xsd#jpigp_cor_NetCashProvidedByUsedInFinancingActivitiesIFRS" xlink:label="NetCashProvidedByUsedInFinancingActivitiesIFRS"/>
    <link:definitionArc xlink:type="arc" xlink:arcrole="http://www.xbrl.org/2003/arcrole/general-special" xlink:from="CashFlowsFromFinancingActivitiesIFRSAbstract" xlink:to="NetCashProvidedByUsedInFinancingActivitiesIFRS" order="28.0"/>
    <link:loc xlink:type="locator" xlink:href="../jpigp_cor_2021-11-01.xsd#jpigp_cor_NetIncreaseDecreaseInCashAndCashEquivalentsBeforeEffectOfExchangeRateChangesIFRS" xlink:label="NetIncreaseDecreaseInCashAndCashEquivalentsBeforeEffectOfExchangeRateChangesIFRS"/>
    <link:definitionArc xlink:type="arc" xlink:arcrole="http://www.xbrl.org/2003/arcrole/general-special" xlink:from="StatementOfCashFlowsIFRSLineItems" xlink:to="NetIncreaseDecreaseInCashAndCashEquivalentsBeforeEffectOfExchangeRateChangesIFRS" order="4.0"/>
    <link:loc xlink:type="locator" xlink:href="../jpigp_cor_2021-11-01.xsd#jpigp_cor_EffectOfExchangeRateChangesOnCashAndCashEquivalentsIFRS" xlink:label="EffectOfExchangeRateChangesOnCashAndCashEquivalentsIFRS"/>
    <link:definitionArc xlink:type="arc" xlink:arcrole="http://www.xbrl.org/2003/arcrole/general-special" xlink:from="StatementOfCashFlowsIFRSLineItems" xlink:to="EffectOfExchangeRateChangesOnCashAndCashEquivalentsIFRS" order="5.0"/>
    <link:loc xlink:type="locator" xlink:href="../jpigp_cor_2021-11-01.xsd#jpigp_cor_NetIncreaseDecreaseInCashAndCashEquivalentsIFRS" xlink:label="NetIncreaseDecreaseInCashAndCashEquivalentsIFRS"/>
    <link:definitionArc xlink:type="arc" xlink:arcrole="http://www.xbrl.org/2003/arcrole/general-special" xlink:from="StatementOfCashFlowsIFRSLineItems" xlink:to="NetIncreaseDecreaseInCashAndCashEquivalentsIFRS" order="6.0"/>
    <link:loc xlink:type="locator" xlink:href="../jpigp_cor_2021-11-01.xsd#jpigp_cor_CashAndCashEquivalentsIFRS" xlink:label="CashAndCashEquivalentsIFRS"/>
    <link:definitionArc xlink:type="arc" xlink:arcrole="http://www.xbrl.org/2003/arcrole/general-special" xlink:from="StatementOfCashFlowsIFRSLineItems" xlink:to="CashAndCashEquivalentsIFRS" order="7.0"/>
    <link:loc xlink:type="locator" xlink:href="../jpigp_cor_2021-11-01.xsd#jpigp_cor_CashAndCashEquivalentsIfDifferentFromBSBalanceIFRS" xlink:label="CashAndCashEquivalentsIfDifferentFromBSBalanceIFRS"/>
    <link:definitionArc xlink:type="arc" xlink:arcrole="http://www.xbrl.org/2003/arcrole/general-special" xlink:from="StatementOfCashFlowsIFRSLineItems" xlink:to="CashAndCashEquivalentsIfDifferentFromBSBalanceIFRS" order="8.0"/>
    <link:loc xlink:type="locator" xlink:href="../jpigp_cor_2021-11-01.xsd#jpigp_cor_StatementOfCashFlowsIFRSAbstract" xlink:label="StatementOfCashFlowsIFRSAbstract"/>
    <link:loc xlink:type="locator" xlink:href="../jpigp_cor_2021-11-01.xsd#jpigp_cor_StatementOfCashFlowsIFRSTable" xlink:label="StatementOfCashFlowsIFRSTable"/>
    <link:definitionArc xlink:type="arc" xlink:arcrole="http://www.xbrl.org/2003/arcrole/general-special" xlink:from="StatementOfCashFlowsIFRSAbstract" xlink:to="StatementOfCashFlowsIFRSTable" order="1.0"/>
    <link:definitionArc xlink:type="arc" xlink:arcrole="http://www.xbrl.org/2003/arcrole/general-special" xlink:from="StatementOfCashFlowsIFRSAbstract" xlink:to="StatementOfCashFlowsIFRSLineItems" order="2.0"/>
  </link:definitionLink>
</link:linkbase>
