<?xml version="1.0" encoding="UTF-8"?>
<!--  (c) Financial Services Agency, The Japanese Government.
      All Rights Reserved.
      For intellectual property policy and authorized uses of EDINET Taxonomy,
      refer to “EDINET Taxonomy Legal Statement” at http://www.fsa.go.jp/search/EDINET_Taxonomy_Legal_Statement.html
-->
<link:linkbase xmlns:link="http://www.xbrl.org/2003/linkbase" xmlns:xsi="http://www.w3.org/2001/XMLSchema-instance" xmlns:xlink="http://www.w3.org/1999/xlink" xmlns:xbrli="http://www.xbrl.org/2003/instance">
  <link:roleRef roleURI="http://www.xbrl.org/2009/role/deprecatedDateLabel" xlink:type="simple" xlink:href="http://www.xbrl.org/lrr/role/deprecated-2009-12-16.xsd#deprecatedDateLabel"/>
  <link:roleRef roleURI="http://www.xbrl.org/2009/role/deprecatedLabel" xlink:type="simple" xlink:href="http://www.xbrl.org/lrr/role/deprecated-2009-12-16.xsd#deprecatedLabel"/>
  <link:labelLink xlink:type="extended" xlink:role="http://www.xbrl.org/2003/role/link">
    <link:loc xlink:type="locator" xlink:href="jppfs_dep_2020-11-01.xsd#jppfs_cor_ReversalOfAllowanceForLoanLossesEIBNK" xlink:label="ReversalOfAllowanceForLoanLossesEIBNK"/>
    <link:label xlink:type="resource" xlink:label="label_ReversalOfAllowanceForLoanLossesEIBNK" xlink:role="http://www.xbrl.org/2009/role/deprecatedLabel" xml:lang="ja" id="label_ReversalOfAllowanceForLoanLossesEIBNK">銀行法施行規則等の一部を改正する内閣府令</link:label>
    <link:labelArc xlink:type="arc" xlink:arcrole="http://www.xbrl.org/2003/arcrole/concept-label" xlink:from="ReversalOfAllowanceForLoanLossesEIBNK" xlink:to="label_ReversalOfAllowanceForLoanLossesEIBNK"/>
    <link:label xlink:type="resource" xlink:label="label_ReversalOfAllowanceForLoanLossesEIBNK_2" xlink:role="http://www.xbrl.org/2009/role/deprecatedDateLabel" xml:lang="ja" id="label_ReversalOfAllowanceForLoanLossesEIBNK_2">2011-10-31</link:label>
    <link:labelArc xlink:type="arc" xlink:arcrole="http://www.xbrl.org/2003/arcrole/concept-label" xlink:from="ReversalOfAllowanceForLoanLossesEIBNK" xlink:to="label_ReversalOfAllowanceForLoanLossesEIBNK_2"/>
    <link:loc xlink:type="locator" xlink:href="jppfs_dep_2020-11-01.xsd#jppfs_cor_RecoveriesOfWrittenOffClaimsEIBNK" xlink:label="RecoveriesOfWrittenOffClaimsEIBNK"/>
    <link:label xlink:type="resource" xlink:label="label_RecoveriesOfWrittenOffClaimsEIBNK" xlink:role="http://www.xbrl.org/2009/role/deprecatedLabel" xml:lang="ja" id="label_RecoveriesOfWrittenOffClaimsEIBNK">銀行法施行規則等の一部を改正する内閣府令</link:label>
    <link:labelArc xlink:type="arc" xlink:arcrole="http://www.xbrl.org/2003/arcrole/concept-label" xlink:from="RecoveriesOfWrittenOffClaimsEIBNK" xlink:to="label_RecoveriesOfWrittenOffClaimsEIBNK"/>
    <link:label xlink:type="resource" xlink:label="label_RecoveriesOfWrittenOffClaimsEIBNK_2" xlink:role="http://www.xbrl.org/2009/role/deprecatedDateLabel" xml:lang="ja" id="label_RecoveriesOfWrittenOffClaimsEIBNK_2">2011-10-31</link:label>
    <link:labelArc xlink:type="arc" xlink:arcrole="http://www.xbrl.org/2003/arcrole/concept-label" xlink:from="RecoveriesOfWrittenOffClaimsEIBNK" xlink:to="label_RecoveriesOfWrittenOffClaimsEIBNK_2"/>
    <link:loc xlink:type="locator" xlink:href="jppfs_dep_2020-11-01.xsd#jppfs_cor_GainOnPriorPeriodAdjustmentEI" xlink:label="GainOnPriorPeriodAdjustmentEI"/>
    <link:label xlink:type="resource" xlink:label="label_GainOnPriorPeriodAdjustmentEI" xlink:role="http://www.xbrl.org/2009/role/deprecatedLabel" xml:lang="ja" id="label_GainOnPriorPeriodAdjustmentEI">連結財務諸表の用語、様式及び作成方法に関する規則等の一部を改正する内閣府令</link:label>
    <link:labelArc xlink:type="arc" xlink:arcrole="http://www.xbrl.org/2003/arcrole/concept-label" xlink:from="GainOnPriorPeriodAdjustmentEI" xlink:to="label_GainOnPriorPeriodAdjustmentEI"/>
    <link:label xlink:type="resource" xlink:label="label_GainOnPriorPeriodAdjustmentEI_2" xlink:role="http://www.xbrl.org/2009/role/deprecatedDateLabel" xml:lang="ja" id="label_GainOnPriorPeriodAdjustmentEI_2">2010-09-30</link:label>
    <link:labelArc xlink:type="arc" xlink:arcrole="http://www.xbrl.org/2003/arcrole/concept-label" xlink:from="GainOnPriorPeriodAdjustmentEI" xlink:to="label_GainOnPriorPeriodAdjustmentEI_2"/>
    <link:loc xlink:type="locator" xlink:href="jppfs_dep_2020-11-01.xsd#jppfs_cor_LossOnPriorPeriodAdjustmentEL" xlink:label="LossOnPriorPeriodAdjustmentEL"/>
    <link:label xlink:type="resource" xlink:label="label_LossOnPriorPeriodAdjustmentEL" xlink:role="http://www.xbrl.org/2009/role/deprecatedLabel" xml:lang="ja" id="label_LossOnPriorPeriodAdjustmentEL">連結財務諸表の用語、様式及び作成方法に関する規則等の一部を改正する内閣府令</link:label>
    <link:labelArc xlink:type="arc" xlink:arcrole="http://www.xbrl.org/2003/arcrole/concept-label" xlink:from="LossOnPriorPeriodAdjustmentEL" xlink:to="label_LossOnPriorPeriodAdjustmentEL"/>
    <link:label xlink:type="resource" xlink:label="label_LossOnPriorPeriodAdjustmentEL_2" xlink:role="http://www.xbrl.org/2009/role/deprecatedDateLabel" xml:lang="ja" id="label_LossOnPriorPeriodAdjustmentEL_2">2010-09-30</link:label>
    <link:labelArc xlink:type="arc" xlink:arcrole="http://www.xbrl.org/2003/arcrole/concept-label" xlink:from="LossOnPriorPeriodAdjustmentEL" xlink:to="label_LossOnPriorPeriodAdjustmentEL_2"/>
    <link:loc xlink:type="locator" xlink:href="jppfs_dep_2020-11-01.xsd#jppfs_cor_LossGainFromPriorPeriodAdjustmentOpeCF" xlink:label="LossGainFromPriorPeriodAdjustmentOpeCF"/>
    <link:label xlink:type="resource" xlink:label="label_LossGainFromPriorPeriodAdjustmentOpeCF" xlink:role="http://www.xbrl.org/2009/role/deprecatedLabel" xml:lang="ja" id="label_LossGainFromPriorPeriodAdjustmentOpeCF">連結財務諸表の用語、様式及び作成方法に関する規則等の一部を改正する内閣府令</link:label>
    <link:labelArc xlink:type="arc" xlink:arcrole="http://www.xbrl.org/2003/arcrole/concept-label" xlink:from="LossGainFromPriorPeriodAdjustmentOpeCF" xlink:to="label_LossGainFromPriorPeriodAdjustmentOpeCF"/>
    <link:label xlink:type="resource" xlink:label="label_LossGainFromPriorPeriodAdjustmentOpeCF_2" xlink:role="http://www.xbrl.org/2009/role/deprecatedDateLabel" xml:lang="ja" id="label_LossGainFromPriorPeriodAdjustmentOpeCF_2">2010-09-30</link:label>
    <link:labelArc xlink:type="arc" xlink:arcrole="http://www.xbrl.org/2003/arcrole/concept-label" xlink:from="LossGainFromPriorPeriodAdjustmentOpeCF" xlink:to="label_LossGainFromPriorPeriodAdjustmentOpeCF_2"/>
    <link:loc xlink:type="locator" xlink:href="jppfs_dep_2020-11-01.xsd#jppfs_cor_EffectOfChangesInAccountingPoliciesAppliedToForeignSubsidiaries" xlink:label="EffectOfChangesInAccountingPoliciesAppliedToForeignSubsidiaries"/>
    <link:label xlink:type="resource" xlink:label="label_EffectOfChangesInAccountingPoliciesAppliedToForeignSubsidiaries" xlink:role="http://www.xbrl.org/2009/role/deprecatedLabel" xml:lang="ja" id="label_EffectOfChangesInAccountingPoliciesAppliedToForeignSubsidiaries">今後利用が想定されないため。</link:label>
    <link:labelArc xlink:type="arc" xlink:arcrole="http://www.xbrl.org/2003/arcrole/concept-label" xlink:from="EffectOfChangesInAccountingPoliciesAppliedToForeignSubsidiaries" xlink:to="label_EffectOfChangesInAccountingPoliciesAppliedToForeignSubsidiaries"/>
    <link:label xlink:type="resource" xlink:label="label_EffectOfChangesInAccountingPoliciesAppliedToForeignSubsidiaries_2" xlink:role="http://www.xbrl.org/2009/role/deprecatedDateLabel" xml:lang="ja" id="label_EffectOfChangesInAccountingPoliciesAppliedToForeignSubsidiaries_2">2015-03-31</link:label>
    <link:labelArc xlink:type="arc" xlink:arcrole="http://www.xbrl.org/2003/arcrole/concept-label" xlink:from="EffectOfChangesInAccountingPoliciesAppliedToForeignSubsidiaries" xlink:to="label_EffectOfChangesInAccountingPoliciesAppliedToForeignSubsidiaries_2"/>
    <link:loc xlink:type="locator" xlink:href="jppfs_dep_2020-11-01.xsd#jppfs_cor_MinorityInterests" xlink:label="MinorityInterests"/>
    <link:label xlink:type="resource" xlink:label="label_MinorityInterests" xlink:role="http://www.xbrl.org/2009/role/deprecatedLabel" xml:lang="ja" id="label_MinorityInterests">平成26年3月28日財規等改正</link:label>
    <link:labelArc xlink:type="arc" xlink:arcrole="http://www.xbrl.org/2003/arcrole/concept-label" xlink:from="MinorityInterests" xlink:to="label_MinorityInterests"/>
    <link:label xlink:type="resource" xlink:label="label_MinorityInterests_2" xlink:role="http://www.xbrl.org/2009/role/deprecatedDateLabel" xml:lang="ja" id="label_MinorityInterests_2">2014-03-28</link:label>
    <link:labelArc xlink:type="arc" xlink:arcrole="http://www.xbrl.org/2003/arcrole/concept-label" xlink:from="MinorityInterests" xlink:to="label_MinorityInterests_2"/>
    <link:loc xlink:type="locator" xlink:href="jppfs_dep_2020-11-01.xsd#jppfs_cor_IncomeBeforeMinorityInterests" xlink:label="IncomeBeforeMinorityInterests"/>
    <link:label xlink:type="resource" xlink:label="label_IncomeBeforeMinorityInterests" xlink:role="http://www.xbrl.org/2009/role/deprecatedLabel" xml:lang="ja" id="label_IncomeBeforeMinorityInterests">平成26年3月28日財規等改正</link:label>
    <link:labelArc xlink:type="arc" xlink:arcrole="http://www.xbrl.org/2003/arcrole/concept-label" xlink:from="IncomeBeforeMinorityInterests" xlink:to="label_IncomeBeforeMinorityInterests"/>
    <link:label xlink:type="resource" xlink:label="label_IncomeBeforeMinorityInterests_2" xlink:role="http://www.xbrl.org/2009/role/deprecatedDateLabel" xml:lang="ja" id="label_IncomeBeforeMinorityInterests_2">2014-03-28</link:label>
    <link:labelArc xlink:type="arc" xlink:arcrole="http://www.xbrl.org/2003/arcrole/concept-label" xlink:from="IncomeBeforeMinorityInterests" xlink:to="label_IncomeBeforeMinorityInterests_2"/>
    <link:loc xlink:type="locator" xlink:href="jppfs_dep_2020-11-01.xsd#jppfs_cor_IncomeBeforeMinorityInterestsCI" xlink:label="IncomeBeforeMinorityInterestsCI"/>
    <link:label xlink:type="resource" xlink:label="label_IncomeBeforeMinorityInterestsCI" xlink:role="http://www.xbrl.org/2009/role/deprecatedLabel" xml:lang="ja" id="label_IncomeBeforeMinorityInterestsCI">平成26年3月28日財規等改正</link:label>
    <link:labelArc xlink:type="arc" xlink:arcrole="http://www.xbrl.org/2003/arcrole/concept-label" xlink:from="IncomeBeforeMinorityInterestsCI" xlink:to="label_IncomeBeforeMinorityInterestsCI"/>
    <link:label xlink:type="resource" xlink:label="label_IncomeBeforeMinorityInterestsCI_2" xlink:role="http://www.xbrl.org/2009/role/deprecatedDateLabel" xml:lang="ja" id="label_IncomeBeforeMinorityInterestsCI_2">2014-03-28</link:label>
    <link:labelArc xlink:type="arc" xlink:arcrole="http://www.xbrl.org/2003/arcrole/concept-label" xlink:from="IncomeBeforeMinorityInterestsCI" xlink:to="label_IncomeBeforeMinorityInterestsCI_2"/>
    <link:loc xlink:type="locator" xlink:href="jppfs_dep_2020-11-01.xsd#jppfs_cor_MinorityInterestsInIncome" xlink:label="MinorityInterestsInIncome"/>
    <link:label xlink:type="resource" xlink:label="label_MinorityInterestsInIncome" xlink:role="http://www.xbrl.org/2009/role/deprecatedLabel" xml:lang="ja" id="label_MinorityInterestsInIncome">平成26年3月28日財規等改正</link:label>
    <link:labelArc xlink:type="arc" xlink:arcrole="http://www.xbrl.org/2003/arcrole/concept-label" xlink:from="MinorityInterestsInIncome" xlink:to="label_MinorityInterestsInIncome"/>
    <link:label xlink:type="resource" xlink:label="label_MinorityInterestsInIncome_2" xlink:role="http://www.xbrl.org/2009/role/deprecatedDateLabel" xml:lang="ja" id="label_MinorityInterestsInIncome_2">2014-03-28</link:label>
    <link:labelArc xlink:type="arc" xlink:arcrole="http://www.xbrl.org/2003/arcrole/concept-label" xlink:from="MinorityInterestsInIncome" xlink:to="label_MinorityInterestsInIncome_2"/>
    <link:loc xlink:type="locator" xlink:href="jppfs_dep_2020-11-01.xsd#jppfs_cor_MinorityInterestsInIncomeCI" xlink:label="MinorityInterestsInIncomeCI"/>
    <link:label xlink:type="resource" xlink:label="label_MinorityInterestsInIncomeCI" xlink:role="http://www.xbrl.org/2009/role/deprecatedLabel" xml:lang="ja" id="label_MinorityInterestsInIncomeCI">平成26年3月28日財規等改正</link:label>
    <link:labelArc xlink:type="arc" xlink:arcrole="http://www.xbrl.org/2003/arcrole/concept-label" xlink:from="MinorityInterestsInIncomeCI" xlink:to="label_MinorityInterestsInIncomeCI"/>
    <link:label xlink:type="resource" xlink:label="label_MinorityInterestsInIncomeCI_2" xlink:role="http://www.xbrl.org/2009/role/deprecatedDateLabel" xml:lang="ja" id="label_MinorityInterestsInIncomeCI_2">2014-03-28</link:label>
    <link:labelArc xlink:type="arc" xlink:arcrole="http://www.xbrl.org/2003/arcrole/concept-label" xlink:from="MinorityInterestsInIncomeCI" xlink:to="label_MinorityInterestsInIncomeCI_2"/>
    <link:loc xlink:type="locator" xlink:href="jppfs_dep_2020-11-01.xsd#jppfs_cor_NetIncome" xlink:label="NetIncome"/>
    <link:label xlink:type="resource" xlink:label="label_NetIncome" xlink:role="http://www.xbrl.org/2009/role/deprecatedLabel" xml:lang="ja" id="label_NetIncome">平成26年3月28日財規等改正</link:label>
    <link:labelArc xlink:type="arc" xlink:arcrole="http://www.xbrl.org/2003/arcrole/concept-label" xlink:from="NetIncome" xlink:to="label_NetIncome"/>
    <link:label xlink:type="resource" xlink:label="label_NetIncome_2" xlink:role="http://www.xbrl.org/2009/role/deprecatedDateLabel" xml:lang="ja" id="label_NetIncome_2">2014-03-28</link:label>
    <link:labelArc xlink:type="arc" xlink:arcrole="http://www.xbrl.org/2003/arcrole/concept-label" xlink:from="NetIncome" xlink:to="label_NetIncome_2"/>
    <link:loc xlink:type="locator" xlink:href="jppfs_dep_2020-11-01.xsd#jppfs_cor_ComprehensiveIncomeAttributableToMinorityInterests" xlink:label="ComprehensiveIncomeAttributableToMinorityInterests"/>
    <link:label xlink:type="resource" xlink:label="label_ComprehensiveIncomeAttributableToMinorityInterests" xlink:role="http://www.xbrl.org/2009/role/deprecatedLabel" xml:lang="ja" id="label_ComprehensiveIncomeAttributableToMinorityInterests">平成26年3月28日財規等改正</link:label>
    <link:labelArc xlink:type="arc" xlink:arcrole="http://www.xbrl.org/2003/arcrole/concept-label" xlink:from="ComprehensiveIncomeAttributableToMinorityInterests" xlink:to="label_ComprehensiveIncomeAttributableToMinorityInterests"/>
    <link:label xlink:type="resource" xlink:label="label_ComprehensiveIncomeAttributableToMinorityInterests_2" xlink:role="http://www.xbrl.org/2009/role/deprecatedDateLabel" xml:lang="ja" id="label_ComprehensiveIncomeAttributableToMinorityInterests_2">2014-03-28</link:label>
    <link:labelArc xlink:type="arc" xlink:arcrole="http://www.xbrl.org/2003/arcrole/concept-label" xlink:from="ComprehensiveIncomeAttributableToMinorityInterests" xlink:to="label_ComprehensiveIncomeAttributableToMinorityInterests_2"/>
    <link:loc xlink:type="locator" xlink:href="jppfs_dep_2020-11-01.xsd#jppfs_cor_MinorityInterestsMember" xlink:label="MinorityInterestsMember"/>
    <link:label xlink:type="resource" xlink:label="label_MinorityInterestsMember" xlink:role="http://www.xbrl.org/2009/role/deprecatedLabel" xml:lang="ja" id="label_MinorityInterestsMember">平成26年3月28日財規等改正</link:label>
    <link:labelArc xlink:type="arc" xlink:arcrole="http://www.xbrl.org/2003/arcrole/concept-label" xlink:from="MinorityInterestsMember" xlink:to="label_MinorityInterestsMember"/>
    <link:label xlink:type="resource" xlink:label="label_MinorityInterestsMember_2" xlink:role="http://www.xbrl.org/2009/role/deprecatedDateLabel" xml:lang="ja" id="label_MinorityInterestsMember_2">2014-03-28</link:label>
    <link:labelArc xlink:type="arc" xlink:arcrole="http://www.xbrl.org/2003/arcrole/concept-label" xlink:from="MinorityInterestsMember" xlink:to="label_MinorityInterestsMember_2"/>
    <link:loc xlink:type="locator" xlink:href="jppfs_dep_2020-11-01.xsd#jppfs_cor_DecreaseOfConsolidatedSubsidiariesminorityInterests" xlink:label="DecreaseOfConsolidatedSubsidiariesminorityInterests"/>
    <link:label xlink:type="resource" xlink:label="label_DecreaseOfConsolidatedSubsidiariesminorityInterests" xlink:role="http://www.xbrl.org/2009/role/deprecatedLabel" xml:lang="ja" id="label_DecreaseOfConsolidatedSubsidiariesminorityInterests">平成26年3月28日財規等改正</link:label>
    <link:labelArc xlink:type="arc" xlink:arcrole="http://www.xbrl.org/2003/arcrole/concept-label" xlink:from="DecreaseOfConsolidatedSubsidiariesminorityInterests" xlink:to="label_DecreaseOfConsolidatedSubsidiariesminorityInterests"/>
    <link:label xlink:type="resource" xlink:label="label_DecreaseOfConsolidatedSubsidiariesminorityInterests_2" xlink:role="http://www.xbrl.org/2009/role/deprecatedDateLabel" xml:lang="ja" id="label_DecreaseOfConsolidatedSubsidiariesminorityInterests_2">2014-03-28</link:label>
    <link:labelArc xlink:type="arc" xlink:arcrole="http://www.xbrl.org/2003/arcrole/concept-label" xlink:from="DecreaseOfConsolidatedSubsidiariesminorityInterests" xlink:to="label_DecreaseOfConsolidatedSubsidiariesminorityInterests_2"/>
    <link:loc xlink:type="locator" xlink:href="jppfs_dep_2020-11-01.xsd#jppfs_cor_IncreaseOfConsolidatedSubsidiariesminorityInterests" xlink:label="IncreaseOfConsolidatedSubsidiariesminorityInterests"/>
    <link:label xlink:type="resource" xlink:label="label_IncreaseOfConsolidatedSubsidiariesminorityInterests" xlink:role="http://www.xbrl.org/2009/role/deprecatedLabel" xml:lang="ja" id="label_IncreaseOfConsolidatedSubsidiariesminorityInterests">平成26年3月28日財規等改正</link:label>
    <link:labelArc xlink:type="arc" xlink:arcrole="http://www.xbrl.org/2003/arcrole/concept-label" xlink:from="IncreaseOfConsolidatedSubsidiariesminorityInterests" xlink:to="label_IncreaseOfConsolidatedSubsidiariesminorityInterests"/>
    <link:label xlink:type="resource" xlink:label="label_IncreaseOfConsolidatedSubsidiariesminorityInterests_2" xlink:role="http://www.xbrl.org/2009/role/deprecatedDateLabel" xml:lang="ja" id="label_IncreaseOfConsolidatedSubsidiariesminorityInterests_2">2014-03-28</link:label>
    <link:labelArc xlink:type="arc" xlink:arcrole="http://www.xbrl.org/2003/arcrole/concept-label" xlink:from="IncreaseOfConsolidatedSubsidiariesminorityInterests" xlink:to="label_IncreaseOfConsolidatedSubsidiariesminorityInterests_2"/>
    <link:loc xlink:type="locator" xlink:href="jppfs_dep_2020-11-01.xsd#jppfs_cor_CashDividendsPaidToMinorityShareholdersFinCF" xlink:label="CashDividendsPaidToMinorityShareholdersFinCF"/>
    <link:label xlink:type="resource" xlink:label="label_CashDividendsPaidToMinorityShareholdersFinCF" xlink:role="http://www.xbrl.org/2009/role/deprecatedLabel" xml:lang="ja" id="label_CashDividendsPaidToMinorityShareholdersFinCF">平成26年3月28日財規等改正</link:label>
    <link:labelArc xlink:type="arc" xlink:arcrole="http://www.xbrl.org/2003/arcrole/concept-label" xlink:from="CashDividendsPaidToMinorityShareholdersFinCF" xlink:to="label_CashDividendsPaidToMinorityShareholdersFinCF"/>
    <link:label xlink:type="resource" xlink:label="label_CashDividendsPaidToMinorityShareholdersFinCF_2" xlink:role="http://www.xbrl.org/2009/role/deprecatedDateLabel" xml:lang="ja" id="label_CashDividendsPaidToMinorityShareholdersFinCF_2">2014-03-28</link:label>
    <link:labelArc xlink:type="arc" xlink:arcrole="http://www.xbrl.org/2003/arcrole/concept-label" xlink:from="CashDividendsPaidToMinorityShareholdersFinCF" xlink:to="label_CashDividendsPaidToMinorityShareholdersFinCF_2"/>
    <link:loc xlink:type="locator" xlink:href="jppfs_dep_2020-11-01.xsd#jppfs_cor_RepaymentsToMinorityShareholdersFinCF" xlink:label="RepaymentsToMinorityShareholdersFinCF"/>
    <link:label xlink:type="resource" xlink:label="label_RepaymentsToMinorityShareholdersFinCF" xlink:role="http://www.xbrl.org/2009/role/deprecatedLabel" xml:lang="ja" id="label_RepaymentsToMinorityShareholdersFinCF">平成26年3月28日財規等改正</link:label>
    <link:labelArc xlink:type="arc" xlink:arcrole="http://www.xbrl.org/2003/arcrole/concept-label" xlink:from="RepaymentsToMinorityShareholdersFinCF" xlink:to="label_RepaymentsToMinorityShareholdersFinCF"/>
    <link:label xlink:type="resource" xlink:label="label_RepaymentsToMinorityShareholdersFinCF_2" xlink:role="http://www.xbrl.org/2009/role/deprecatedDateLabel" xml:lang="ja" id="label_RepaymentsToMinorityShareholdersFinCF_2">2014-03-28</link:label>
    <link:labelArc xlink:type="arc" xlink:arcrole="http://www.xbrl.org/2003/arcrole/concept-label" xlink:from="RepaymentsToMinorityShareholdersFinCF" xlink:to="label_RepaymentsToMinorityShareholdersFinCF_2"/>
    <link:loc xlink:type="locator" xlink:href="jppfs_dep_2020-11-01.xsd#jppfs_cor_ProceedsFromStockIssuanceToMinorityShareholdersFinCF" xlink:label="ProceedsFromStockIssuanceToMinorityShareholdersFinCF"/>
    <link:label xlink:type="resource" xlink:label="label_ProceedsFromStockIssuanceToMinorityShareholdersFinCF" xlink:role="http://www.xbrl.org/2009/role/deprecatedLabel" xml:lang="ja" id="label_ProceedsFromStockIssuanceToMinorityShareholdersFinCF">平成26年3月28日財規等改正</link:label>
    <link:labelArc xlink:type="arc" xlink:arcrole="http://www.xbrl.org/2003/arcrole/concept-label" xlink:from="ProceedsFromStockIssuanceToMinorityShareholdersFinCF" xlink:to="label_ProceedsFromStockIssuanceToMinorityShareholdersFinCF"/>
    <link:label xlink:type="resource" xlink:label="label_ProceedsFromStockIssuanceToMinorityShareholdersFinCF_2" xlink:role="http://www.xbrl.org/2009/role/deprecatedDateLabel" xml:lang="ja" id="label_ProceedsFromStockIssuanceToMinorityShareholdersFinCF_2">2014-03-28</link:label>
    <link:labelArc xlink:type="arc" xlink:arcrole="http://www.xbrl.org/2003/arcrole/concept-label" xlink:from="ProceedsFromStockIssuanceToMinorityShareholdersFinCF" xlink:to="label_ProceedsFromStockIssuanceToMinorityShareholdersFinCF_2"/>
    <link:loc xlink:type="locator" xlink:href="jppfs_dep_2020-11-01.xsd#jppfs_cor_CapitalSurplusNetINV" xlink:label="CapitalSurplusNetINV"/>
    <link:label xlink:type="resource" xlink:label="label_CapitalSurplusNetINV" xlink:role="http://www.xbrl.org/2009/role/deprecatedLabel" xml:lang="ja" id="label_CapitalSurplusNetINV">出資剰余金に係る要素設定の修正</link:label>
    <link:labelArc xlink:type="arc" xlink:arcrole="http://www.xbrl.org/2003/arcrole/concept-label" xlink:from="CapitalSurplusNetINV" xlink:to="label_CapitalSurplusNetINV"/>
    <link:label xlink:type="resource" xlink:label="label_CapitalSurplusNetINV_2" xlink:role="http://www.xbrl.org/2009/role/deprecatedDateLabel" xml:lang="ja" id="label_CapitalSurplusNetINV_2">2017-02-28</link:label>
    <link:labelArc xlink:type="arc" xlink:arcrole="http://www.xbrl.org/2003/arcrole/concept-label" xlink:from="CapitalSurplusNetINV" xlink:to="label_CapitalSurplusNetINV_2"/>
    <link:loc xlink:type="locator" xlink:href="jppfs_dep_2020-11-01.xsd#jppfs_cor_ProvisionForConversionOfHeatingValueOfSuppliedGasProvisionGAS" xlink:label="ProvisionForConversionOfHeatingValueOfSuppliedGasProvisionGAS"/>
    <link:label xlink:type="resource" xlink:label="label_ProvisionForConversionOfHeatingValueOfSuppliedGasProvisionGAS" xlink:role="http://www.xbrl.org/2009/role/deprecatedLabel" xml:lang="ja" id="label_ProvisionForConversionOfHeatingValueOfSuppliedGasProvisionGAS">ガス事業会計規則改正</link:label>
    <link:labelArc xlink:type="arc" xlink:arcrole="http://www.xbrl.org/2003/arcrole/concept-label" xlink:from="ProvisionForConversionOfHeatingValueOfSuppliedGasProvisionGAS" xlink:to="label_ProvisionForConversionOfHeatingValueOfSuppliedGasProvisionGAS"/>
    <link:label xlink:type="resource" xlink:label="label_ProvisionForConversionOfHeatingValueOfSuppliedGasProvisionGAS_2" xlink:role="http://www.xbrl.org/2009/role/deprecatedDateLabel" xml:lang="ja" id="label_ProvisionForConversionOfHeatingValueOfSuppliedGasProvisionGAS_2">2017-03-28</link:label>
    <link:labelArc xlink:type="arc" xlink:arcrole="http://www.xbrl.org/2003/arcrole/concept-label" xlink:from="ProvisionForConversionOfHeatingValueOfSuppliedGasProvisionGAS" xlink:to="label_ProvisionForConversionOfHeatingValueOfSuppliedGasProvisionGAS_2"/>
    <link:loc xlink:type="locator" xlink:href="jppfs_dep_2020-11-01.xsd#jppfs_cor_ReversalOfProvisionForConversionOfHeatingValueOfSuppliedGasEIGAS" xlink:label="ReversalOfProvisionForConversionOfHeatingValueOfSuppliedGasEIGAS"/>
    <link:label xlink:type="resource" xlink:label="label_ReversalOfProvisionForConversionOfHeatingValueOfSuppliedGasEIGAS" xlink:role="http://www.xbrl.org/2009/role/deprecatedLabel" xml:lang="ja" id="label_ReversalOfProvisionForConversionOfHeatingValueOfSuppliedGasEIGAS">ガス事業会計規則改正</link:label>
    <link:labelArc xlink:type="arc" xlink:arcrole="http://www.xbrl.org/2003/arcrole/concept-label" xlink:from="ReversalOfProvisionForConversionOfHeatingValueOfSuppliedGasEIGAS" xlink:to="label_ReversalOfProvisionForConversionOfHeatingValueOfSuppliedGasEIGAS"/>
    <link:label xlink:type="resource" xlink:label="label_ReversalOfProvisionForConversionOfHeatingValueOfSuppliedGasEIGAS_2" xlink:role="http://www.xbrl.org/2009/role/deprecatedDateLabel" xml:lang="ja" id="label_ReversalOfProvisionForConversionOfHeatingValueOfSuppliedGasEIGAS_2">2017-03-28</link:label>
    <link:labelArc xlink:type="arc" xlink:arcrole="http://www.xbrl.org/2003/arcrole/concept-label" xlink:from="ReversalOfProvisionForConversionOfHeatingValueOfSuppliedGasEIGAS" xlink:to="label_ReversalOfProvisionForConversionOfHeatingValueOfSuppliedGasEIGAS_2"/>
    <link:loc xlink:type="locator" xlink:href="jppfs_dep_2020-11-01.xsd#jppfs_cor_ProvisionForConversionOfHeatingValueOfSuppliedGasELGAS" xlink:label="ProvisionForConversionOfHeatingValueOfSuppliedGasELGAS"/>
    <link:label xlink:type="resource" xlink:label="label_ProvisionForConversionOfHeatingValueOfSuppliedGasELGAS" xlink:role="http://www.xbrl.org/2009/role/deprecatedLabel" xml:lang="ja" id="label_ProvisionForConversionOfHeatingValueOfSuppliedGasELGAS">ガス事業会計規則改正</link:label>
    <link:labelArc xlink:type="arc" xlink:arcrole="http://www.xbrl.org/2003/arcrole/concept-label" xlink:from="ProvisionForConversionOfHeatingValueOfSuppliedGasELGAS" xlink:to="label_ProvisionForConversionOfHeatingValueOfSuppliedGasELGAS"/>
    <link:label xlink:type="resource" xlink:label="label_ProvisionForConversionOfHeatingValueOfSuppliedGasELGAS_2" xlink:role="http://www.xbrl.org/2009/role/deprecatedDateLabel" xml:lang="ja" id="label_ProvisionForConversionOfHeatingValueOfSuppliedGasELGAS_2">2017-03-28</link:label>
    <link:labelArc xlink:type="arc" xlink:arcrole="http://www.xbrl.org/2003/arcrole/concept-label" xlink:from="ProvisionForConversionOfHeatingValueOfSuppliedGasELGAS" xlink:to="label_ProvisionForConversionOfHeatingValueOfSuppliedGasELGAS_2"/>
    <link:loc xlink:type="locator" xlink:href="jppfs_dep_2020-11-01.xsd#jppfs_cor_DeferredTaxAssetsCA" xlink:label="DeferredTaxAssetsCA"/>
    <link:label xlink:type="resource" xlink:label="label_DeferredTaxAssetsCA" xlink:role="http://www.xbrl.org/2009/role/deprecatedLabel" xml:lang="ja" id="label_DeferredTaxAssetsCA">財務諸表等の用語、様式及び作成方法に関する規則等の一部を改正する内閣府令</link:label>
    <link:labelArc xlink:type="arc" xlink:arcrole="http://www.xbrl.org/2003/arcrole/concept-label" xlink:from="DeferredTaxAssetsCA" xlink:to="label_DeferredTaxAssetsCA"/>
    <link:label xlink:type="resource" xlink:label="label_DeferredTaxAssetsCA_2" xlink:role="http://www.xbrl.org/2009/role/deprecatedDateLabel" xml:lang="ja" id="label_DeferredTaxAssetsCA_2">2018-03-23</link:label>
    <link:labelArc xlink:type="arc" xlink:arcrole="http://www.xbrl.org/2003/arcrole/concept-label" xlink:from="DeferredTaxAssetsCA" xlink:to="label_DeferredTaxAssetsCA_2"/>
    <link:loc xlink:type="locator" xlink:href="jppfs_dep_2020-11-01.xsd#jppfs_cor_DeferredTaxAssetsIOA" xlink:label="DeferredTaxAssetsIOA"/>
    <link:label xlink:type="resource" xlink:label="label_DeferredTaxAssetsIOA" xlink:role="http://www.xbrl.org/2009/role/deprecatedLabel" xml:lang="ja" id="label_DeferredTaxAssetsIOA">財務諸表等の用語、様式及び作成方法に関する規則等の一部を改正する内閣府令</link:label>
    <link:labelArc xlink:type="arc" xlink:arcrole="http://www.xbrl.org/2003/arcrole/concept-label" xlink:from="DeferredTaxAssetsIOA" xlink:to="label_DeferredTaxAssetsIOA"/>
    <link:label xlink:type="resource" xlink:label="label_DeferredTaxAssetsIOA_2" xlink:role="http://www.xbrl.org/2009/role/deprecatedDateLabel" xml:lang="ja" id="label_DeferredTaxAssetsIOA_2">2018-03-23</link:label>
    <link:labelArc xlink:type="arc" xlink:arcrole="http://www.xbrl.org/2003/arcrole/concept-label" xlink:from="DeferredTaxAssetsIOA" xlink:to="label_DeferredTaxAssetsIOA_2"/>
    <link:loc xlink:type="locator" xlink:href="jppfs_dep_2020-11-01.xsd#jppfs_cor_DeferredTaxLiabilitiesCL" xlink:label="DeferredTaxLiabilitiesCL"/>
    <link:label xlink:type="resource" xlink:label="label_DeferredTaxLiabilitiesCL" xlink:role="http://www.xbrl.org/2009/role/deprecatedLabel" xml:lang="ja" id="label_DeferredTaxLiabilitiesCL">財務諸表等の用語、様式及び作成方法に関する規則等の一部を改正する内閣府令</link:label>
    <link:labelArc xlink:type="arc" xlink:arcrole="http://www.xbrl.org/2003/arcrole/concept-label" xlink:from="DeferredTaxLiabilitiesCL" xlink:to="label_DeferredTaxLiabilitiesCL"/>
    <link:label xlink:type="resource" xlink:label="label_DeferredTaxLiabilitiesCL_2" xlink:role="http://www.xbrl.org/2009/role/deprecatedDateLabel" xml:lang="ja" id="label_DeferredTaxLiabilitiesCL_2">2018-03-23</link:label>
    <link:labelArc xlink:type="arc" xlink:arcrole="http://www.xbrl.org/2003/arcrole/concept-label" xlink:from="DeferredTaxLiabilitiesCL" xlink:to="label_DeferredTaxLiabilitiesCL_2"/>
    <link:loc xlink:type="locator" xlink:href="jppfs_dep_2020-11-01.xsd#jppfs_cor_DeferredTaxLiabilitiesNCL" xlink:label="DeferredTaxLiabilitiesNCL"/>
    <link:label xlink:type="resource" xlink:label="label_DeferredTaxLiabilitiesNCL" xlink:role="http://www.xbrl.org/2009/role/deprecatedLabel" xml:lang="ja" id="label_DeferredTaxLiabilitiesNCL">財務諸表等の用語、様式及び作成方法に関する規則等の一部を改正する内閣府令</link:label>
    <link:labelArc xlink:type="arc" xlink:arcrole="http://www.xbrl.org/2003/arcrole/concept-label" xlink:from="DeferredTaxLiabilitiesNCL" xlink:to="label_DeferredTaxLiabilitiesNCL"/>
    <link:label xlink:type="resource" xlink:label="label_DeferredTaxLiabilitiesNCL_2" xlink:role="http://www.xbrl.org/2009/role/deprecatedDateLabel" xml:lang="ja" id="label_DeferredTaxLiabilitiesNCL_2">2018-03-23</link:label>
    <link:labelArc xlink:type="arc" xlink:arcrole="http://www.xbrl.org/2003/arcrole/concept-label" xlink:from="DeferredTaxLiabilitiesNCL" xlink:to="label_DeferredTaxLiabilitiesNCL_2"/>
    <link:loc xlink:type="locator" xlink:href="jppfs_dep_2020-11-01.xsd#jppfs_cor_DeferredTaxAssetsAssetsBNK" xlink:label="DeferredTaxAssetsAssetsBNK"/>
    <link:label xlink:type="resource" xlink:label="label_DeferredTaxAssetsAssetsBNK" xlink:role="http://www.xbrl.org/2009/role/deprecatedLabel" xml:lang="ja" id="label_DeferredTaxAssetsAssetsBNK">財務諸表等の用語、様式及び作成方法に関する規則等の一部を改正する内閣府令</link:label>
    <link:labelArc xlink:type="arc" xlink:arcrole="http://www.xbrl.org/2003/arcrole/concept-label" xlink:from="DeferredTaxAssetsAssetsBNK" xlink:to="label_DeferredTaxAssetsAssetsBNK"/>
    <link:label xlink:type="resource" xlink:label="label_DeferredTaxAssetsAssetsBNK_2" xlink:role="http://www.xbrl.org/2009/role/deprecatedDateLabel" xml:lang="ja" id="label_DeferredTaxAssetsAssetsBNK_2">2018-03-23</link:label>
    <link:labelArc xlink:type="arc" xlink:arcrole="http://www.xbrl.org/2003/arcrole/concept-label" xlink:from="DeferredTaxAssetsAssetsBNK" xlink:to="label_DeferredTaxAssetsAssetsBNK_2"/>
    <link:loc xlink:type="locator" xlink:href="jppfs_dep_2020-11-01.xsd#jppfs_cor_DeferredTaxLiabilitiesLiabilitiesBNK" xlink:label="DeferredTaxLiabilitiesLiabilitiesBNK"/>
    <link:label xlink:type="resource" xlink:label="label_DeferredTaxLiabilitiesLiabilitiesBNK" xlink:role="http://www.xbrl.org/2009/role/deprecatedLabel" xml:lang="ja" id="label_DeferredTaxLiabilitiesLiabilitiesBNK">財務諸表等の用語、様式及び作成方法に関する規則等の一部を改正する内閣府令</link:label>
    <link:labelArc xlink:type="arc" xlink:arcrole="http://www.xbrl.org/2003/arcrole/concept-label" xlink:from="DeferredTaxLiabilitiesLiabilitiesBNK" xlink:to="label_DeferredTaxLiabilitiesLiabilitiesBNK"/>
    <link:label xlink:type="resource" xlink:label="label_DeferredTaxLiabilitiesLiabilitiesBNK_2" xlink:role="http://www.xbrl.org/2009/role/deprecatedDateLabel" xml:lang="ja" id="label_DeferredTaxLiabilitiesLiabilitiesBNK_2">2018-03-23</link:label>
    <link:labelArc xlink:type="arc" xlink:arcrole="http://www.xbrl.org/2003/arcrole/concept-label" xlink:from="DeferredTaxLiabilitiesLiabilitiesBNK" xlink:to="label_DeferredTaxLiabilitiesLiabilitiesBNK_2"/>
    <link:loc xlink:type="locator" xlink:href="jppfs_dep_2020-11-01.xsd#jppfs_cor_DeferredTaxAssetsAssetsINS" xlink:label="DeferredTaxAssetsAssetsINS"/>
    <link:label xlink:type="resource" xlink:label="label_DeferredTaxAssetsAssetsINS" xlink:role="http://www.xbrl.org/2009/role/deprecatedLabel" xml:lang="ja" id="label_DeferredTaxAssetsAssetsINS">財務諸表等の用語、様式及び作成方法に関する規則等の一部を改正する内閣府令</link:label>
    <link:labelArc xlink:type="arc" xlink:arcrole="http://www.xbrl.org/2003/arcrole/concept-label" xlink:from="DeferredTaxAssetsAssetsINS" xlink:to="label_DeferredTaxAssetsAssetsINS"/>
    <link:label xlink:type="resource" xlink:label="label_DeferredTaxAssetsAssetsINS_2" xlink:role="http://www.xbrl.org/2009/role/deprecatedDateLabel" xml:lang="ja" id="label_DeferredTaxAssetsAssetsINS_2">2018-03-23</link:label>
    <link:labelArc xlink:type="arc" xlink:arcrole="http://www.xbrl.org/2003/arcrole/concept-label" xlink:from="DeferredTaxAssetsAssetsINS" xlink:to="label_DeferredTaxAssetsAssetsINS_2"/>
    <link:loc xlink:type="locator" xlink:href="jppfs_dep_2020-11-01.xsd#jppfs_cor_DeferredTaxLiabilitiesLiabilitiesINS" xlink:label="DeferredTaxLiabilitiesLiabilitiesINS"/>
    <link:label xlink:type="resource" xlink:label="label_DeferredTaxLiabilitiesLiabilitiesINS" xlink:role="http://www.xbrl.org/2009/role/deprecatedLabel" xml:lang="ja" id="label_DeferredTaxLiabilitiesLiabilitiesINS">財務諸表等の用語、様式及び作成方法に関する規則等の一部を改正する内閣府令</link:label>
    <link:labelArc xlink:type="arc" xlink:arcrole="http://www.xbrl.org/2003/arcrole/concept-label" xlink:from="DeferredTaxLiabilitiesLiabilitiesINS" xlink:to="label_DeferredTaxLiabilitiesLiabilitiesINS"/>
    <link:label xlink:type="resource" xlink:label="label_DeferredTaxLiabilitiesLiabilitiesINS_2" xlink:role="http://www.xbrl.org/2009/role/deprecatedDateLabel" xml:lang="ja" id="label_DeferredTaxLiabilitiesLiabilitiesINS_2">2018-03-23</link:label>
    <link:labelArc xlink:type="arc" xlink:arcrole="http://www.xbrl.org/2003/arcrole/concept-label" xlink:from="DeferredTaxLiabilitiesLiabilitiesINS" xlink:to="label_DeferredTaxLiabilitiesLiabilitiesINS_2"/>
    <link:loc xlink:type="locator" xlink:href="jppfs_dep_2020-11-01.xsd#jppfs_cor_AmortizationOfCorporateBondDiscountGAS" xlink:label="AmortizationOfCorporateBondDiscountGAS"/>
    <link:label xlink:type="resource" xlink:label="label_AmortizationOfCorporateBondDiscountGAS" xlink:role="http://www.xbrl.org/2009/role/deprecatedLabel" xml:lang="ja" id="label_AmortizationOfCorporateBondDiscountGAS">利用実績が乏しいため</link:label>
    <link:labelArc xlink:type="arc" xlink:arcrole="http://www.xbrl.org/2003/arcrole/concept-label" xlink:from="AmortizationOfCorporateBondDiscountGAS" xlink:to="label_AmortizationOfCorporateBondDiscountGAS"/>
    <link:label xlink:type="resource" xlink:label="label_AmortizationOfCorporateBondDiscountGAS_2" xlink:role="http://www.xbrl.org/2009/role/deprecatedDateLabel" xml:lang="ja" id="label_AmortizationOfCorporateBondDiscountGAS_2">2019-02-28</link:label>
    <link:labelArc xlink:type="arc" xlink:arcrole="http://www.xbrl.org/2003/arcrole/concept-label" xlink:from="AmortizationOfCorporateBondDiscountGAS" xlink:to="label_AmortizationOfCorporateBondDiscountGAS_2"/>
    <link:loc xlink:type="locator" xlink:href="jppfs_dep_2020-11-01.xsd#jppfs_cor_AmortizationOfCorporateBondIssuanceCostGAS" xlink:label="AmortizationOfCorporateBondIssuanceCostGAS"/>
    <link:label xlink:type="resource" xlink:label="label_AmortizationOfCorporateBondIssuanceCostGAS" xlink:role="http://www.xbrl.org/2009/role/deprecatedLabel" xml:lang="ja" id="label_AmortizationOfCorporateBondIssuanceCostGAS">利用実績が乏しいため</link:label>
    <link:labelArc xlink:type="arc" xlink:arcrole="http://www.xbrl.org/2003/arcrole/concept-label" xlink:from="AmortizationOfCorporateBondIssuanceCostGAS" xlink:to="label_AmortizationOfCorporateBondIssuanceCostGAS"/>
    <link:label xlink:type="resource" xlink:label="label_AmortizationOfCorporateBondIssuanceCostGAS_2" xlink:role="http://www.xbrl.org/2009/role/deprecatedDateLabel" xml:lang="ja" id="label_AmortizationOfCorporateBondIssuanceCostGAS_2">2019-02-28</link:label>
    <link:labelArc xlink:type="arc" xlink:arcrole="http://www.xbrl.org/2003/arcrole/concept-label" xlink:from="AmortizationOfCorporateBondIssuanceCostGAS" xlink:to="label_AmortizationOfCorporateBondIssuanceCostGAS_2"/>
    <link:loc xlink:type="locator" xlink:href="jppfs_dep_2020-11-01.xsd#jppfs_cor_CorporateBondDiscountDAGAS" xlink:label="CorporateBondDiscountDAGAS"/>
    <link:label xlink:type="resource" xlink:label="label_CorporateBondDiscountDAGAS" xlink:role="http://www.xbrl.org/2009/role/deprecatedLabel" xml:lang="ja" id="label_CorporateBondDiscountDAGAS">利用実績が乏しいため</link:label>
    <link:labelArc xlink:type="arc" xlink:arcrole="http://www.xbrl.org/2003/arcrole/concept-label" xlink:from="CorporateBondDiscountDAGAS" xlink:to="label_CorporateBondDiscountDAGAS"/>
    <link:label xlink:type="resource" xlink:label="label_CorporateBondDiscountDAGAS_2" xlink:role="http://www.xbrl.org/2009/role/deprecatedDateLabel" xml:lang="ja" id="label_CorporateBondDiscountDAGAS_2">2019-02-28</link:label>
    <link:labelArc xlink:type="arc" xlink:arcrole="http://www.xbrl.org/2003/arcrole/concept-label" xlink:from="CorporateBondDiscountDAGAS" xlink:to="label_CorporateBondDiscountDAGAS_2"/>
    <link:loc xlink:type="locator" xlink:href="jppfs_dep_2020-11-01.xsd#jppfs_cor_CorporateBondInterestGAS" xlink:label="CorporateBondInterestGAS"/>
    <link:label xlink:type="resource" xlink:label="label_CorporateBondInterestGAS" xlink:role="http://www.xbrl.org/2009/role/deprecatedLabel" xml:lang="ja" id="label_CorporateBondInterestGAS">利用実績が乏しいため</link:label>
    <link:labelArc xlink:type="arc" xlink:arcrole="http://www.xbrl.org/2003/arcrole/concept-label" xlink:from="CorporateBondInterestGAS" xlink:to="label_CorporateBondInterestGAS"/>
    <link:label xlink:type="resource" xlink:label="label_CorporateBondInterestGAS_2" xlink:role="http://www.xbrl.org/2009/role/deprecatedDateLabel" xml:lang="ja" id="label_CorporateBondInterestGAS_2">2019-02-28</link:label>
    <link:labelArc xlink:type="arc" xlink:arcrole="http://www.xbrl.org/2003/arcrole/concept-label" xlink:from="CorporateBondInterestGAS" xlink:to="label_CorporateBondInterestGAS_2"/>
    <link:loc xlink:type="locator" xlink:href="jppfs_dep_2020-11-01.xsd#jppfs_cor_CorporateBondIssuanceCostDAGAS" xlink:label="CorporateBondIssuanceCostDAGAS"/>
    <link:label xlink:type="resource" xlink:label="label_CorporateBondIssuanceCostDAGAS" xlink:role="http://www.xbrl.org/2009/role/deprecatedLabel" xml:lang="ja" id="label_CorporateBondIssuanceCostDAGAS">利用実績が乏しいため</link:label>
    <link:labelArc xlink:type="arc" xlink:arcrole="http://www.xbrl.org/2003/arcrole/concept-label" xlink:from="CorporateBondIssuanceCostDAGAS" xlink:to="label_CorporateBondIssuanceCostDAGAS"/>
    <link:label xlink:type="resource" xlink:label="label_CorporateBondIssuanceCostDAGAS_2" xlink:role="http://www.xbrl.org/2009/role/deprecatedDateLabel" xml:lang="ja" id="label_CorporateBondIssuanceCostDAGAS_2">2019-02-28</link:label>
    <link:labelArc xlink:type="arc" xlink:arcrole="http://www.xbrl.org/2003/arcrole/concept-label" xlink:from="CorporateBondIssuanceCostDAGAS" xlink:to="label_CorporateBondIssuanceCostDAGAS_2"/>
    <link:loc xlink:type="locator" xlink:href="jppfs_dep_2020-11-01.xsd#jppfs_cor_CorporateBondsNCLGAS" xlink:label="CorporateBondsNCLGAS"/>
    <link:label xlink:type="resource" xlink:label="label_CorporateBondsNCLGAS" xlink:role="http://www.xbrl.org/2009/role/deprecatedLabel" xml:lang="ja" id="label_CorporateBondsNCLGAS">利用実績が乏しいため</link:label>
    <link:labelArc xlink:type="arc" xlink:arcrole="http://www.xbrl.org/2003/arcrole/concept-label" xlink:from="CorporateBondsNCLGAS" xlink:to="label_CorporateBondsNCLGAS"/>
    <link:label xlink:type="resource" xlink:label="label_CorporateBondsNCLGAS_2" xlink:role="http://www.xbrl.org/2009/role/deprecatedDateLabel" xml:lang="ja" id="label_CorporateBondsNCLGAS_2">2019-02-28</link:label>
    <link:labelArc xlink:type="arc" xlink:arcrole="http://www.xbrl.org/2003/arcrole/concept-label" xlink:from="CorporateBondsNCLGAS" xlink:to="label_CorporateBondsNCLGAS_2"/>
    <link:loc xlink:type="locator" xlink:href="jppfs_dep_2020-11-01.xsd#jppfs_cor_SellingBusinessRevenueRevOA" xlink:label="SellingBusinessRevenueRevOA"/>
    <link:label xlink:type="resource" xlink:label="label_SellingBusinessRevenueRevOA" xlink:role="http://www.xbrl.org/2009/role/deprecatedLabel" xml:lang="ja" id="label_SellingBusinessRevenueRevOA">利用実績が乏しいため</link:label>
    <link:labelArc xlink:type="arc" xlink:arcrole="http://www.xbrl.org/2003/arcrole/concept-label" xlink:from="SellingBusinessRevenueRevOA" xlink:to="label_SellingBusinessRevenueRevOA"/>
    <link:label xlink:type="resource" xlink:label="label_SellingBusinessRevenueRevOA_2" xlink:role="http://www.xbrl.org/2009/role/deprecatedDateLabel" xml:lang="ja" id="label_SellingBusinessRevenueRevOA_2">2019-02-28</link:label>
    <link:labelArc xlink:type="arc" xlink:arcrole="http://www.xbrl.org/2003/arcrole/concept-label" xlink:from="SellingBusinessRevenueRevOA" xlink:to="label_SellingBusinessRevenueRevOA_2"/>
    <link:loc xlink:type="locator" xlink:href="jppfs_dep_2020-11-01.xsd#jppfs_cor_RightOfUsingRailwayCommunicationFacilitiesInProgressRWY" xlink:label="RightOfUsingRailwayCommunicationFacilitiesInProgressRWY"/>
    <link:label xlink:type="resource" xlink:label="label_RightOfUsingRailwayCommunicationFacilitiesInProgressRWY" xlink:role="http://www.xbrl.org/2009/role/deprecatedLabel" xml:lang="ja" id="label_RightOfUsingRailwayCommunicationFacilitiesInProgressRWY">利用実績が乏しいため</link:label>
    <link:labelArc xlink:type="arc" xlink:arcrole="http://www.xbrl.org/2003/arcrole/concept-label" xlink:from="RightOfUsingRailwayCommunicationFacilitiesInProgressRWY" xlink:to="label_RightOfUsingRailwayCommunicationFacilitiesInProgressRWY"/>
    <link:label xlink:type="resource" xlink:label="label_RightOfUsingRailwayCommunicationFacilitiesInProgressRWY_2" xlink:role="http://www.xbrl.org/2009/role/deprecatedDateLabel" xml:lang="ja" id="label_RightOfUsingRailwayCommunicationFacilitiesInProgressRWY_2">2019-02-28</link:label>
    <link:labelArc xlink:type="arc" xlink:arcrole="http://www.xbrl.org/2003/arcrole/concept-label" xlink:from="RightOfUsingRailwayCommunicationFacilitiesInProgressRWY" xlink:to="label_RightOfUsingRailwayCommunicationFacilitiesInProgressRWY_2"/>
    <link:loc xlink:type="locator" xlink:href="jppfs_dep_2020-11-01.xsd#jppfs_cor_ConstructionInProgressOtherBusinessRWY" xlink:label="ConstructionInProgressOtherBusinessRWY"/>
    <link:label xlink:type="resource" xlink:label="label_ConstructionInProgressOtherBusinessRWY" xlink:role="http://www.xbrl.org/2009/role/deprecatedLabel" xml:lang="ja" id="label_ConstructionInProgressOtherBusinessRWY">利用実績が乏しいため</link:label>
    <link:labelArc xlink:type="arc" xlink:arcrole="http://www.xbrl.org/2003/arcrole/concept-label" xlink:from="ConstructionInProgressOtherBusinessRWY" xlink:to="label_ConstructionInProgressOtherBusinessRWY"/>
    <link:label xlink:type="resource" xlink:label="label_ConstructionInProgressOtherBusinessRWY_2" xlink:role="http://www.xbrl.org/2009/role/deprecatedDateLabel" xml:lang="ja" id="label_ConstructionInProgressOtherBusinessRWY_2">2019-02-28</link:label>
    <link:labelArc xlink:type="arc" xlink:arcrole="http://www.xbrl.org/2003/arcrole/concept-label" xlink:from="ConstructionInProgressOtherBusinessRWY" xlink:to="label_ConstructionInProgressOtherBusinessRWY_2"/>
    <link:loc xlink:type="locator" xlink:href="jppfs_dep_2020-11-01.xsd#jppfs_cor_RevenueEatingORSideLine" xlink:label="RevenueEatingORSideLine"/>
    <link:label xlink:type="resource" xlink:label="label_RevenueEatingORSideLine" xlink:role="http://www.xbrl.org/2009/role/deprecatedLabel" xml:lang="ja" id="label_RevenueEatingORSideLine">利用実績が乏しいため</link:label>
    <link:labelArc xlink:type="arc" xlink:arcrole="http://www.xbrl.org/2003/arcrole/concept-label" xlink:from="RevenueEatingORSideLine" xlink:to="label_RevenueEatingORSideLine"/>
    <link:label xlink:type="resource" xlink:label="label_RevenueEatingORSideLine_2" xlink:role="http://www.xbrl.org/2009/role/deprecatedDateLabel" xml:lang="ja" id="label_RevenueEatingORSideLine_2">2019-02-28</link:label>
    <link:labelArc xlink:type="arc" xlink:arcrole="http://www.xbrl.org/2003/arcrole/concept-label" xlink:from="RevenueEatingORSideLine" xlink:to="label_RevenueEatingORSideLine_2"/>
    <link:loc xlink:type="locator" xlink:href="jppfs_dep_2020-11-01.xsd#jppfs_cor_GoodsAndEatingSalesORSideLine" xlink:label="GoodsAndEatingSalesORSideLine"/>
    <link:label xlink:type="resource" xlink:label="label_GoodsAndEatingSalesORSideLine" xlink:role="http://www.xbrl.org/2009/role/deprecatedLabel" xml:lang="ja" id="label_GoodsAndEatingSalesORSideLine">利用実績が乏しいため</link:label>
    <link:labelArc xlink:type="arc" xlink:arcrole="http://www.xbrl.org/2003/arcrole/concept-label" xlink:from="GoodsAndEatingSalesORSideLine" xlink:to="label_GoodsAndEatingSalesORSideLine"/>
    <link:label xlink:type="resource" xlink:label="label_GoodsAndEatingSalesORSideLine_2" xlink:role="http://www.xbrl.org/2009/role/deprecatedDateLabel" xml:lang="ja" id="label_GoodsAndEatingSalesORSideLine_2">2019-02-28</link:label>
    <link:labelArc xlink:type="arc" xlink:arcrole="http://www.xbrl.org/2003/arcrole/concept-label" xlink:from="GoodsAndEatingSalesORSideLine" xlink:to="label_GoodsAndEatingSalesORSideLine_2"/>
    <link:loc xlink:type="locator" xlink:href="jppfs_dep_2020-11-01.xsd#jppfs_cor_LossOnLongTermAccountsPayableRailwayFacilitiesRWY" xlink:label="LossOnLongTermAccountsPayableRailwayFacilitiesRWY"/>
    <link:label xlink:type="resource" xlink:label="label_LossOnLongTermAccountsPayableRailwayFacilitiesRWY" xlink:role="http://www.xbrl.org/2009/role/deprecatedLabel" xml:lang="ja" id="label_LossOnLongTermAccountsPayableRailwayFacilitiesRWY">利用実績が乏しいため</link:label>
    <link:labelArc xlink:type="arc" xlink:arcrole="http://www.xbrl.org/2003/arcrole/concept-label" xlink:from="LossOnLongTermAccountsPayableRailwayFacilitiesRWY" xlink:to="label_LossOnLongTermAccountsPayableRailwayFacilitiesRWY"/>
    <link:label xlink:type="resource" xlink:label="label_LossOnLongTermAccountsPayableRailwayFacilitiesRWY_2" xlink:role="http://www.xbrl.org/2009/role/deprecatedDateLabel" xml:lang="ja" id="label_LossOnLongTermAccountsPayableRailwayFacilitiesRWY_2">2019-02-28</link:label>
    <link:labelArc xlink:type="arc" xlink:arcrole="http://www.xbrl.org/2003/arcrole/concept-label" xlink:from="LossOnLongTermAccountsPayableRailwayFacilitiesRWY" xlink:to="label_LossOnLongTermAccountsPayableRailwayFacilitiesRWY_2"/>
    <link:loc xlink:type="locator" xlink:href="jppfs_dep_2020-11-01.xsd#jppfs_cor_SpecificLoansPayableCLLIQ" xlink:label="SpecificLoansPayableCLLIQ"/>
    <link:label xlink:type="resource" xlink:label="label_SpecificLoansPayableCLLIQ" xlink:role="http://www.xbrl.org/2009/role/deprecatedLabel" xml:lang="ja" id="label_SpecificLoansPayableCLLIQ">利用実績が乏しいため</link:label>
    <link:labelArc xlink:type="arc" xlink:arcrole="http://www.xbrl.org/2003/arcrole/concept-label" xlink:from="SpecificLoansPayableCLLIQ" xlink:to="label_SpecificLoansPayableCLLIQ"/>
    <link:label xlink:type="resource" xlink:label="label_SpecificLoansPayableCLLIQ_2" xlink:role="http://www.xbrl.org/2009/role/deprecatedDateLabel" xml:lang="ja" id="label_SpecificLoansPayableCLLIQ_2">2019-02-28</link:label>
    <link:labelArc xlink:type="arc" xlink:arcrole="http://www.xbrl.org/2003/arcrole/concept-label" xlink:from="SpecificLoansPayableCLLIQ" xlink:to="label_SpecificLoansPayableCLLIQ_2"/>
    <link:loc xlink:type="locator" xlink:href="jppfs_dep_2020-11-01.xsd#jppfs_cor_SpecificLoansPayableNCLLIQ" xlink:label="SpecificLoansPayableNCLLIQ"/>
    <link:label xlink:type="resource" xlink:label="label_SpecificLoansPayableNCLLIQ" xlink:role="http://www.xbrl.org/2009/role/deprecatedLabel" xml:lang="ja" id="label_SpecificLoansPayableNCLLIQ">利用実績が乏しいため</link:label>
    <link:labelArc xlink:type="arc" xlink:arcrole="http://www.xbrl.org/2003/arcrole/concept-label" xlink:from="SpecificLoansPayableNCLLIQ" xlink:to="label_SpecificLoansPayableNCLLIQ"/>
    <link:label xlink:type="resource" xlink:label="label_SpecificLoansPayableNCLLIQ_2" xlink:role="http://www.xbrl.org/2009/role/deprecatedDateLabel" xml:lang="ja" id="label_SpecificLoansPayableNCLLIQ_2">2019-02-28</link:label>
    <link:labelArc xlink:type="arc" xlink:arcrole="http://www.xbrl.org/2003/arcrole/concept-label" xlink:from="SpecificLoansPayableNCLLIQ" xlink:to="label_SpecificLoansPayableNCLLIQ_2"/>
    <link:loc xlink:type="locator" xlink:href="jppfs_dep_2020-11-01.xsd#jppfs_cor_BondFinancingCA" xlink:label="BondFinancingCA"/>
    <link:label xlink:type="resource" xlink:label="label_BondFinancingCA" xlink:role="http://www.xbrl.org/2009/role/deprecatedLabel" xml:lang="ja" id="label_BondFinancingCA">利用実績が乏しいため</link:label>
    <link:labelArc xlink:type="arc" xlink:arcrole="http://www.xbrl.org/2003/arcrole/concept-label" xlink:from="BondFinancingCA" xlink:to="label_BondFinancingCA"/>
    <link:label xlink:type="resource" xlink:label="label_BondFinancingCA_2" xlink:role="http://www.xbrl.org/2009/role/deprecatedDateLabel" xml:lang="ja" id="label_BondFinancingCA_2">2019-11-01</link:label>
    <link:labelArc xlink:type="arc" xlink:arcrole="http://www.xbrl.org/2003/arcrole/concept-label" xlink:from="BondFinancingCA" xlink:to="label_BondFinancingCA_2"/>
    <link:loc xlink:type="locator" xlink:href="jppfs_dep_2020-11-01.xsd#jppfs_cor_InterestOnBondFinancingRevOA" xlink:label="InterestOnBondFinancingRevOA"/>
    <link:label xlink:type="resource" xlink:label="label_InterestOnBondFinancingRevOA" xlink:role="http://www.xbrl.org/2009/role/deprecatedLabel" xml:lang="ja" id="label_InterestOnBondFinancingRevOA">利用実績が乏しいため</link:label>
    <link:labelArc xlink:type="arc" xlink:arcrole="http://www.xbrl.org/2003/arcrole/concept-label" xlink:from="InterestOnBondFinancingRevOA" xlink:to="label_InterestOnBondFinancingRevOA"/>
    <link:label xlink:type="resource" xlink:label="label_InterestOnBondFinancingRevOA_2" xlink:role="http://www.xbrl.org/2009/role/deprecatedDateLabel" xml:lang="ja" id="label_InterestOnBondFinancingRevOA_2">2019-11-01</link:label>
    <link:labelArc xlink:type="arc" xlink:arcrole="http://www.xbrl.org/2003/arcrole/concept-label" xlink:from="InterestOnBondFinancingRevOA" xlink:to="label_InterestOnBondFinancingRevOA_2"/>
    <link:loc xlink:type="locator" xlink:href="jppfs_dep_2020-11-01.xsd#jppfs_cor_AmortizationOfStockIssuanceCostPriorNOE" xlink:label="AmortizationOfStockIssuanceCostPriorNOE"/>
    <link:label xlink:type="resource" xlink:label="label_AmortizationOfStockIssuanceCostPriorNOE" xlink:role="http://www.xbrl.org/2009/role/deprecatedLabel" xml:lang="ja" id="label_AmortizationOfStockIssuanceCostPriorNOE">実務対応報告第19号「繰延資産の会計処理に関する当面の取扱い」</link:label>
    <link:labelArc xlink:type="arc" xlink:arcrole="http://www.xbrl.org/2003/arcrole/concept-label" xlink:from="AmortizationOfStockIssuanceCostPriorNOE" xlink:to="label_AmortizationOfStockIssuanceCostPriorNOE"/>
    <link:label xlink:type="resource" xlink:label="label_AmortizationOfStockIssuanceCostPriorNOE_2" xlink:role="http://www.xbrl.org/2009/role/deprecatedDateLabel" xml:lang="ja" id="label_AmortizationOfStockIssuanceCostPriorNOE_2">2006-08-11</link:label>
    <link:labelArc xlink:type="arc" xlink:arcrole="http://www.xbrl.org/2003/arcrole/concept-label" xlink:from="AmortizationOfStockIssuanceCostPriorNOE" xlink:to="label_AmortizationOfStockIssuanceCostPriorNOE_2"/>
    <link:loc xlink:type="locator" xlink:href="jppfs_dep_2020-11-01.xsd#jppfs_cor_AmortizationOfDeferredStockIssuanceCostPriorOpeCF" xlink:label="AmortizationOfDeferredStockIssuanceCostPriorOpeCF"/>
    <link:label xlink:type="resource" xlink:label="label_AmortizationOfDeferredStockIssuanceCostPriorOpeCF" xlink:role="http://www.xbrl.org/2009/role/deprecatedLabel" xml:lang="ja" id="label_AmortizationOfDeferredStockIssuanceCostPriorOpeCF">実務対応報告第19号「繰延資産の会計処理に関する当面の取扱い」</link:label>
    <link:labelArc xlink:type="arc" xlink:arcrole="http://www.xbrl.org/2003/arcrole/concept-label" xlink:from="AmortizationOfDeferredStockIssuanceCostPriorOpeCF" xlink:to="label_AmortizationOfDeferredStockIssuanceCostPriorOpeCF"/>
    <link:label xlink:type="resource" xlink:label="label_AmortizationOfDeferredStockIssuanceCostPriorOpeCF_2" xlink:role="http://www.xbrl.org/2009/role/deprecatedDateLabel" xml:lang="ja" id="label_AmortizationOfDeferredStockIssuanceCostPriorOpeCF_2">2006-08-11</link:label>
    <link:labelArc xlink:type="arc" xlink:arcrole="http://www.xbrl.org/2003/arcrole/concept-label" xlink:from="AmortizationOfDeferredStockIssuanceCostPriorOpeCF" xlink:to="label_AmortizationOfDeferredStockIssuanceCostPriorOpeCF_2"/>
    <link:loc xlink:type="locator" xlink:href="jppfs_dep_2020-11-01.xsd#jppfs_cor_SurfaceRightIAAbstract" xlink:label="SurfaceRightIAAbstract"/>
    <link:label xlink:type="resource" xlink:label="label_SurfaceRightIAAbstract" xlink:role="http://www.xbrl.org/2009/role/deprecatedLabel" xml:lang="ja" id="label_SurfaceRightIAAbstract">2021年版更新</link:label>
    <link:labelArc xlink:type="arc" xlink:arcrole="http://www.xbrl.org/2003/arcrole/concept-label" xlink:from="SurfaceRightIAAbstract" xlink:to="label_SurfaceRightIAAbstract"/>
    <link:label xlink:type="resource" xlink:label="label_SurfaceRightIAAbstract_2" xlink:role="http://www.xbrl.org/2009/role/deprecatedDateLabel" xml:lang="ja" id="label_SurfaceRightIAAbstract_2">2020-11-01</link:label>
    <link:labelArc xlink:type="arc" xlink:arcrole="http://www.xbrl.org/2003/arcrole/concept-label" xlink:from="SurfaceRightIAAbstract" xlink:to="label_SurfaceRightIAAbstract_2"/>
    <link:loc xlink:type="locator" xlink:href="jppfs_dep_2020-11-01.xsd#jppfs_cor_CommonOfPiscaryIAAbstract" xlink:label="CommonOfPiscaryIAAbstract"/>
    <link:label xlink:type="resource" xlink:label="label_CommonOfPiscaryIAAbstract" xlink:role="http://www.xbrl.org/2009/role/deprecatedLabel" xml:lang="ja" id="label_CommonOfPiscaryIAAbstract">2021年版更新</link:label>
    <link:labelArc xlink:type="arc" xlink:arcrole="http://www.xbrl.org/2003/arcrole/concept-label" xlink:from="CommonOfPiscaryIAAbstract" xlink:to="label_CommonOfPiscaryIAAbstract"/>
    <link:label xlink:type="resource" xlink:label="label_CommonOfPiscaryIAAbstract_2" xlink:role="http://www.xbrl.org/2009/role/deprecatedDateLabel" xml:lang="ja" id="label_CommonOfPiscaryIAAbstract_2">2020-11-01</link:label>
    <link:labelArc xlink:type="arc" xlink:arcrole="http://www.xbrl.org/2003/arcrole/concept-label" xlink:from="CommonOfPiscaryIAAbstract" xlink:to="label_CommonOfPiscaryIAAbstract_2"/>
    <link:loc xlink:type="locator" xlink:href="jppfs_dep_2020-11-01.xsd#jppfs_cor_BorrowingTradeSecuritiesCAFND" xlink:label="BorrowingTradeSecuritiesCAFND"/>
    <link:label xlink:type="resource" xlink:label="label_BorrowingTradeSecuritiesCAFND" xlink:role="http://www.xbrl.org/2009/role/deprecatedLabel" xml:lang="ja" id="label_BorrowingTradeSecuritiesCAFND">2021年版更新</link:label>
    <link:labelArc xlink:type="arc" xlink:arcrole="http://www.xbrl.org/2003/arcrole/concept-label" xlink:from="BorrowingTradeSecuritiesCAFND" xlink:to="label_BorrowingTradeSecuritiesCAFND"/>
    <link:label xlink:type="resource" xlink:label="label_BorrowingTradeSecuritiesCAFND_2" xlink:role="http://www.xbrl.org/2009/role/deprecatedDateLabel" xml:lang="ja" id="label_BorrowingTradeSecuritiesCAFND_2">2020-11-01</link:label>
    <link:labelArc xlink:type="arc" xlink:arcrole="http://www.xbrl.org/2003/arcrole/concept-label" xlink:from="BorrowingTradeSecuritiesCAFND" xlink:to="label_BorrowingTradeSecuritiesCAFND_2"/>
    <link:loc xlink:type="locator" xlink:href="jppfs_dep_2020-11-01.xsd#jppfs_cor_SecuritiesBorrowedCLFND" xlink:label="SecuritiesBorrowedCLFND"/>
    <link:label xlink:type="resource" xlink:label="label_SecuritiesBorrowedCLFND" xlink:role="http://www.xbrl.org/2009/role/deprecatedLabel" xml:lang="ja" id="label_SecuritiesBorrowedCLFND">2021年版更新</link:label>
    <link:labelArc xlink:type="arc" xlink:arcrole="http://www.xbrl.org/2003/arcrole/concept-label" xlink:from="SecuritiesBorrowedCLFND" xlink:to="label_SecuritiesBorrowedCLFND"/>
    <link:label xlink:type="resource" xlink:label="label_SecuritiesBorrowedCLFND_2" xlink:role="http://www.xbrl.org/2009/role/deprecatedDateLabel" xml:lang="ja" id="label_SecuritiesBorrowedCLFND_2">2020-11-01</link:label>
    <link:labelArc xlink:type="arc" xlink:arcrole="http://www.xbrl.org/2003/arcrole/concept-label" xlink:from="SecuritiesBorrowedCLFND" xlink:to="label_SecuritiesBorrowedCLFND_2"/>
    <link:loc xlink:type="locator" xlink:href="jppfs_dep_2020-11-01.xsd#jppfs_cor_SecuritiesOfLoanTradeCLFND" xlink:label="SecuritiesOfLoanTradeCLFND"/>
    <link:label xlink:type="resource" xlink:label="label_SecuritiesOfLoanTradeCLFND" xlink:role="http://www.xbrl.org/2009/role/deprecatedLabel" xml:lang="ja" id="label_SecuritiesOfLoanTradeCLFND">2021年版更新</link:label>
    <link:labelArc xlink:type="arc" xlink:arcrole="http://www.xbrl.org/2003/arcrole/concept-label" xlink:from="SecuritiesOfLoanTradeCLFND" xlink:to="label_SecuritiesOfLoanTradeCLFND"/>
    <link:label xlink:type="resource" xlink:label="label_SecuritiesOfLoanTradeCLFND_2" xlink:role="http://www.xbrl.org/2009/role/deprecatedDateLabel" xml:lang="ja" id="label_SecuritiesOfLoanTradeCLFND_2">2020-11-01</link:label>
    <link:labelArc xlink:type="arc" xlink:arcrole="http://www.xbrl.org/2003/arcrole/concept-label" xlink:from="SecuritiesOfLoanTradeCLFND" xlink:to="label_SecuritiesOfLoanTradeCLFND_2"/>
    <link:loc xlink:type="locator" xlink:href="jppfs_dep_2020-11-01.xsd#jppfs_cor_SecuritiesLoanedCAFND" xlink:label="SecuritiesLoanedCAFND"/>
    <link:label xlink:type="resource" xlink:label="label_SecuritiesLoanedCAFND" xlink:role="http://www.xbrl.org/2009/role/deprecatedLabel" xml:lang="ja" id="label_SecuritiesLoanedCAFND">2021年版更新</link:label>
    <link:labelArc xlink:type="arc" xlink:arcrole="http://www.xbrl.org/2003/arcrole/concept-label" xlink:from="SecuritiesLoanedCAFND" xlink:to="label_SecuritiesLoanedCAFND"/>
    <link:label xlink:type="resource" xlink:label="label_SecuritiesLoanedCAFND_2" xlink:role="http://www.xbrl.org/2009/role/deprecatedDateLabel" xml:lang="ja" id="label_SecuritiesLoanedCAFND_2">2020-11-01</link:label>
    <link:labelArc xlink:type="arc" xlink:arcrole="http://www.xbrl.org/2003/arcrole/concept-label" xlink:from="SecuritiesLoanedCAFND" xlink:to="label_SecuritiesLoanedCAFND_2"/>
    <link:loc xlink:type="locator" xlink:href="jppfs_dep_2020-11-01.xsd#jppfs_cor_SecuritiesBorrowedCL" xlink:label="SecuritiesBorrowedCL"/>
    <link:label xlink:type="resource" xlink:label="label_SecuritiesBorrowedCL" xlink:role="http://www.xbrl.org/2009/role/deprecatedLabel" xml:lang="ja" id="label_SecuritiesBorrowedCL">2021年版更新</link:label>
    <link:labelArc xlink:type="arc" xlink:arcrole="http://www.xbrl.org/2003/arcrole/concept-label" xlink:from="SecuritiesBorrowedCL" xlink:to="label_SecuritiesBorrowedCL"/>
    <link:label xlink:type="resource" xlink:label="label_SecuritiesBorrowedCL_2" xlink:role="http://www.xbrl.org/2009/role/deprecatedDateLabel" xml:lang="ja" id="label_SecuritiesBorrowedCL_2">2020-11-01</link:label>
    <link:labelArc xlink:type="arc" xlink:arcrole="http://www.xbrl.org/2003/arcrole/concept-label" xlink:from="SecuritiesBorrowedCL" xlink:to="label_SecuritiesBorrowedCL_2"/>
  </link:labelLink>
</link:linkbase>
