<?xml version="1.0" encoding="UTF-8"?>
<!--  (c) Financial Services Agency, The Japanese Government.
      All Rights Reserved.
      For intellectual property policy and authorized uses of EDINET Taxonomy,
      refer to “EDINET Taxonomy Legal Statement” at http://www.fsa.go.jp/search/EDINET_Taxonomy_Legal_Statement.html
-->
<link:linkbase xmlns:link="http://www.xbrl.org/2003/linkbase" xmlns:xsi="http://www.w3.org/2001/XMLSchema-instance" xmlns:xlink="http://www.w3.org/1999/xlink" xmlns:xbrli="http://www.xbrl.org/2003/instance">
  <link:roleRef roleURI="http://disclosure.edinet-fsa.go.jp/jpcrp/std/alt2/role/totalLabel" xlink:type="simple" xlink:href="../jpcrp_rt_2022-11-01.xsd#rol_std_alt2TotalLabel"/>
  <link:roleRef roleURI="http://disclosure.edinet-fsa.go.jp/role/jpcrp/rol_std_InformationAboutEmployees-03" xlink:type="simple" xlink:href="../jpcrp_rt_2022-11-01.xsd#rol_std_InformationAboutEmployees-03"/>
  <link:presentationLink xlink:type="extended" xlink:role="http://disclosure.edinet-fsa.go.jp/role/jpcrp/rol_std_InformationAboutEmployees-03">
    <link:loc xlink:type="locator" xlink:href="../../../jppfs/2022-11-01/jppfs_cor_2022-11-01.xsd#jppfs_cor_ConsolidatedOrNonConsolidatedAxis" xlink:label="ConsolidatedOrNonConsolidatedAxis"/>
    <link:loc xlink:type="locator" xlink:href="../../../jppfs/2022-11-01/jppfs_cor_2022-11-01.xsd#jppfs_cor_NonConsolidatedMember" xlink:label="NonConsolidatedMember"/>
    <link:presentationArc xlink:type="arc" xlink:arcrole="http://www.xbrl.org/2003/arcrole/parent-child" xlink:from="ConsolidatedOrNonConsolidatedAxis" xlink:to="NonConsolidatedMember" order="1.0"/>
    <link:loc xlink:type="locator" xlink:href="../jpcrp_cor_2022-11-01.xsd#jpcrp_cor_OperatingSegmentsAxis" xlink:label="OperatingSegmentsAxis"/>
    <link:loc xlink:type="locator" xlink:href="../jpcrp_cor_2022-11-01.xsd#jpcrp_cor_EntityTotalMember" xlink:label="EntityTotalMember"/>
    <link:presentationArc xlink:type="arc" xlink:arcrole="http://www.xbrl.org/2003/arcrole/parent-child" xlink:from="OperatingSegmentsAxis" xlink:to="EntityTotalMember" order="1.0" preferredLabel="http://www.xbrl.org/2003/role/totalLabel"/>
    <link:loc xlink:type="locator" xlink:href="../jpcrp_cor_2022-11-01.xsd#jpcrp_cor_ReportableSegmentsMember" xlink:label="ReportableSegmentsMember"/>
    <link:loc xlink:type="locator" xlink:href="../jpcrp_cor_2022-11-01.xsd#jpcrp_cor_OtherReportableSegmentsMember" xlink:label="OtherReportableSegmentsMember"/>
    <link:presentationArc xlink:type="arc" xlink:arcrole="http://www.xbrl.org/2003/arcrole/parent-child" xlink:from="ReportableSegmentsMember" xlink:to="OtherReportableSegmentsMember" order="1.0"/>
    <link:loc xlink:type="locator" xlink:href="../jpcrp_cor_2022-11-01.xsd#jpcrp_cor_OperatingSegmentsNotIncludedInReportableSegmentsAndOtherRevenueGeneratingBusinessActivitiesMember" xlink:label="OperatingSegmentsNotIncludedInReportableSegmentsAndOtherRevenueGeneratingBusinessActivitiesMember"/>
    <link:presentationArc xlink:type="arc" xlink:arcrole="http://www.xbrl.org/2003/arcrole/parent-child" xlink:from="EntityTotalMember" xlink:to="OperatingSegmentsNotIncludedInReportableSegmentsAndOtherRevenueGeneratingBusinessActivitiesMember" order="2.0"/>
    <link:loc xlink:type="locator" xlink:href="../jpcrp_cor_2022-11-01.xsd#jpcrp_cor_CorporateSharedMember" xlink:label="CorporateSharedMember"/>
    <link:presentationArc xlink:type="arc" xlink:arcrole="http://www.xbrl.org/2003/arcrole/parent-child" xlink:from="EntityTotalMember" xlink:to="CorporateSharedMember" order="3.0"/>
    <link:loc xlink:type="locator" xlink:href="../jpcrp_cor_2022-11-01.xsd#jpcrp_cor_OtherOperatingSegmentsAxisMember" xlink:label="OtherOperatingSegmentsAxisMember"/>
    <link:presentationArc xlink:type="arc" xlink:arcrole="http://www.xbrl.org/2003/arcrole/parent-child" xlink:from="EntityTotalMember" xlink:to="OtherOperatingSegmentsAxisMember" order="4.0"/>
    <link:presentationArc xlink:type="arc" xlink:arcrole="http://www.xbrl.org/2003/arcrole/parent-child" xlink:from="EntityTotalMember" xlink:to="ReportableSegmentsMember" order="1.0" preferredLabel="http://disclosure.edinet-fsa.go.jp/jpcrp/std/alt2/role/totalLabel"/>
    <link:loc xlink:type="locator" xlink:href="../jpcrp_cor_2022-11-01.xsd#jpcrp_cor_InformationAboutEmployeesHeading" xlink:label="InformationAboutEmployeesHeading"/>
    <link:loc xlink:type="locator" xlink:href="../jpcrp_cor_2022-11-01.xsd#jpcrp_cor_InformationAboutReportingCompanyInformationAboutEmployeesAbstract" xlink:label="InformationAboutReportingCompanyInformationAboutEmployeesAbstract"/>
    <link:presentationArc xlink:type="arc" xlink:arcrole="http://www.xbrl.org/2003/arcrole/parent-child" xlink:from="InformationAboutEmployeesHeading" xlink:to="InformationAboutReportingCompanyInformationAboutEmployeesAbstract" order="1.0"/>
    <link:loc xlink:type="locator" xlink:href="../jpcrp_cor_2022-11-01.xsd#jpcrp_cor_NumberOfEmployeesOfReportingCompanyTable" xlink:label="NumberOfEmployeesOfReportingCompanyTable"/>
    <link:presentationArc xlink:type="arc" xlink:arcrole="http://www.xbrl.org/2003/arcrole/parent-child" xlink:from="InformationAboutReportingCompanyInformationAboutEmployeesAbstract" xlink:to="NumberOfEmployeesOfReportingCompanyTable" order="1.0"/>
    <link:presentationArc xlink:type="arc" xlink:arcrole="http://www.xbrl.org/2003/arcrole/parent-child" xlink:from="NumberOfEmployeesOfReportingCompanyTable" xlink:to="ConsolidatedOrNonConsolidatedAxis" order="1.0"/>
    <link:presentationArc xlink:type="arc" xlink:arcrole="http://www.xbrl.org/2003/arcrole/parent-child" xlink:from="NumberOfEmployeesOfReportingCompanyTable" xlink:to="OperatingSegmentsAxis" order="2.0"/>
    <link:loc xlink:type="locator" xlink:href="../jpcrp_cor_2022-11-01.xsd#jpcrp_cor_NumberOfEmployeesOfReportingCompanyLineItems" xlink:label="NumberOfEmployeesOfReportingCompanyLineItems"/>
    <link:presentationArc xlink:type="arc" xlink:arcrole="http://www.xbrl.org/2003/arcrole/parent-child" xlink:from="InformationAboutReportingCompanyInformationAboutEmployeesAbstract" xlink:to="NumberOfEmployeesOfReportingCompanyLineItems" order="2.0"/>
    <link:loc xlink:type="locator" xlink:href="../jpcrp_cor_2022-11-01.xsd#jpcrp_cor_NumberOfEmployees" xlink:label="NumberOfEmployees"/>
    <link:presentationArc xlink:type="arc" xlink:arcrole="http://www.xbrl.org/2003/arcrole/parent-child" xlink:from="NumberOfEmployeesOfReportingCompanyLineItems" xlink:to="NumberOfEmployees" order="1.0"/>
    <link:loc xlink:type="locator" xlink:href="../jpcrp_cor_2022-11-01.xsd#jpcrp_cor_AverageNumberOfTemporaryWorkers" xlink:label="AverageNumberOfTemporaryWorkers"/>
    <link:presentationArc xlink:type="arc" xlink:arcrole="http://www.xbrl.org/2003/arcrole/parent-child" xlink:from="NumberOfEmployeesOfReportingCompanyLineItems" xlink:to="AverageNumberOfTemporaryWorkers" order="2.0"/>
  </link:presentationLink>
</link:linkbase>
