<?xml version="1.0" encoding="UTF-8"?>
<!--  (c) Financial Services Agency, The Japanese Government.
      All Rights Reserved.
      For intellectual property policy and authorized uses of EDINET Taxonomy,
      refer to “EDINET Taxonomy Legal Statement” at http://www.fsa.go.jp/search/EDINET_Taxonomy_Legal_Statement.html
-->
<link:linkbase xmlns:link="http://www.xbrl.org/2003/linkbase" xmlns:xsi="http://www.w3.org/2001/XMLSchema-instance" xmlns:xlink="http://www.w3.org/1999/xlink" xmlns:xbrli="http://www.xbrl.org/2003/instance">
  <link:roleRef roleURI="http://disclosure.edinet-fsa.go.jp/role/jpcrp/rol_std_Shareholdings-17" xlink:type="simple" xlink:href="../jpcrp_rt_2022-11-01.xsd#rol_std_Shareholdings-17"/>
  <link:presentationLink xlink:type="extended" xlink:role="http://disclosure.edinet-fsa.go.jp/role/jpcrp/rol_std_Shareholdings-17">
    <link:loc xlink:type="locator" xlink:href="../jpcrp_cor_2022-11-01.xsd#jpcrp_cor_SequentialNumbersAxis" xlink:label="SequentialNumbersAxis"/>
    <link:loc xlink:type="locator" xlink:href="../jpcrp_cor_2022-11-01.xsd#jpcrp_cor_Row1Member" xlink:label="Row1Member"/>
    <link:presentationArc xlink:type="arc" xlink:arcrole="http://www.xbrl.org/2003/arcrole/parent-child" xlink:from="SequentialNumbersAxis" xlink:to="Row1Member" order="1.0"/>
    <link:loc xlink:type="locator" xlink:href="../jpcrp_cor_2022-11-01.xsd#jpcrp_cor_Row2Member" xlink:label="Row2Member"/>
    <link:presentationArc xlink:type="arc" xlink:arcrole="http://www.xbrl.org/2003/arcrole/parent-child" xlink:from="SequentialNumbersAxis" xlink:to="Row2Member" order="2.0"/>
    <link:loc xlink:type="locator" xlink:href="../jpcrp_cor_2022-11-01.xsd#jpcrp_cor_Row3Member" xlink:label="Row3Member"/>
    <link:presentationArc xlink:type="arc" xlink:arcrole="http://www.xbrl.org/2003/arcrole/parent-child" xlink:from="SequentialNumbersAxis" xlink:to="Row3Member" order="3.0"/>
    <link:loc xlink:type="locator" xlink:href="../jpcrp_cor_2022-11-01.xsd#jpcrp_cor_ShareholdingsHeading" xlink:label="ShareholdingsHeading"/>
    <link:loc xlink:type="locator" xlink:href="../jpcrp_cor_2022-11-01.xsd#jpcrp_cor_GroupCompanyHoldingSecondLargestAmountOfInvestmentEquitySecuritiesInGroupEquitySecuritiesHeldAbstract" xlink:label="GroupCompanyHoldingSecondLargestAmountOfInvestmentEquitySecuritiesInGroupEquitySecuritiesHeldAbstract"/>
    <link:presentationArc xlink:type="arc" xlink:arcrole="http://www.xbrl.org/2003/arcrole/parent-child" xlink:from="ShareholdingsHeading" xlink:to="GroupCompanyHoldingSecondLargestAmountOfInvestmentEquitySecuritiesInGroupEquitySecuritiesHeldAbstract" order="1.0"/>
    <link:loc xlink:type="locator" xlink:href="../jpcrp_cor_2022-11-01.xsd#jpcrp_cor_InvestmentEquitySecuritiesReclassifiedFromHeldForPureInvestmentToHeldForPurposesOtherThanPureInvestmentSecondLargestHoldingCompanyTable" xlink:label="InvestmentEquitySecuritiesReclassifiedFromHeldForPureInvestmentToHeldForPurposesOtherThanPureInvestmentSecondLargestHoldingCompanyTable"/>
    <link:presentationArc xlink:type="arc" xlink:arcrole="http://www.xbrl.org/2003/arcrole/parent-child" xlink:from="GroupCompanyHoldingSecondLargestAmountOfInvestmentEquitySecuritiesInGroupEquitySecuritiesHeldAbstract" xlink:to="InvestmentEquitySecuritiesReclassifiedFromHeldForPureInvestmentToHeldForPurposesOtherThanPureInvestmentSecondLargestHoldingCompanyTable" order="1.0"/>
    <link:presentationArc xlink:type="arc" xlink:arcrole="http://www.xbrl.org/2003/arcrole/parent-child" xlink:from="InvestmentEquitySecuritiesReclassifiedFromHeldForPureInvestmentToHeldForPurposesOtherThanPureInvestmentSecondLargestHoldingCompanyTable" xlink:to="SequentialNumbersAxis" order="1.0"/>
    <link:loc xlink:type="locator" xlink:href="../jpcrp_cor_2022-11-01.xsd#jpcrp_cor_InvestmentEquitySecuritiesReclassifiedFromHeldForPureInvestmentToHeldForPurposesOtherThanPureInvestmentSecondLargestHoldingCompanyLineItems" xlink:label="InvestmentEquitySecuritiesReclassifiedFromHeldForPureInvestmentToHeldForPurposesOtherThanPureInvestmentSecondLargestHoldingCompanyLineItems"/>
    <link:presentationArc xlink:type="arc" xlink:arcrole="http://www.xbrl.org/2003/arcrole/parent-child" xlink:from="GroupCompanyHoldingSecondLargestAmountOfInvestmentEquitySecuritiesInGroupEquitySecuritiesHeldAbstract" xlink:to="InvestmentEquitySecuritiesReclassifiedFromHeldForPureInvestmentToHeldForPurposesOtherThanPureInvestmentSecondLargestHoldingCompanyLineItems" order="2.0"/>
    <link:loc xlink:type="locator" xlink:href="../jpcrp_cor_2022-11-01.xsd#jpcrp_cor_NameOfSecuritiesInvestmentEquitySecuritiesReclassifiedFromHeldForPureInvestmentToHeldForPurposesOtherThanPureInvestmentSecondLargestHoldingCompany" xlink:label="NameOfSecuritiesInvestmentEquitySecuritiesReclassifiedFromHeldForPureInvestmentToHeldForPurposesOtherThanPureInvestmentSecondLargestHoldingCompany"/>
    <link:presentationArc xlink:type="arc" xlink:arcrole="http://www.xbrl.org/2003/arcrole/parent-child" xlink:from="InvestmentEquitySecuritiesReclassifiedFromHeldForPureInvestmentToHeldForPurposesOtherThanPureInvestmentSecondLargestHoldingCompanyLineItems" xlink:to="NameOfSecuritiesInvestmentEquitySecuritiesReclassifiedFromHeldForPureInvestmentToHeldForPurposesOtherThanPureInvestmentSecondLargestHoldingCompany" order="1.0"/>
    <link:loc xlink:type="locator" xlink:href="../jpcrp_cor_2022-11-01.xsd#jpcrp_cor_NumberOfSharesHeldInvestmentEquitySecuritiesReclassifiedFromHeldForPureInvestmentToHeldForPurposesOtherThanPureInvestmentSecondLargestHoldingCompany" xlink:label="NumberOfSharesHeldInvestmentEquitySecuritiesReclassifiedFromHeldForPureInvestmentToHeldForPurposesOtherThanPureInvestmentSecondLargestHoldingCompany"/>
    <link:presentationArc xlink:type="arc" xlink:arcrole="http://www.xbrl.org/2003/arcrole/parent-child" xlink:from="InvestmentEquitySecuritiesReclassifiedFromHeldForPureInvestmentToHeldForPurposesOtherThanPureInvestmentSecondLargestHoldingCompanyLineItems" xlink:to="NumberOfSharesHeldInvestmentEquitySecuritiesReclassifiedFromHeldForPureInvestmentToHeldForPurposesOtherThanPureInvestmentSecondLargestHoldingCompany" order="2.0"/>
    <link:loc xlink:type="locator" xlink:href="../jpcrp_cor_2022-11-01.xsd#jpcrp_cor_BookValueInvestmentEquitySecuritiesReclassifiedFromHeldForPureInvestmentToHeldForPurposesOtherThanPureInvestmentSecondLargestHoldingCompany" xlink:label="BookValueInvestmentEquitySecuritiesReclassifiedFromHeldForPureInvestmentToHeldForPurposesOtherThanPureInvestmentSecondLargestHoldingCompany"/>
    <link:presentationArc xlink:type="arc" xlink:arcrole="http://www.xbrl.org/2003/arcrole/parent-child" xlink:from="InvestmentEquitySecuritiesReclassifiedFromHeldForPureInvestmentToHeldForPurposesOtherThanPureInvestmentSecondLargestHoldingCompanyLineItems" xlink:to="BookValueInvestmentEquitySecuritiesReclassifiedFromHeldForPureInvestmentToHeldForPurposesOtherThanPureInvestmentSecondLargestHoldingCompany" order="3.0"/>
  </link:presentationLink>
</link:linkbase>
