<?xml version="1.0" encoding="UTF-8"?>
<!--  (c) Financial Services Agency, The Japanese Government.
      All Rights Reserved.
      For intellectual property policy and authorized uses of EDINET Taxonomy,
      refer to “EDINET Taxonomy Legal Statement” at http://www.fsa.go.jp/search/EDINET_Taxonomy_Legal_Statement.html
-->
<link:linkbase xmlns:link="http://www.xbrl.org/2003/linkbase" xmlns:xsi="http://www.w3.org/2001/XMLSchema-instance" xmlns:xlink="http://www.w3.org/1999/xlink" xmlns:xbrli="http://www.xbrl.org/2003/instance">
  <link:roleRef roleURI="http://disclosure.edinet-fsa.go.jp/role/jpcrp/rol_std_Shareholdings-03" xlink:type="simple" xlink:href="../jpcrp_rt_2022-11-01.xsd#rol_std_Shareholdings-03"/>
  <link:presentationLink xlink:type="extended" xlink:role="http://disclosure.edinet-fsa.go.jp/role/jpcrp/rol_std_Shareholdings-03">
    <link:loc xlink:type="locator" xlink:href="../jpcrp_cor_2022-11-01.xsd#jpcrp_cor_SequentialNumbersAxis" xlink:label="SequentialNumbersAxis"/>
    <link:loc xlink:type="locator" xlink:href="../jpcrp_cor_2022-11-01.xsd#jpcrp_cor_Row4Member" xlink:label="Row4Member"/>
    <link:presentationArc xlink:type="arc" xlink:arcrole="http://www.xbrl.org/2003/arcrole/parent-child" xlink:from="SequentialNumbersAxis" xlink:to="Row4Member" order="4.0"/>
    <link:loc xlink:type="locator" xlink:href="../jpcrp_cor_2022-11-01.xsd#jpcrp_cor_Row5Member" xlink:label="Row5Member"/>
    <link:presentationArc xlink:type="arc" xlink:arcrole="http://www.xbrl.org/2003/arcrole/parent-child" xlink:from="SequentialNumbersAxis" xlink:to="Row5Member" order="5.0"/>
    <link:loc xlink:type="locator" xlink:href="../jpcrp_cor_2022-11-01.xsd#jpcrp_cor_Row6Member" xlink:label="Row6Member"/>
    <link:presentationArc xlink:type="arc" xlink:arcrole="http://www.xbrl.org/2003/arcrole/parent-child" xlink:from="SequentialNumbersAxis" xlink:to="Row6Member" order="6.0"/>
    <link:loc xlink:type="locator" xlink:href="../jpcrp_cor_2022-11-01.xsd#jpcrp_cor_Row7Member" xlink:label="Row7Member"/>
    <link:presentationArc xlink:type="arc" xlink:arcrole="http://www.xbrl.org/2003/arcrole/parent-child" xlink:from="SequentialNumbersAxis" xlink:to="Row7Member" order="7.0"/>
    <link:loc xlink:type="locator" xlink:href="../jpcrp_cor_2022-11-01.xsd#jpcrp_cor_Row8Member" xlink:label="Row8Member"/>
    <link:presentationArc xlink:type="arc" xlink:arcrole="http://www.xbrl.org/2003/arcrole/parent-child" xlink:from="SequentialNumbersAxis" xlink:to="Row8Member" order="8.0"/>
    <link:loc xlink:type="locator" xlink:href="../jpcrp_cor_2022-11-01.xsd#jpcrp_cor_Row9Member" xlink:label="Row9Member"/>
    <link:presentationArc xlink:type="arc" xlink:arcrole="http://www.xbrl.org/2003/arcrole/parent-child" xlink:from="SequentialNumbersAxis" xlink:to="Row9Member" order="9.0"/>
    <link:loc xlink:type="locator" xlink:href="../jpcrp_cor_2022-11-01.xsd#jpcrp_cor_Row10Member" xlink:label="Row10Member"/>
    <link:presentationArc xlink:type="arc" xlink:arcrole="http://www.xbrl.org/2003/arcrole/parent-child" xlink:from="SequentialNumbersAxis" xlink:to="Row10Member" order="10.0"/>
    <link:loc xlink:type="locator" xlink:href="../jpcrp_cor_2022-11-01.xsd#jpcrp_cor_Row1Member" xlink:label="Row1Member"/>
    <link:presentationArc xlink:type="arc" xlink:arcrole="http://www.xbrl.org/2003/arcrole/parent-child" xlink:from="SequentialNumbersAxis" xlink:to="Row1Member" order="1.0"/>
    <link:loc xlink:type="locator" xlink:href="../jpcrp_cor_2022-11-01.xsd#jpcrp_cor_Row2Member" xlink:label="Row2Member"/>
    <link:presentationArc xlink:type="arc" xlink:arcrole="http://www.xbrl.org/2003/arcrole/parent-child" xlink:from="SequentialNumbersAxis" xlink:to="Row2Member" order="2.0"/>
    <link:loc xlink:type="locator" xlink:href="../jpcrp_cor_2022-11-01.xsd#jpcrp_cor_Row3Member" xlink:label="Row3Member"/>
    <link:presentationArc xlink:type="arc" xlink:arcrole="http://www.xbrl.org/2003/arcrole/parent-child" xlink:from="SequentialNumbersAxis" xlink:to="Row3Member" order="3.0"/>
    <link:loc xlink:type="locator" xlink:href="../jpcrp_cor_2022-11-01.xsd#jpcrp_cor_ShareholdingsHeading" xlink:label="ShareholdingsHeading"/>
    <link:loc xlink:type="locator" xlink:href="../jpcrp_cor_2022-11-01.xsd#jpcrp_cor_ReportingCompanyEquitySecuritiesHeldAbstract" xlink:label="ReportingCompanyEquitySecuritiesHeldAbstract"/>
    <link:presentationArc xlink:type="arc" xlink:arcrole="http://www.xbrl.org/2003/arcrole/parent-child" xlink:from="ShareholdingsHeading" xlink:to="ReportingCompanyEquitySecuritiesHeldAbstract" order="1.0"/>
    <link:loc xlink:type="locator" xlink:href="../jpcrp_cor_2022-11-01.xsd#jpcrp_cor_DetailsOfDeemedHoldingsOfEquitySecuritiesHeldForPurposesOtherThanPureInvestmentReportingCompanyTable" xlink:label="DetailsOfDeemedHoldingsOfEquitySecuritiesHeldForPurposesOtherThanPureInvestmentReportingCompanyTable"/>
    <link:presentationArc xlink:type="arc" xlink:arcrole="http://www.xbrl.org/2003/arcrole/parent-child" xlink:from="ReportingCompanyEquitySecuritiesHeldAbstract" xlink:to="DetailsOfDeemedHoldingsOfEquitySecuritiesHeldForPurposesOtherThanPureInvestmentReportingCompanyTable" order="1.0"/>
    <link:presentationArc xlink:type="arc" xlink:arcrole="http://www.xbrl.org/2003/arcrole/parent-child" xlink:from="DetailsOfDeemedHoldingsOfEquitySecuritiesHeldForPurposesOtherThanPureInvestmentReportingCompanyTable" xlink:to="SequentialNumbersAxis" order="1.0"/>
    <link:loc xlink:type="locator" xlink:href="../jpcrp_cor_2022-11-01.xsd#jpcrp_cor_DetailsOfDeemedHoldingsOfEquitySecuritiesHeldForPurposesOtherThanPureInvestmentReportingCompanyLineItems" xlink:label="DetailsOfDeemedHoldingsOfEquitySecuritiesHeldForPurposesOtherThanPureInvestmentReportingCompanyLineItems"/>
    <link:presentationArc xlink:type="arc" xlink:arcrole="http://www.xbrl.org/2003/arcrole/parent-child" xlink:from="ReportingCompanyEquitySecuritiesHeldAbstract" xlink:to="DetailsOfDeemedHoldingsOfEquitySecuritiesHeldForPurposesOtherThanPureInvestmentReportingCompanyLineItems" order="2.0"/>
    <link:loc xlink:type="locator" xlink:href="../jpcrp_cor_2022-11-01.xsd#jpcrp_cor_NameOfSecuritiesDetailsOfDeemedHoldingsOfEquitySecuritiesHeldForPurposesOtherThanPureInvestmentReportingCompany" xlink:label="NameOfSecuritiesDetailsOfDeemedHoldingsOfEquitySecuritiesHeldForPurposesOtherThanPureInvestmentReportingCompany"/>
    <link:presentationArc xlink:type="arc" xlink:arcrole="http://www.xbrl.org/2003/arcrole/parent-child" xlink:from="DetailsOfDeemedHoldingsOfEquitySecuritiesHeldForPurposesOtherThanPureInvestmentReportingCompanyLineItems" xlink:to="NameOfSecuritiesDetailsOfDeemedHoldingsOfEquitySecuritiesHeldForPurposesOtherThanPureInvestmentReportingCompany" order="1.0"/>
    <link:loc xlink:type="locator" xlink:href="../jpcrp_cor_2022-11-01.xsd#jpcrp_cor_NumberOfSharesHeldDetailsOfDeemedHoldingsOfEquitySecuritiesHeldForPurposesOtherThanPureInvestmentReportingCompany" xlink:label="NumberOfSharesHeldDetailsOfDeemedHoldingsOfEquitySecuritiesHeldForPurposesOtherThanPureInvestmentReportingCompany"/>
    <link:presentationArc xlink:type="arc" xlink:arcrole="http://www.xbrl.org/2003/arcrole/parent-child" xlink:from="DetailsOfDeemedHoldingsOfEquitySecuritiesHeldForPurposesOtherThanPureInvestmentReportingCompanyLineItems" xlink:to="NumberOfSharesHeldDetailsOfDeemedHoldingsOfEquitySecuritiesHeldForPurposesOtherThanPureInvestmentReportingCompany" order="2.0"/>
    <link:loc xlink:type="locator" xlink:href="../jpcrp_cor_2022-11-01.xsd#jpcrp_cor_NumberOfSharesNotDisclosedAsBelowThresholdDetailsOfDeemedHoldingsOfSharesHeldForPurposesOtherThanPureInvestmentReportingCompany" xlink:label="NumberOfSharesNotDisclosedAsBelowThresholdDetailsOfDeemedHoldingsOfSharesHeldForPurposesOtherThanPureInvestmentReportingCompany"/>
    <link:presentationArc xlink:type="arc" xlink:arcrole="http://www.xbrl.org/2003/arcrole/parent-child" xlink:from="DetailsOfDeemedHoldingsOfEquitySecuritiesHeldForPurposesOtherThanPureInvestmentReportingCompanyLineItems" xlink:to="NumberOfSharesNotDisclosedAsBelowThresholdDetailsOfDeemedHoldingsOfSharesHeldForPurposesOtherThanPureInvestmentReportingCompany" order="3.0"/>
    <link:loc xlink:type="locator" xlink:href="../jpcrp_cor_2022-11-01.xsd#jpcrp_cor_BookValueDetailsOfDeemedHoldingsOfEquitySecuritiesHeldForPurposesOtherThanPureInvestmentReportingCompany" xlink:label="BookValueDetailsOfDeemedHoldingsOfEquitySecuritiesHeldForPurposesOtherThanPureInvestmentReportingCompany"/>
    <link:presentationArc xlink:type="arc" xlink:arcrole="http://www.xbrl.org/2003/arcrole/parent-child" xlink:from="DetailsOfDeemedHoldingsOfEquitySecuritiesHeldForPurposesOtherThanPureInvestmentReportingCompanyLineItems" xlink:to="BookValueDetailsOfDeemedHoldingsOfEquitySecuritiesHeldForPurposesOtherThanPureInvestmentReportingCompany" order="4.0"/>
    <link:loc xlink:type="locator" xlink:href="../jpcrp_cor_2022-11-01.xsd#jpcrp_cor_CarryingAmountNotDisclosedAsBelowThresholdDetailsOfDeemedHoldingsOfSharesHeldForPurposesOtherThanPureInvestmentReportingCompany" xlink:label="CarryingAmountNotDisclosedAsBelowThresholdDetailsOfDeemedHoldingsOfSharesHeldForPurposesOtherThanPureInvestmentReportingCompany"/>
    <link:presentationArc xlink:type="arc" xlink:arcrole="http://www.xbrl.org/2003/arcrole/parent-child" xlink:from="DetailsOfDeemedHoldingsOfEquitySecuritiesHeldForPurposesOtherThanPureInvestmentReportingCompanyLineItems" xlink:to="CarryingAmountNotDisclosedAsBelowThresholdDetailsOfDeemedHoldingsOfSharesHeldForPurposesOtherThanPureInvestmentReportingCompany" order="5.0"/>
    <link:loc xlink:type="locator" xlink:href="../jpcrp_cor_2022-11-01.xsd#jpcrp_cor_PurposesOfHoldingDetailsOfDeemedHoldingsOfEquitySecuritiesHeldForPurposesOtherThanPureInvestmentReportingCompany" xlink:label="PurposesOfHoldingDetailsOfDeemedHoldingsOfEquitySecuritiesHeldForPurposesOtherThanPureInvestmentReportingCompany"/>
    <link:presentationArc xlink:type="arc" xlink:arcrole="http://www.xbrl.org/2003/arcrole/parent-child" xlink:from="DetailsOfDeemedHoldingsOfEquitySecuritiesHeldForPurposesOtherThanPureInvestmentReportingCompanyLineItems" xlink:to="PurposesOfHoldingDetailsOfDeemedHoldingsOfEquitySecuritiesHeldForPurposesOtherThanPureInvestmentReportingCompany" order="6.0"/>
    <link:loc xlink:type="locator" xlink:href="../jpcrp_cor_2022-11-01.xsd#jpcrp_cor_QuantitativeEffectsOfShareholdingDetailsOfDeemedHoldingsOfSharesHeldForPurposesOtherThanPureInvestmentReportingCompany" xlink:label="QuantitativeEffectsOfShareholdingDetailsOfDeemedHoldingsOfSharesHeldForPurposesOtherThanPureInvestmentReportingCompany"/>
    <link:presentationArc xlink:type="arc" xlink:arcrole="http://www.xbrl.org/2003/arcrole/parent-child" xlink:from="DetailsOfDeemedHoldingsOfEquitySecuritiesHeldForPurposesOtherThanPureInvestmentReportingCompanyLineItems" xlink:to="QuantitativeEffectsOfShareholdingDetailsOfDeemedHoldingsOfSharesHeldForPurposesOtherThanPureInvestmentReportingCompany" order="7.0"/>
    <link:loc xlink:type="locator" xlink:href="../jpcrp_cor_2022-11-01.xsd#jpcrp_cor_ReasonForIncreaseInNumberOfSharesDetailsOfDeemedHoldingsOfSharesHeldForPurposesOtherThanPureInvestmentReportingCompany" xlink:label="ReasonForIncreaseInNumberOfSharesDetailsOfDeemedHoldingsOfSharesHeldForPurposesOtherThanPureInvestmentReportingCompany"/>
    <link:presentationArc xlink:type="arc" xlink:arcrole="http://www.xbrl.org/2003/arcrole/parent-child" xlink:from="DetailsOfDeemedHoldingsOfEquitySecuritiesHeldForPurposesOtherThanPureInvestmentReportingCompanyLineItems" xlink:to="ReasonForIncreaseInNumberOfSharesDetailsOfDeemedHoldingsOfSharesHeldForPurposesOtherThanPureInvestmentReportingCompany" order="8.0"/>
    <link:loc xlink:type="locator" xlink:href="../jpcrp_cor_2022-11-01.xsd#jpcrp_cor_PurposeOfShareholdingQuantitativeEffectsOfShareholdingAndReasonForIncreaseInNumberOfSharesDetailsOfDeemedHoldingsOfSharesHeldForPurposesOtherThanPureInvestmentReportingCompany" xlink:label="PurposeOfShareholdingQuantitativeEffectsOfShareholdingAndReasonForIncreaseInNumberOfSharesDetailsOfDeemedHoldingsOfSharesHeldForPurposesOtherThanPureInvestmentReportingCompany"/>
    <link:presentationArc xlink:type="arc" xlink:arcrole="http://www.xbrl.org/2003/arcrole/parent-child" xlink:from="DetailsOfDeemedHoldingsOfEquitySecuritiesHeldForPurposesOtherThanPureInvestmentReportingCompanyLineItems" xlink:to="PurposeOfShareholdingQuantitativeEffectsOfShareholdingAndReasonForIncreaseInNumberOfSharesDetailsOfDeemedHoldingsOfSharesHeldForPurposesOtherThanPureInvestmentReportingCompany" order="9.0"/>
    <link:loc xlink:type="locator" xlink:href="../jpcrp_cor_2022-11-01.xsd#jpcrp_cor_WhetherIssuerOfAforementionedSharesHoldsReportingCompanysSharesDetailsOfDeemedHoldingsOfSharesHeldForPurposesOtherThanPureInvestmentReportingCompany" xlink:label="WhetherIssuerOfAforementionedSharesHoldsReportingCompanysSharesDetailsOfDeemedHoldingsOfSharesHeldForPurposesOtherThanPureInvestmentReportingCompany"/>
    <link:presentationArc xlink:type="arc" xlink:arcrole="http://www.xbrl.org/2003/arcrole/parent-child" xlink:from="DetailsOfDeemedHoldingsOfEquitySecuritiesHeldForPurposesOtherThanPureInvestmentReportingCompanyLineItems" xlink:to="WhetherIssuerOfAforementionedSharesHoldsReportingCompanysSharesDetailsOfDeemedHoldingsOfSharesHeldForPurposesOtherThanPureInvestmentReportingCompany" order="10.0"/>
  </link:presentationLink>
</link:linkbase>
