<?xml version="1.0" encoding="UTF-8"?>
<!--  (c) Financial Services Agency, The Japanese Government.
      All Rights Reserved.
      For intellectual property policy and authorized uses of EDINET Taxonomy,
      refer to “EDINET Taxonomy Legal Statement” at http://www.fsa.go.jp/search/EDINET_Taxonomy_Legal_Statement.html
-->
<link:linkbase xmlns:link="http://www.xbrl.org/2003/linkbase" xmlns:xsi="http://www.w3.org/2001/XMLSchema-instance" xmlns:xbrldt="http://xbrl.org/2005/xbrldt" xmlns:xlink="http://www.w3.org/1999/xlink" xmlns:xbrli="http://www.xbrl.org/2003/instance">
  <link:roleRef roleURI="http://disclosure.edinet-fsa.go.jp/role/jpcrp/rol_std_InformationAboutOfficers-07" xlink:type="simple" xlink:href="../jpcrp_rt_2022-11-01.xsd#rol_std_InformationAboutOfficers-07"/>
  <link:arcroleRef arcroleURI="http://xbrl.org/int/dim/arcrole/all" xlink:type="simple" xlink:href="http://www.xbrl.org/2005/xbrldt-2005.xsd#all"/>
  <link:arcroleRef arcroleURI="http://xbrl.org/int/dim/arcrole/dimension-default" xlink:type="simple" xlink:href="http://www.xbrl.org/2005/xbrldt-2005.xsd#dimension-default"/>
  <link:arcroleRef arcroleURI="http://xbrl.org/int/dim/arcrole/dimension-domain" xlink:type="simple" xlink:href="http://www.xbrl.org/2005/xbrldt-2005.xsd#dimension-domain"/>
  <link:arcroleRef arcroleURI="http://xbrl.org/int/dim/arcrole/domain-member" xlink:type="simple" xlink:href="http://www.xbrl.org/2005/xbrldt-2005.xsd#domain-member"/>
  <link:arcroleRef arcroleURI="http://xbrl.org/int/dim/arcrole/hypercube-dimension" xlink:type="simple" xlink:href="http://www.xbrl.org/2005/xbrldt-2005.xsd#hypercube-dimension"/>
  <link:definitionLink xlink:type="extended" xlink:role="http://disclosure.edinet-fsa.go.jp/role/jpcrp/rol_std_InformationAboutOfficers-07">
    <link:loc xlink:type="locator" xlink:href="../jpcrp_cor_2022-11-01.xsd#jpcrp_cor_DirectorsAndOtherOfficersAxis" xlink:label="DirectorsAndOtherOfficersAxis"/>
    <link:loc xlink:type="locator" xlink:href="../jpcrp_cor_2022-11-01.xsd#jpcrp_cor_DirectorsAndOtherOfficersMember" xlink:label="DirectorsAndOtherOfficersMember"/>
    <link:definitionArc xlink:type="arc" xlink:arcrole="http://xbrl.org/int/dim/arcrole/dimension-domain" xlink:from="DirectorsAndOtherOfficersAxis" xlink:to="DirectorsAndOtherOfficersMember" order="1.0"/>
    <link:loc xlink:type="locator" xlink:href="../jpcrp_cor_2022-11-01.xsd#jpcrp_cor_DirectorsAndOtherOfficersMember" xlink:label="DirectorsAndOtherOfficersMember_2"/>
    <link:definitionArc xlink:type="arc" xlink:arcrole="http://xbrl.org/int/dim/arcrole/dimension-default" xlink:from="DirectorsAndOtherOfficersAxis" xlink:to="DirectorsAndOtherOfficersMember_2" order="1.0"/>
    <link:loc xlink:type="locator" xlink:href="../jpcrp_cor_2022-11-01.xsd#jpcrp_cor_InformationAboutOfficersHeading" xlink:label="InformationAboutOfficersHeading"/>
    <link:loc xlink:type="locator" xlink:href="../jpcrp_cor_2022-11-01.xsd#jpcrp_cor_InformationAboutDirectorsAndCorporateAuditorsProposalTable" xlink:label="InformationAboutDirectorsAndCorporateAuditorsProposalTable"/>
    <link:definitionArc xlink:type="arc" xlink:arcrole="http://xbrl.org/int/dim/arcrole/all" xlink:from="InformationAboutOfficersHeading" xlink:to="InformationAboutDirectorsAndCorporateAuditorsProposalTable" order="1.0" xbrldt:contextElement="scenario" xbrldt:closed="true"/>
    <link:definitionArc xlink:type="arc" xlink:arcrole="http://xbrl.org/int/dim/arcrole/hypercube-dimension" xlink:from="InformationAboutDirectorsAndCorporateAuditorsProposalTable" xlink:to="DirectorsAndOtherOfficersAxis" order="1.0"/>
    <link:loc xlink:type="locator" xlink:href="../jpcrp_cor_2022-11-01.xsd#jpcrp_cor_InformationAboutDirectorsAndCorporateAuditorsProposalLineItems" xlink:label="InformationAboutDirectorsAndCorporateAuditorsProposalLineItems"/>
    <link:definitionArc xlink:type="arc" xlink:arcrole="http://xbrl.org/int/dim/arcrole/domain-member" xlink:from="InformationAboutOfficersHeading" xlink:to="InformationAboutDirectorsAndCorporateAuditorsProposalLineItems" order="1.0"/>
    <link:loc xlink:type="locator" xlink:href="../jpcrp_cor_2022-11-01.xsd#jpcrp_cor_OfficialTitleOrPositionInformationAboutDirectorsAndCorporateAuditorsProposal" xlink:label="OfficialTitleOrPositionInformationAboutDirectorsAndCorporateAuditorsProposal"/>
    <link:definitionArc xlink:type="arc" xlink:arcrole="http://xbrl.org/int/dim/arcrole/domain-member" xlink:from="InformationAboutDirectorsAndCorporateAuditorsProposalLineItems" xlink:to="OfficialTitleOrPositionInformationAboutDirectorsAndCorporateAuditorsProposal" order="1.0"/>
    <link:loc xlink:type="locator" xlink:href="../jpcrp_cor_2022-11-01.xsd#jpcrp_cor_NameInformationAboutDirectorsAndCorporateAuditorsProposal" xlink:label="NameInformationAboutDirectorsAndCorporateAuditorsProposal"/>
    <link:definitionArc xlink:type="arc" xlink:arcrole="http://xbrl.org/int/dim/arcrole/domain-member" xlink:from="InformationAboutDirectorsAndCorporateAuditorsProposalLineItems" xlink:to="NameInformationAboutDirectorsAndCorporateAuditorsProposal" order="2.0"/>
    <link:loc xlink:type="locator" xlink:href="../jpcrp_cor_2022-11-01.xsd#jpcrp_cor_DateOfBirthInformationAboutDirectorsAndCorporateAuditorsProposal" xlink:label="DateOfBirthInformationAboutDirectorsAndCorporateAuditorsProposal"/>
    <link:definitionArc xlink:type="arc" xlink:arcrole="http://xbrl.org/int/dim/arcrole/domain-member" xlink:from="InformationAboutDirectorsAndCorporateAuditorsProposalLineItems" xlink:to="DateOfBirthInformationAboutDirectorsAndCorporateAuditorsProposal" order="3.0"/>
    <link:loc xlink:type="locator" xlink:href="../jpcrp_cor_2022-11-01.xsd#jpcrp_cor_CareerSummaryInformationAboutDirectorsAndCorporateAuditorsProposalTextBlock" xlink:label="CareerSummaryInformationAboutDirectorsAndCorporateAuditorsProposalTextBlock"/>
    <link:definitionArc xlink:type="arc" xlink:arcrole="http://xbrl.org/int/dim/arcrole/domain-member" xlink:from="InformationAboutDirectorsAndCorporateAuditorsProposalLineItems" xlink:to="CareerSummaryInformationAboutDirectorsAndCorporateAuditorsProposalTextBlock" order="4.0"/>
    <link:loc xlink:type="locator" xlink:href="../jpcrp_cor_2022-11-01.xsd#jpcrp_cor_TermOfOfficeInformationAboutDirectorsAndCorporateAuditorsProposal" xlink:label="TermOfOfficeInformationAboutDirectorsAndCorporateAuditorsProposal"/>
    <link:definitionArc xlink:type="arc" xlink:arcrole="http://xbrl.org/int/dim/arcrole/domain-member" xlink:from="InformationAboutDirectorsAndCorporateAuditorsProposalLineItems" xlink:to="TermOfOfficeInformationAboutDirectorsAndCorporateAuditorsProposal" order="5.0"/>
    <link:loc xlink:type="locator" xlink:href="../jpcrp_cor_2022-11-01.xsd#jpcrp_cor_NumberOfSharesHeldOrdinarySharesInformationAboutDirectorsAndCorporateAuditorsProposal" xlink:label="NumberOfSharesHeldOrdinarySharesInformationAboutDirectorsAndCorporateAuditorsProposal"/>
    <link:definitionArc xlink:type="arc" xlink:arcrole="http://xbrl.org/int/dim/arcrole/domain-member" xlink:from="InformationAboutDirectorsAndCorporateAuditorsProposalLineItems" xlink:to="NumberOfSharesHeldOrdinarySharesInformationAboutDirectorsAndCorporateAuditorsProposal" order="6.0"/>
    <link:loc xlink:type="locator" xlink:href="../jpcrp_cor_2022-11-01.xsd#jpcrp_cor_NumberOfSharesHeldOtherThanOrdinarySharesInformationAboutDirectorsAndCorporateAuditorsProposal" xlink:label="NumberOfSharesHeldOtherThanOrdinarySharesInformationAboutDirectorsAndCorporateAuditorsProposal"/>
    <link:definitionArc xlink:type="arc" xlink:arcrole="http://xbrl.org/int/dim/arcrole/domain-member" xlink:from="InformationAboutDirectorsAndCorporateAuditorsProposalLineItems" xlink:to="NumberOfSharesHeldOtherThanOrdinarySharesInformationAboutDirectorsAndCorporateAuditorsProposal" order="7.0"/>
  </link:definitionLink>
</link:linkbase>
