<?xml version="1.0" encoding="UTF-8"?>
<!--  (c) Financial Services Agency, The Japanese Government.
      All Rights Reserved.
      For intellectual property policy and authorized uses of EDINET Taxonomy,
      refer to “EDINET Taxonomy Legal Statement” at http://www.fsa.go.jp/search/EDINET_Taxonomy_Legal_Statement.html
-->
<link:linkbase xmlns:link="http://www.xbrl.org/2003/linkbase" xmlns:xsi="http://www.w3.org/2001/XMLSchema-instance" xmlns:xlink="http://www.w3.org/1999/xlink" xmlns:xbrli="http://www.xbrl.org/2003/instance">
  <link:roleRef roleURI="http://disclosure.edinet-fsa.go.jp/role/jpcrp/rol_std_Shareholdings-07" xlink:type="simple" xlink:href="../jpcrp_rt_2022-11-01.xsd#rol_std_Shareholdings-07"/>
  <link:presentationLink xlink:type="extended" xlink:role="http://disclosure.edinet-fsa.go.jp/role/jpcrp/rol_std_Shareholdings-07">
    <link:loc xlink:type="locator" xlink:href="../jpcrp_cor_2022-11-01.xsd#jpcrp_cor_ShareholdingsHeading" xlink:label="ShareholdingsHeading"/>
    <link:loc xlink:type="locator" xlink:href="../jpcrp_cor_2022-11-01.xsd#jpcrp_cor_GroupCompanyHoldingLargestAmountOfInvestmentEquitySecuritiesInGroupEquitySecuritiesHeldAbstract" xlink:label="GroupCompanyHoldingLargestAmountOfInvestmentEquitySecuritiesInGroupEquitySecuritiesHeldAbstract"/>
    <link:presentationArc xlink:type="arc" xlink:arcrole="http://www.xbrl.org/2003/arcrole/parent-child" xlink:from="ShareholdingsHeading" xlink:to="GroupCompanyHoldingLargestAmountOfInvestmentEquitySecuritiesInGroupEquitySecuritiesHeldAbstract" order="1.0"/>
    <link:loc xlink:type="locator" xlink:href="../jpcrp_cor_2022-11-01.xsd#jpcrp_cor_InvestmentEquitySecuritiesHeldForPurposesOtherThanPureInvestmentLargestHoldingCompanyAbstract" xlink:label="InvestmentEquitySecuritiesHeldForPurposesOtherThanPureInvestmentLargestHoldingCompanyAbstract"/>
    <link:presentationArc xlink:type="arc" xlink:arcrole="http://www.xbrl.org/2003/arcrole/parent-child" xlink:from="GroupCompanyHoldingLargestAmountOfInvestmentEquitySecuritiesInGroupEquitySecuritiesHeldAbstract" xlink:to="InvestmentEquitySecuritiesHeldForPurposesOtherThanPureInvestmentLargestHoldingCompanyAbstract" order="1.0"/>
    <link:loc xlink:type="locator" xlink:href="../jpcrp_cor_2022-11-01.xsd#jpcrp_cor_SharesNotListedInvestmentSharesHeldForPurposesOtherThanPureInvestmentLargestHoldingCompanyAbstract" xlink:label="SharesNotListedInvestmentSharesHeldForPurposesOtherThanPureInvestmentLargestHoldingCompanyAbstract"/>
    <link:presentationArc xlink:type="arc" xlink:arcrole="http://www.xbrl.org/2003/arcrole/parent-child" xlink:from="InvestmentEquitySecuritiesHeldForPurposesOtherThanPureInvestmentLargestHoldingCompanyAbstract" xlink:to="SharesNotListedInvestmentSharesHeldForPurposesOtherThanPureInvestmentLargestHoldingCompanyAbstract" order="1.0"/>
    <link:loc xlink:type="locator" xlink:href="../jpcrp_cor_2022-11-01.xsd#jpcrp_cor_NumberOfIssuesSharesNotListedInvestmentSharesHeldForPurposesOtherThanPureInvestmentLargestHoldingCompany" xlink:label="NumberOfIssuesSharesNotListedInvestmentSharesHeldForPurposesOtherThanPureInvestmentLargestHoldingCompany"/>
    <link:presentationArc xlink:type="arc" xlink:arcrole="http://www.xbrl.org/2003/arcrole/parent-child" xlink:from="SharesNotListedInvestmentSharesHeldForPurposesOtherThanPureInvestmentLargestHoldingCompanyAbstract" xlink:to="NumberOfIssuesSharesNotListedInvestmentSharesHeldForPurposesOtherThanPureInvestmentLargestHoldingCompany" order="1.0"/>
    <link:loc xlink:type="locator" xlink:href="../jpcrp_cor_2022-11-01.xsd#jpcrp_cor_CarryingAmountSharesNotListedInvestmentSharesHeldForPurposesOtherThanPureInvestmentLargestHoldingCompany" xlink:label="CarryingAmountSharesNotListedInvestmentSharesHeldForPurposesOtherThanPureInvestmentLargestHoldingCompany"/>
    <link:presentationArc xlink:type="arc" xlink:arcrole="http://www.xbrl.org/2003/arcrole/parent-child" xlink:from="SharesNotListedInvestmentSharesHeldForPurposesOtherThanPureInvestmentLargestHoldingCompanyAbstract" xlink:to="CarryingAmountSharesNotListedInvestmentSharesHeldForPurposesOtherThanPureInvestmentLargestHoldingCompany" order="2.0"/>
    <link:loc xlink:type="locator" xlink:href="../jpcrp_cor_2022-11-01.xsd#jpcrp_cor_NumberOfIssuesWhoseNumberOfSharesIncreasedSharesNotListedInvestmentSharesHeldForPurposesOtherThanPureInvestmentLargestHoldingCompany" xlink:label="NumberOfIssuesWhoseNumberOfSharesIncreasedSharesNotListedInvestmentSharesHeldForPurposesOtherThanPureInvestmentLargestHoldingCompany"/>
    <link:presentationArc xlink:type="arc" xlink:arcrole="http://www.xbrl.org/2003/arcrole/parent-child" xlink:from="SharesNotListedInvestmentSharesHeldForPurposesOtherThanPureInvestmentLargestHoldingCompanyAbstract" xlink:to="NumberOfIssuesWhoseNumberOfSharesIncreasedSharesNotListedInvestmentSharesHeldForPurposesOtherThanPureInvestmentLargestHoldingCompany" order="3.0"/>
    <link:loc xlink:type="locator" xlink:href="../jpcrp_cor_2022-11-01.xsd#jpcrp_cor_TotalAcquisitionCostForIncreasedSharesSharesNotListedInvestmentSharesHeldForPurposesOtherThanPureInvestmentLargestHoldingCompany" xlink:label="TotalAcquisitionCostForIncreasedSharesSharesNotListedInvestmentSharesHeldForPurposesOtherThanPureInvestmentLargestHoldingCompany"/>
    <link:presentationArc xlink:type="arc" xlink:arcrole="http://www.xbrl.org/2003/arcrole/parent-child" xlink:from="SharesNotListedInvestmentSharesHeldForPurposesOtherThanPureInvestmentLargestHoldingCompanyAbstract" xlink:to="TotalAcquisitionCostForIncreasedSharesSharesNotListedInvestmentSharesHeldForPurposesOtherThanPureInvestmentLargestHoldingCompany" order="4.0"/>
    <link:loc xlink:type="locator" xlink:href="../jpcrp_cor_2022-11-01.xsd#jpcrp_cor_ReasonForIncreaseInNumberOfSharesSharesNotListedInvestmentSharesHeldForPurposesOtherThanPureInvestmentLargestHoldingCompany" xlink:label="ReasonForIncreaseInNumberOfSharesSharesNotListedInvestmentSharesHeldForPurposesOtherThanPureInvestmentLargestHoldingCompany"/>
    <link:presentationArc xlink:type="arc" xlink:arcrole="http://www.xbrl.org/2003/arcrole/parent-child" xlink:from="SharesNotListedInvestmentSharesHeldForPurposesOtherThanPureInvestmentLargestHoldingCompanyAbstract" xlink:to="ReasonForIncreaseInNumberOfSharesSharesNotListedInvestmentSharesHeldForPurposesOtherThanPureInvestmentLargestHoldingCompany" order="5.0"/>
    <link:loc xlink:type="locator" xlink:href="../jpcrp_cor_2022-11-01.xsd#jpcrp_cor_NumberOfIssuesWhoseNumberOfSharesDecreasedSharesNotListedInvestmentSharesHeldForPurposesOtherThanPureInvestmentLargestHoldingCompany" xlink:label="NumberOfIssuesWhoseNumberOfSharesDecreasedSharesNotListedInvestmentSharesHeldForPurposesOtherThanPureInvestmentLargestHoldingCompany"/>
    <link:presentationArc xlink:type="arc" xlink:arcrole="http://www.xbrl.org/2003/arcrole/parent-child" xlink:from="SharesNotListedInvestmentSharesHeldForPurposesOtherThanPureInvestmentLargestHoldingCompanyAbstract" xlink:to="NumberOfIssuesWhoseNumberOfSharesDecreasedSharesNotListedInvestmentSharesHeldForPurposesOtherThanPureInvestmentLargestHoldingCompany" order="6.0"/>
    <link:loc xlink:type="locator" xlink:href="../jpcrp_cor_2022-11-01.xsd#jpcrp_cor_TotalSaleAmountForDecreasedSharesSharesNotListedInvestmentSharesHeldForPurposesOtherThanPureInvestmentLargestHoldingCompany" xlink:label="TotalSaleAmountForDecreasedSharesSharesNotListedInvestmentSharesHeldForPurposesOtherThanPureInvestmentLargestHoldingCompany"/>
    <link:presentationArc xlink:type="arc" xlink:arcrole="http://www.xbrl.org/2003/arcrole/parent-child" xlink:from="SharesNotListedInvestmentSharesHeldForPurposesOtherThanPureInvestmentLargestHoldingCompanyAbstract" xlink:to="TotalSaleAmountForDecreasedSharesSharesNotListedInvestmentSharesHeldForPurposesOtherThanPureInvestmentLargestHoldingCompany" order="7.0"/>
    <link:loc xlink:type="locator" xlink:href="../jpcrp_cor_2022-11-01.xsd#jpcrp_cor_SharesOtherThanThoseNotListedInvestmentSharesHeldForPurposesOtherThanPureInvestmentLargestHoldingCompanyAbstract" xlink:label="SharesOtherThanThoseNotListedInvestmentSharesHeldForPurposesOtherThanPureInvestmentLargestHoldingCompanyAbstract"/>
    <link:presentationArc xlink:type="arc" xlink:arcrole="http://www.xbrl.org/2003/arcrole/parent-child" xlink:from="InvestmentEquitySecuritiesHeldForPurposesOtherThanPureInvestmentLargestHoldingCompanyAbstract" xlink:to="SharesOtherThanThoseNotListedInvestmentSharesHeldForPurposesOtherThanPureInvestmentLargestHoldingCompanyAbstract" order="2.0"/>
    <link:loc xlink:type="locator" xlink:href="../jpcrp_cor_2022-11-01.xsd#jpcrp_cor_NumberOfIssuesSharesOtherThanThoseNotListedInvestmentSharesHeldForPurposesOtherThanPureInvestmentLargestHoldingCompany" xlink:label="NumberOfIssuesSharesOtherThanThoseNotListedInvestmentSharesHeldForPurposesOtherThanPureInvestmentLargestHoldingCompany"/>
    <link:presentationArc xlink:type="arc" xlink:arcrole="http://www.xbrl.org/2003/arcrole/parent-child" xlink:from="SharesOtherThanThoseNotListedInvestmentSharesHeldForPurposesOtherThanPureInvestmentLargestHoldingCompanyAbstract" xlink:to="NumberOfIssuesSharesOtherThanThoseNotListedInvestmentSharesHeldForPurposesOtherThanPureInvestmentLargestHoldingCompany" order="1.0"/>
    <link:loc xlink:type="locator" xlink:href="../jpcrp_cor_2022-11-01.xsd#jpcrp_cor_CarryingAmountSharesOtherThanThoseNotListedInvestmentSharesHeldForPurposesOtherThanPureInvestmentLargestHoldingCompany" xlink:label="CarryingAmountSharesOtherThanThoseNotListedInvestmentSharesHeldForPurposesOtherThanPureInvestmentLargestHoldingCompany"/>
    <link:presentationArc xlink:type="arc" xlink:arcrole="http://www.xbrl.org/2003/arcrole/parent-child" xlink:from="SharesOtherThanThoseNotListedInvestmentSharesHeldForPurposesOtherThanPureInvestmentLargestHoldingCompanyAbstract" xlink:to="CarryingAmountSharesOtherThanThoseNotListedInvestmentSharesHeldForPurposesOtherThanPureInvestmentLargestHoldingCompany" order="2.0"/>
    <link:loc xlink:type="locator" xlink:href="../jpcrp_cor_2022-11-01.xsd#jpcrp_cor_NumberOfIssuesWhoseNumberOfSharesIncreasedSharesOtherThanThoseNotListedInvestmentSharesHeldForPurposesOtherThanPureInvestmentLargestHoldingCompany" xlink:label="NumberOfIssuesWhoseNumberOfSharesIncreasedSharesOtherThanThoseNotListedInvestmentSharesHeldForPurposesOtherThanPureInvestmentLargestHoldingCompany"/>
    <link:presentationArc xlink:type="arc" xlink:arcrole="http://www.xbrl.org/2003/arcrole/parent-child" xlink:from="SharesOtherThanThoseNotListedInvestmentSharesHeldForPurposesOtherThanPureInvestmentLargestHoldingCompanyAbstract" xlink:to="NumberOfIssuesWhoseNumberOfSharesIncreasedSharesOtherThanThoseNotListedInvestmentSharesHeldForPurposesOtherThanPureInvestmentLargestHoldingCompany" order="3.0"/>
    <link:loc xlink:type="locator" xlink:href="../jpcrp_cor_2022-11-01.xsd#jpcrp_cor_TotalAcquisitionCostForIncreasedSharesSharesOtherThanThoseNotListedInvestmentSharesHeldForPurposesOtherThanPureInvestmentLargestHoldingCompany" xlink:label="TotalAcquisitionCostForIncreasedSharesSharesOtherThanThoseNotListedInvestmentSharesHeldForPurposesOtherThanPureInvestmentLargestHoldingCompany"/>
    <link:presentationArc xlink:type="arc" xlink:arcrole="http://www.xbrl.org/2003/arcrole/parent-child" xlink:from="SharesOtherThanThoseNotListedInvestmentSharesHeldForPurposesOtherThanPureInvestmentLargestHoldingCompanyAbstract" xlink:to="TotalAcquisitionCostForIncreasedSharesSharesOtherThanThoseNotListedInvestmentSharesHeldForPurposesOtherThanPureInvestmentLargestHoldingCompany" order="4.0"/>
    <link:loc xlink:type="locator" xlink:href="../jpcrp_cor_2022-11-01.xsd#jpcrp_cor_ReasonForIncreaseInNumberOfSharesSharesOtherThanThoseNotListedInvestmentSharesHeldForPurposesOtherThanPureInvestmentLargestHoldingCompany" xlink:label="ReasonForIncreaseInNumberOfSharesSharesOtherThanThoseNotListedInvestmentSharesHeldForPurposesOtherThanPureInvestmentLargestHoldingCompany"/>
    <link:presentationArc xlink:type="arc" xlink:arcrole="http://www.xbrl.org/2003/arcrole/parent-child" xlink:from="SharesOtherThanThoseNotListedInvestmentSharesHeldForPurposesOtherThanPureInvestmentLargestHoldingCompanyAbstract" xlink:to="ReasonForIncreaseInNumberOfSharesSharesOtherThanThoseNotListedInvestmentSharesHeldForPurposesOtherThanPureInvestmentLargestHoldingCompany" order="5.0"/>
    <link:loc xlink:type="locator" xlink:href="../jpcrp_cor_2022-11-01.xsd#jpcrp_cor_NumberOfIssuesWhoseNumberOfSharesDecreasedSharesOtherThanThoseNotListedInvestmentSharesHeldForPurposesOtherThanPureInvestmentLargestHoldingCompany" xlink:label="NumberOfIssuesWhoseNumberOfSharesDecreasedSharesOtherThanThoseNotListedInvestmentSharesHeldForPurposesOtherThanPureInvestmentLargestHoldingCompany"/>
    <link:presentationArc xlink:type="arc" xlink:arcrole="http://www.xbrl.org/2003/arcrole/parent-child" xlink:from="SharesOtherThanThoseNotListedInvestmentSharesHeldForPurposesOtherThanPureInvestmentLargestHoldingCompanyAbstract" xlink:to="NumberOfIssuesWhoseNumberOfSharesDecreasedSharesOtherThanThoseNotListedInvestmentSharesHeldForPurposesOtherThanPureInvestmentLargestHoldingCompany" order="6.0"/>
    <link:loc xlink:type="locator" xlink:href="../jpcrp_cor_2022-11-01.xsd#jpcrp_cor_TotalSaleAmountForDecreasedSharesSharesOtherThanThoseNotListedInvestmentSharesHeldForPurposesOtherThanPureInvestmentLargestHoldingCompany" xlink:label="TotalSaleAmountForDecreasedSharesSharesOtherThanThoseNotListedInvestmentSharesHeldForPurposesOtherThanPureInvestmentLargestHoldingCompany"/>
    <link:presentationArc xlink:type="arc" xlink:arcrole="http://www.xbrl.org/2003/arcrole/parent-child" xlink:from="SharesOtherThanThoseNotListedInvestmentSharesHeldForPurposesOtherThanPureInvestmentLargestHoldingCompanyAbstract" xlink:to="TotalSaleAmountForDecreasedSharesSharesOtherThanThoseNotListedInvestmentSharesHeldForPurposesOtherThanPureInvestmentLargestHoldingCompany" order="7.0"/>
  </link:presentationLink>
</link:linkbase>
