<?xml version="1.0" encoding="UTF-8"?>
<!--  (c) Financial Services Agency, The Japanese Government.
      All Rights Reserved.
      For intellectual property policy and authorized uses of EDINET Taxonomy,
      refer to “EDINET Taxonomy Legal Statement” at http://www.fsa.go.jp/search/EDINET_Taxonomy_Legal_Statement.html
-->
<link:linkbase xmlns:link="http://www.xbrl.org/2003/linkbase" xmlns:xsi="http://www.w3.org/2001/XMLSchema-instance" xmlns:xlink="http://www.w3.org/1999/xlink" xmlns:xbrli="http://www.xbrl.org/2003/instance">
  <link:roleRef roleURI="http://disclosure.edinet-fsa.go.jp/role/jpcrp/rol_std_InformationAboutEmployees-02" xlink:type="simple" xlink:href="../jpcrp_rt_2022-11-01.xsd#rol_std_InformationAboutEmployees-02"/>
  <link:presentationLink xlink:type="extended" xlink:role="http://disclosure.edinet-fsa.go.jp/role/jpcrp/rol_std_InformationAboutEmployees-02">
    <link:loc xlink:type="locator" xlink:href="../../../jppfs/2022-11-01/jppfs_cor_2022-11-01.xsd#jppfs_cor_ConsolidatedOrNonConsolidatedAxis" xlink:label="ConsolidatedOrNonConsolidatedAxis"/>
    <link:loc xlink:type="locator" xlink:href="../../../jppfs/2022-11-01/jppfs_cor_2022-11-01.xsd#jppfs_cor_NonConsolidatedMember" xlink:label="NonConsolidatedMember"/>
    <link:presentationArc xlink:type="arc" xlink:arcrole="http://www.xbrl.org/2003/arcrole/parent-child" xlink:from="ConsolidatedOrNonConsolidatedAxis" xlink:to="NonConsolidatedMember" order="1.0"/>
    <link:loc xlink:type="locator" xlink:href="../jpcrp_cor_2022-11-01.xsd#jpcrp_cor_InformationAboutEmployeesHeading" xlink:label="InformationAboutEmployeesHeading"/>
    <link:loc xlink:type="locator" xlink:href="../jpcrp_cor_2022-11-01.xsd#jpcrp_cor_InformationAboutReportingCompanyInformationAboutEmployeesAbstract" xlink:label="InformationAboutReportingCompanyInformationAboutEmployeesAbstract"/>
    <link:presentationArc xlink:type="arc" xlink:arcrole="http://www.xbrl.org/2003/arcrole/parent-child" xlink:from="InformationAboutEmployeesHeading" xlink:to="InformationAboutReportingCompanyInformationAboutEmployeesAbstract" order="1.0"/>
    <link:loc xlink:type="locator" xlink:href="../jpcrp_cor_2022-11-01.xsd#jpcrp_cor_InformationAboutEmployeesOfReportingCompanyTable" xlink:label="InformationAboutEmployeesOfReportingCompanyTable"/>
    <link:presentationArc xlink:type="arc" xlink:arcrole="http://www.xbrl.org/2003/arcrole/parent-child" xlink:from="InformationAboutReportingCompanyInformationAboutEmployeesAbstract" xlink:to="InformationAboutEmployeesOfReportingCompanyTable" order="1.0"/>
    <link:presentationArc xlink:type="arc" xlink:arcrole="http://www.xbrl.org/2003/arcrole/parent-child" xlink:from="InformationAboutEmployeesOfReportingCompanyTable" xlink:to="ConsolidatedOrNonConsolidatedAxis" order="1.0"/>
    <link:loc xlink:type="locator" xlink:href="../jpcrp_cor_2022-11-01.xsd#jpcrp_cor_InformationAboutEmployeesOfReportingCompanyLineItems" xlink:label="InformationAboutEmployeesOfReportingCompanyLineItems"/>
    <link:presentationArc xlink:type="arc" xlink:arcrole="http://www.xbrl.org/2003/arcrole/parent-child" xlink:from="InformationAboutReportingCompanyInformationAboutEmployeesAbstract" xlink:to="InformationAboutEmployeesOfReportingCompanyLineItems" order="2.0"/>
    <link:loc xlink:type="locator" xlink:href="../jpcrp_cor_2022-11-01.xsd#jpcrp_cor_NumberOfEmployees" xlink:label="NumberOfEmployees"/>
    <link:presentationArc xlink:type="arc" xlink:arcrole="http://www.xbrl.org/2003/arcrole/parent-child" xlink:from="InformationAboutEmployeesOfReportingCompanyLineItems" xlink:to="NumberOfEmployees" order="1.0"/>
    <link:loc xlink:type="locator" xlink:href="../jpcrp_cor_2022-11-01.xsd#jpcrp_cor_AverageNumberOfTemporaryWorkers" xlink:label="AverageNumberOfTemporaryWorkers"/>
    <link:presentationArc xlink:type="arc" xlink:arcrole="http://www.xbrl.org/2003/arcrole/parent-child" xlink:from="InformationAboutEmployeesOfReportingCompanyLineItems" xlink:to="AverageNumberOfTemporaryWorkers" order="2.0"/>
    <link:loc xlink:type="locator" xlink:href="../jpcrp_cor_2022-11-01.xsd#jpcrp_cor_AverageAgeYearsInformationAboutReportingCompanyInformationAboutEmployees" xlink:label="AverageAgeYearsInformationAboutReportingCompanyInformationAboutEmployees"/>
    <link:presentationArc xlink:type="arc" xlink:arcrole="http://www.xbrl.org/2003/arcrole/parent-child" xlink:from="InformationAboutEmployeesOfReportingCompanyLineItems" xlink:to="AverageAgeYearsInformationAboutReportingCompanyInformationAboutEmployees" order="3.0"/>
    <link:loc xlink:type="locator" xlink:href="../jpcrp_cor_2022-11-01.xsd#jpcrp_cor_AverageAgeMonthsInformationAboutReportingCompanyInformationAboutEmployees" xlink:label="AverageAgeMonthsInformationAboutReportingCompanyInformationAboutEmployees"/>
    <link:presentationArc xlink:type="arc" xlink:arcrole="http://www.xbrl.org/2003/arcrole/parent-child" xlink:from="InformationAboutEmployeesOfReportingCompanyLineItems" xlink:to="AverageAgeMonthsInformationAboutReportingCompanyInformationAboutEmployees" order="4.0"/>
    <link:loc xlink:type="locator" xlink:href="../jpcrp_cor_2022-11-01.xsd#jpcrp_cor_AverageLengthOfServiceYearsInformationAboutReportingCompanyInformationAboutEmployees" xlink:label="AverageLengthOfServiceYearsInformationAboutReportingCompanyInformationAboutEmployees"/>
    <link:presentationArc xlink:type="arc" xlink:arcrole="http://www.xbrl.org/2003/arcrole/parent-child" xlink:from="InformationAboutEmployeesOfReportingCompanyLineItems" xlink:to="AverageLengthOfServiceYearsInformationAboutReportingCompanyInformationAboutEmployees" order="5.0"/>
    <link:loc xlink:type="locator" xlink:href="../jpcrp_cor_2022-11-01.xsd#jpcrp_cor_AverageLengthOfServiceMonthsInformationAboutReportingCompanyInformationAboutEmployees" xlink:label="AverageLengthOfServiceMonthsInformationAboutReportingCompanyInformationAboutEmployees"/>
    <link:presentationArc xlink:type="arc" xlink:arcrole="http://www.xbrl.org/2003/arcrole/parent-child" xlink:from="InformationAboutEmployeesOfReportingCompanyLineItems" xlink:to="AverageLengthOfServiceMonthsInformationAboutReportingCompanyInformationAboutEmployees" order="6.0"/>
    <link:loc xlink:type="locator" xlink:href="../jpcrp_cor_2022-11-01.xsd#jpcrp_cor_AverageAnnualSalaryInformationAboutReportingCompanyInformationAboutEmployees" xlink:label="AverageAnnualSalaryInformationAboutReportingCompanyInformationAboutEmployees"/>
    <link:presentationArc xlink:type="arc" xlink:arcrole="http://www.xbrl.org/2003/arcrole/parent-child" xlink:from="InformationAboutEmployeesOfReportingCompanyLineItems" xlink:to="AverageAnnualSalaryInformationAboutReportingCompanyInformationAboutEmployees" order="7.0"/>
  </link:presentationLink>
</link:linkbase>
