<?xml version="1.0" encoding="UTF-8"?>
<!--  (c) Financial Services Agency, The Japanese Government.
      All Rights Reserved.
      For intellectual property policy and authorized uses of EDINET Taxonomy,
      refer to “EDINET Taxonomy Legal Statement” at http://www.fsa.go.jp/search/EDINET_Taxonomy_Legal_Statement.html
-->
<link:linkbase xmlns:link="http://www.xbrl.org/2003/linkbase" xmlns:xsi="http://www.w3.org/2001/XMLSchema-instance" xmlns:xbrldt="http://xbrl.org/2005/xbrldt" xmlns:xlink="http://www.w3.org/1999/xlink" xmlns:xbrli="http://www.xbrl.org/2003/instance">
  <link:roleRef roleURI="http://disclosure.edinet-fsa.go.jp/role/jpcrp/rol_std_Shareholdings-18" xlink:type="simple" xlink:href="../jpcrp_rt_2022-11-01.xsd#rol_std_Shareholdings-18"/>
  <link:arcroleRef arcroleURI="http://xbrl.org/int/dim/arcrole/all" xlink:type="simple" xlink:href="http://www.xbrl.org/2005/xbrldt-2005.xsd#all"/>
  <link:arcroleRef arcroleURI="http://xbrl.org/int/dim/arcrole/dimension-domain" xlink:type="simple" xlink:href="http://www.xbrl.org/2005/xbrldt-2005.xsd#dimension-domain"/>
  <link:arcroleRef arcroleURI="http://xbrl.org/int/dim/arcrole/domain-member" xlink:type="simple" xlink:href="http://www.xbrl.org/2005/xbrldt-2005.xsd#domain-member"/>
  <link:arcroleRef arcroleURI="http://xbrl.org/int/dim/arcrole/hypercube-dimension" xlink:type="simple" xlink:href="http://www.xbrl.org/2005/xbrldt-2005.xsd#hypercube-dimension"/>
  <link:definitionLink xlink:type="extended" xlink:role="http://disclosure.edinet-fsa.go.jp/role/jpcrp/rol_std_Shareholdings-18">
    <link:loc xlink:type="locator" xlink:href="../jpcrp_cor_2022-11-01.xsd#jpcrp_cor_SequentialNumbersAxis" xlink:label="SequentialNumbersAxis"/>
    <link:loc xlink:type="locator" xlink:href="../jpcrp_cor_2022-11-01.xsd#jpcrp_cor_Row1Member" xlink:label="Row1Member"/>
    <link:definitionArc xlink:type="arc" xlink:arcrole="http://xbrl.org/int/dim/arcrole/dimension-domain" xlink:from="SequentialNumbersAxis" xlink:to="Row1Member" order="1.0"/>
    <link:loc xlink:type="locator" xlink:href="../jpcrp_cor_2022-11-01.xsd#jpcrp_cor_Row2Member" xlink:label="Row2Member"/>
    <link:definitionArc xlink:type="arc" xlink:arcrole="http://xbrl.org/int/dim/arcrole/dimension-domain" xlink:from="SequentialNumbersAxis" xlink:to="Row2Member" order="2.0"/>
    <link:loc xlink:type="locator" xlink:href="../jpcrp_cor_2022-11-01.xsd#jpcrp_cor_Row3Member" xlink:label="Row3Member"/>
    <link:definitionArc xlink:type="arc" xlink:arcrole="http://xbrl.org/int/dim/arcrole/dimension-domain" xlink:from="SequentialNumbersAxis" xlink:to="Row3Member" order="3.0"/>
    <link:loc xlink:type="locator" xlink:href="../jpcrp_cor_2022-11-01.xsd#jpcrp_cor_ShareholdingsHeading" xlink:label="ShareholdingsHeading"/>
    <link:loc xlink:type="locator" xlink:href="../jpcrp_cor_2022-11-01.xsd#jpcrp_cor_GroupCompanyHoldingSecondLargestAmountOfInvestmentEquitySecuritiesInGroupEquitySecuritiesHeldAbstract" xlink:label="GroupCompanyHoldingSecondLargestAmountOfInvestmentEquitySecuritiesInGroupEquitySecuritiesHeldAbstract"/>
    <link:definitionArc xlink:type="arc" xlink:arcrole="http://xbrl.org/int/dim/arcrole/domain-member" xlink:from="ShareholdingsHeading" xlink:to="GroupCompanyHoldingSecondLargestAmountOfInvestmentEquitySecuritiesInGroupEquitySecuritiesHeldAbstract" order="1.0"/>
    <link:loc xlink:type="locator" xlink:href="../jpcrp_cor_2022-11-01.xsd#jpcrp_cor_InvestmentEquitySecuritiesReclassifiedFromHeldForPurposesOtherThanPureInvestmentToHeldForPureInvestmentSecondLargestHoldingCompanyTable" xlink:label="InvestmentEquitySecuritiesReclassifiedFromHeldForPurposesOtherThanPureInvestmentToHeldForPureInvestmentSecondLargestHoldingCompanyTable"/>
    <link:definitionArc xlink:type="arc" xlink:arcrole="http://xbrl.org/int/dim/arcrole/all" xlink:from="GroupCompanyHoldingSecondLargestAmountOfInvestmentEquitySecuritiesInGroupEquitySecuritiesHeldAbstract" xlink:to="InvestmentEquitySecuritiesReclassifiedFromHeldForPurposesOtherThanPureInvestmentToHeldForPureInvestmentSecondLargestHoldingCompanyTable" order="1.0" xbrldt:contextElement="scenario" xbrldt:closed="true"/>
    <link:definitionArc xlink:type="arc" xlink:arcrole="http://xbrl.org/int/dim/arcrole/hypercube-dimension" xlink:from="InvestmentEquitySecuritiesReclassifiedFromHeldForPurposesOtherThanPureInvestmentToHeldForPureInvestmentSecondLargestHoldingCompanyTable" xlink:to="SequentialNumbersAxis" order="1.0"/>
    <link:loc xlink:type="locator" xlink:href="../jpcrp_cor_2022-11-01.xsd#jpcrp_cor_InvestmentEquitySecuritiesReclassifiedFromHeldForPurposesOtherThanPureInvestmentToHeldForPureInvestmentSecondLargestHoldingCompanyLineItems" xlink:label="InvestmentEquitySecuritiesReclassifiedFromHeldForPurposesOtherThanPureInvestmentToHeldForPureInvestmentSecondLargestHoldingCompanyLineItems"/>
    <link:definitionArc xlink:type="arc" xlink:arcrole="http://xbrl.org/int/dim/arcrole/domain-member" xlink:from="GroupCompanyHoldingSecondLargestAmountOfInvestmentEquitySecuritiesInGroupEquitySecuritiesHeldAbstract" xlink:to="InvestmentEquitySecuritiesReclassifiedFromHeldForPurposesOtherThanPureInvestmentToHeldForPureInvestmentSecondLargestHoldingCompanyLineItems" order="1.0"/>
    <link:loc xlink:type="locator" xlink:href="../jpcrp_cor_2022-11-01.xsd#jpcrp_cor_NameOfSecuritiesInvestmentEquitySecuritiesReclassifiedFromHeldForPurposesOtherThanPureInvestmentToHeldForPureInvestmentSecondLargestHoldingCompany" xlink:label="NameOfSecuritiesInvestmentEquitySecuritiesReclassifiedFromHeldForPurposesOtherThanPureInvestmentToHeldForPureInvestmentSecondLargestHoldingCompany"/>
    <link:definitionArc xlink:type="arc" xlink:arcrole="http://xbrl.org/int/dim/arcrole/domain-member" xlink:from="InvestmentEquitySecuritiesReclassifiedFromHeldForPurposesOtherThanPureInvestmentToHeldForPureInvestmentSecondLargestHoldingCompanyLineItems" xlink:to="NameOfSecuritiesInvestmentEquitySecuritiesReclassifiedFromHeldForPurposesOtherThanPureInvestmentToHeldForPureInvestmentSecondLargestHoldingCompany" order="1.0"/>
    <link:loc xlink:type="locator" xlink:href="../jpcrp_cor_2022-11-01.xsd#jpcrp_cor_NumberOfSharesHeldInvestmentEquitySecuritiesReclassifiedFromHeldForPurposesOtherThanPureInvestmentToHeldForPureInvestmentSecondLargestHoldingCompany" xlink:label="NumberOfSharesHeldInvestmentEquitySecuritiesReclassifiedFromHeldForPurposesOtherThanPureInvestmentToHeldForPureInvestmentSecondLargestHoldingCompany"/>
    <link:definitionArc xlink:type="arc" xlink:arcrole="http://xbrl.org/int/dim/arcrole/domain-member" xlink:from="InvestmentEquitySecuritiesReclassifiedFromHeldForPurposesOtherThanPureInvestmentToHeldForPureInvestmentSecondLargestHoldingCompanyLineItems" xlink:to="NumberOfSharesHeldInvestmentEquitySecuritiesReclassifiedFromHeldForPurposesOtherThanPureInvestmentToHeldForPureInvestmentSecondLargestHoldingCompany" order="2.0"/>
    <link:loc xlink:type="locator" xlink:href="../jpcrp_cor_2022-11-01.xsd#jpcrp_cor_BookValueInvestmentEquitySecuritiesReclassifiedFromHeldForPurposesOtherThanPureInvestmentToHeldForPureInvestmentSecondLargestHoldingCompany" xlink:label="BookValueInvestmentEquitySecuritiesReclassifiedFromHeldForPurposesOtherThanPureInvestmentToHeldForPureInvestmentSecondLargestHoldingCompany"/>
    <link:definitionArc xlink:type="arc" xlink:arcrole="http://xbrl.org/int/dim/arcrole/domain-member" xlink:from="InvestmentEquitySecuritiesReclassifiedFromHeldForPurposesOtherThanPureInvestmentToHeldForPureInvestmentSecondLargestHoldingCompanyLineItems" xlink:to="BookValueInvestmentEquitySecuritiesReclassifiedFromHeldForPurposesOtherThanPureInvestmentToHeldForPureInvestmentSecondLargestHoldingCompany" order="3.0"/>
  </link:definitionLink>
</link:linkbase>
