<?xml version="1.0" encoding="UTF-8"?>
<!--  (c) Financial Services Agency, The Japanese Government.
      All Rights Reserved.
      For intellectual property policy and authorized uses of EDINET Taxonomy,
      refer to “EDINET Taxonomy Legal Statement” at http://www.fsa.go.jp/search/EDINET_Taxonomy_Legal_Statement.html
-->
<link:linkbase xmlns:link="http://www.xbrl.org/2003/linkbase" xmlns:xsi="http://www.w3.org/2001/XMLSchema-instance" xmlns:xlink="http://www.w3.org/1999/xlink" xmlns:xbrli="http://www.xbrl.org/2003/instance">
  <link:roleRef roleURI="http://disclosure.edinet-fsa.go.jp/role/jpcrp/rol_std_CabinetOfficeOrdinanceOnDisclosureOfCorporateInformationEtcFormNo12ShelfRegistrationSupplements" xlink:type="simple" xlink:href="../jpcrp_rt_2017-02-28.xsd#rol_std_CabinetOfficeOrdinanceOnDisclosureOfCorporateInformationEtcFormNo12ShelfRegistrationSupplements"/>
  <link:presentationLink xlink:type="extended" xlink:role="http://disclosure.edinet-fsa.go.jp/role/jpcrp/rol_std_CabinetOfficeOrdinanceOnDisclosureOfCorporateInformationEtcFormNo12ShelfRegistrationSupplements">
    <link:loc xlink:type="locator" xlink:href="../jpcrp_cor_2017-02-28.xsd#jpcrp_cor_SecurityInformationHeading" xlink:label="SecurityInformationHeading"/>
    <link:loc xlink:type="locator" xlink:href="../jpcrp_cor_2017-02-28.xsd#jpcrp_cor_SpecialDisclosureAboutPublicOfferingOrSecondaryDistributionHeading" xlink:label="SpecialDisclosureAboutPublicOfferingOrSecondaryDistributionHeading"/>
    <link:presentationArc xlink:type="arc" xlink:arcrole="http://www.xbrl.org/2003/arcrole/parent-child" xlink:from="SecurityInformationHeading" xlink:to="SpecialDisclosureAboutPublicOfferingOrSecondaryDistributionHeading" order="3.0"/>
    <link:loc xlink:type="locator" xlink:href="../jpcrp_cor_2017-02-28.xsd#jpcrp_cor_SpecialDisclosureAboutPublicOfferingOrSecondaryDistributionTextBlock" xlink:label="SpecialDisclosureAboutPublicOfferingOrSecondaryDistributionTextBlock"/>
    <link:presentationArc xlink:type="arc" xlink:arcrole="http://www.xbrl.org/2003/arcrole/parent-child" xlink:from="SpecialDisclosureAboutPublicOfferingOrSecondaryDistributionHeading" xlink:to="SpecialDisclosureAboutPublicOfferingOrSecondaryDistributionTextBlock" order="1.0"/>
    <link:loc xlink:type="locator" xlink:href="../jpcrp_cor_2017-02-28.xsd#jpcrp_cor_InformationSpecificToThirdPartyAllotmentHeading" xlink:label="InformationSpecificToThirdPartyAllotmentHeading"/>
    <link:presentationArc xlink:type="arc" xlink:arcrole="http://www.xbrl.org/2003/arcrole/parent-child" xlink:from="SecurityInformationHeading" xlink:to="InformationSpecificToThirdPartyAllotmentHeading" order="4.0"/>
    <link:loc xlink:type="locator" xlink:href="../jpcrp_cor_2017-02-28.xsd#jpcrp_cor_InformationSpecificToThirdPartyAllotmentNATextBlock" xlink:label="InformationSpecificToThirdPartyAllotmentNATextBlock"/>
    <link:presentationArc xlink:type="arc" xlink:arcrole="http://www.xbrl.org/2003/arcrole/parent-child" xlink:from="InformationSpecificToThirdPartyAllotmentHeading" xlink:to="InformationSpecificToThirdPartyAllotmentNATextBlock" order="1.0"/>
    <link:loc xlink:type="locator" xlink:href="../jpcrp_cor_2017-02-28.xsd#jpcrp_cor_InformationAboutPartiesToBeAllottedToHeading" xlink:label="InformationAboutPartiesToBeAllottedToHeading"/>
    <link:presentationArc xlink:type="arc" xlink:arcrole="http://www.xbrl.org/2003/arcrole/parent-child" xlink:from="InformationSpecificToThirdPartyAllotmentHeading" xlink:to="InformationAboutPartiesToBeAllottedToHeading" order="2.0"/>
    <link:loc xlink:type="locator" xlink:href="../jpcrp_cor_2017-02-28.xsd#jpcrp_cor_InformationAboutPartiesToBeAllottedToTextBlock" xlink:label="InformationAboutPartiesToBeAllottedToTextBlock"/>
    <link:presentationArc xlink:type="arc" xlink:arcrole="http://www.xbrl.org/2003/arcrole/parent-child" xlink:from="InformationAboutPartiesToBeAllottedToHeading" xlink:to="InformationAboutPartiesToBeAllottedToTextBlock" order="1.0"/>
    <link:loc xlink:type="locator" xlink:href="../jpcrp_cor_2017-02-28.xsd#jpcrp_cor_RestrictionOnTransferOfSharesEtcHeading" xlink:label="RestrictionOnTransferOfSharesEtcHeading"/>
    <link:presentationArc xlink:type="arc" xlink:arcrole="http://www.xbrl.org/2003/arcrole/parent-child" xlink:from="InformationSpecificToThirdPartyAllotmentHeading" xlink:to="RestrictionOnTransferOfSharesEtcHeading" order="3.0"/>
    <link:loc xlink:type="locator" xlink:href="../jpcrp_cor_2017-02-28.xsd#jpcrp_cor_RestrictionOnTransferOfSharesEtcTextBlock" xlink:label="RestrictionOnTransferOfSharesEtcTextBlock"/>
    <link:presentationArc xlink:type="arc" xlink:arcrole="http://www.xbrl.org/2003/arcrole/parent-child" xlink:from="RestrictionOnTransferOfSharesEtcHeading" xlink:to="RestrictionOnTransferOfSharesEtcTextBlock" order="1.0"/>
    <link:loc xlink:type="locator" xlink:href="../jpcrp_cor_2017-02-28.xsd#jpcrp_cor_InformationAboutTermsOfIssuanceHeading" xlink:label="InformationAboutTermsOfIssuanceHeading"/>
    <link:presentationArc xlink:type="arc" xlink:arcrole="http://www.xbrl.org/2003/arcrole/parent-child" xlink:from="InformationSpecificToThirdPartyAllotmentHeading" xlink:to="InformationAboutTermsOfIssuanceHeading" order="4.0"/>
    <link:loc xlink:type="locator" xlink:href="../jpcrp_cor_2017-02-28.xsd#jpcrp_cor_InformationAboutTermsOfIssuanceTextBlock" xlink:label="InformationAboutTermsOfIssuanceTextBlock"/>
    <link:presentationArc xlink:type="arc" xlink:arcrole="http://www.xbrl.org/2003/arcrole/parent-child" xlink:from="InformationAboutTermsOfIssuanceHeading" xlink:to="InformationAboutTermsOfIssuanceTextBlock" order="1.0"/>
    <link:loc xlink:type="locator" xlink:href="../jpcrp_cor_2017-02-28.xsd#jpcrp_cor_InformationAboutLargeVolumeThirdPartyAllotmentHeading" xlink:label="InformationAboutLargeVolumeThirdPartyAllotmentHeading"/>
    <link:presentationArc xlink:type="arc" xlink:arcrole="http://www.xbrl.org/2003/arcrole/parent-child" xlink:from="InformationSpecificToThirdPartyAllotmentHeading" xlink:to="InformationAboutLargeVolumeThirdPartyAllotmentHeading" order="5.0"/>
    <link:loc xlink:type="locator" xlink:href="../jpcrp_cor_2017-02-28.xsd#jpcrp_cor_InformationAboutLargeVolumeThirdPartyAllotmentTextBlock" xlink:label="InformationAboutLargeVolumeThirdPartyAllotmentTextBlock"/>
    <link:presentationArc xlink:type="arc" xlink:arcrole="http://www.xbrl.org/2003/arcrole/parent-child" xlink:from="InformationAboutLargeVolumeThirdPartyAllotmentHeading" xlink:to="InformationAboutLargeVolumeThirdPartyAllotmentTextBlock" order="1.0"/>
    <link:loc xlink:type="locator" xlink:href="../jpcrp_cor_2017-02-28.xsd#jpcrp_cor_MajorShareholdersAfterThirdPartyAllotmentHeading" xlink:label="MajorShareholdersAfterThirdPartyAllotmentHeading"/>
    <link:presentationArc xlink:type="arc" xlink:arcrole="http://www.xbrl.org/2003/arcrole/parent-child" xlink:from="InformationSpecificToThirdPartyAllotmentHeading" xlink:to="MajorShareholdersAfterThirdPartyAllotmentHeading" order="6.0"/>
    <link:loc xlink:type="locator" xlink:href="../jpcrp_cor_2017-02-28.xsd#jpcrp_cor_MajorShareholdersAfterThirdPartyAllotmentTextBlock" xlink:label="MajorShareholdersAfterThirdPartyAllotmentTextBlock"/>
    <link:presentationArc xlink:type="arc" xlink:arcrole="http://www.xbrl.org/2003/arcrole/parent-child" xlink:from="MajorShareholdersAfterThirdPartyAllotmentHeading" xlink:to="MajorShareholdersAfterThirdPartyAllotmentTextBlock" order="1.0"/>
    <link:loc xlink:type="locator" xlink:href="../jpcrp_cor_2017-02-28.xsd#jpcrp_cor_NecessityOfLargeVolumeThirdPartyAllotmentHeading" xlink:label="NecessityOfLargeVolumeThirdPartyAllotmentHeading"/>
    <link:presentationArc xlink:type="arc" xlink:arcrole="http://www.xbrl.org/2003/arcrole/parent-child" xlink:from="InformationSpecificToThirdPartyAllotmentHeading" xlink:to="NecessityOfLargeVolumeThirdPartyAllotmentHeading" order="7.0"/>
    <link:loc xlink:type="locator" xlink:href="../jpcrp_cor_2017-02-28.xsd#jpcrp_cor_NecessityOfLargeVolumeThirdPartyAllotmentTextBlock" xlink:label="NecessityOfLargeVolumeThirdPartyAllotmentTextBlock"/>
    <link:presentationArc xlink:type="arc" xlink:arcrole="http://www.xbrl.org/2003/arcrole/parent-child" xlink:from="NecessityOfLargeVolumeThirdPartyAllotmentHeading" xlink:to="NecessityOfLargeVolumeThirdPartyAllotmentTextBlock" order="1.0"/>
    <link:loc xlink:type="locator" xlink:href="../jpcrp_cor_2017-02-28.xsd#jpcrp_cor_ParticularsOfReverseSplitEtcIfApplicableHeading" xlink:label="ParticularsOfReverseSplitEtcIfApplicableHeading"/>
    <link:presentationArc xlink:type="arc" xlink:arcrole="http://www.xbrl.org/2003/arcrole/parent-child" xlink:from="InformationSpecificToThirdPartyAllotmentHeading" xlink:to="ParticularsOfReverseSplitEtcIfApplicableHeading" order="8.0"/>
    <link:loc xlink:type="locator" xlink:href="../jpcrp_cor_2017-02-28.xsd#jpcrp_cor_ParticularsOfReverseSplitEtcIfApplicableTextBlock" xlink:label="ParticularsOfReverseSplitEtcIfApplicableTextBlock"/>
    <link:presentationArc xlink:type="arc" xlink:arcrole="http://www.xbrl.org/2003/arcrole/parent-child" xlink:from="ParticularsOfReverseSplitEtcIfApplicableHeading" xlink:to="ParticularsOfReverseSplitEtcIfApplicableTextBlock" order="1.0"/>
    <link:loc xlink:type="locator" xlink:href="../jpcrp_cor_2017-02-28.xsd#jpcrp_cor_OtherRelevantInformationHeading" xlink:label="OtherRelevantInformationHeading"/>
    <link:presentationArc xlink:type="arc" xlink:arcrole="http://www.xbrl.org/2003/arcrole/parent-child" xlink:from="InformationSpecificToThirdPartyAllotmentHeading" xlink:to="OtherRelevantInformationHeading" order="9.0"/>
    <link:loc xlink:type="locator" xlink:href="../jpcrp_cor_2017-02-28.xsd#jpcrp_cor_OtherRelevantInformationTextBlock" xlink:label="OtherRelevantInformationTextBlock"/>
    <link:presentationArc xlink:type="arc" xlink:arcrole="http://www.xbrl.org/2003/arcrole/parent-child" xlink:from="OtherRelevantInformationHeading" xlink:to="OtherRelevantInformationTextBlock" order="1.0"/>
    <link:loc xlink:type="locator" xlink:href="../jpcrp_cor_2017-02-28.xsd#jpcrp_cor_ParticularsOfPublicOfferingHeading" xlink:label="ParticularsOfPublicOfferingHeading"/>
    <link:presentationArc xlink:type="arc" xlink:arcrole="http://www.xbrl.org/2003/arcrole/parent-child" xlink:from="SecurityInformationHeading" xlink:to="ParticularsOfPublicOfferingHeading" order="1.0"/>
    <link:loc xlink:type="locator" xlink:href="../jpcrp_cor_2017-02-28.xsd#jpcrp_cor_MethodOfPublicOfferingHeading" xlink:label="MethodOfPublicOfferingHeading"/>
    <link:loc xlink:type="locator" xlink:href="../jpcrp_cor_2017-02-28.xsd#jpcrp_cor_MethodOfPublicOfferingTextBlock" xlink:label="MethodOfPublicOfferingTextBlock"/>
    <link:presentationArc xlink:type="arc" xlink:arcrole="http://www.xbrl.org/2003/arcrole/parent-child" xlink:from="MethodOfPublicOfferingHeading" xlink:to="MethodOfPublicOfferingTextBlock" order="1.0"/>
    <link:loc xlink:type="locator" xlink:href="../jpcrp_cor_2017-02-28.xsd#jpcrp_cor_TermsOfPublicOfferingNewIssuanceOfSharesHeading" xlink:label="TermsOfPublicOfferingNewIssuanceOfSharesHeading"/>
    <link:loc xlink:type="locator" xlink:href="../jpcrp_cor_2017-02-28.xsd#jpcrp_cor_TermsOfPublicOfferingNewIssuanceOfSharesTextBlock" xlink:label="TermsOfPublicOfferingNewIssuanceOfSharesTextBlock"/>
    <link:presentationArc xlink:type="arc" xlink:arcrole="http://www.xbrl.org/2003/arcrole/parent-child" xlink:from="TermsOfPublicOfferingNewIssuanceOfSharesHeading" xlink:to="TermsOfPublicOfferingNewIssuanceOfSharesTextBlock" order="1.0"/>
    <link:loc xlink:type="locator" xlink:href="../jpcrp_cor_2017-02-28.xsd#jpcrp_cor_NewIssuanceOfSharesHeading" xlink:label="NewIssuanceOfSharesHeading"/>
    <link:presentationArc xlink:type="arc" xlink:arcrole="http://www.xbrl.org/2003/arcrole/parent-child" xlink:from="ParticularsOfPublicOfferingHeading" xlink:to="NewIssuanceOfSharesHeading" order="1.0"/>
    <link:loc xlink:type="locator" xlink:href="../jpcrp_cor_2017-02-28.xsd#jpcrp_cor_NewIssuanceOfSharesTextBlock" xlink:label="NewIssuanceOfSharesTextBlock"/>
    <link:presentationArc xlink:type="arc" xlink:arcrole="http://www.xbrl.org/2003/arcrole/parent-child" xlink:from="NewIssuanceOfSharesHeading" xlink:to="NewIssuanceOfSharesTextBlock" order="1.0"/>
    <link:loc xlink:type="locator" xlink:href="../jpcrp_cor_2017-02-28.xsd#jpcrp_cor_MethodAndTermsOfShareOfferingHeading" xlink:label="MethodAndTermsOfShareOfferingHeading"/>
    <link:presentationArc xlink:type="arc" xlink:arcrole="http://www.xbrl.org/2003/arcrole/parent-child" xlink:from="ParticularsOfPublicOfferingHeading" xlink:to="MethodAndTermsOfShareOfferingHeading" order="2.0"/>
    <link:loc xlink:type="locator" xlink:href="../jpcrp_cor_2017-02-28.xsd#jpcrp_cor_CommentsAtBeginningAboutMethodAndTermsOfShareOfferingTextBlock" xlink:label="CommentsAtBeginningAboutMethodAndTermsOfShareOfferingTextBlock"/>
    <link:presentationArc xlink:type="arc" xlink:arcrole="http://www.xbrl.org/2003/arcrole/parent-child" xlink:from="MethodAndTermsOfShareOfferingHeading" xlink:to="CommentsAtBeginningAboutMethodAndTermsOfShareOfferingTextBlock" order="1.0"/>
    <link:presentationArc xlink:type="arc" xlink:arcrole="http://www.xbrl.org/2003/arcrole/parent-child" xlink:from="MethodAndTermsOfShareOfferingHeading" xlink:to="MethodOfPublicOfferingHeading" order="2.0"/>
    <link:presentationArc xlink:type="arc" xlink:arcrole="http://www.xbrl.org/2003/arcrole/parent-child" xlink:from="MethodAndTermsOfShareOfferingHeading" xlink:to="TermsOfPublicOfferingNewIssuanceOfSharesHeading" order="3.0"/>
    <link:loc xlink:type="locator" xlink:href="../jpcrp_cor_2017-02-28.xsd#jpcrp_cor_PlaceForApplicationHeading" xlink:label="PlaceForApplicationHeading"/>
    <link:presentationArc xlink:type="arc" xlink:arcrole="http://www.xbrl.org/2003/arcrole/parent-child" xlink:from="MethodAndTermsOfShareOfferingHeading" xlink:to="PlaceForApplicationHeading" order="4.0"/>
    <link:loc xlink:type="locator" xlink:href="../jpcrp_cor_2017-02-28.xsd#jpcrp_cor_PlaceForApplicationTextBlock" xlink:label="PlaceForApplicationTextBlock"/>
    <link:presentationArc xlink:type="arc" xlink:arcrole="http://www.xbrl.org/2003/arcrole/parent-child" xlink:from="PlaceForApplicationHeading" xlink:to="PlaceForApplicationTextBlock" order="1.0"/>
    <link:loc xlink:type="locator" xlink:href="../jpcrp_cor_2017-02-28.xsd#jpcrp_cor_PlaceForPaymentHeading" xlink:label="PlaceForPaymentHeading"/>
    <link:presentationArc xlink:type="arc" xlink:arcrole="http://www.xbrl.org/2003/arcrole/parent-child" xlink:from="MethodAndTermsOfShareOfferingHeading" xlink:to="PlaceForPaymentHeading" order="5.0"/>
    <link:loc xlink:type="locator" xlink:href="../jpcrp_cor_2017-02-28.xsd#jpcrp_cor_PlaceForPaymentTextBlock" xlink:label="PlaceForPaymentTextBlock"/>
    <link:presentationArc xlink:type="arc" xlink:arcrole="http://www.xbrl.org/2003/arcrole/parent-child" xlink:from="PlaceForPaymentHeading" xlink:to="PlaceForPaymentTextBlock" order="1.0"/>
    <link:loc xlink:type="locator" xlink:href="../jpcrp_cor_2017-02-28.xsd#jpcrp_cor_UnderwritingOfSharesHeading" xlink:label="UnderwritingOfSharesHeading"/>
    <link:presentationArc xlink:type="arc" xlink:arcrole="http://www.xbrl.org/2003/arcrole/parent-child" xlink:from="ParticularsOfPublicOfferingHeading" xlink:to="UnderwritingOfSharesHeading" order="3.0"/>
    <link:loc xlink:type="locator" xlink:href="../jpcrp_cor_2017-02-28.xsd#jpcrp_cor_UnderwritingOfSharesTextBlock" xlink:label="UnderwritingOfSharesTextBlock"/>
    <link:presentationArc xlink:type="arc" xlink:arcrole="http://www.xbrl.org/2003/arcrole/parent-child" xlink:from="UnderwritingOfSharesHeading" xlink:to="UnderwritingOfSharesTextBlock" order="1.0"/>
    <link:loc xlink:type="locator" xlink:href="../jpcrp_cor_2017-02-28.xsd#jpcrp_cor_UnderwritingOfSharesNATextBlock" xlink:label="UnderwritingOfSharesNATextBlock"/>
    <link:presentationArc xlink:type="arc" xlink:arcrole="http://www.xbrl.org/2003/arcrole/parent-child" xlink:from="UnderwritingOfSharesHeading" xlink:to="UnderwritingOfSharesNATextBlock" order="2.0"/>
    <link:loc xlink:type="locator" xlink:href="../jpcrp_cor_2017-02-28.xsd#jpcrp_cor_NewIssuanceOfNewShareSubscriptionRightsHeading" xlink:label="NewIssuanceOfNewShareSubscriptionRightsHeading"/>
    <link:presentationArc xlink:type="arc" xlink:arcrole="http://www.xbrl.org/2003/arcrole/parent-child" xlink:from="ParticularsOfPublicOfferingHeading" xlink:to="NewIssuanceOfNewShareSubscriptionRightsHeading" order="4.0"/>
    <link:loc xlink:type="locator" xlink:href="../jpcrp_cor_2017-02-28.xsd#jpcrp_cor_TermsOfPublicOfferingNewIssuanceOfNewShareSubscriptionRightsHeading" xlink:label="TermsOfPublicOfferingNewIssuanceOfNewShareSubscriptionRightsHeading"/>
    <link:presentationArc xlink:type="arc" xlink:arcrole="http://www.xbrl.org/2003/arcrole/parent-child" xlink:from="NewIssuanceOfNewShareSubscriptionRightsHeading" xlink:to="TermsOfPublicOfferingNewIssuanceOfNewShareSubscriptionRightsHeading" order="1.0"/>
    <link:loc xlink:type="locator" xlink:href="../jpcrp_cor_2017-02-28.xsd#jpcrp_cor_TermsOfPublicOfferingNewIssuanceOfNewShareSubscriptionRightsTextBlock" xlink:label="TermsOfPublicOfferingNewIssuanceOfNewShareSubscriptionRightsTextBlock"/>
    <link:presentationArc xlink:type="arc" xlink:arcrole="http://www.xbrl.org/2003/arcrole/parent-child" xlink:from="TermsOfPublicOfferingNewIssuanceOfNewShareSubscriptionRightsHeading" xlink:to="TermsOfPublicOfferingNewIssuanceOfNewShareSubscriptionRightsTextBlock" order="1.0"/>
    <link:loc xlink:type="locator" xlink:href="../jpcrp_cor_2017-02-28.xsd#jpcrp_cor_ParticularsOfNewShareSubscriptionRightsHeading" xlink:label="ParticularsOfNewShareSubscriptionRightsHeading"/>
    <link:presentationArc xlink:type="arc" xlink:arcrole="http://www.xbrl.org/2003/arcrole/parent-child" xlink:from="NewIssuanceOfNewShareSubscriptionRightsHeading" xlink:to="ParticularsOfNewShareSubscriptionRightsHeading" order="2.0"/>
    <link:loc xlink:type="locator" xlink:href="../jpcrp_cor_2017-02-28.xsd#jpcrp_cor_ParticularsOfNewShareSubscriptionRightsTextBlock" xlink:label="ParticularsOfNewShareSubscriptionRightsTextBlock"/>
    <link:presentationArc xlink:type="arc" xlink:arcrole="http://www.xbrl.org/2003/arcrole/parent-child" xlink:from="ParticularsOfNewShareSubscriptionRightsHeading" xlink:to="ParticularsOfNewShareSubscriptionRightsTextBlock" order="1.0"/>
    <link:loc xlink:type="locator" xlink:href="../jpcrp_cor_2017-02-28.xsd#jpcrp_cor_UnderwritingOfNewShareSubscriptionRightsHeading" xlink:label="UnderwritingOfNewShareSubscriptionRightsHeading"/>
    <link:presentationArc xlink:type="arc" xlink:arcrole="http://www.xbrl.org/2003/arcrole/parent-child" xlink:from="NewIssuanceOfNewShareSubscriptionRightsHeading" xlink:to="UnderwritingOfNewShareSubscriptionRightsHeading" order="3.0"/>
    <link:loc xlink:type="locator" xlink:href="../jpcrp_cor_2017-02-28.xsd#jpcrp_cor_UnderwritingOfNewShareSubscriptionRightsTextBlock" xlink:label="UnderwritingOfNewShareSubscriptionRightsTextBlock"/>
    <link:presentationArc xlink:type="arc" xlink:arcrole="http://www.xbrl.org/2003/arcrole/parent-child" xlink:from="UnderwritingOfNewShareSubscriptionRightsHeading" xlink:to="UnderwritingOfNewShareSubscriptionRightsTextBlock" order="1.0"/>
    <link:loc xlink:type="locator" xlink:href="../jpcrp_cor_2017-02-28.xsd#jpcrp_cor_UnderwritingOfNewShareSubscriptionRightsNATextBlock" xlink:label="UnderwritingOfNewShareSubscriptionRightsNATextBlock"/>
    <link:presentationArc xlink:type="arc" xlink:arcrole="http://www.xbrl.org/2003/arcrole/parent-child" xlink:from="UnderwritingOfNewShareSubscriptionRightsHeading" xlink:to="UnderwritingOfNewShareSubscriptionRightsNATextBlock" order="2.0"/>
    <link:loc xlink:type="locator" xlink:href="../jpcrp_cor_2017-02-28.xsd#jpcrp_cor_NewIssuanceOfCorporateBondsOtherThanShortTermBondsHeading" xlink:label="NewIssuanceOfCorporateBondsOtherThanShortTermBondsHeading"/>
    <link:presentationArc xlink:type="arc" xlink:arcrole="http://www.xbrl.org/2003/arcrole/parent-child" xlink:from="ParticularsOfPublicOfferingHeading" xlink:to="NewIssuanceOfCorporateBondsOtherThanShortTermBondsHeading" order="5.0"/>
    <link:loc xlink:type="locator" xlink:href="../jpcrp_cor_2017-02-28.xsd#jpcrp_cor_NewIssuanceOfCorporateBondsOtherThanShortTermBondsTextBlock" xlink:label="NewIssuanceOfCorporateBondsOtherThanShortTermBondsTextBlock"/>
    <link:presentationArc xlink:type="arc" xlink:arcrole="http://www.xbrl.org/2003/arcrole/parent-child" xlink:from="NewIssuanceOfCorporateBondsOtherThanShortTermBondsHeading" xlink:to="NewIssuanceOfCorporateBondsOtherThanShortTermBondsTextBlock" order="1.0"/>
    <link:loc xlink:type="locator" xlink:href="../jpcrp_cor_2017-02-28.xsd#jpcrp_cor_UnderwritingOfBondsAndAppointmentOfBondAdministratorHeading" xlink:label="UnderwritingOfBondsAndAppointmentOfBondAdministratorHeading"/>
    <link:presentationArc xlink:type="arc" xlink:arcrole="http://www.xbrl.org/2003/arcrole/parent-child" xlink:from="ParticularsOfPublicOfferingHeading" xlink:to="UnderwritingOfBondsAndAppointmentOfBondAdministratorHeading" order="6.0"/>
    <link:loc xlink:type="locator" xlink:href="../jpcrp_cor_2017-02-28.xsd#jpcrp_cor_UnderwritingOfBondsHeading" xlink:label="UnderwritingOfBondsHeading"/>
    <link:presentationArc xlink:type="arc" xlink:arcrole="http://www.xbrl.org/2003/arcrole/parent-child" xlink:from="UnderwritingOfBondsAndAppointmentOfBondAdministratorHeading" xlink:to="UnderwritingOfBondsHeading" order="1.0"/>
    <link:loc xlink:type="locator" xlink:href="../jpcrp_cor_2017-02-28.xsd#jpcrp_cor_UnderwritingOfBondsTextBlock" xlink:label="UnderwritingOfBondsTextBlock"/>
    <link:presentationArc xlink:type="arc" xlink:arcrole="http://www.xbrl.org/2003/arcrole/parent-child" xlink:from="UnderwritingOfBondsHeading" xlink:to="UnderwritingOfBondsTextBlock" order="1.0"/>
    <link:loc xlink:type="locator" xlink:href="../jpcrp_cor_2017-02-28.xsd#jpcrp_cor_AppointmentOfBondAdministratorHeading" xlink:label="AppointmentOfBondAdministratorHeading"/>
    <link:presentationArc xlink:type="arc" xlink:arcrole="http://www.xbrl.org/2003/arcrole/parent-child" xlink:from="UnderwritingOfBondsAndAppointmentOfBondAdministratorHeading" xlink:to="AppointmentOfBondAdministratorHeading" order="2.0"/>
    <link:loc xlink:type="locator" xlink:href="../jpcrp_cor_2017-02-28.xsd#jpcrp_cor_AppointmentOfBondAdministratorTextBlock" xlink:label="AppointmentOfBondAdministratorTextBlock"/>
    <link:presentationArc xlink:type="arc" xlink:arcrole="http://www.xbrl.org/2003/arcrole/parent-child" xlink:from="AppointmentOfBondAdministratorHeading" xlink:to="AppointmentOfBondAdministratorTextBlock" order="1.0"/>
    <link:loc xlink:type="locator" xlink:href="../jpcrp_cor_2017-02-28.xsd#jpcrp_cor_AppointmentOfBondAdministratorNATextBlock" xlink:label="AppointmentOfBondAdministratorNATextBlock"/>
    <link:presentationArc xlink:type="arc" xlink:arcrole="http://www.xbrl.org/2003/arcrole/parent-child" xlink:from="AppointmentOfBondAdministratorHeading" xlink:to="AppointmentOfBondAdministratorNATextBlock" order="2.0"/>
    <link:loc xlink:type="locator" xlink:href="../jpcrp_cor_2017-02-28.xsd#jpcrp_cor_UseOfNetProceedsFromNewIssuanceHeading" xlink:label="UseOfNetProceedsFromNewIssuanceHeading"/>
    <link:presentationArc xlink:type="arc" xlink:arcrole="http://www.xbrl.org/2003/arcrole/parent-child" xlink:from="ParticularsOfPublicOfferingHeading" xlink:to="UseOfNetProceedsFromNewIssuanceHeading" order="7.0"/>
    <link:loc xlink:type="locator" xlink:href="../jpcrp_cor_2017-02-28.xsd#jpcrp_cor_AmountOfNetProceedsFromNewIssuanceHeading" xlink:label="AmountOfNetProceedsFromNewIssuanceHeading"/>
    <link:presentationArc xlink:type="arc" xlink:arcrole="http://www.xbrl.org/2003/arcrole/parent-child" xlink:from="UseOfNetProceedsFromNewIssuanceHeading" xlink:to="AmountOfNetProceedsFromNewIssuanceHeading" order="1.0"/>
    <link:loc xlink:type="locator" xlink:href="../jpcrp_cor_2017-02-28.xsd#jpcrp_cor_AmountOfNetProceedsFromNewIssuanceTextBlock" xlink:label="AmountOfNetProceedsFromNewIssuanceTextBlock"/>
    <link:presentationArc xlink:type="arc" xlink:arcrole="http://www.xbrl.org/2003/arcrole/parent-child" xlink:from="AmountOfNetProceedsFromNewIssuanceHeading" xlink:to="AmountOfNetProceedsFromNewIssuanceTextBlock" order="1.0"/>
    <link:loc xlink:type="locator" xlink:href="../jpcrp_cor_2017-02-28.xsd#jpcrp_cor_UseOfNetProceedsHeading" xlink:label="UseOfNetProceedsHeading"/>
    <link:presentationArc xlink:type="arc" xlink:arcrole="http://www.xbrl.org/2003/arcrole/parent-child" xlink:from="UseOfNetProceedsFromNewIssuanceHeading" xlink:to="UseOfNetProceedsHeading" order="2.0"/>
    <link:loc xlink:type="locator" xlink:href="../jpcrp_cor_2017-02-28.xsd#jpcrp_cor_UseOfNetProceedsTextBlock" xlink:label="UseOfNetProceedsTextBlock"/>
    <link:presentationArc xlink:type="arc" xlink:arcrole="http://www.xbrl.org/2003/arcrole/parent-child" xlink:from="UseOfNetProceedsHeading" xlink:to="UseOfNetProceedsTextBlock" order="1.0"/>
    <link:loc xlink:type="locator" xlink:href="../jpcrp_cor_2017-02-28.xsd#jpcrp_cor_ParticularsOfSecondaryDistributionHeading" xlink:label="ParticularsOfSecondaryDistributionHeading"/>
    <link:presentationArc xlink:type="arc" xlink:arcrole="http://www.xbrl.org/2003/arcrole/parent-child" xlink:from="SecurityInformationHeading" xlink:to="ParticularsOfSecondaryDistributionHeading" order="2.0"/>
    <link:loc xlink:type="locator" xlink:href="../jpcrp_cor_2017-02-28.xsd#jpcrp_cor_SecondaryDistributionOfSharesHeading" xlink:label="SecondaryDistributionOfSharesHeading"/>
    <link:loc xlink:type="locator" xlink:href="../jpcrp_cor_2017-02-28.xsd#jpcrp_cor_SecondaryDistributionOfSharesTextBlock" xlink:label="SecondaryDistributionOfSharesTextBlock"/>
    <link:presentationArc xlink:type="arc" xlink:arcrole="http://www.xbrl.org/2003/arcrole/parent-child" xlink:from="SecondaryDistributionOfSharesHeading" xlink:to="SecondaryDistributionOfSharesTextBlock" order="1.0"/>
    <link:loc xlink:type="locator" xlink:href="../jpcrp_cor_2017-02-28.xsd#jpcrp_cor_SecondaryDistributionOfSecuritiesHeading" xlink:label="SecondaryDistributionOfSecuritiesHeading"/>
    <link:presentationArc xlink:type="arc" xlink:arcrole="http://www.xbrl.org/2003/arcrole/parent-child" xlink:from="ParticularsOfSecondaryDistributionHeading" xlink:to="SecondaryDistributionOfSecuritiesHeading" order="2.0"/>
    <link:presentationArc xlink:type="arc" xlink:arcrole="http://www.xbrl.org/2003/arcrole/parent-child" xlink:from="SecondaryDistributionOfSecuritiesHeading" xlink:to="SecondaryDistributionOfSharesHeading" order="1.0"/>
    <link:loc xlink:type="locator" xlink:href="../jpcrp_cor_2017-02-28.xsd#jpcrp_cor_SecondaryDistributionOfNewShareSubscriptionRightsHeading" xlink:label="SecondaryDistributionOfNewShareSubscriptionRightsHeading"/>
    <link:presentationArc xlink:type="arc" xlink:arcrole="http://www.xbrl.org/2003/arcrole/parent-child" xlink:from="SecondaryDistributionOfSecuritiesHeading" xlink:to="SecondaryDistributionOfNewShareSubscriptionRightsHeading" order="2.0"/>
    <link:loc xlink:type="locator" xlink:href="../jpcrp_cor_2017-02-28.xsd#jpcrp_cor_SecondaryDistributionOfNewShareSubscriptionRightsTextBlock" xlink:label="SecondaryDistributionOfNewShareSubscriptionRightsTextBlock"/>
    <link:presentationArc xlink:type="arc" xlink:arcrole="http://www.xbrl.org/2003/arcrole/parent-child" xlink:from="SecondaryDistributionOfNewShareSubscriptionRightsHeading" xlink:to="SecondaryDistributionOfNewShareSubscriptionRightsTextBlock" order="1.0"/>
    <link:loc xlink:type="locator" xlink:href="../jpcrp_cor_2017-02-28.xsd#jpcrp_cor_SecondaryDistributionOfCorporateBondsOtherThanShortTermBondsHeading" xlink:label="SecondaryDistributionOfCorporateBondsOtherThanShortTermBondsHeading"/>
    <link:presentationArc xlink:type="arc" xlink:arcrole="http://www.xbrl.org/2003/arcrole/parent-child" xlink:from="SecondaryDistributionOfSecuritiesHeading" xlink:to="SecondaryDistributionOfCorporateBondsOtherThanShortTermBondsHeading" order="3.0"/>
    <link:loc xlink:type="locator" xlink:href="../jpcrp_cor_2017-02-28.xsd#jpcrp_cor_SecondaryDistributionOfCorporateBondsOtherThanShortTermBondsTextBlock" xlink:label="SecondaryDistributionOfCorporateBondsOtherThanShortTermBondsTextBlock"/>
    <link:presentationArc xlink:type="arc" xlink:arcrole="http://www.xbrl.org/2003/arcrole/parent-child" xlink:from="SecondaryDistributionOfCorporateBondsOtherThanShortTermBondsHeading" xlink:to="SecondaryDistributionOfCorporateBondsOtherThanShortTermBondsTextBlock" order="1.0"/>
    <link:loc xlink:type="locator" xlink:href="../jpcrp_cor_2017-02-28.xsd#jpcrp_cor_ParticularsOfSecondaryDistributionNATextBlock" xlink:label="ParticularsOfSecondaryDistributionNATextBlock"/>
    <link:presentationArc xlink:type="arc" xlink:arcrole="http://www.xbrl.org/2003/arcrole/parent-child" xlink:from="ParticularsOfSecondaryDistributionHeading" xlink:to="ParticularsOfSecondaryDistributionNATextBlock" order="1.0"/>
    <link:loc xlink:type="locator" xlink:href="../jpcrp_cor_2017-02-28.xsd#jpcrp_cor_TermsOfSecondaryDistributionHeading" xlink:label="TermsOfSecondaryDistributionHeading"/>
    <link:presentationArc xlink:type="arc" xlink:arcrole="http://www.xbrl.org/2003/arcrole/parent-child" xlink:from="ParticularsOfSecondaryDistributionHeading" xlink:to="TermsOfSecondaryDistributionHeading" order="3.0"/>
    <link:loc xlink:type="locator" xlink:href="../jpcrp_cor_2017-02-28.xsd#jpcrp_cor_TermsOfSecondaryDistributionTextBlock" xlink:label="TermsOfSecondaryDistributionTextBlock"/>
    <link:presentationArc xlink:type="arc" xlink:arcrole="http://www.xbrl.org/2003/arcrole/parent-child" xlink:from="TermsOfSecondaryDistributionHeading" xlink:to="TermsOfSecondaryDistributionTextBlock" order="1.0"/>
    <link:loc xlink:type="locator" xlink:href="../jpcrp_cor_2017-02-28.xsd#jpcrp_cor_OtherInformationSecurityInformationHeading" xlink:label="OtherInformationSecurityInformationHeading"/>
    <link:presentationArc xlink:type="arc" xlink:arcrole="http://www.xbrl.org/2003/arcrole/parent-child" xlink:from="SecurityInformationHeading" xlink:to="OtherInformationSecurityInformationHeading" order="5.0"/>
    <link:loc xlink:type="locator" xlink:href="../jpcrp_cor_2017-02-28.xsd#jpcrp_cor_OtherInformationSecurityInformationTextBlock" xlink:label="OtherInformationSecurityInformationTextBlock"/>
    <link:presentationArc xlink:type="arc" xlink:arcrole="http://www.xbrl.org/2003/arcrole/parent-child" xlink:from="OtherInformationSecurityInformationHeading" xlink:to="OtherInformationSecurityInformationTextBlock" order="1.0"/>
    <link:loc xlink:type="locator" xlink:href="../jpcrp_cor_2017-02-28.xsd#jpcrp_cor_OtherInformationSecurityInformationNATextBlock" xlink:label="OtherInformationSecurityInformationNATextBlock"/>
    <link:presentationArc xlink:type="arc" xlink:arcrole="http://www.xbrl.org/2003/arcrole/parent-child" xlink:from="OtherInformationSecurityInformationHeading" xlink:to="OtherInformationSecurityInformationNATextBlock" order="2.0"/>
    <link:loc xlink:type="locator" xlink:href="../jpcrp_cor_2017-02-28.xsd#jpcrp_cor_InformationAboutGuaranteeCompanyHeading" xlink:label="InformationAboutGuaranteeCompanyHeading"/>
    <link:loc xlink:type="locator" xlink:href="../jpcrp_cor_2017-02-28.xsd#jpcrp_cor_InformationAboutGuaranteeCompanyNATextBlock" xlink:label="InformationAboutGuaranteeCompanyNATextBlock"/>
    <link:presentationArc xlink:type="arc" xlink:arcrole="http://www.xbrl.org/2003/arcrole/parent-child" xlink:from="InformationAboutGuaranteeCompanyHeading" xlink:to="InformationAboutGuaranteeCompanyNATextBlock" order="1.0"/>
    <link:loc xlink:type="locator" xlink:href="../jpcrp_cor_2017-02-28.xsd#jpcrp_cor_CorporateBondsUnderGuaranteeHeading" xlink:label="CorporateBondsUnderGuaranteeHeading"/>
    <link:presentationArc xlink:type="arc" xlink:arcrole="http://www.xbrl.org/2003/arcrole/parent-child" xlink:from="InformationAboutGuaranteeCompanyHeading" xlink:to="CorporateBondsUnderGuaranteeHeading" order="2.0"/>
    <link:loc xlink:type="locator" xlink:href="../jpcrp_cor_2017-02-28.xsd#jpcrp_cor_CorporateBondsUnderGuaranteeTextBlock" xlink:label="CorporateBondsUnderGuaranteeTextBlock"/>
    <link:presentationArc xlink:type="arc" xlink:arcrole="http://www.xbrl.org/2003/arcrole/parent-child" xlink:from="CorporateBondsUnderGuaranteeHeading" xlink:to="CorporateBondsUnderGuaranteeTextBlock" order="1.0"/>
    <link:loc xlink:type="locator" xlink:href="../jpcrp_cor_2017-02-28.xsd#jpcrp_cor_InformationAboutGuaranteeCompanySubjectToOngoingDisclosureHeading" xlink:label="InformationAboutGuaranteeCompanySubjectToOngoingDisclosureHeading"/>
    <link:presentationArc xlink:type="arc" xlink:arcrole="http://www.xbrl.org/2003/arcrole/parent-child" xlink:from="InformationAboutGuaranteeCompanyHeading" xlink:to="InformationAboutGuaranteeCompanySubjectToOngoingDisclosureHeading" order="3.0"/>
    <link:loc xlink:type="locator" xlink:href="../jpcrp_cor_2017-02-28.xsd#jpcrp_cor_InformationAboutGuaranteeCompanySubjectToOngoingDisclosureNATextBlock" xlink:label="InformationAboutGuaranteeCompanySubjectToOngoingDisclosureNATextBlock"/>
    <link:presentationArc xlink:type="arc" xlink:arcrole="http://www.xbrl.org/2003/arcrole/parent-child" xlink:from="InformationAboutGuaranteeCompanySubjectToOngoingDisclosureHeading" xlink:to="InformationAboutGuaranteeCompanySubjectToOngoingDisclosureNATextBlock" order="1.0"/>
    <link:loc xlink:type="locator" xlink:href="../jpcrp_cor_2017-02-28.xsd#jpcrp_cor_DocumentsSubmittedByGuaranteeCompanyHeading" xlink:label="DocumentsSubmittedByGuaranteeCompanyHeading"/>
    <link:presentationArc xlink:type="arc" xlink:arcrole="http://www.xbrl.org/2003/arcrole/parent-child" xlink:from="InformationAboutGuaranteeCompanySubjectToOngoingDisclosureHeading" xlink:to="DocumentsSubmittedByGuaranteeCompanyHeading" order="2.0"/>
    <link:loc xlink:type="locator" xlink:href="../jpcrp_cor_2017-02-28.xsd#jpcrp_cor_AnnualSecuritiesReportAndAttachedDocumentsDocumentsSubmittedByGuaranteeCompanyHeading" xlink:label="AnnualSecuritiesReportAndAttachedDocumentsDocumentsSubmittedByGuaranteeCompanyHeading"/>
    <link:presentationArc xlink:type="arc" xlink:arcrole="http://www.xbrl.org/2003/arcrole/parent-child" xlink:from="DocumentsSubmittedByGuaranteeCompanyHeading" xlink:to="AnnualSecuritiesReportAndAttachedDocumentsDocumentsSubmittedByGuaranteeCompanyHeading" order="1.0"/>
    <link:loc xlink:type="locator" xlink:href="../jpcrp_cor_2017-02-28.xsd#jpcrp_cor_AnnualSecuritiesReportAndAttachedDocumentsDocumentsSubmittedByGuaranteeCompanyTextBlock" xlink:label="AnnualSecuritiesReportAndAttachedDocumentsDocumentsSubmittedByGuaranteeCompanyTextBlock"/>
    <link:presentationArc xlink:type="arc" xlink:arcrole="http://www.xbrl.org/2003/arcrole/parent-child" xlink:from="AnnualSecuritiesReportAndAttachedDocumentsDocumentsSubmittedByGuaranteeCompanyHeading" xlink:to="AnnualSecuritiesReportAndAttachedDocumentsDocumentsSubmittedByGuaranteeCompanyTextBlock" order="1.0"/>
    <link:loc xlink:type="locator" xlink:href="../jpcrp_cor_2017-02-28.xsd#jpcrp_cor_QuarterlySecuritiesReportOrSemiAnnualSecuritiesReportDocumentsSubmittedByGuaranteeCompanyHeading" xlink:label="QuarterlySecuritiesReportOrSemiAnnualSecuritiesReportDocumentsSubmittedByGuaranteeCompanyHeading"/>
    <link:presentationArc xlink:type="arc" xlink:arcrole="http://www.xbrl.org/2003/arcrole/parent-child" xlink:from="DocumentsSubmittedByGuaranteeCompanyHeading" xlink:to="QuarterlySecuritiesReportOrSemiAnnualSecuritiesReportDocumentsSubmittedByGuaranteeCompanyHeading" order="2.0"/>
    <link:loc xlink:type="locator" xlink:href="../jpcrp_cor_2017-02-28.xsd#jpcrp_cor_QuarterlySecuritiesReportOrSemiAnnualSecuritiesReportDocumentsSubmittedByGuaranteeCompanyTextBlock" xlink:label="QuarterlySecuritiesReportOrSemiAnnualSecuritiesReportDocumentsSubmittedByGuaranteeCompanyTextBlock"/>
    <link:presentationArc xlink:type="arc" xlink:arcrole="http://www.xbrl.org/2003/arcrole/parent-child" xlink:from="QuarterlySecuritiesReportOrSemiAnnualSecuritiesReportDocumentsSubmittedByGuaranteeCompanyHeading" xlink:to="QuarterlySecuritiesReportOrSemiAnnualSecuritiesReportDocumentsSubmittedByGuaranteeCompanyTextBlock" order="1.0"/>
    <link:loc xlink:type="locator" xlink:href="../jpcrp_cor_2017-02-28.xsd#jpcrp_cor_ExtraordinarySecuritiesReportDocumentsSubmittedByGuaranteeCompanyHeading" xlink:label="ExtraordinarySecuritiesReportDocumentsSubmittedByGuaranteeCompanyHeading"/>
    <link:presentationArc xlink:type="arc" xlink:arcrole="http://www.xbrl.org/2003/arcrole/parent-child" xlink:from="DocumentsSubmittedByGuaranteeCompanyHeading" xlink:to="ExtraordinarySecuritiesReportDocumentsSubmittedByGuaranteeCompanyHeading" order="3.0"/>
    <link:loc xlink:type="locator" xlink:href="../jpcrp_cor_2017-02-28.xsd#jpcrp_cor_ExtraordinarySecuritiesReportDocumentsSubmittedByGuaranteeCompanyTextBlock" xlink:label="ExtraordinarySecuritiesReportDocumentsSubmittedByGuaranteeCompanyTextBlock"/>
    <link:presentationArc xlink:type="arc" xlink:arcrole="http://www.xbrl.org/2003/arcrole/parent-child" xlink:from="ExtraordinarySecuritiesReportDocumentsSubmittedByGuaranteeCompanyHeading" xlink:to="ExtraordinarySecuritiesReportDocumentsSubmittedByGuaranteeCompanyTextBlock" order="1.0"/>
    <link:loc xlink:type="locator" xlink:href="../jpcrp_cor_2017-02-28.xsd#jpcrp_cor_AmendmentReportDocumentsSubmittedByGuaranteeCompanyHeading" xlink:label="AmendmentReportDocumentsSubmittedByGuaranteeCompanyHeading"/>
    <link:presentationArc xlink:type="arc" xlink:arcrole="http://www.xbrl.org/2003/arcrole/parent-child" xlink:from="DocumentsSubmittedByGuaranteeCompanyHeading" xlink:to="AmendmentReportDocumentsSubmittedByGuaranteeCompanyHeading" order="4.0"/>
    <link:loc xlink:type="locator" xlink:href="../jpcrp_cor_2017-02-28.xsd#jpcrp_cor_AmendmentReportDocumentsSubmittedByGuaranteeCompanyTextBlock" xlink:label="AmendmentReportDocumentsSubmittedByGuaranteeCompanyTextBlock"/>
    <link:presentationArc xlink:type="arc" xlink:arcrole="http://www.xbrl.org/2003/arcrole/parent-child" xlink:from="AmendmentReportDocumentsSubmittedByGuaranteeCompanyHeading" xlink:to="AmendmentReportDocumentsSubmittedByGuaranteeCompanyTextBlock" order="1.0"/>
    <link:loc xlink:type="locator" xlink:href="../jpcrp_cor_2017-02-28.xsd#jpcrp_cor_PlaceForPublicInspectionDocumentsSubmittedByGuaranteeCompanyHeading" xlink:label="PlaceForPublicInspectionDocumentsSubmittedByGuaranteeCompanyHeading"/>
    <link:presentationArc xlink:type="arc" xlink:arcrole="http://www.xbrl.org/2003/arcrole/parent-child" xlink:from="InformationAboutGuaranteeCompanySubjectToOngoingDisclosureHeading" xlink:to="PlaceForPublicInspectionDocumentsSubmittedByGuaranteeCompanyHeading" order="3.0"/>
    <link:loc xlink:type="locator" xlink:href="../jpcrp_cor_2017-02-28.xsd#jpcrp_cor_PlaceForPublicInspectionDocumentsSubmittedByGuaranteeCompanyTextBlock" xlink:label="PlaceForPublicInspectionDocumentsSubmittedByGuaranteeCompanyTextBlock"/>
    <link:presentationArc xlink:type="arc" xlink:arcrole="http://www.xbrl.org/2003/arcrole/parent-child" xlink:from="PlaceForPublicInspectionDocumentsSubmittedByGuaranteeCompanyHeading" xlink:to="PlaceForPublicInspectionDocumentsSubmittedByGuaranteeCompanyTextBlock" order="1.0"/>
    <link:loc xlink:type="locator" xlink:href="../jpcrp_cor_2017-02-28.xsd#jpcrp_cor_InformationAboutGuaranteeCompanyNotSubjectToOngoingDisclosureHeading" xlink:label="InformationAboutGuaranteeCompanyNotSubjectToOngoingDisclosureHeading"/>
    <link:presentationArc xlink:type="arc" xlink:arcrole="http://www.xbrl.org/2003/arcrole/parent-child" xlink:from="InformationAboutGuaranteeCompanyHeading" xlink:to="InformationAboutGuaranteeCompanyNotSubjectToOngoingDisclosureHeading" order="4.0"/>
    <link:loc xlink:type="locator" xlink:href="../jpcrp_cor_2017-02-28.xsd#jpcrp_cor_InformationAboutGuaranteeCompanyNotSubjectToOngoingDisclosureNATextBlock" xlink:label="InformationAboutGuaranteeCompanyNotSubjectToOngoingDisclosureNATextBlock"/>
    <link:presentationArc xlink:type="arc" xlink:arcrole="http://www.xbrl.org/2003/arcrole/parent-child" xlink:from="InformationAboutGuaranteeCompanyNotSubjectToOngoingDisclosureHeading" xlink:to="InformationAboutGuaranteeCompanyNotSubjectToOngoingDisclosureNATextBlock" order="1.0"/>
    <link:loc xlink:type="locator" xlink:href="../jpcrp_cor_2017-02-28.xsd#jpcrp_cor_CompanyNameTitleAndNameOfRepresentativeAndAddressOfRegisteredHeadquarterHeading" xlink:label="CompanyNameTitleAndNameOfRepresentativeAndAddressOfRegisteredHeadquarterHeading"/>
    <link:presentationArc xlink:type="arc" xlink:arcrole="http://www.xbrl.org/2003/arcrole/parent-child" xlink:from="InformationAboutGuaranteeCompanyNotSubjectToOngoingDisclosureHeading" xlink:to="CompanyNameTitleAndNameOfRepresentativeAndAddressOfRegisteredHeadquarterHeading" order="2.0"/>
    <link:loc xlink:type="locator" xlink:href="../jpcrp_cor_2017-02-28.xsd#jpcrp_cor_CompanyNameTitleAndNameOfRepresentativeAndAddressOfRegisteredHeadquarterTextBlock" xlink:label="CompanyNameTitleAndNameOfRepresentativeAndAddressOfRegisteredHeadquarterTextBlock"/>
    <link:presentationArc xlink:type="arc" xlink:arcrole="http://www.xbrl.org/2003/arcrole/parent-child" xlink:from="CompanyNameTitleAndNameOfRepresentativeAndAddressOfRegisteredHeadquarterHeading" xlink:to="CompanyNameTitleAndNameOfRepresentativeAndAddressOfRegisteredHeadquarterTextBlock" order="1.0"/>
    <link:loc xlink:type="locator" xlink:href="../jpcrp_cor_2017-02-28.xsd#jpcrp_cor_OverviewOfCompanyInformationAboutGuaranteeCompanyNotSubjectToOngoingDisclosureHeading" xlink:label="OverviewOfCompanyInformationAboutGuaranteeCompanyNotSubjectToOngoingDisclosureHeading"/>
    <link:presentationArc xlink:type="arc" xlink:arcrole="http://www.xbrl.org/2003/arcrole/parent-child" xlink:from="InformationAboutGuaranteeCompanyNotSubjectToOngoingDisclosureHeading" xlink:to="OverviewOfCompanyInformationAboutGuaranteeCompanyNotSubjectToOngoingDisclosureHeading" order="3.0"/>
    <link:loc xlink:type="locator" xlink:href="../jpcrp_cor_2017-02-28.xsd#jpcrp_cor_OverviewOfCompanyInformationAboutGuaranteeCompanyNotSubjectToOngoingDisclosureTextBlock" xlink:label="OverviewOfCompanyInformationAboutGuaranteeCompanyNotSubjectToOngoingDisclosureTextBlock"/>
    <link:presentationArc xlink:type="arc" xlink:arcrole="http://www.xbrl.org/2003/arcrole/parent-child" xlink:from="OverviewOfCompanyInformationAboutGuaranteeCompanyNotSubjectToOngoingDisclosureHeading" xlink:to="OverviewOfCompanyInformationAboutGuaranteeCompanyNotSubjectToOngoingDisclosureTextBlock" order="1.0"/>
    <link:loc xlink:type="locator" xlink:href="../jpcrp_cor_2017-02-28.xsd#jpcrp_cor_OverviewOfBusinessInformationAboutGuaranteeCompanyNotSubjectToOngoingDisclosureHeading" xlink:label="OverviewOfBusinessInformationAboutGuaranteeCompanyNotSubjectToOngoingDisclosureHeading"/>
    <link:presentationArc xlink:type="arc" xlink:arcrole="http://www.xbrl.org/2003/arcrole/parent-child" xlink:from="InformationAboutGuaranteeCompanyNotSubjectToOngoingDisclosureHeading" xlink:to="OverviewOfBusinessInformationAboutGuaranteeCompanyNotSubjectToOngoingDisclosureHeading" order="4.0"/>
    <link:loc xlink:type="locator" xlink:href="../jpcrp_cor_2017-02-28.xsd#jpcrp_cor_OverviewOfBusinessInformationAboutGuaranteeCompanyNotSubjectToOngoingDisclosureTextBlock" xlink:label="OverviewOfBusinessInformationAboutGuaranteeCompanyNotSubjectToOngoingDisclosureTextBlock"/>
    <link:presentationArc xlink:type="arc" xlink:arcrole="http://www.xbrl.org/2003/arcrole/parent-child" xlink:from="OverviewOfBusinessInformationAboutGuaranteeCompanyNotSubjectToOngoingDisclosureHeading" xlink:to="OverviewOfBusinessInformationAboutGuaranteeCompanyNotSubjectToOngoingDisclosureTextBlock" order="1.0"/>
    <link:loc xlink:type="locator" xlink:href="../jpcrp_cor_2017-02-28.xsd#jpcrp_cor_InformationAboutFacilitiesInformationAboutGuaranteeCompanyNotSubjectToOngoingDisclosureHeading" xlink:label="InformationAboutFacilitiesInformationAboutGuaranteeCompanyNotSubjectToOngoingDisclosureHeading"/>
    <link:presentationArc xlink:type="arc" xlink:arcrole="http://www.xbrl.org/2003/arcrole/parent-child" xlink:from="InformationAboutGuaranteeCompanyNotSubjectToOngoingDisclosureHeading" xlink:to="InformationAboutFacilitiesInformationAboutGuaranteeCompanyNotSubjectToOngoingDisclosureHeading" order="5.0"/>
    <link:loc xlink:type="locator" xlink:href="../jpcrp_cor_2017-02-28.xsd#jpcrp_cor_InformationAboutFacilitiesInformationAboutGuaranteeCompanyNotSubjectToOngoingDisclosureTextBlock" xlink:label="InformationAboutFacilitiesInformationAboutGuaranteeCompanyNotSubjectToOngoingDisclosureTextBlock"/>
    <link:presentationArc xlink:type="arc" xlink:arcrole="http://www.xbrl.org/2003/arcrole/parent-child" xlink:from="InformationAboutFacilitiesInformationAboutGuaranteeCompanyNotSubjectToOngoingDisclosureHeading" xlink:to="InformationAboutFacilitiesInformationAboutGuaranteeCompanyNotSubjectToOngoingDisclosureTextBlock" order="1.0"/>
    <link:loc xlink:type="locator" xlink:href="../jpcrp_cor_2017-02-28.xsd#jpcrp_cor_GuaranteeCompanyInformationAboutGuaranteeCompanyNotSubjectToOngoingDisclosureHeading" xlink:label="GuaranteeCompanyInformationAboutGuaranteeCompanyNotSubjectToOngoingDisclosureHeading"/>
    <link:presentationArc xlink:type="arc" xlink:arcrole="http://www.xbrl.org/2003/arcrole/parent-child" xlink:from="InformationAboutGuaranteeCompanyNotSubjectToOngoingDisclosureHeading" xlink:to="GuaranteeCompanyInformationAboutGuaranteeCompanyNotSubjectToOngoingDisclosureHeading" order="6.0"/>
    <link:loc xlink:type="locator" xlink:href="../jpcrp_cor_2017-02-28.xsd#jpcrp_cor_GuaranteeCompanyInformationAboutGuaranteeCompanyNotSubjectToOngoingDisclosureTextBlock" xlink:label="GuaranteeCompanyInformationAboutGuaranteeCompanyNotSubjectToOngoingDisclosureTextBlock"/>
    <link:presentationArc xlink:type="arc" xlink:arcrole="http://www.xbrl.org/2003/arcrole/parent-child" xlink:from="GuaranteeCompanyInformationAboutGuaranteeCompanyNotSubjectToOngoingDisclosureHeading" xlink:to="GuaranteeCompanyInformationAboutGuaranteeCompanyNotSubjectToOngoingDisclosureTextBlock" order="1.0"/>
    <link:loc xlink:type="locator" xlink:href="../jpcrp_cor_2017-02-28.xsd#jpcrp_cor_FinancialInformationInformationAboutGuaranteeCompanyNotSubjectToOngoingDisclosureHeading" xlink:label="FinancialInformationInformationAboutGuaranteeCompanyNotSubjectToOngoingDisclosureHeading"/>
    <link:presentationArc xlink:type="arc" xlink:arcrole="http://www.xbrl.org/2003/arcrole/parent-child" xlink:from="InformationAboutGuaranteeCompanyNotSubjectToOngoingDisclosureHeading" xlink:to="FinancialInformationInformationAboutGuaranteeCompanyNotSubjectToOngoingDisclosureHeading" order="7.0"/>
    <link:loc xlink:type="locator" xlink:href="../jpcrp_cor_2017-02-28.xsd#jpcrp_cor_FinancialInformationInformationAboutGuaranteeCompanyNotSubjectToOngoingDisclosureTextBlock" xlink:label="FinancialInformationInformationAboutGuaranteeCompanyNotSubjectToOngoingDisclosureTextBlock"/>
    <link:presentationArc xlink:type="arc" xlink:arcrole="http://www.xbrl.org/2003/arcrole/parent-child" xlink:from="FinancialInformationInformationAboutGuaranteeCompanyNotSubjectToOngoingDisclosureHeading" xlink:to="FinancialInformationInformationAboutGuaranteeCompanyNotSubjectToOngoingDisclosureTextBlock" order="1.0"/>
    <link:loc xlink:type="locator" xlink:href="../jpcrp_cor_2017-02-28.xsd#jpcrp_cor_InformationAboutCompaniesOtherThanGuaranteeCompanyHeading" xlink:label="InformationAboutCompaniesOtherThanGuaranteeCompanyHeading"/>
    <link:loc xlink:type="locator" xlink:href="../jpcrp_cor_2017-02-28.xsd#jpcrp_cor_InformationAboutCompaniesOtherThanGuaranteeCompanyNATextBlock" xlink:label="InformationAboutCompaniesOtherThanGuaranteeCompanyNATextBlock"/>
    <link:presentationArc xlink:type="arc" xlink:arcrole="http://www.xbrl.org/2003/arcrole/parent-child" xlink:from="InformationAboutCompaniesOtherThanGuaranteeCompanyHeading" xlink:to="InformationAboutCompaniesOtherThanGuaranteeCompanyNATextBlock" order="1.0"/>
    <link:loc xlink:type="locator" xlink:href="../jpcrp_cor_2017-02-28.xsd#jpcrp_cor_ReasonForDisclosureOfInformationOfCompanyConcernedHeading" xlink:label="ReasonForDisclosureOfInformationOfCompanyConcernedHeading"/>
    <link:presentationArc xlink:type="arc" xlink:arcrole="http://www.xbrl.org/2003/arcrole/parent-child" xlink:from="InformationAboutCompaniesOtherThanGuaranteeCompanyHeading" xlink:to="ReasonForDisclosureOfInformationOfCompanyConcernedHeading" order="2.0"/>
    <link:loc xlink:type="locator" xlink:href="../jpcrp_cor_2017-02-28.xsd#jpcrp_cor_ReasonForDisclosureOfInformationOfCompanyConcernedTextBlock" xlink:label="ReasonForDisclosureOfInformationOfCompanyConcernedTextBlock"/>
    <link:presentationArc xlink:type="arc" xlink:arcrole="http://www.xbrl.org/2003/arcrole/parent-child" xlink:from="ReasonForDisclosureOfInformationOfCompanyConcernedHeading" xlink:to="ReasonForDisclosureOfInformationOfCompanyConcernedTextBlock" order="1.0"/>
    <link:loc xlink:type="locator" xlink:href="../jpcrp_cor_2017-02-28.xsd#jpcrp_cor_InformationAboutCompanyConcernedSubjectToOngoingDisclosureHeading" xlink:label="InformationAboutCompanyConcernedSubjectToOngoingDisclosureHeading"/>
    <link:presentationArc xlink:type="arc" xlink:arcrole="http://www.xbrl.org/2003/arcrole/parent-child" xlink:from="InformationAboutCompaniesOtherThanGuaranteeCompanyHeading" xlink:to="InformationAboutCompanyConcernedSubjectToOngoingDisclosureHeading" order="3.0"/>
    <link:loc xlink:type="locator" xlink:href="../jpcrp_cor_2017-02-28.xsd#jpcrp_cor_InformationAboutCompanyConcernedSubjectToOngoingDisclosureTextBlock" xlink:label="InformationAboutCompanyConcernedSubjectToOngoingDisclosureTextBlock"/>
    <link:presentationArc xlink:type="arc" xlink:arcrole="http://www.xbrl.org/2003/arcrole/parent-child" xlink:from="InformationAboutCompanyConcernedSubjectToOngoingDisclosureHeading" xlink:to="InformationAboutCompanyConcernedSubjectToOngoingDisclosureTextBlock" order="1.0"/>
    <link:loc xlink:type="locator" xlink:href="../jpcrp_cor_2017-02-28.xsd#jpcrp_cor_InformationAboutCompanyConcernedNotSubjectToOngoingDisclosureHeading" xlink:label="InformationAboutCompanyConcernedNotSubjectToOngoingDisclosureHeading"/>
    <link:presentationArc xlink:type="arc" xlink:arcrole="http://www.xbrl.org/2003/arcrole/parent-child" xlink:from="InformationAboutCompaniesOtherThanGuaranteeCompanyHeading" xlink:to="InformationAboutCompanyConcernedNotSubjectToOngoingDisclosureHeading" order="4.0"/>
    <link:loc xlink:type="locator" xlink:href="../jpcrp_cor_2017-02-28.xsd#jpcrp_cor_InformationAboutCompanyConcernedNotSubjectToOngoingDisclosureTextBlock" xlink:label="InformationAboutCompanyConcernedNotSubjectToOngoingDisclosureTextBlock"/>
    <link:presentationArc xlink:type="arc" xlink:arcrole="http://www.xbrl.org/2003/arcrole/parent-child" xlink:from="InformationAboutCompanyConcernedNotSubjectToOngoingDisclosureHeading" xlink:to="InformationAboutCompanyConcernedNotSubjectToOngoingDisclosureTextBlock" order="1.0"/>
    <link:loc xlink:type="locator" xlink:href="../jpcrp_cor_2017-02-28.xsd#jpcrp_cor_InformationAboutIndexEtcHeading" xlink:label="InformationAboutIndexEtcHeading"/>
    <link:loc xlink:type="locator" xlink:href="../jpcrp_cor_2017-02-28.xsd#jpcrp_cor_InformationAboutIndexEtcNATextBlock" xlink:label="InformationAboutIndexEtcNATextBlock"/>
    <link:presentationArc xlink:type="arc" xlink:arcrole="http://www.xbrl.org/2003/arcrole/parent-child" xlink:from="InformationAboutIndexEtcHeading" xlink:to="InformationAboutIndexEtcNATextBlock" order="1.0"/>
    <link:loc xlink:type="locator" xlink:href="../jpcrp_cor_2017-02-28.xsd#jpcrp_cor_ReasonForDisclosureOfSaidIndexEtcHeading" xlink:label="ReasonForDisclosureOfSaidIndexEtcHeading"/>
    <link:presentationArc xlink:type="arc" xlink:arcrole="http://www.xbrl.org/2003/arcrole/parent-child" xlink:from="InformationAboutIndexEtcHeading" xlink:to="ReasonForDisclosureOfSaidIndexEtcHeading" order="2.0"/>
    <link:loc xlink:type="locator" xlink:href="../jpcrp_cor_2017-02-28.xsd#jpcrp_cor_ReasonForDisclosureOfSaidIndexEtcTextBlock" xlink:label="ReasonForDisclosureOfSaidIndexEtcTextBlock"/>
    <link:presentationArc xlink:type="arc" xlink:arcrole="http://www.xbrl.org/2003/arcrole/parent-child" xlink:from="ReasonForDisclosureOfSaidIndexEtcHeading" xlink:to="ReasonForDisclosureOfSaidIndexEtcTextBlock" order="1.0"/>
    <link:loc xlink:type="locator" xlink:href="../jpcrp_cor_2017-02-28.xsd#jpcrp_cor_HistoricalRecordsOfIndexEtcHeading" xlink:label="HistoricalRecordsOfIndexEtcHeading"/>
    <link:presentationArc xlink:type="arc" xlink:arcrole="http://www.xbrl.org/2003/arcrole/parent-child" xlink:from="InformationAboutIndexEtcHeading" xlink:to="HistoricalRecordsOfIndexEtcHeading" order="3.0"/>
    <link:loc xlink:type="locator" xlink:href="../jpcrp_cor_2017-02-28.xsd#jpcrp_cor_HistoricalRecordsOfIndexEtcTextBlock" xlink:label="HistoricalRecordsOfIndexEtcTextBlock"/>
    <link:presentationArc xlink:type="arc" xlink:arcrole="http://www.xbrl.org/2003/arcrole/parent-child" xlink:from="HistoricalRecordsOfIndexEtcHeading" xlink:to="HistoricalRecordsOfIndexEtcTextBlock" order="1.0"/>
    <link:loc xlink:type="locator" xlink:href="../jpcrp_cor_2017-02-28.xsd#jpcrp_cor_SpecialInformationHeading" xlink:label="SpecialInformationHeading"/>
    <link:loc xlink:type="locator" xlink:href="../jpcrp_cor_2017-02-28.xsd#jpcrp_cor_SpecialInformationNATextBlock" xlink:label="SpecialInformationNATextBlock"/>
    <link:presentationArc xlink:type="arc" xlink:arcrole="http://www.xbrl.org/2003/arcrole/parent-child" xlink:from="SpecialInformationHeading" xlink:to="SpecialInformationNATextBlock" order="1.0"/>
    <link:loc xlink:type="locator" xlink:href="../jpcrp_cor_2017-02-28.xsd#jpcrp_cor_RecentFinancialStatementsOrFinancialDocumentsOfGuaranteeCompanyOrTrackedSubsidiaryHeading" xlink:label="RecentFinancialStatementsOrFinancialDocumentsOfGuaranteeCompanyOrTrackedSubsidiaryHeading"/>
    <link:presentationArc xlink:type="arc" xlink:arcrole="http://www.xbrl.org/2003/arcrole/parent-child" xlink:from="SpecialInformationHeading" xlink:to="RecentFinancialStatementsOrFinancialDocumentsOfGuaranteeCompanyOrTrackedSubsidiaryHeading" order="2.0"/>
    <link:loc xlink:type="locator" xlink:href="../jpcrp_cor_2017-02-28.xsd#jpcrp_cor_RecentFinancialStatementsOrFinancialDocumentsOfGuaranteeCompanyOrTrackedSubsidiaryNATextBlock" xlink:label="RecentFinancialStatementsOrFinancialDocumentsOfGuaranteeCompanyOrTrackedSubsidiaryNATextBlock"/>
    <link:presentationArc xlink:type="arc" xlink:arcrole="http://www.xbrl.org/2003/arcrole/parent-child" xlink:from="RecentFinancialStatementsOrFinancialDocumentsOfGuaranteeCompanyOrTrackedSubsidiaryHeading" xlink:to="RecentFinancialStatementsOrFinancialDocumentsOfGuaranteeCompanyOrTrackedSubsidiaryNATextBlock" order="1.0"/>
    <link:loc xlink:type="locator" xlink:href="../jpcrp_cor_2017-02-28.xsd#jpcrp_cor_BalanceSheetRecentFinancialStatementsOrFinancialDocumentsOfGuaranteeCompanyOrTrackedSubsidiaryHeading" xlink:label="BalanceSheetRecentFinancialStatementsOrFinancialDocumentsOfGuaranteeCompanyOrTrackedSubsidiaryHeading"/>
    <link:presentationArc xlink:type="arc" xlink:arcrole="http://www.xbrl.org/2003/arcrole/parent-child" xlink:from="RecentFinancialStatementsOrFinancialDocumentsOfGuaranteeCompanyOrTrackedSubsidiaryHeading" xlink:to="BalanceSheetRecentFinancialStatementsOrFinancialDocumentsOfGuaranteeCompanyOrTrackedSubsidiaryHeading" order="2.0"/>
    <link:loc xlink:type="locator" xlink:href="../jpcrp_cor_2017-02-28.xsd#jpcrp_cor_BalanceSheetRecentFinancialStatementsOrFinancialDocumentsOfGuaranteeCompanyOrTrackedSubsidiaryTextBlock" xlink:label="BalanceSheetRecentFinancialStatementsOrFinancialDocumentsOfGuaranteeCompanyOrTrackedSubsidiaryTextBlock"/>
    <link:presentationArc xlink:type="arc" xlink:arcrole="http://www.xbrl.org/2003/arcrole/parent-child" xlink:from="BalanceSheetRecentFinancialStatementsOrFinancialDocumentsOfGuaranteeCompanyOrTrackedSubsidiaryHeading" xlink:to="BalanceSheetRecentFinancialStatementsOrFinancialDocumentsOfGuaranteeCompanyOrTrackedSubsidiaryTextBlock" order="1.0"/>
    <link:loc xlink:type="locator" xlink:href="../jpcrp_cor_2017-02-28.xsd#jpcrp_cor_StatementOfIncomeRecentFinancialStatementsOrFinancialDocumentsOfGuaranteeCompanyOrTrackedSubsidiaryHeading" xlink:label="StatementOfIncomeRecentFinancialStatementsOrFinancialDocumentsOfGuaranteeCompanyOrTrackedSubsidiaryHeading"/>
    <link:presentationArc xlink:type="arc" xlink:arcrole="http://www.xbrl.org/2003/arcrole/parent-child" xlink:from="RecentFinancialStatementsOrFinancialDocumentsOfGuaranteeCompanyOrTrackedSubsidiaryHeading" xlink:to="StatementOfIncomeRecentFinancialStatementsOrFinancialDocumentsOfGuaranteeCompanyOrTrackedSubsidiaryHeading" order="3.0"/>
    <link:loc xlink:type="locator" xlink:href="../jpcrp_cor_2017-02-28.xsd#jpcrp_cor_StatementOfIncomeRecentFinancialStatementsOrFinancialDocumentsOfGuaranteeCompanyOrTrackedSubsidiaryTextBlock" xlink:label="StatementOfIncomeRecentFinancialStatementsOrFinancialDocumentsOfGuaranteeCompanyOrTrackedSubsidiaryTextBlock"/>
    <link:presentationArc xlink:type="arc" xlink:arcrole="http://www.xbrl.org/2003/arcrole/parent-child" xlink:from="StatementOfIncomeRecentFinancialStatementsOrFinancialDocumentsOfGuaranteeCompanyOrTrackedSubsidiaryHeading" xlink:to="StatementOfIncomeRecentFinancialStatementsOrFinancialDocumentsOfGuaranteeCompanyOrTrackedSubsidiaryTextBlock" order="1.0"/>
    <link:loc xlink:type="locator" xlink:href="../jpcrp_cor_2017-02-28.xsd#jpcrp_cor_StatementOfChangesInEquityRecentFinancialStatementsOrFinancialDocumentsOfGuaranteeCompanyOrTrackedSubsidiaryHeading" xlink:label="StatementOfChangesInEquityRecentFinancialStatementsOrFinancialDocumentsOfGuaranteeCompanyOrTrackedSubsidiaryHeading"/>
    <link:presentationArc xlink:type="arc" xlink:arcrole="http://www.xbrl.org/2003/arcrole/parent-child" xlink:from="RecentFinancialStatementsOrFinancialDocumentsOfGuaranteeCompanyOrTrackedSubsidiaryHeading" xlink:to="StatementOfChangesInEquityRecentFinancialStatementsOrFinancialDocumentsOfGuaranteeCompanyOrTrackedSubsidiaryHeading" order="4.0"/>
    <link:loc xlink:type="locator" xlink:href="../jpcrp_cor_2017-02-28.xsd#jpcrp_cor_StatementOfChangesInEquityRecentFinancialStatementsOrFinancialDocumentsOfGuaranteeCompanyOrTrackedSubsidiaryTextBlock" xlink:label="StatementOfChangesInEquityRecentFinancialStatementsOrFinancialDocumentsOfGuaranteeCompanyOrTrackedSubsidiaryTextBlock"/>
    <link:presentationArc xlink:type="arc" xlink:arcrole="http://www.xbrl.org/2003/arcrole/parent-child" xlink:from="StatementOfChangesInEquityRecentFinancialStatementsOrFinancialDocumentsOfGuaranteeCompanyOrTrackedSubsidiaryHeading" xlink:to="StatementOfChangesInEquityRecentFinancialStatementsOrFinancialDocumentsOfGuaranteeCompanyOrTrackedSubsidiaryTextBlock" order="1.0"/>
    <link:loc xlink:type="locator" xlink:href="../jpcrp_cor_2017-02-28.xsd#jpcrp_cor_StatementOfCashFlowsRecentFinancialStatementsOrFinancialDocumentsOfGuaranteeCompanyOrTrackedSubsidiaryHeading" xlink:label="StatementOfCashFlowsRecentFinancialStatementsOrFinancialDocumentsOfGuaranteeCompanyOrTrackedSubsidiaryHeading"/>
    <link:presentationArc xlink:type="arc" xlink:arcrole="http://www.xbrl.org/2003/arcrole/parent-child" xlink:from="RecentFinancialStatementsOrFinancialDocumentsOfGuaranteeCompanyOrTrackedSubsidiaryHeading" xlink:to="StatementOfCashFlowsRecentFinancialStatementsOrFinancialDocumentsOfGuaranteeCompanyOrTrackedSubsidiaryHeading" order="5.0"/>
    <link:loc xlink:type="locator" xlink:href="../jpcrp_cor_2017-02-28.xsd#jpcrp_cor_StatementOfCashFlowsRecentFinancialStatementsOrFinancialDocumentsOfGuaranteeCompanyOrTrackedSubsidiaryTextBlock" xlink:label="StatementOfCashFlowsRecentFinancialStatementsOrFinancialDocumentsOfGuaranteeCompanyOrTrackedSubsidiaryTextBlock"/>
    <link:presentationArc xlink:type="arc" xlink:arcrole="http://www.xbrl.org/2003/arcrole/parent-child" xlink:from="StatementOfCashFlowsRecentFinancialStatementsOrFinancialDocumentsOfGuaranteeCompanyOrTrackedSubsidiaryHeading" xlink:to="StatementOfCashFlowsRecentFinancialStatementsOrFinancialDocumentsOfGuaranteeCompanyOrTrackedSubsidiaryTextBlock" order="1.0"/>
    <link:loc xlink:type="locator" xlink:href="../jpcrp_cor_2017-02-28.xsd#jpcrp_cor_NotesRecentFinancialStatementsOrFinancialDocumentsOfGuaranteeCompanyOrTrackedSubsidiaryHeading" xlink:label="NotesRecentFinancialStatementsOrFinancialDocumentsOfGuaranteeCompanyOrTrackedSubsidiaryHeading"/>
    <link:presentationArc xlink:type="arc" xlink:arcrole="http://www.xbrl.org/2003/arcrole/parent-child" xlink:from="RecentFinancialStatementsOrFinancialDocumentsOfGuaranteeCompanyOrTrackedSubsidiaryHeading" xlink:to="NotesRecentFinancialStatementsOrFinancialDocumentsOfGuaranteeCompanyOrTrackedSubsidiaryHeading" order="6.0"/>
    <link:loc xlink:type="locator" xlink:href="../jpcrp_cor_2017-02-28.xsd#jpcrp_cor_NotesRecentFinancialStatementsOrFinancialDocumentsOfGuaranteeCompanyOrTrackedSubsidiaryTextBlock" xlink:label="NotesRecentFinancialStatementsOrFinancialDocumentsOfGuaranteeCompanyOrTrackedSubsidiaryTextBlock"/>
    <link:presentationArc xlink:type="arc" xlink:arcrole="http://www.xbrl.org/2003/arcrole/parent-child" xlink:from="NotesRecentFinancialStatementsOrFinancialDocumentsOfGuaranteeCompanyOrTrackedSubsidiaryHeading" xlink:to="NotesRecentFinancialStatementsOrFinancialDocumentsOfGuaranteeCompanyOrTrackedSubsidiaryTextBlock" order="1.0"/>
    <link:loc xlink:type="locator" xlink:href="../jpcrp_cor_2017-02-28.xsd#jpcrp_cor_InformationAboutTenderOfferHeading" xlink:label="InformationAboutTenderOfferHeading"/>
    <link:loc xlink:type="locator" xlink:href="../jpcrp_cor_2017-02-28.xsd#jpcrp_cor_InformationAboutTenderOfferNATextBlock" xlink:label="InformationAboutTenderOfferNATextBlock"/>
    <link:presentationArc xlink:type="arc" xlink:arcrole="http://www.xbrl.org/2003/arcrole/parent-child" xlink:from="InformationAboutTenderOfferHeading" xlink:to="InformationAboutTenderOfferNATextBlock" order="1.0"/>
    <link:loc xlink:type="locator" xlink:href="../jpcrp_cor_2017-02-28.xsd#jpcrp_cor_OverviewOfTenderOfferHeading" xlink:label="OverviewOfTenderOfferHeading"/>
    <link:presentationArc xlink:type="arc" xlink:arcrole="http://www.xbrl.org/2003/arcrole/parent-child" xlink:from="InformationAboutTenderOfferHeading" xlink:to="OverviewOfTenderOfferHeading" order="2.0"/>
    <link:loc xlink:type="locator" xlink:href="../jpcrp_cor_2017-02-28.xsd#jpcrp_cor_OverviewOfTenderOfferNATextBlock" xlink:label="OverviewOfTenderOfferNATextBlock"/>
    <link:presentationArc xlink:type="arc" xlink:arcrole="http://www.xbrl.org/2003/arcrole/parent-child" xlink:from="OverviewOfTenderOfferHeading" xlink:to="OverviewOfTenderOfferNATextBlock" order="1.0"/>
    <link:loc xlink:type="locator" xlink:href="../jpcrp_cor_2017-02-28.xsd#jpcrp_cor_PurposesEtcOfTenderOfferHeading" xlink:label="PurposesEtcOfTenderOfferHeading"/>
    <link:presentationArc xlink:type="arc" xlink:arcrole="http://www.xbrl.org/2003/arcrole/parent-child" xlink:from="OverviewOfTenderOfferHeading" xlink:to="PurposesEtcOfTenderOfferHeading" order="2.0"/>
    <link:loc xlink:type="locator" xlink:href="../jpcrp_cor_2017-02-28.xsd#jpcrp_cor_PurposesEtcOfTenderOfferTextBlock" xlink:label="PurposesEtcOfTenderOfferTextBlock"/>
    <link:presentationArc xlink:type="arc" xlink:arcrole="http://www.xbrl.org/2003/arcrole/parent-child" xlink:from="PurposesEtcOfTenderOfferHeading" xlink:to="PurposesEtcOfTenderOfferTextBlock" order="1.0"/>
    <link:loc xlink:type="locator" xlink:href="../jpcrp_cor_2017-02-28.xsd#jpcrp_cor_OverviewOfPartyCarryingOutTenderOfferHeading" xlink:label="OverviewOfPartyCarryingOutTenderOfferHeading"/>
    <link:presentationArc xlink:type="arc" xlink:arcrole="http://www.xbrl.org/2003/arcrole/parent-child" xlink:from="OverviewOfTenderOfferHeading" xlink:to="OverviewOfPartyCarryingOutTenderOfferHeading" order="3.0"/>
    <link:loc xlink:type="locator" xlink:href="../jpcrp_cor_2017-02-28.xsd#jpcrp_cor_OverviewOfPartyCarryingOutTenderOfferTextBlock" xlink:label="OverviewOfPartyCarryingOutTenderOfferTextBlock"/>
    <link:presentationArc xlink:type="arc" xlink:arcrole="http://www.xbrl.org/2003/arcrole/parent-child" xlink:from="OverviewOfPartyCarryingOutTenderOfferHeading" xlink:to="OverviewOfPartyCarryingOutTenderOfferTextBlock" order="1.0"/>
    <link:loc xlink:type="locator" xlink:href="../jpcrp_cor_2017-02-28.xsd#jpcrp_cor_ContractOfTenderOfferHeading" xlink:label="ContractOfTenderOfferHeading"/>
    <link:presentationArc xlink:type="arc" xlink:arcrole="http://www.xbrl.org/2003/arcrole/parent-child" xlink:from="OverviewOfTenderOfferHeading" xlink:to="ContractOfTenderOfferHeading" order="4.0"/>
    <link:loc xlink:type="locator" xlink:href="../jpcrp_cor_2017-02-28.xsd#jpcrp_cor_ContractOfTenderOfferTextBlock" xlink:label="ContractOfTenderOfferTextBlock"/>
    <link:presentationArc xlink:type="arc" xlink:arcrole="http://www.xbrl.org/2003/arcrole/parent-child" xlink:from="ContractOfTenderOfferHeading" xlink:to="ContractOfTenderOfferTextBlock" order="1.0"/>
    <link:loc xlink:type="locator" xlink:href="../jpcrp_cor_2017-02-28.xsd#jpcrp_cor_ParticularsOfAllotmentAndBasisForCalculationPertainingToTenderOfferHeading" xlink:label="ParticularsOfAllotmentAndBasisForCalculationPertainingToTenderOfferHeading"/>
    <link:presentationArc xlink:type="arc" xlink:arcrole="http://www.xbrl.org/2003/arcrole/parent-child" xlink:from="OverviewOfTenderOfferHeading" xlink:to="ParticularsOfAllotmentAndBasisForCalculationPertainingToTenderOfferHeading" order="5.0"/>
    <link:loc xlink:type="locator" xlink:href="../jpcrp_cor_2017-02-28.xsd#jpcrp_cor_ParticularsOfAllotmentAndBasisForCalculationPertainingToTenderOfferTextBlock" xlink:label="ParticularsOfAllotmentAndBasisForCalculationPertainingToTenderOfferTextBlock"/>
    <link:presentationArc xlink:type="arc" xlink:arcrole="http://www.xbrl.org/2003/arcrole/parent-child" xlink:from="ParticularsOfAllotmentAndBasisForCalculationPertainingToTenderOfferHeading" xlink:to="ParticularsOfAllotmentAndBasisForCalculationPertainingToTenderOfferTextBlock" order="1.0"/>
    <link:loc xlink:type="locator" xlink:href="../jpcrp_cor_2017-02-28.xsd#jpcrp_cor_DifferencesBetweenSecuritiesOfSubjectCompanyAndSecuritiesIssuedOrDeliveredByTenderOfferHeading" xlink:label="DifferencesBetweenSecuritiesOfSubjectCompanyAndSecuritiesIssuedOrDeliveredByTenderOfferHeading"/>
    <link:presentationArc xlink:type="arc" xlink:arcrole="http://www.xbrl.org/2003/arcrole/parent-child" xlink:from="OverviewOfTenderOfferHeading" xlink:to="DifferencesBetweenSecuritiesOfSubjectCompanyAndSecuritiesIssuedOrDeliveredByTenderOfferHeading" order="6.0"/>
    <link:loc xlink:type="locator" xlink:href="../jpcrp_cor_2017-02-28.xsd#jpcrp_cor_DifferencesBetweenSecuritiesOfSubjectCompanyAndSecuritiesIssuedOrDeliveredByTenderOfferTextBlock" xlink:label="DifferencesBetweenSecuritiesOfSubjectCompanyAndSecuritiesIssuedOrDeliveredByTenderOfferTextBlock"/>
    <link:presentationArc xlink:type="arc" xlink:arcrole="http://www.xbrl.org/2003/arcrole/parent-child" xlink:from="DifferencesBetweenSecuritiesOfSubjectCompanyAndSecuritiesIssuedOrDeliveredByTenderOfferHeading" xlink:to="DifferencesBetweenSecuritiesOfSubjectCompanyAndSecuritiesIssuedOrDeliveredByTenderOfferTextBlock" order="1.0"/>
    <link:loc xlink:type="locator" xlink:href="../jpcrp_cor_2017-02-28.xsd#jpcrp_cor_InformationAboutTermsOfIssuanceDeliveryRelatedToTenderOfferWherebySecuritiesAreDeliveredInExchangeHeading" xlink:label="InformationAboutTermsOfIssuanceDeliveryRelatedToTenderOfferWherebySecuritiesAreDeliveredInExchangeHeading"/>
    <link:presentationArc xlink:type="arc" xlink:arcrole="http://www.xbrl.org/2003/arcrole/parent-child" xlink:from="OverviewOfTenderOfferHeading" xlink:to="InformationAboutTermsOfIssuanceDeliveryRelatedToTenderOfferWherebySecuritiesAreDeliveredInExchangeHeading" order="7.0"/>
    <link:loc xlink:type="locator" xlink:href="../jpcrp_cor_2017-02-28.xsd#jpcrp_cor_InformationAboutTermsOfIssuanceDeliveryRelatedToTenderOfferWherebySecuritiesAreDeliveredInExchangeTextBlock" xlink:label="InformationAboutTermsOfIssuanceDeliveryRelatedToTenderOfferWherebySecuritiesAreDeliveredInExchangeTextBlock"/>
    <link:presentationArc xlink:type="arc" xlink:arcrole="http://www.xbrl.org/2003/arcrole/parent-child" xlink:from="InformationAboutTermsOfIssuanceDeliveryRelatedToTenderOfferWherebySecuritiesAreDeliveredInExchangeHeading" xlink:to="InformationAboutTermsOfIssuanceDeliveryRelatedToTenderOfferWherebySecuritiesAreDeliveredInExchangeTextBlock" order="1.0"/>
    <link:loc xlink:type="locator" xlink:href="../jpcrp_cor_2017-02-28.xsd#jpcrp_cor_ProceduresRelatedToTenderOfferHeading" xlink:label="ProceduresRelatedToTenderOfferHeading"/>
    <link:presentationArc xlink:type="arc" xlink:arcrole="http://www.xbrl.org/2003/arcrole/parent-child" xlink:from="OverviewOfTenderOfferHeading" xlink:to="ProceduresRelatedToTenderOfferHeading" order="8.0"/>
    <link:loc xlink:type="locator" xlink:href="../jpcrp_cor_2017-02-28.xsd#jpcrp_cor_ProceduresRelatedToTenderOfferTextBlock" xlink:label="ProceduresRelatedToTenderOfferTextBlock"/>
    <link:presentationArc xlink:type="arc" xlink:arcrole="http://www.xbrl.org/2003/arcrole/parent-child" xlink:from="ProceduresRelatedToTenderOfferHeading" xlink:to="ProceduresRelatedToTenderOfferTextBlock" order="1.0"/>
    <link:loc xlink:type="locator" xlink:href="../jpcrp_cor_2017-02-28.xsd#jpcrp_cor_CombinedFinancialInformationHeading" xlink:label="CombinedFinancialInformationHeading"/>
    <link:presentationArc xlink:type="arc" xlink:arcrole="http://www.xbrl.org/2003/arcrole/parent-child" xlink:from="InformationAboutTenderOfferHeading" xlink:to="CombinedFinancialInformationHeading" order="3.0"/>
    <link:loc xlink:type="locator" xlink:href="../jpcrp_cor_2017-02-28.xsd#jpcrp_cor_CombinedFinancialInformationTextBlock" xlink:label="CombinedFinancialInformationTextBlock"/>
    <link:presentationArc xlink:type="arc" xlink:arcrole="http://www.xbrl.org/2003/arcrole/parent-child" xlink:from="CombinedFinancialInformationHeading" xlink:to="CombinedFinancialInformationTextBlock" order="1.0"/>
    <link:loc xlink:type="locator" xlink:href="../jpcrp_cor_2017-02-28.xsd#jpcrp_cor_CombinedFinancialInformationNATextBlock" xlink:label="CombinedFinancialInformationNATextBlock"/>
    <link:presentationArc xlink:type="arc" xlink:arcrole="http://www.xbrl.org/2003/arcrole/parent-child" xlink:from="CombinedFinancialInformationHeading" xlink:to="CombinedFinancialInformationNATextBlock" order="2.0"/>
    <link:loc xlink:type="locator" xlink:href="../jpcrp_cor_2017-02-28.xsd#jpcrp_cor_SignificantContractsBetweenIssuerAndOrItsRelatedPartiesAndSubjectCompanyHeading" xlink:label="SignificantContractsBetweenIssuerAndOrItsRelatedPartiesAndSubjectCompanyHeading"/>
    <link:presentationArc xlink:type="arc" xlink:arcrole="http://www.xbrl.org/2003/arcrole/parent-child" xlink:from="InformationAboutTenderOfferHeading" xlink:to="SignificantContractsBetweenIssuerAndOrItsRelatedPartiesAndSubjectCompanyHeading" order="4.0"/>
    <link:loc xlink:type="locator" xlink:href="../jpcrp_cor_2017-02-28.xsd#jpcrp_cor_SignificantContractsBetweenIssuerAndOrItsRelatedPartiesAndSubjectCompanyTextBlock" xlink:label="SignificantContractsBetweenIssuerAndOrItsRelatedPartiesAndSubjectCompanyTextBlock"/>
    <link:presentationArc xlink:type="arc" xlink:arcrole="http://www.xbrl.org/2003/arcrole/parent-child" xlink:from="SignificantContractsBetweenIssuerAndOrItsRelatedPartiesAndSubjectCompanyHeading" xlink:to="SignificantContractsBetweenIssuerAndOrItsRelatedPartiesAndSubjectCompanyTextBlock" order="1.0"/>
    <link:loc xlink:type="locator" xlink:href="../jpcrp_cor_2017-02-28.xsd#jpcrp_cor_SignificantContractsBetweenIssuerAndOrItsRelatedPartiesAndSubjectCompanyNATextBlock" xlink:label="SignificantContractsBetweenIssuerAndOrItsRelatedPartiesAndSubjectCompanyNATextBlock"/>
    <link:presentationArc xlink:type="arc" xlink:arcrole="http://www.xbrl.org/2003/arcrole/parent-child" xlink:from="SignificantContractsBetweenIssuerAndOrItsRelatedPartiesAndSubjectCompanyHeading" xlink:to="SignificantContractsBetweenIssuerAndOrItsRelatedPartiesAndSubjectCompanyNATextBlock" order="2.0"/>
    <link:loc xlink:type="locator" xlink:href="../jpcrp_cor_2017-02-28.xsd#jpcrp_cor_ReferenceInformationHeading" xlink:label="ReferenceInformationHeading"/>
    <link:loc xlink:type="locator" xlink:href="../jpcrp_cor_2017-02-28.xsd#jpcrp_cor_ReferenceDocumentsHeading" xlink:label="ReferenceDocumentsHeading"/>
    <link:presentationArc xlink:type="arc" xlink:arcrole="http://www.xbrl.org/2003/arcrole/parent-child" xlink:from="ReferenceInformationHeading" xlink:to="ReferenceDocumentsHeading" order="1.0"/>
    <link:loc xlink:type="locator" xlink:href="../jpcrp_cor_2017-02-28.xsd#jpcrp_cor_AnnualSecuritiesReportAndAttachedDocumentsReferenceDocumentsHeading" xlink:label="AnnualSecuritiesReportAndAttachedDocumentsReferenceDocumentsHeading"/>
    <link:presentationArc xlink:type="arc" xlink:arcrole="http://www.xbrl.org/2003/arcrole/parent-child" xlink:from="ReferenceDocumentsHeading" xlink:to="AnnualSecuritiesReportAndAttachedDocumentsReferenceDocumentsHeading" order="1.0"/>
    <link:loc xlink:type="locator" xlink:href="../jpcrp_cor_2017-02-28.xsd#jpcrp_cor_AnnualSecuritiesReportAndAttachedDocumentsReferenceDocumentsTextBlock" xlink:label="AnnualSecuritiesReportAndAttachedDocumentsReferenceDocumentsTextBlock"/>
    <link:presentationArc xlink:type="arc" xlink:arcrole="http://www.xbrl.org/2003/arcrole/parent-child" xlink:from="AnnualSecuritiesReportAndAttachedDocumentsReferenceDocumentsHeading" xlink:to="AnnualSecuritiesReportAndAttachedDocumentsReferenceDocumentsTextBlock" order="1.0"/>
    <link:loc xlink:type="locator" xlink:href="../jpcrp_cor_2017-02-28.xsd#jpcrp_cor_QuarterlySecuritiesReportOrSemiAnnualSecuritiesReportReferenceDocumentsHeading" xlink:label="QuarterlySecuritiesReportOrSemiAnnualSecuritiesReportReferenceDocumentsHeading"/>
    <link:presentationArc xlink:type="arc" xlink:arcrole="http://www.xbrl.org/2003/arcrole/parent-child" xlink:from="ReferenceDocumentsHeading" xlink:to="QuarterlySecuritiesReportOrSemiAnnualSecuritiesReportReferenceDocumentsHeading" order="2.0"/>
    <link:loc xlink:type="locator" xlink:href="../jpcrp_cor_2017-02-28.xsd#jpcrp_cor_QuarterlySecuritiesReportOrSemiAnnualSecuritiesReportReferenceDocumentsTextBlock" xlink:label="QuarterlySecuritiesReportOrSemiAnnualSecuritiesReportReferenceDocumentsTextBlock"/>
    <link:presentationArc xlink:type="arc" xlink:arcrole="http://www.xbrl.org/2003/arcrole/parent-child" xlink:from="QuarterlySecuritiesReportOrSemiAnnualSecuritiesReportReferenceDocumentsHeading" xlink:to="QuarterlySecuritiesReportOrSemiAnnualSecuritiesReportReferenceDocumentsTextBlock" order="1.0"/>
    <link:loc xlink:type="locator" xlink:href="../jpcrp_cor_2017-02-28.xsd#jpcrp_cor_ExtraordinarySecuritiesReportReferenceDocumentsHeading" xlink:label="ExtraordinarySecuritiesReportReferenceDocumentsHeading"/>
    <link:presentationArc xlink:type="arc" xlink:arcrole="http://www.xbrl.org/2003/arcrole/parent-child" xlink:from="ReferenceDocumentsHeading" xlink:to="ExtraordinarySecuritiesReportReferenceDocumentsHeading" order="3.0"/>
    <link:loc xlink:type="locator" xlink:href="../jpcrp_cor_2017-02-28.xsd#jpcrp_cor_ExtraordinarySecuritiesReportReferenceDocumentsTextBlock" xlink:label="ExtraordinarySecuritiesReportReferenceDocumentsTextBlock"/>
    <link:presentationArc xlink:type="arc" xlink:arcrole="http://www.xbrl.org/2003/arcrole/parent-child" xlink:from="ExtraordinarySecuritiesReportReferenceDocumentsHeading" xlink:to="ExtraordinarySecuritiesReportReferenceDocumentsTextBlock" order="1.0"/>
    <link:loc xlink:type="locator" xlink:href="../jpcrp_cor_2017-02-28.xsd#jpcrp_cor_AmendmentReportReferenceDocumentsHeading" xlink:label="AmendmentReportReferenceDocumentsHeading"/>
    <link:presentationArc xlink:type="arc" xlink:arcrole="http://www.xbrl.org/2003/arcrole/parent-child" xlink:from="ReferenceDocumentsHeading" xlink:to="AmendmentReportReferenceDocumentsHeading" order="4.0"/>
    <link:loc xlink:type="locator" xlink:href="../jpcrp_cor_2017-02-28.xsd#jpcrp_cor_AmendmentReportReferenceDocumentsTextBlock" xlink:label="AmendmentReportReferenceDocumentsTextBlock"/>
    <link:presentationArc xlink:type="arc" xlink:arcrole="http://www.xbrl.org/2003/arcrole/parent-child" xlink:from="AmendmentReportReferenceDocumentsHeading" xlink:to="AmendmentReportReferenceDocumentsTextBlock" order="1.0"/>
    <link:loc xlink:type="locator" xlink:href="../jpcrp_cor_2017-02-28.xsd#jpcrp_cor_SupplementaryInformationAboutReferenceDocumentsHeading" xlink:label="SupplementaryInformationAboutReferenceDocumentsHeading"/>
    <link:presentationArc xlink:type="arc" xlink:arcrole="http://www.xbrl.org/2003/arcrole/parent-child" xlink:from="ReferenceInformationHeading" xlink:to="SupplementaryInformationAboutReferenceDocumentsHeading" order="2.0"/>
    <link:loc xlink:type="locator" xlink:href="../jpcrp_cor_2017-02-28.xsd#jpcrp_cor_SupplementaryInformationAboutReferenceDocumentsTextBlock" xlink:label="SupplementaryInformationAboutReferenceDocumentsTextBlock"/>
    <link:presentationArc xlink:type="arc" xlink:arcrole="http://www.xbrl.org/2003/arcrole/parent-child" xlink:from="SupplementaryInformationAboutReferenceDocumentsHeading" xlink:to="SupplementaryInformationAboutReferenceDocumentsTextBlock" order="1.0"/>
    <link:loc xlink:type="locator" xlink:href="../jpcrp_cor_2017-02-28.xsd#jpcrp_cor_PlaceForPublicInspectionOfReferenceDocumentsHeading" xlink:label="PlaceForPublicInspectionOfReferenceDocumentsHeading"/>
    <link:presentationArc xlink:type="arc" xlink:arcrole="http://www.xbrl.org/2003/arcrole/parent-child" xlink:from="ReferenceInformationHeading" xlink:to="PlaceForPublicInspectionOfReferenceDocumentsHeading" order="3.0"/>
    <link:loc xlink:type="locator" xlink:href="../jpcrp_cor_2017-02-28.xsd#jpcrp_cor_PlaceForPublicInspectionOfReferenceDocumentsTextBlock" xlink:label="PlaceForPublicInspectionOfReferenceDocumentsTextBlock"/>
    <link:presentationArc xlink:type="arc" xlink:arcrole="http://www.xbrl.org/2003/arcrole/parent-child" xlink:from="PlaceForPublicInspectionOfReferenceDocumentsHeading" xlink:to="PlaceForPublicInspectionOfReferenceDocumentsTextBlock" order="1.0"/>
    <link:loc xlink:type="locator" xlink:href="../jpcrp_cor_2017-02-28.xsd#jpcrp_cor_InformationAboutGuaranteeCompanyEtcHeading" xlink:label="InformationAboutGuaranteeCompanyEtcHeading"/>
    <link:loc xlink:type="locator" xlink:href="../jpcrp_cor_2017-02-28.xsd#jpcrp_cor_InformationAboutGuaranteeCompanyEtcNATextBlock" xlink:label="InformationAboutGuaranteeCompanyEtcNATextBlock"/>
    <link:presentationArc xlink:type="arc" xlink:arcrole="http://www.xbrl.org/2003/arcrole/parent-child" xlink:from="InformationAboutGuaranteeCompanyEtcHeading" xlink:to="InformationAboutGuaranteeCompanyEtcNATextBlock" order="1.0"/>
    <link:presentationArc xlink:type="arc" xlink:arcrole="http://www.xbrl.org/2003/arcrole/parent-child" xlink:from="InformationAboutGuaranteeCompanyEtcHeading" xlink:to="InformationAboutGuaranteeCompanyHeading" order="2.0"/>
    <link:presentationArc xlink:type="arc" xlink:arcrole="http://www.xbrl.org/2003/arcrole/parent-child" xlink:from="InformationAboutGuaranteeCompanyEtcHeading" xlink:to="InformationAboutCompaniesOtherThanGuaranteeCompanyHeading" order="3.0"/>
    <link:presentationArc xlink:type="arc" xlink:arcrole="http://www.xbrl.org/2003/arcrole/parent-child" xlink:from="InformationAboutGuaranteeCompanyEtcHeading" xlink:to="InformationAboutIndexEtcHeading" order="4.0"/>
    <link:loc xlink:type="locator" xlink:href="../jpcrp_cor_2017-02-28.xsd#jpcrp_cor_CabinetOfficeOrdinanceOnDisclosureOfCorporateInformationEtcFormNo12ShelfRegistrationSupplementsHeading" xlink:label="CabinetOfficeOrdinanceOnDisclosureOfCorporateInformationEtcFormNo12ShelfRegistrationSupplementsHeading"/>
    <link:loc xlink:type="locator" xlink:href="../jpcrp_cor_2017-02-28.xsd#jpcrp_cor_CoverPageHeading" xlink:label="CoverPageHeading"/>
    <link:presentationArc xlink:type="arc" xlink:arcrole="http://www.xbrl.org/2003/arcrole/parent-child" xlink:from="CabinetOfficeOrdinanceOnDisclosureOfCorporateInformationEtcFormNo12ShelfRegistrationSupplementsHeading" xlink:to="CoverPageHeading" order="1.0"/>
    <link:presentationArc xlink:type="arc" xlink:arcrole="http://www.xbrl.org/2003/arcrole/parent-child" xlink:from="CabinetOfficeOrdinanceOnDisclosureOfCorporateInformationEtcFormNo12ShelfRegistrationSupplementsHeading" xlink:to="SecurityInformationHeading" order="2.0"/>
    <link:presentationArc xlink:type="arc" xlink:arcrole="http://www.xbrl.org/2003/arcrole/parent-child" xlink:from="CabinetOfficeOrdinanceOnDisclosureOfCorporateInformationEtcFormNo12ShelfRegistrationSupplementsHeading" xlink:to="InformationAboutTenderOfferHeading" order="3.0"/>
    <link:presentationArc xlink:type="arc" xlink:arcrole="http://www.xbrl.org/2003/arcrole/parent-child" xlink:from="CabinetOfficeOrdinanceOnDisclosureOfCorporateInformationEtcFormNo12ShelfRegistrationSupplementsHeading" xlink:to="ReferenceInformationHeading" order="4.0"/>
    <link:presentationArc xlink:type="arc" xlink:arcrole="http://www.xbrl.org/2003/arcrole/parent-child" xlink:from="CabinetOfficeOrdinanceOnDisclosureOfCorporateInformationEtcFormNo12ShelfRegistrationSupplementsHeading" xlink:to="InformationAboutGuaranteeCompanyEtcHeading" order="5.0"/>
    <link:presentationArc xlink:type="arc" xlink:arcrole="http://www.xbrl.org/2003/arcrole/parent-child" xlink:from="CabinetOfficeOrdinanceOnDisclosureOfCorporateInformationEtcFormNo12ShelfRegistrationSupplementsHeading" xlink:to="SpecialInformationHeading" order="6.0"/>
  </link:presentationLink>
</link:linkbase>
