<?xml version="1.0" encoding="UTF-8"?>
<!--  (c) Financial Services Agency, The Japanese Government.
      All Rights Reserved.
      For intellectual property policy and authorized uses of EDINET Taxonomy,
      refer to “EDINET Taxonomy Legal Statement” at http://www.fsa.go.jp/search/EDINET_Taxonomy_Legal_Statement.html
-->
<link:linkbase xmlns:link="http://www.xbrl.org/2003/linkbase" xmlns:xsi="http://www.w3.org/2001/XMLSchema-instance" xmlns:xlink="http://www.w3.org/1999/xlink" xmlns:xbrli="http://www.xbrl.org/2003/instance">
  <link:roleRef roleURI="http://disclosure.edinet-fsa.go.jp/role/jpcrp/rol_std_NotesSegmentInformationEtcSemiAnnualConsolidatedFinancialStatements-08" xlink:type="simple" xlink:href="../jpcrp_rt_2017-02-28.xsd#rol_std_NotesSegmentInformationEtcSemiAnnualConsolidatedFinancialStatements-08"/>
  <link:presentationLink xlink:type="extended" xlink:role="http://disclosure.edinet-fsa.go.jp/role/jpcrp/rol_std_NotesSegmentInformationEtcSemiAnnualConsolidatedFinancialStatements-08">
    <link:loc xlink:type="locator" xlink:href="../../../jppfs/2017-02-28/jppfs_cor_2017-02-28.xsd#jppfs_cor_ConsolidatedOrNonConsolidatedAxis" xlink:label="ConsolidatedOrNonConsolidatedAxis"/>
    <link:loc xlink:type="locator" xlink:href="../../../jppfs/2017-02-28/jppfs_cor_2017-02-28.xsd#jppfs_cor_ConsolidatedMember" xlink:label="ConsolidatedMember"/>
    <link:presentationArc xlink:type="arc" xlink:arcrole="http://www.xbrl.org/2003/arcrole/parent-child" xlink:from="ConsolidatedOrNonConsolidatedAxis" xlink:to="ConsolidatedMember" order="1.0"/>
    <link:loc xlink:type="locator" xlink:href="../jpcrp_cor_2017-02-28.xsd#jpcrp_cor_AmortizationAndUnamortizedBalanceOfGoodwillForEachReportableSegmentAbstract" xlink:label="AmortizationAndUnamortizedBalanceOfGoodwillForEachReportableSegmentAbstract"/>
    <link:loc xlink:type="locator" xlink:href="../jpcrp_cor_2017-02-28.xsd#jpcrp_cor_AmortizationAndUnamortizedBalanceOfGoodwillForEachReportableSegmentNATextBlock" xlink:label="AmortizationAndUnamortizedBalanceOfGoodwillForEachReportableSegmentNATextBlock"/>
    <link:presentationArc xlink:type="arc" xlink:arcrole="http://www.xbrl.org/2003/arcrole/parent-child" xlink:from="AmortizationAndUnamortizedBalanceOfGoodwillForEachReportableSegmentAbstract" xlink:to="AmortizationAndUnamortizedBalanceOfGoodwillForEachReportableSegmentNATextBlock" order="1.0"/>
    <link:loc xlink:type="locator" xlink:href="../jpcrp_cor_2017-02-28.xsd#jpcrp_cor_DescriptionOfFactThatCompanysBusinessComprisesSingleSegmentAmortizationAndUnamortizedBalanceOfGoodwillForEachReportableSegment" xlink:label="DescriptionOfFactThatCompanysBusinessComprisesSingleSegmentAmortizationAndUnamortizedBalanceOfGoodwillForEachReportableSegment"/>
    <link:presentationArc xlink:type="arc" xlink:arcrole="http://www.xbrl.org/2003/arcrole/parent-child" xlink:from="AmortizationAndUnamortizedBalanceOfGoodwillForEachReportableSegmentAbstract" xlink:to="DescriptionOfFactThatCompanysBusinessComprisesSingleSegmentAmortizationAndUnamortizedBalanceOfGoodwillForEachReportableSegment" order="2.0"/>
    <link:loc xlink:type="locator" xlink:href="../jpcrp_cor_2017-02-28.xsd#jpcrp_cor_DescriptionOfFactAndReasonWhyAmortizationAndUnamortizedBalanceOfGoodwillForEachReportableSegmentIsNotPresented" xlink:label="DescriptionOfFactAndReasonWhyAmortizationAndUnamortizedBalanceOfGoodwillForEachReportableSegmentIsNotPresented"/>
    <link:presentationArc xlink:type="arc" xlink:arcrole="http://www.xbrl.org/2003/arcrole/parent-child" xlink:from="AmortizationAndUnamortizedBalanceOfGoodwillForEachReportableSegmentAbstract" xlink:to="DescriptionOfFactAndReasonWhyAmortizationAndUnamortizedBalanceOfGoodwillForEachReportableSegmentIsNotPresented" order="3.0"/>
    <link:loc xlink:type="locator" xlink:href="../jpcrp_cor_2017-02-28.xsd#jpcrp_cor_DescriptionOfAmortizationOfGoodwillOrUnamortizedBalanceOfGoodwillNotAllocatedToReportableSegments" xlink:label="DescriptionOfAmortizationOfGoodwillOrUnamortizedBalanceOfGoodwillNotAllocatedToReportableSegments"/>
    <link:presentationArc xlink:type="arc" xlink:arcrole="http://www.xbrl.org/2003/arcrole/parent-child" xlink:from="AmortizationAndUnamortizedBalanceOfGoodwillForEachReportableSegmentAbstract" xlink:to="DescriptionOfAmortizationOfGoodwillOrUnamortizedBalanceOfGoodwillNotAllocatedToReportableSegments" order="4.0"/>
    <link:loc xlink:type="locator" xlink:href="../jpcrp_cor_2017-02-28.xsd#jpcrp_cor_NotesSegmentInformationEtcSemiAnnualConsolidatedFinancialStatementsHeading" xlink:label="NotesSegmentInformationEtcSemiAnnualConsolidatedFinancialStatementsHeading"/>
    <link:loc xlink:type="locator" xlink:href="../jpcrp_cor_2017-02-28.xsd#jpcrp_cor_NotesSegmentInformationEtcSemiAnnualConsolidatedFinancialStatementsTable" xlink:label="NotesSegmentInformationEtcSemiAnnualConsolidatedFinancialStatementsTable"/>
    <link:presentationArc xlink:type="arc" xlink:arcrole="http://www.xbrl.org/2003/arcrole/parent-child" xlink:from="NotesSegmentInformationEtcSemiAnnualConsolidatedFinancialStatementsHeading" xlink:to="NotesSegmentInformationEtcSemiAnnualConsolidatedFinancialStatementsTable" order="1.0"/>
    <link:presentationArc xlink:type="arc" xlink:arcrole="http://www.xbrl.org/2003/arcrole/parent-child" xlink:from="NotesSegmentInformationEtcSemiAnnualConsolidatedFinancialStatementsTable" xlink:to="ConsolidatedOrNonConsolidatedAxis" order="1.0"/>
    <link:loc xlink:type="locator" xlink:href="../jpcrp_cor_2017-02-28.xsd#jpcrp_cor_NotesSegmentInformationEtcSemiAnnualConsolidatedFinancialStatementsLineItems" xlink:label="NotesSegmentInformationEtcSemiAnnualConsolidatedFinancialStatementsLineItems"/>
    <link:presentationArc xlink:type="arc" xlink:arcrole="http://www.xbrl.org/2003/arcrole/parent-child" xlink:from="NotesSegmentInformationEtcSemiAnnualConsolidatedFinancialStatementsHeading" xlink:to="NotesSegmentInformationEtcSemiAnnualConsolidatedFinancialStatementsLineItems" order="2.0"/>
    <link:presentationArc xlink:type="arc" xlink:arcrole="http://www.xbrl.org/2003/arcrole/parent-child" xlink:from="NotesSegmentInformationEtcSemiAnnualConsolidatedFinancialStatementsLineItems" xlink:to="AmortizationAndUnamortizedBalanceOfGoodwillForEachReportableSegmentAbstract" order="1.0"/>
  </link:presentationLink>
</link:linkbase>
