<?xml version="1.0" encoding="UTF-8"?>
<!--  (c) Financial Services Agency, The Japanese Government.
      All Rights Reserved.
      For intellectual property policy and authorized uses of EDINET Taxonomy,
      refer to “EDINET Taxonomy Legal Statement” at http://www.fsa.go.jp/search/EDINET_Taxonomy_Legal_Statement.html
-->
<link:linkbase xmlns:link="http://www.xbrl.org/2003/linkbase" xmlns:xsi="http://www.w3.org/2001/XMLSchema-instance" xmlns:xbrldt="http://xbrl.org/2005/xbrldt" xmlns:xlink="http://www.w3.org/1999/xlink" xmlns:xbrli="http://www.xbrl.org/2003/instance">
  <link:roleRef roleURI="http://disclosure.edinet-fsa.go.jp/role/jppfs/rol_std_BalanceSheet" xlink:type="simple" xlink:href="../../jppfs_rt_2017-02-28.xsd#rol_std_BalanceSheet"/>
  <link:arcroleRef arcroleURI="http://xbrl.org/int/dim/arcrole/domain-member" xlink:type="simple" xlink:href="http://www.xbrl.org/2005/xbrldt-2005.xsd#domain-member"/>
  <link:definitionLink xlink:type="extended" xlink:role="http://disclosure.edinet-fsa.go.jp/role/jppfs/rol_std_BalanceSheet">
    <link:loc xlink:type="locator" xlink:href="../../jppfs_cor_2017-02-28.xsd#jppfs_cor_InvestmentsAndOtherAssetsAbstract" xlink:label="InvestmentsAndOtherAssetsAbstract"/>
    <link:loc xlink:type="locator" xlink:href="../../jppfs_cor_2017-02-28.xsd#jppfs_cor_LongTermLoansReceivable" xlink:label="LongTermLoansReceivable"/>
    <link:definitionArc xlink:type="arc" xlink:arcrole="http://xbrl.org/int/dim/arcrole/domain-member" xlink:from="InvestmentsAndOtherAssetsAbstract" xlink:to="LongTermLoansReceivable" order="8.0"/>
    <link:loc xlink:type="locator" xlink:href="../../jppfs_cor_2017-02-28.xsd#jppfs_cor_LongTermLoansReceivableFromShareholdersDirectorsOrEmployees" xlink:label="LongTermLoansReceivableFromShareholdersDirectorsOrEmployees"/>
    <link:definitionArc xlink:type="arc" xlink:arcrole="http://xbrl.org/int/dim/arcrole/domain-member" xlink:from="InvestmentsAndOtherAssetsAbstract" xlink:to="LongTermLoansReceivableFromShareholdersDirectorsOrEmployees" order="11.0"/>
    <link:loc xlink:type="locator" xlink:href="../../jppfs_cor_2017-02-28.xsd#jppfs_cor_LongTermLoansReceivableFromSubsidiariesAndAffiliates" xlink:label="LongTermLoansReceivableFromSubsidiariesAndAffiliates"/>
    <link:definitionArc xlink:type="arc" xlink:arcrole="http://xbrl.org/int/dim/arcrole/domain-member" xlink:from="InvestmentsAndOtherAssetsAbstract" xlink:to="LongTermLoansReceivableFromSubsidiariesAndAffiliates" order="14.0"/>
    <link:loc xlink:type="locator" xlink:href="../../jppfs_cor_2017-02-28.xsd#jppfs_cor_ClaimsProvableInBankruptcyClaimsProvableInRehabilitationAndOther" xlink:label="ClaimsProvableInBankruptcyClaimsProvableInRehabilitationAndOther"/>
    <link:definitionArc xlink:type="arc" xlink:arcrole="http://xbrl.org/int/dim/arcrole/domain-member" xlink:from="InvestmentsAndOtherAssetsAbstract" xlink:to="ClaimsProvableInBankruptcyClaimsProvableInRehabilitationAndOther" order="17.0"/>
    <link:loc xlink:type="locator" xlink:href="../../jppfs_cor_2017-02-28.xsd#jppfs_cor_AllowanceForDoubtfulAccountsIOAByGroup" xlink:label="AllowanceForDoubtfulAccountsIOAByGroup"/>
    <link:definitionArc xlink:type="arc" xlink:arcrole="http://xbrl.org/int/dim/arcrole/domain-member" xlink:from="InvestmentsAndOtherAssetsAbstract" xlink:to="AllowanceForDoubtfulAccountsIOAByGroup" order="28.0"/>
  </link:definitionLink>
</link:linkbase>
