<?xml version="1.0" encoding="UTF-8"?>
<!--  (c) Financial Services Agency, The Japanese Government.
      All Rights Reserved.
      For intellectual property policy and authorized uses of EDINET Taxonomy,
      refer to “EDINET Taxonomy Legal Statement” at http://www.fsa.go.jp/search/EDINET_Taxonomy_Legal_Statement.html
-->
<link:linkbase xmlns:link="http://www.xbrl.org/2003/linkbase" xmlns:xsi="http://www.w3.org/2001/XMLSchema-instance" xmlns:xbrldt="http://xbrl.org/2005/xbrldt" xmlns:xlink="http://www.w3.org/1999/xlink" xmlns:xbrli="http://www.xbrl.org/2003/instance">
  <link:roleRef roleURI="http://disclosure.edinet-fsa.go.jp/role/jppfs/rol_std_StatementOfIncome" xlink:type="simple" xlink:href="../../jppfs_rt_2017-02-28.xsd#rol_std_StatementOfIncome"/>
  <link:arcroleRef arcroleURI="http://xbrl.org/int/dim/arcrole/domain-member" xlink:type="simple" xlink:href="http://www.xbrl.org/2005/xbrldt-2005.xsd#domain-member"/>
  <link:definitionLink xlink:type="extended" xlink:role="http://disclosure.edinet-fsa.go.jp/role/jppfs/rol_std_StatementOfIncome">
    <link:loc xlink:type="locator" xlink:href="../../jppfs_cor_2017-02-28.xsd#jppfs_cor_StatementOfIncomeLineItems" xlink:label="StatementOfIncomeLineItems"/>

    <link:definitionArc xlink:type="arc" xlink:arcrole="http://xbrl.org/int/dim/arcrole/domain-member" xlink:from="StatementOfIncomeLineItems" xlink:to="CostOfSalesAbstract" order="7.0"/>
    <link:loc xlink:type="locator" xlink:href="../../jppfs_cor_2017-02-28.xsd#jppfs_cor_CostOfSalesAbstract" xlink:label="CostOfSalesAbstract"/>
    <link:loc xlink:type="locator" xlink:href="../../jppfs_cor_2017-02-28.xsd#jppfs_cor_CostOfGoodsSoldAbstract" xlink:label="CostOfGoodsSoldAbstract"/>
    <link:definitionArc xlink:type="arc" xlink:arcrole="http://xbrl.org/int/dim/arcrole/domain-member" xlink:from="CostOfSalesAbstract" xlink:to="CostOfGoodsSoldAbstract" order="18.0"/>
    <link:loc xlink:type="locator" xlink:href="../../jppfs_cor_2017-02-28.xsd#jppfs_cor_BeginningGoodsCOS" xlink:label="BeginningGoodsCOS"/>
    <link:definitionArc xlink:type="arc" xlink:arcrole="http://xbrl.org/int/dim/arcrole/domain-member" xlink:from="CostOfGoodsSoldAbstract" xlink:to="BeginningGoodsCOS" order="1.0"/>
    <link:loc xlink:type="locator" xlink:href="../../jppfs_cor_2017-02-28.xsd#jppfs_cor_CostOfPurchasedGoods" xlink:label="CostOfPurchasedGoods"/>
    <link:definitionArc xlink:type="arc" xlink:arcrole="http://xbrl.org/int/dim/arcrole/domain-member" xlink:from="CostOfGoodsSoldAbstract" xlink:to="CostOfPurchasedGoods" order="2.0"/>
    <link:loc xlink:type="locator" xlink:href="../../jppfs_cor_2017-02-28.xsd#jppfs_cor_EndingGoodsCOS" xlink:label="EndingGoodsCOS"/>
    <link:definitionArc xlink:type="arc" xlink:arcrole="http://xbrl.org/int/dim/arcrole/domain-member" xlink:from="CostOfGoodsSoldAbstract" xlink:to="EndingGoodsCOS" order="4.0"/>
    <link:loc xlink:type="locator" xlink:href="../../jppfs_cor_2017-02-28.xsd#jppfs_cor_TotalBeginningAndPurchaseOfGoods" xlink:label="TotalBeginningAndPurchaseOfGoods"/>
    <link:definitionArc xlink:type="arc" xlink:arcrole="http://xbrl.org/int/dim/arcrole/domain-member" xlink:from="CostOfGoodsSoldAbstract" xlink:to="TotalBeginningAndPurchaseOfGoods" order="3.0"/>
    <link:loc xlink:type="locator" xlink:href="../../jppfs_cor_2017-02-28.xsd#jppfs_cor_CostOfGoodsSold" xlink:label="CostOfGoodsSold"/>
    <link:definitionArc xlink:type="arc" xlink:arcrole="http://xbrl.org/int/dim/arcrole/domain-member" xlink:from="CostOfGoodsSoldAbstract" xlink:to="CostOfGoodsSold" order="5.0"/>
    <link:loc xlink:type="locator" xlink:href="../../jppfs_cor_2017-02-28.xsd#jppfs_cor_CostOfFinishedGoodsSoldAbstract" xlink:label="CostOfFinishedGoodsSoldAbstract"/>
    <link:definitionArc xlink:type="arc" xlink:arcrole="http://xbrl.org/int/dim/arcrole/domain-member" xlink:from="CostOfSalesAbstract" xlink:to="CostOfFinishedGoodsSoldAbstract" order="19.0"/>
    <link:loc xlink:type="locator" xlink:href="../../jppfs_cor_2017-02-28.xsd#jppfs_cor_BeginningFinishedGoodsCOS" xlink:label="BeginningFinishedGoodsCOS"/>
    <link:definitionArc xlink:type="arc" xlink:arcrole="http://xbrl.org/int/dim/arcrole/domain-member" xlink:from="CostOfFinishedGoodsSoldAbstract" xlink:to="BeginningFinishedGoodsCOS" order="1.0"/>
    <link:loc xlink:type="locator" xlink:href="../../jppfs_cor_2017-02-28.xsd#jppfs_cor_CostOfProductsManufactured" xlink:label="CostOfProductsManufactured"/>
    <link:definitionArc xlink:type="arc" xlink:arcrole="http://xbrl.org/int/dim/arcrole/domain-member" xlink:from="CostOfFinishedGoodsSoldAbstract" xlink:to="CostOfProductsManufactured" order="2.0"/>
    <link:loc xlink:type="locator" xlink:href="../../jppfs_cor_2017-02-28.xsd#jppfs_cor_EndingFinishedGoodsCOS" xlink:label="EndingFinishedGoodsCOS"/>
    <link:definitionArc xlink:type="arc" xlink:arcrole="http://xbrl.org/int/dim/arcrole/domain-member" xlink:from="CostOfFinishedGoodsSoldAbstract" xlink:to="EndingFinishedGoodsCOS" order="4.0"/>
    <link:loc xlink:type="locator" xlink:href="../../jppfs_cor_2017-02-28.xsd#jppfs_cor_TotalBeginningFinishedGoodsAndCostOfProductsManufacturedForThePeriod" xlink:label="TotalBeginningFinishedGoodsAndCostOfProductsManufacturedForThePeriod"/>
    <link:definitionArc xlink:type="arc" xlink:arcrole="http://xbrl.org/int/dim/arcrole/domain-member" xlink:from="CostOfFinishedGoodsSoldAbstract" xlink:to="TotalBeginningFinishedGoodsAndCostOfProductsManufacturedForThePeriod" order="3.0"/>
    <link:loc xlink:type="locator" xlink:href="../../jppfs_cor_2017-02-28.xsd#jppfs_cor_CostOfFinishedGoodsSold" xlink:label="CostOfFinishedGoodsSold"/>
    <link:definitionArc xlink:type="arc" xlink:arcrole="http://xbrl.org/int/dim/arcrole/domain-member" xlink:from="CostOfFinishedGoodsSoldAbstract" xlink:to="CostOfFinishedGoodsSold" order="5.0"/>
    <link:loc xlink:type="locator" xlink:href="../../jppfs_cor_2017-02-28.xsd#jppfs_cor_CostOfSales" xlink:label="CostOfSales"/>
    <link:definitionArc xlink:type="arc" xlink:arcrole="http://xbrl.org/int/dim/arcrole/domain-member" xlink:from="CostOfSalesAbstract" xlink:to="CostOfSales" order="20.0"/>
  </link:definitionLink>
</link:linkbase>
