<?xml version="1.0" encoding="UTF-8"?>
<!--  (c) Financial Services Agency, The Japanese Government.
      All Rights Reserved.
      For intellectual property policy and authorized uses of EDINET Taxonomy,
      refer to “EDINET Taxonomy Legal Statement” at http://www.fsa.go.jp/search/EDINET_Taxonomy_Legal_Statement.html
-->
<link:linkbase xmlns:link="http://www.xbrl.org/2003/linkbase" xmlns:xsi="http://www.w3.org/2001/XMLSchema-instance" xmlns:xbrldt="http://xbrl.org/2005/xbrldt" xmlns:xlink="http://www.w3.org/1999/xlink" xmlns:xbrli="http://www.xbrl.org/2003/instance">
  <link:roleRef roleURI="http://disclosure.edinet-fsa.go.jp/role/jppfs/rol_std_BalanceSheet" xlink:type="simple" xlink:href="../../jppfs_rt_2017-02-28.xsd#rol_std_BalanceSheet"/>
  <link:arcroleRef arcroleURI="http://xbrl.org/int/dim/arcrole/domain-member" xlink:type="simple" xlink:href="http://www.xbrl.org/2005/xbrldt-2005.xsd#domain-member"/>
  <link:definitionLink xlink:type="extended" xlink:role="http://disclosure.edinet-fsa.go.jp/role/jppfs/rol_std_BalanceSheet">
    <link:loc xlink:type="locator" xlink:href="../../jppfs_cor_2017-02-28.xsd#jppfs_cor_CurrentAssetsAbstract" xlink:label="CurrentAssetsAbstract"/>
    <link:loc xlink:type="locator" xlink:href="../../jppfs_cor_2017-02-28.xsd#jppfs_cor_ShortTermClaimsOnShareholdersDirectorsOrEmployeesNet" xlink:label="ShortTermClaimsOnShareholdersDirectorsOrEmployeesNet"/>
    <link:definitionArc xlink:type="arc" xlink:arcrole="http://xbrl.org/int/dim/arcrole/domain-member" xlink:from="CurrentAssetsAbstract" xlink:to="ShortTermClaimsOnShareholdersDirectorsOrEmployeesNet" order="25.0"/>
    <link:loc xlink:type="locator" xlink:href="../../jppfs_cor_2017-02-28.xsd#jppfs_cor_ShortTermLoansReceivableNet" xlink:label="ShortTermLoansReceivableNet"/>
    <link:definitionArc xlink:type="arc" xlink:arcrole="http://xbrl.org/int/dim/arcrole/domain-member" xlink:from="CurrentAssetsAbstract" xlink:to="ShortTermLoansReceivableNet" order="28.0"/>
    <link:loc xlink:type="locator" xlink:href="../../jppfs_cor_2017-02-28.xsd#jppfs_cor_NotesReceivableTradeNet" xlink:label="NotesReceivableTradeNet"/>
    <link:definitionArc xlink:type="arc" xlink:arcrole="http://xbrl.org/int/dim/arcrole/domain-member" xlink:from="CurrentAssetsAbstract" xlink:to="NotesReceivableTradeNet" order="4.0"/>
    <link:loc xlink:type="locator" xlink:href="../../jppfs_cor_2017-02-28.xsd#jppfs_cor_AccountsReceivableTradeNet" xlink:label="AccountsReceivableTradeNet"/>
    <link:definitionArc xlink:type="arc" xlink:arcrole="http://xbrl.org/int/dim/arcrole/domain-member" xlink:from="CurrentAssetsAbstract" xlink:to="AccountsReceivableTradeNet" order="7.0"/>
    <link:loc xlink:type="locator" xlink:href="../../jppfs_cor_2017-02-28.xsd#jppfs_cor_LeaseReceivablesNetCA" xlink:label="LeaseReceivablesNetCA"/>
    <link:definitionArc xlink:type="arc" xlink:arcrole="http://xbrl.org/int/dim/arcrole/domain-member" xlink:from="CurrentAssetsAbstract" xlink:to="LeaseReceivablesNetCA" order="10.0"/>
    <link:loc xlink:type="locator" xlink:href="../../jppfs_cor_2017-02-28.xsd#jppfs_cor_LeaseInvestmentAssetsNetCA" xlink:label="LeaseInvestmentAssetsNetCA"/>
    <link:definitionArc xlink:type="arc" xlink:arcrole="http://xbrl.org/int/dim/arcrole/domain-member" xlink:from="CurrentAssetsAbstract" xlink:to="LeaseInvestmentAssetsNetCA" order="13.0"/>
  </link:definitionLink>
</link:linkbase>
