<?xml version="1.0" encoding="UTF-8"?>
<!--  (c) Financial Services Agency, The Japanese Government.
      All Rights Reserved.
      For intellectual property policy and authorized uses of EDINET Taxonomy,
      refer to “EDINET Taxonomy Legal Statement” at http://www.fsa.go.jp/search/EDINET_Taxonomy_Legal_Statement.html
-->
<link:linkbase xmlns:xsi="http://www.w3.org/2001/XMLSchema-instance" xsi:schemaLocation="http://www.xbrl.org/2003/linkbase http://www.xbrl.org/2003/xbrl-linkbase-2003-12-31.xsd http://xbrl.org/2008/label http://www.xbrl.org/2008/generic-label.xsd http://xbrl.org/2008/generic http://www.xbrl.org/2008/generic-link.xsd http://www.w3.org/1999/xlink http://www.xbrl.org/2003/xlink-2003-12-31.xsd" xmlns:gen="http://xbrl.org/2008/generic" xmlns:link="http://www.xbrl.org/2003/linkbase" xmlns:label="http://xbrl.org/2008/label" xmlns:xlink="http://www.w3.org/1999/xlink" xmlns:xbrli="http://www.xbrl.org/2003/instance">
  <link:roleRef roleURI="http://www.xbrl.org/2008/role/label" xlink:type="simple" xlink:href="http://www.xbrl.org/2008/generic-label.xsd#standard-label"/>
  <link:roleRef roleURI="http://www.xbrl.org/2008/role/link" xlink:type="simple" xlink:href="http://www.xbrl.org/2008/generic-link.xsd#standard-link-role"/>
  <link:arcroleRef arcroleURI="http://xbrl.org/arcrole/2008/element-label" xlink:type="simple" xlink:href="http://www.xbrl.org/2008/generic-label.xsd#element-label"/>
  <gen:link xlink:type="extended" xlink:role="http://www.xbrl.org/2008/role/link">
    <link:loc xlink:type="locator" xlink:href="../jpctl_rt_2021-11-01.xsd#rol_std_CabinetOfficeOrdinanceOnSystemForEnsuringAppropriatenessOfFinancialAndOtherDocumentsFormNo1InternalControlReport" xlink:label="src"/>
    <label:label xlink:type="resource" xlink:label="roleLabel" xlink:role="http://www.xbrl.org/2008/role/label" xml:lang="en">Cabinet Office Ordinance on System for Ensuring Appropriateness of Financial and Other Documents Form No. 1 Internal Control Report</label:label>
    <gen:arc xlink:type="arc" xlink:arcrole="http://xbrl.org/arcrole/2008/element-label" xlink:from="src" xlink:to="roleLabel"/>
    <link:loc xlink:type="locator" xlink:href="../jpctl_rt_2021-11-01.xsd#rol_std_CoverPage" xlink:label="src_2"/>
    <label:label xlink:type="resource" xlink:label="roleLabel_2" xlink:role="http://www.xbrl.org/2008/role/label" xml:lang="en">Cover page</label:label>
    <gen:arc xlink:type="arc" xlink:arcrole="http://xbrl.org/arcrole/2008/element-label" xlink:from="src_2" xlink:to="roleLabel_2"/>
    <link:loc xlink:type="locator" xlink:href="../jpctl_rt_2021-11-01.xsd#rol_CabinetOfficeOrdinanceOnSystemForEnsuringAppropriatenessOfFinancialAndOtherDocumentsFormNo1InternalControlReport" xlink:label="src_3"/>
    <label:label xlink:type="resource" xlink:label="roleLabel_3" xlink:role="http://www.xbrl.org/2008/role/label" xml:lang="en">Cabinet Office Ordinance on System for Ensuring Appropriateness of Financial and Other Documents Form No. 1 Internal Control Report</label:label>
    <gen:arc xlink:type="arc" xlink:arcrole="http://xbrl.org/arcrole/2008/element-label" xlink:from="src_3" xlink:to="roleLabel_3"/>
    <link:loc xlink:type="locator" xlink:href="../jpctl_rt_2021-11-01.xsd#rol_CoverPage" xlink:label="src_4"/>
    <label:label xlink:type="resource" xlink:label="roleLabel_4" xlink:role="http://www.xbrl.org/2008/role/label" xml:lang="en">Cover page</label:label>
    <gen:arc xlink:type="arc" xlink:arcrole="http://xbrl.org/arcrole/2008/element-label" xlink:from="src_4" xlink:to="roleLabel_4"/>
    <link:loc xlink:type="locator" xlink:href="../jpctl_rt_2021-11-01.xsd#rol_IndependentAuditorsReport" xlink:label="src_5"/>
    <label:label xlink:type="resource" xlink:label="roleLabel_5" xlink:role="http://www.xbrl.org/2008/role/label" xml:lang="en">Independent auditors' report</label:label>
    <gen:arc xlink:type="arc" xlink:arcrole="http://xbrl.org/arcrole/2008/element-label" xlink:from="src_5" xlink:to="roleLabel_5"/>
  </gen:link>
</link:linkbase>
