<?xml version="1.0" encoding="UTF-8"?>
<!--  (c) Financial Services Agency, The Japanese Government.
      All Rights Reserved.
      For intellectual property policy and authorized uses of EDINET Taxonomy,
      refer to “EDINET Taxonomy Legal Statement” at http://www.fsa.go.jp/search/EDINET_Taxonomy_Legal_Statement.html
-->
<link:linkbase xmlns:link="http://www.xbrl.org/2003/linkbase" xmlns:xsi="http://www.w3.org/2001/XMLSchema-instance" xmlns:xbrldt="http://xbrl.org/2005/xbrldt" xmlns:xlink="http://www.w3.org/1999/xlink" xmlns:xbrli="http://www.xbrl.org/2003/instance">
  <link:roleRef roleURI="http://disclosure.edinet-fsa.go.jp/role/jppfs/rol_std_ConsolidatedStatementOfIncome" xlink:type="simple" xlink:href="../../jppfs_rt_2018-03-31.xsd#rol_std_ConsolidatedStatementOfIncome"/>
  <link:arcroleRef arcroleURI="http://xbrl.org/int/dim/arcrole/domain-member" xlink:type="simple" xlink:href="http://www.xbrl.org/2005/xbrldt-2005.xsd#domain-member"/>
  <link:definitionLink xlink:type="extended" xlink:role="http://disclosure.edinet-fsa.go.jp/role/jppfs/rol_std_ConsolidatedStatementOfIncome">
    <link:loc xlink:type="locator" xlink:href="../../jppfs_cor_2018-03-31.xsd#jppfs_cor_StatementOfIncomeLineItems" xlink:label="StatementOfIncomeLineItems"/>
    <link:loc xlink:type="locator" xlink:href="../../jppfs_cor_2018-03-31.xsd#jppfs_cor_OtherComprehensiveIncomeAbstract" xlink:label="OtherComprehensiveIncomeAbstract_2"/>
    <link:definitionArc xlink:type="arc" xlink:arcrole="http://xbrl.org/int/dim/arcrole/domain-member" xlink:from="StatementOfIncomeLineItems" xlink:to="OtherComprehensiveIncomeAbstract_2" priority="0" order="16.0"/>
    <link:loc xlink:type="locator" xlink:href="../../jppfs_cor_2018-03-31.xsd#jppfs_cor_OtherComprehensiveIncomeAbstract" xlink:label="OtherComprehensiveIncomeAbstract"/>
    <link:loc xlink:type="locator" xlink:href="../../jppfs_cor_2018-03-31.xsd#jppfs_cor_RemeasurementsOfDefinedBenefitPlansBeforeTaxOCI" xlink:label="RemeasurementsOfDefinedBenefitPlansBeforeTaxOCI"/>
    <link:definitionArc xlink:type="arc" xlink:arcrole="http://xbrl.org/int/dim/arcrole/domain-member" xlink:from="OtherComprehensiveIncomeAbstract" xlink:to="RemeasurementsOfDefinedBenefitPlansBeforeTaxOCI" priority="0" order="10.0"/>
    <link:loc xlink:type="locator" xlink:href="../../jppfs_cor_2018-03-31.xsd#jppfs_cor_ValuationDifferenceOnAvailableForSaleSecuritiesBeforeTaxOCI" xlink:label="ValuationDifferenceOnAvailableForSaleSecuritiesBeforeTaxOCI"/>
    <link:definitionArc xlink:type="arc" xlink:arcrole="http://xbrl.org/int/dim/arcrole/domain-member" xlink:from="OtherComprehensiveIncomeAbstract" xlink:to="ValuationDifferenceOnAvailableForSaleSecuritiesBeforeTaxOCI" priority="0" order="7.0"/>
    <link:loc xlink:type="locator" xlink:href="../../jppfs_cor_2018-03-31.xsd#jppfs_cor_DeferredGainsOrLossesOnHedgesBeforeTaxOCI" xlink:label="DeferredGainsOrLossesOnHedgesBeforeTaxOCI"/>
    <link:definitionArc xlink:type="arc" xlink:arcrole="http://xbrl.org/int/dim/arcrole/domain-member" xlink:from="OtherComprehensiveIncomeAbstract" xlink:to="DeferredGainsOrLossesOnHedgesBeforeTaxOCI" priority="0" order="8.0"/>
    <link:loc xlink:type="locator" xlink:href="../../jppfs_cor_2018-03-31.xsd#jppfs_cor_ForeignCurrencyTranslationAdjustmentBeforeTaxOCI" xlink:label="ForeignCurrencyTranslationAdjustmentBeforeTaxOCI"/>
    <link:definitionArc xlink:type="arc" xlink:arcrole="http://xbrl.org/int/dim/arcrole/domain-member" xlink:from="OtherComprehensiveIncomeAbstract" xlink:to="ForeignCurrencyTranslationAdjustmentBeforeTaxOCI" priority="0" order="9.0"/>
    <link:loc xlink:type="locator" xlink:href="../../jppfs_cor_2018-03-31.xsd#jppfs_cor_ShareOfOtherComprehensiveIncomeOfAssociatesAccountedForUsingEquityMethodOCI" xlink:label="ShareOfOtherComprehensiveIncomeOfAssociatesAccountedForUsingEquityMethodOCI"/>
    <link:definitionArc xlink:type="arc" xlink:arcrole="http://xbrl.org/int/dim/arcrole/domain-member" xlink:from="OtherComprehensiveIncomeAbstract" xlink:to="ShareOfOtherComprehensiveIncomeOfAssociatesAccountedForUsingEquityMethodOCI" priority="0" order="11.0"/>
    <link:loc xlink:type="locator" xlink:href="../../jppfs_cor_2018-03-31.xsd#jppfs_cor_IncomeTaxRelatingToOtherComprehensiveIncomeOCI" xlink:label="IncomeTaxRelatingToOtherComprehensiveIncomeOCI"/>
    <link:definitionArc xlink:type="arc" xlink:arcrole="http://xbrl.org/int/dim/arcrole/domain-member" xlink:from="OtherComprehensiveIncomeAbstract" xlink:to="IncomeTaxRelatingToOtherComprehensiveIncomeOCI" priority="0" order="12.0"/>
    <link:loc xlink:type="locator" xlink:href="../../jppfs_cor_2018-03-31.xsd#jppfs_cor_OtherComprehensiveIncome" xlink:label="OtherComprehensiveIncome"/>
    <link:definitionArc xlink:type="arc" xlink:arcrole="http://xbrl.org/int/dim/arcrole/domain-member" xlink:from="OtherComprehensiveIncomeAbstract" xlink:to="OtherComprehensiveIncome" priority="0" order="13.0"/>
    <link:loc xlink:type="locator" xlink:href="../../jppfs_cor_2018-03-31.xsd#jppfs_cor_ComprehensiveIncome" xlink:label="ComprehensiveIncome"/>
    <link:definitionArc xlink:type="arc" xlink:arcrole="http://xbrl.org/int/dim/arcrole/domain-member" xlink:from="StatementOfIncomeLineItems" xlink:to="ComprehensiveIncome" priority="0" order="17.0"/>
    <link:loc xlink:type="locator" xlink:href="../../jppfs_cor_2018-03-31.xsd#jppfs_cor_ComprehensiveIncomeAttributableToAbstract" xlink:label="ComprehensiveIncomeAttributableToAbstract"/>
    <link:loc xlink:type="locator" xlink:href="../../jppfs_cor_2018-03-31.xsd#jppfs_cor_ComprehensiveIncomeAttributableToOwnersOfTheParent" xlink:label="ComprehensiveIncomeAttributableToOwnersOfTheParent"/>
    <link:definitionArc xlink:type="arc" xlink:arcrole="http://xbrl.org/int/dim/arcrole/domain-member" xlink:from="ComprehensiveIncomeAttributableToAbstract" xlink:to="ComprehensiveIncomeAttributableToOwnersOfTheParent" priority="0" order="3.0"/>
    <link:loc xlink:type="locator" xlink:href="../../jppfs_cor_2018-03-31.xsd#jppfs_cor_ComprehensiveIncomeAttributableToNonControllingInterests" xlink:label="ComprehensiveIncomeAttributableToNonControllingInterests"/>
    <link:definitionArc xlink:type="arc" xlink:arcrole="http://xbrl.org/int/dim/arcrole/domain-member" xlink:from="ComprehensiveIncomeAttributableToAbstract" xlink:to="ComprehensiveIncomeAttributableToNonControllingInterests" priority="0" order="4.0"/>
    <link:loc xlink:type="locator" xlink:href="../../jppfs_cor_2018-03-31.xsd#jppfs_cor_ComprehensiveIncomeAttributableToAbstract" xlink:label="ComprehensiveIncomeAttributableToAbstract_2"/>
    <link:definitionArc xlink:type="arc" xlink:arcrole="http://xbrl.org/int/dim/arcrole/domain-member" xlink:from="StatementOfIncomeLineItems" xlink:to="ComprehensiveIncomeAttributableToAbstract_2" priority="0" order="18.0"/>
  </link:definitionLink>
</link:linkbase>
