<?xml version="1.0" encoding="UTF-8"?>
<!--  (c) Financial Services Agency, The Japanese Government.
      All Rights Reserved.
      For intellectual property policy and authorized uses of EDINET Taxonomy,
      refer to “EDINET Taxonomy Legal Statement” at http://www.fsa.go.jp/search/EDINET_Taxonomy_Legal_Statement.html
-->
<link:linkbase xmlns:link="http://www.xbrl.org/2003/linkbase" xmlns:xsi="http://www.w3.org/2001/XMLSchema-instance" xmlns:xlink="http://www.w3.org/1999/xlink" xmlns:xbrli="http://www.xbrl.org/2003/instance">
  <link:roleRef roleURI="http://disclosure.edinet-fsa.go.jp/jppfs/Consolidated/role/label" xlink:type="simple" xlink:href="../../jppfs_rt_2018-03-31.xsd#rol_ConsolidatedLabel"/>
  <link:roleRef roleURI="http://disclosure.edinet-fsa.go.jp/jppfs/Consolidated/role/totalLabel" xlink:type="simple" xlink:href="../../jppfs_rt_2018-03-31.xsd#rol_ConsolidatedTotalLabel"/>
  <link:roleRef roleURI="http://disclosure.edinet-fsa.go.jp/jppfs/bnk/role/label" xlink:type="simple" xlink:href="../../jppfs_rt_2018-03-31.xsd#rol_BNKLabel"/>
  <link:roleRef roleURI="http://disclosure.edinet-fsa.go.jp/jppfs/bnk/role/totalLabel" xlink:type="simple" xlink:href="../../jppfs_rt_2018-03-31.xsd#rol_BNKTotalLabel"/>
  <link:roleRef roleURI="http://disclosure.edinet-fsa.go.jp/role/jppfs/rol_std_ConsolidatedBalanceSheet" xlink:type="simple" xlink:href="../../jppfs_rt_2018-03-31.xsd#rol_std_ConsolidatedBalanceSheet"/>
  <link:presentationLink xlink:type="extended" xlink:role="http://disclosure.edinet-fsa.go.jp/role/jppfs/rol_std_ConsolidatedBalanceSheet">
    <link:loc xlink:type="locator" xlink:href="../../jppfs_cor_2018-03-31.xsd#jppfs_cor_BalanceSheetTable" xlink:label="BalanceSheetTable"/>
    <link:loc xlink:type="locator" xlink:href="../../jppfs_cor_2018-03-31.xsd#jppfs_cor_ConsolidatedOrNonConsolidatedAxis" xlink:label="ConsolidatedOrNonConsolidatedAxis"/>
    <link:presentationArc xlink:type="arc" xlink:arcrole="http://www.xbrl.org/2003/arcrole/parent-child" xlink:from="BalanceSheetTable" xlink:to="ConsolidatedOrNonConsolidatedAxis" priority="0" order="1.0"/>
    <link:loc xlink:type="locator" xlink:href="../../jppfs_cor_2018-03-31.xsd#jppfs_cor_ConsolidatedMember" xlink:label="ConsolidatedMember"/>
    <link:presentationArc xlink:type="arc" xlink:arcrole="http://www.xbrl.org/2003/arcrole/parent-child" xlink:from="ConsolidatedOrNonConsolidatedAxis" xlink:to="ConsolidatedMember" priority="0" order="1.0"/>
    <link:loc xlink:type="locator" xlink:href="../../jppfs_cor_2018-03-31.xsd#jppfs_cor_BalanceSheetLineItems" xlink:label="BalanceSheetLineItems"/>
    <link:loc xlink:type="locator" xlink:href="../../jppfs_cor_2018-03-31.xsd#jppfs_cor_AssetsAbstract" xlink:label="AssetsAbstract"/>
    <link:presentationArc xlink:type="arc" xlink:arcrole="http://www.xbrl.org/2003/arcrole/parent-child" xlink:from="BalanceSheetLineItems" xlink:to="AssetsAbstract" priority="0" order="1.0"/>
    <link:loc xlink:type="locator" xlink:href="../../jppfs_cor_2018-03-31.xsd#jppfs_cor_CallLoansAndBillsBoughtAssetsBNK" xlink:label="CallLoansAndBillsBoughtAssetsBNK"/>
    <link:presentationArc xlink:type="arc" xlink:arcrole="http://www.xbrl.org/2003/arcrole/parent-child" xlink:from="AssetsAbstract" xlink:to="CallLoansAndBillsBoughtAssetsBNK" priority="0" order="2.0"/>
    <link:loc xlink:type="locator" xlink:href="../../jppfs_cor_2018-03-31.xsd#jppfs_cor_TradingAccountSecuritiesAssetsBNK" xlink:label="TradingAccountSecuritiesAssetsBNK"/>
    <link:presentationArc xlink:type="arc" xlink:arcrole="http://www.xbrl.org/2003/arcrole/parent-child" xlink:from="AssetsAbstract" xlink:to="TradingAccountSecuritiesAssetsBNK" priority="0" order="7.0"/>
    <link:loc xlink:type="locator" xlink:href="../../jppfs_cor_2018-03-31.xsd#jppfs_cor_CashAndDueFromBanksAssetsBNK" xlink:label="CashAndDueFromBanksAssetsBNK"/>
    <link:presentationArc xlink:type="arc" xlink:arcrole="http://www.xbrl.org/2003/arcrole/parent-child" xlink:from="AssetsAbstract" xlink:to="CashAndDueFromBanksAssetsBNK" priority="0" order="1.0"/>
    <link:loc xlink:type="locator" xlink:href="../../jppfs_cor_2018-03-31.xsd#jppfs_cor_ReceivablesUnderResaleAgreementsAssetsBNK" xlink:label="ReceivablesUnderResaleAgreementsAssetsBNK"/>
    <link:presentationArc xlink:type="arc" xlink:arcrole="http://www.xbrl.org/2003/arcrole/parent-child" xlink:from="AssetsAbstract" xlink:to="ReceivablesUnderResaleAgreementsAssetsBNK" priority="0" order="3.0"/>
    <link:loc xlink:type="locator" xlink:href="../../jppfs_cor_2018-03-31.xsd#jppfs_cor_ReceivablesUnderSecuritiesBorrowingTransactionsAssetsBNK" xlink:label="ReceivablesUnderSecuritiesBorrowingTransactionsAssetsBNK"/>
    <link:presentationArc xlink:type="arc" xlink:arcrole="http://www.xbrl.org/2003/arcrole/parent-child" xlink:from="AssetsAbstract" xlink:to="ReceivablesUnderSecuritiesBorrowingTransactionsAssetsBNK" priority="0" order="4.0"/>
    <link:loc xlink:type="locator" xlink:href="../../jppfs_cor_2018-03-31.xsd#jppfs_cor_MonetaryClaimsBoughtAssetsBNK" xlink:label="MonetaryClaimsBoughtAssetsBNK"/>
    <link:presentationArc xlink:type="arc" xlink:arcrole="http://www.xbrl.org/2003/arcrole/parent-child" xlink:from="AssetsAbstract" xlink:to="MonetaryClaimsBoughtAssetsBNK" priority="0" order="5.0"/>
    <link:loc xlink:type="locator" xlink:href="../../jppfs_cor_2018-03-31.xsd#jppfs_cor_TradingAssetsAssetsBNK" xlink:label="TradingAssetsAssetsBNK"/>
    <link:presentationArc xlink:type="arc" xlink:arcrole="http://www.xbrl.org/2003/arcrole/parent-child" xlink:from="AssetsAbstract" xlink:to="TradingAssetsAssetsBNK" priority="0" order="6.0"/>
    <link:loc xlink:type="locator" xlink:href="../../jppfs_cor_2018-03-31.xsd#jppfs_cor_MoneyHeldInTrustAssetsBNK" xlink:label="MoneyHeldInTrustAssetsBNK"/>
    <link:presentationArc xlink:type="arc" xlink:arcrole="http://www.xbrl.org/2003/arcrole/parent-child" xlink:from="AssetsAbstract" xlink:to="MoneyHeldInTrustAssetsBNK" priority="0" order="8.0"/>
    <link:loc xlink:type="locator" xlink:href="../../jppfs_cor_2018-03-31.xsd#jppfs_cor_SecuritiesAssetsBNK" xlink:label="SecuritiesAssetsBNK"/>
    <link:presentationArc xlink:type="arc" xlink:arcrole="http://www.xbrl.org/2003/arcrole/parent-child" xlink:from="AssetsAbstract" xlink:to="SecuritiesAssetsBNK" priority="0" order="9.0"/>
    <link:loc xlink:type="locator" xlink:href="../../jppfs_cor_2018-03-31.xsd#jppfs_cor_LoansAndBillsDiscountedAssetsBNK" xlink:label="LoansAndBillsDiscountedAssetsBNK"/>
    <link:presentationArc xlink:type="arc" xlink:arcrole="http://www.xbrl.org/2003/arcrole/parent-child" xlink:from="AssetsAbstract" xlink:to="LoansAndBillsDiscountedAssetsBNK" priority="0" order="10.0"/>
    <link:loc xlink:type="locator" xlink:href="../../jppfs_cor_2018-03-31.xsd#jppfs_cor_ForeignExchangesAssetsBNK" xlink:label="ForeignExchangesAssetsBNK"/>
    <link:presentationArc xlink:type="arc" xlink:arcrole="http://www.xbrl.org/2003/arcrole/parent-child" xlink:from="AssetsAbstract" xlink:to="ForeignExchangesAssetsBNK" priority="0" order="11.0"/>
    <link:loc xlink:type="locator" xlink:href="../../jppfs_cor_2018-03-31.xsd#jppfs_cor_OtherAssetsAssetsBNK" xlink:label="OtherAssetsAssetsBNK"/>
    <link:presentationArc xlink:type="arc" xlink:arcrole="http://www.xbrl.org/2003/arcrole/parent-child" xlink:from="AssetsAbstract" xlink:to="OtherAssetsAssetsBNK" priority="0" order="12.0"/>
    <link:loc xlink:type="locator" xlink:href="../../jppfs_cor_2018-03-31.xsd#jppfs_cor_DeferredTaxAssetsAssetsBNK" xlink:label="DeferredTaxAssetsAssetsBNK"/>
    <link:presentationArc xlink:type="arc" xlink:arcrole="http://www.xbrl.org/2003/arcrole/parent-child" xlink:from="AssetsAbstract" xlink:to="DeferredTaxAssetsAssetsBNK" priority="0" order="16.0"/>
    <link:loc xlink:type="locator" xlink:href="../../jppfs_cor_2018-03-31.xsd#jppfs_cor_CustomersLiabilitiesForAcceptancesAndGuaranteesAssetsBNK" xlink:label="CustomersLiabilitiesForAcceptancesAndGuaranteesAssetsBNK"/>
    <link:presentationArc xlink:type="arc" xlink:arcrole="http://www.xbrl.org/2003/arcrole/parent-child" xlink:from="AssetsAbstract" xlink:to="CustomersLiabilitiesForAcceptancesAndGuaranteesAssetsBNK" priority="0" order="18.0"/>
    <link:loc xlink:type="locator" xlink:href="../../jppfs_cor_2018-03-31.xsd#jppfs_cor_AllowanceForLoanLossesAssetsBNK" xlink:label="AllowanceForLoanLossesAssetsBNK"/>
    <link:presentationArc xlink:type="arc" xlink:arcrole="http://www.xbrl.org/2003/arcrole/parent-child" xlink:from="AssetsAbstract" xlink:to="AllowanceForLoanLossesAssetsBNK" priority="0" order="19.0"/>
    <link:loc xlink:type="locator" xlink:href="../../jppfs_cor_2018-03-31.xsd#jppfs_cor_NetDefinedBenefitAsset" xlink:label="NetDefinedBenefitAsset"/>
    <link:presentationArc xlink:type="arc" xlink:arcrole="http://www.xbrl.org/2003/arcrole/parent-child" xlink:from="AssetsAbstract" xlink:to="NetDefinedBenefitAsset" priority="0" order="15.0"/>
    <link:loc xlink:type="locator" xlink:href="../../jppfs_cor_2018-03-31.xsd#jppfs_cor_PropertyPlantAndEquipment" xlink:label="PropertyPlantAndEquipment"/>
    <link:presentationArc xlink:type="arc" xlink:arcrole="http://www.xbrl.org/2003/arcrole/parent-child" xlink:from="AssetsAbstract" xlink:to="PropertyPlantAndEquipment" priority="0" order="13.0" preferredLabel="http://disclosure.edinet-fsa.go.jp/jppfs/bnk/role/label"/>
    <link:loc xlink:type="locator" xlink:href="../../jppfs_cor_2018-03-31.xsd#jppfs_cor_LeaseAssetsNetPPE" xlink:label="LeaseAssetsNetPPE"/>
    <link:presentationArc xlink:type="arc" xlink:arcrole="http://www.xbrl.org/2003/arcrole/parent-child" xlink:from="PropertyPlantAndEquipment" xlink:to="LeaseAssetsNetPPE" priority="0" order="3.0" preferredLabel="http://disclosure.edinet-fsa.go.jp/jppfs/bnk/role/label"/>
    <link:loc xlink:type="locator" xlink:href="../../jppfs_cor_2018-03-31.xsd#jppfs_cor_ConstructionInProgress" xlink:label="ConstructionInProgress"/>
    <link:presentationArc xlink:type="arc" xlink:arcrole="http://www.xbrl.org/2003/arcrole/parent-child" xlink:from="PropertyPlantAndEquipment" xlink:to="ConstructionInProgress" priority="0" order="4.0"/>
    <link:loc xlink:type="locator" xlink:href="../../jppfs_cor_2018-03-31.xsd#jppfs_cor_OtherNetPPE" xlink:label="OtherNetPPE"/>
    <link:presentationArc xlink:type="arc" xlink:arcrole="http://www.xbrl.org/2003/arcrole/parent-child" xlink:from="PropertyPlantAndEquipment" xlink:to="OtherNetPPE" priority="0" order="5.0" preferredLabel="http://disclosure.edinet-fsa.go.jp/jppfs/bnk/role/label"/>
    <link:loc xlink:type="locator" xlink:href="../../jppfs_cor_2018-03-31.xsd#jppfs_cor_BuildingsNet" xlink:label="BuildingsNet"/>
    <link:presentationArc xlink:type="arc" xlink:arcrole="http://www.xbrl.org/2003/arcrole/parent-child" xlink:from="PropertyPlantAndEquipment" xlink:to="BuildingsNet" priority="0" order="1.0" preferredLabel="http://disclosure.edinet-fsa.go.jp/jppfs/bnk/role/label"/>
    <link:loc xlink:type="locator" xlink:href="../../jppfs_cor_2018-03-31.xsd#jppfs_cor_Land" xlink:label="Land"/>
    <link:presentationArc xlink:type="arc" xlink:arcrole="http://www.xbrl.org/2003/arcrole/parent-child" xlink:from="PropertyPlantAndEquipment" xlink:to="Land" priority="0" order="2.0"/>
    <link:loc xlink:type="locator" xlink:href="../../jppfs_cor_2018-03-31.xsd#jppfs_cor_IntangibleAssets" xlink:label="IntangibleAssets"/>
    <link:presentationArc xlink:type="arc" xlink:arcrole="http://www.xbrl.org/2003/arcrole/parent-child" xlink:from="AssetsAbstract" xlink:to="IntangibleAssets" priority="0" order="14.0" preferredLabel="http://disclosure.edinet-fsa.go.jp/jppfs/bnk/role/label"/>
    <link:loc xlink:type="locator" xlink:href="../../jppfs_cor_2018-03-31.xsd#jppfs_cor_LeaseAssetsIA" xlink:label="LeaseAssetsIA"/>
    <link:presentationArc xlink:type="arc" xlink:arcrole="http://www.xbrl.org/2003/arcrole/parent-child" xlink:from="IntangibleAssets" xlink:to="LeaseAssetsIA" priority="0" order="3.0"/>
    <link:loc xlink:type="locator" xlink:href="../../jppfs_cor_2018-03-31.xsd#jppfs_cor_Software" xlink:label="Software"/>
    <link:presentationArc xlink:type="arc" xlink:arcrole="http://www.xbrl.org/2003/arcrole/parent-child" xlink:from="IntangibleAssets" xlink:to="Software" priority="0" order="1.0"/>
    <link:loc xlink:type="locator" xlink:href="../../jppfs_cor_2018-03-31.xsd#jppfs_cor_OtherIA" xlink:label="OtherIA"/>
    <link:presentationArc xlink:type="arc" xlink:arcrole="http://www.xbrl.org/2003/arcrole/parent-child" xlink:from="IntangibleAssets" xlink:to="OtherIA" priority="0" order="4.0" preferredLabel="http://disclosure.edinet-fsa.go.jp/jppfs/bnk/role/label"/>
    <link:loc xlink:type="locator" xlink:href="../../jppfs_cor_2018-03-31.xsd#jppfs_cor_Goodwill" xlink:label="Goodwill"/>
    <link:presentationArc xlink:type="arc" xlink:arcrole="http://www.xbrl.org/2003/arcrole/parent-child" xlink:from="IntangibleAssets" xlink:to="Goodwill" priority="0" order="2.0"/>
    <link:loc xlink:type="locator" xlink:href="../../jppfs_cor_2018-03-31.xsd#jppfs_cor_DeferredTaxAssetsForLandRevaluation" xlink:label="DeferredTaxAssetsForLandRevaluation"/>
    <link:presentationArc xlink:type="arc" xlink:arcrole="http://www.xbrl.org/2003/arcrole/parent-child" xlink:from="AssetsAbstract" xlink:to="DeferredTaxAssetsForLandRevaluation" priority="0" order="17.0"/>
    <link:loc xlink:type="locator" xlink:href="../../jppfs_cor_2018-03-31.xsd#jppfs_cor_Assets" xlink:label="Assets"/>
    <link:presentationArc xlink:type="arc" xlink:arcrole="http://www.xbrl.org/2003/arcrole/parent-child" xlink:from="AssetsAbstract" xlink:to="Assets" priority="0" order="20.0" preferredLabel="http://disclosure.edinet-fsa.go.jp/jppfs/bnk/role/totalLabel"/>
    <link:loc xlink:type="locator" xlink:href="../../jppfs_cor_2018-03-31.xsd#jppfs_cor_LiabilitiesAbstract" xlink:label="LiabilitiesAbstract"/>
    <link:presentationArc xlink:type="arc" xlink:arcrole="http://www.xbrl.org/2003/arcrole/parent-child" xlink:from="BalanceSheetLineItems" xlink:to="LiabilitiesAbstract" priority="0" order="2.0"/>
    <link:loc xlink:type="locator" xlink:href="../../jppfs_cor_2018-03-31.xsd#jppfs_cor_CallMoneyAndBillsSoldLiabilitiesBNK" xlink:label="CallMoneyAndBillsSoldLiabilitiesBNK"/>
    <link:presentationArc xlink:type="arc" xlink:arcrole="http://www.xbrl.org/2003/arcrole/parent-child" xlink:from="LiabilitiesAbstract" xlink:to="CallMoneyAndBillsSoldLiabilitiesBNK" priority="0" order="3.0"/>
    <link:loc xlink:type="locator" xlink:href="../../jppfs_cor_2018-03-31.xsd#jppfs_cor_DepositsLiabilitiesBNK" xlink:label="DepositsLiabilitiesBNK"/>
    <link:presentationArc xlink:type="arc" xlink:arcrole="http://www.xbrl.org/2003/arcrole/parent-child" xlink:from="LiabilitiesAbstract" xlink:to="DepositsLiabilitiesBNK" priority="0" order="1.0"/>
    <link:loc xlink:type="locator" xlink:href="../../jppfs_cor_2018-03-31.xsd#jppfs_cor_NegotiableCertificatesOfDepositLiabilitiesBNK" xlink:label="NegotiableCertificatesOfDepositLiabilitiesBNK"/>
    <link:presentationArc xlink:type="arc" xlink:arcrole="http://www.xbrl.org/2003/arcrole/parent-child" xlink:from="LiabilitiesAbstract" xlink:to="NegotiableCertificatesOfDepositLiabilitiesBNK" priority="0" order="2.0"/>
    <link:loc xlink:type="locator" xlink:href="../../jppfs_cor_2018-03-31.xsd#jppfs_cor_PayablesUnderRepurchaseAgreementsLiabilitiesBNK" xlink:label="PayablesUnderRepurchaseAgreementsLiabilitiesBNK"/>
    <link:presentationArc xlink:type="arc" xlink:arcrole="http://www.xbrl.org/2003/arcrole/parent-child" xlink:from="LiabilitiesAbstract" xlink:to="PayablesUnderRepurchaseAgreementsLiabilitiesBNK" priority="0" order="4.0"/>
    <link:loc xlink:type="locator" xlink:href="../../jppfs_cor_2018-03-31.xsd#jppfs_cor_PayablesUnderSecuritiesLendingTransactionsLiabilitiesBNK" xlink:label="PayablesUnderSecuritiesLendingTransactionsLiabilitiesBNK"/>
    <link:presentationArc xlink:type="arc" xlink:arcrole="http://www.xbrl.org/2003/arcrole/parent-child" xlink:from="LiabilitiesAbstract" xlink:to="PayablesUnderSecuritiesLendingTransactionsLiabilitiesBNK" priority="0" order="5.0"/>
    <link:loc xlink:type="locator" xlink:href="../../jppfs_cor_2018-03-31.xsd#jppfs_cor_CommercialPapersLiabilities" xlink:label="CommercialPapersLiabilities"/>
    <link:presentationArc xlink:type="arc" xlink:arcrole="http://www.xbrl.org/2003/arcrole/parent-child" xlink:from="LiabilitiesAbstract" xlink:to="CommercialPapersLiabilities" priority="0" order="6.0"/>
    <link:loc xlink:type="locator" xlink:href="../../jppfs_cor_2018-03-31.xsd#jppfs_cor_TradingLiabilitiesLiabilitiesBNK" xlink:label="TradingLiabilitiesLiabilitiesBNK"/>
    <link:presentationArc xlink:type="arc" xlink:arcrole="http://www.xbrl.org/2003/arcrole/parent-child" xlink:from="LiabilitiesAbstract" xlink:to="TradingLiabilitiesLiabilitiesBNK" priority="0" order="7.0"/>
    <link:loc xlink:type="locator" xlink:href="../../jppfs_cor_2018-03-31.xsd#jppfs_cor_BorrowedMoneyLiabilitiesBNK" xlink:label="BorrowedMoneyLiabilitiesBNK"/>
    <link:presentationArc xlink:type="arc" xlink:arcrole="http://www.xbrl.org/2003/arcrole/parent-child" xlink:from="LiabilitiesAbstract" xlink:to="BorrowedMoneyLiabilitiesBNK" priority="0" order="8.0"/>
    <link:loc xlink:type="locator" xlink:href="../../jppfs_cor_2018-03-31.xsd#jppfs_cor_ForeignExchangesLiabilitiesBNK" xlink:label="ForeignExchangesLiabilitiesBNK"/>
    <link:presentationArc xlink:type="arc" xlink:arcrole="http://www.xbrl.org/2003/arcrole/parent-child" xlink:from="LiabilitiesAbstract" xlink:to="ForeignExchangesLiabilitiesBNK" priority="0" order="9.0"/>
    <link:loc xlink:type="locator" xlink:href="../../jppfs_cor_2018-03-31.xsd#jppfs_cor_OtherLiabilitiesLiabilitiesBNK" xlink:label="OtherLiabilitiesLiabilitiesBNK"/>
    <link:presentationArc xlink:type="arc" xlink:arcrole="http://www.xbrl.org/2003/arcrole/parent-child" xlink:from="LiabilitiesAbstract" xlink:to="OtherLiabilitiesLiabilitiesBNK" priority="0" order="13.0"/>
    <link:loc xlink:type="locator" xlink:href="../../jppfs_cor_2018-03-31.xsd#jppfs_cor_ProvisionForDirectorsBonuses" xlink:label="ProvisionForDirectorsBonuses"/>
    <link:presentationArc xlink:type="arc" xlink:arcrole="http://www.xbrl.org/2003/arcrole/parent-child" xlink:from="LiabilitiesAbstract" xlink:to="ProvisionForDirectorsBonuses" priority="0" order="15.0"/>
    <link:loc xlink:type="locator" xlink:href="../../jppfs_cor_2018-03-31.xsd#jppfs_cor_ReservesUnderTheSpecialLaws2" xlink:label="ReservesUnderTheSpecialLaws2"/>
    <link:presentationArc xlink:type="arc" xlink:arcrole="http://www.xbrl.org/2003/arcrole/parent-child" xlink:from="LiabilitiesAbstract" xlink:to="ReservesUnderTheSpecialLaws2" priority="0" order="18.0"/>
    <link:loc xlink:type="locator" xlink:href="../../jppfs_cor_2018-03-31.xsd#jppfs_cor_DeferredTaxLiabilitiesLiabilitiesBNK" xlink:label="DeferredTaxLiabilitiesLiabilitiesBNK"/>
    <link:presentationArc xlink:type="arc" xlink:arcrole="http://www.xbrl.org/2003/arcrole/parent-child" xlink:from="LiabilitiesAbstract" xlink:to="DeferredTaxLiabilitiesLiabilitiesBNK" priority="0" order="19.0"/>
    <link:loc xlink:type="locator" xlink:href="../../jppfs_cor_2018-03-31.xsd#jppfs_cor_AcceptancesAndGuaranteesLiabilitiesBNK" xlink:label="AcceptancesAndGuaranteesLiabilitiesBNK"/>
    <link:presentationArc xlink:type="arc" xlink:arcrole="http://www.xbrl.org/2003/arcrole/parent-child" xlink:from="LiabilitiesAbstract" xlink:to="AcceptancesAndGuaranteesLiabilitiesBNK" priority="0" order="21.0"/>
    <link:loc xlink:type="locator" xlink:href="../../jppfs_cor_2018-03-31.xsd#jppfs_cor_NetDefinedBenefitLiability" xlink:label="NetDefinedBenefitLiability"/>
    <link:presentationArc xlink:type="arc" xlink:arcrole="http://www.xbrl.org/2003/arcrole/parent-child" xlink:from="LiabilitiesAbstract" xlink:to="NetDefinedBenefitLiability" priority="0" order="16.0"/>
    <link:loc xlink:type="locator" xlink:href="../../jppfs_cor_2018-03-31.xsd#jppfs_cor_ShortTermBondsPayable" xlink:label="ShortTermBondsPayable"/>
    <link:presentationArc xlink:type="arc" xlink:arcrole="http://www.xbrl.org/2003/arcrole/parent-child" xlink:from="LiabilitiesAbstract" xlink:to="ShortTermBondsPayable" priority="0" order="10.0"/>
    <link:loc xlink:type="locator" xlink:href="../../jppfs_cor_2018-03-31.xsd#jppfs_cor_BondsPayable" xlink:label="BondsPayable"/>
    <link:presentationArc xlink:type="arc" xlink:arcrole="http://www.xbrl.org/2003/arcrole/parent-child" xlink:from="LiabilitiesAbstract" xlink:to="BondsPayable" priority="0" order="11.0"/>
    <link:loc xlink:type="locator" xlink:href="../../jppfs_cor_2018-03-31.xsd#jppfs_cor_BondsWithSubscriptionRightsToSharesNCL" xlink:label="BondsWithSubscriptionRightsToSharesNCL"/>
    <link:presentationArc xlink:type="arc" xlink:arcrole="http://www.xbrl.org/2003/arcrole/parent-child" xlink:from="LiabilitiesAbstract" xlink:to="BondsWithSubscriptionRightsToSharesNCL" priority="0" order="12.0"/>
    <link:loc xlink:type="locator" xlink:href="../../jppfs_cor_2018-03-31.xsd#jppfs_cor_ProvisionForDirectorsRetirementBenefits" xlink:label="ProvisionForDirectorsRetirementBenefits"/>
    <link:presentationArc xlink:type="arc" xlink:arcrole="http://www.xbrl.org/2003/arcrole/parent-child" xlink:from="LiabilitiesAbstract" xlink:to="ProvisionForDirectorsRetirementBenefits" priority="0" order="17.0"/>
    <link:loc xlink:type="locator" xlink:href="../../jppfs_cor_2018-03-31.xsd#jppfs_cor_ProvisionForBonuses" xlink:label="ProvisionForBonuses"/>
    <link:presentationArc xlink:type="arc" xlink:arcrole="http://www.xbrl.org/2003/arcrole/parent-child" xlink:from="LiabilitiesAbstract" xlink:to="ProvisionForBonuses" priority="0" order="14.0"/>
    <link:loc xlink:type="locator" xlink:href="../../jppfs_cor_2018-03-31.xsd#jppfs_cor_DeferredTaxLiabilitiesForLandRevaluation" xlink:label="DeferredTaxLiabilitiesForLandRevaluation"/>
    <link:presentationArc xlink:type="arc" xlink:arcrole="http://www.xbrl.org/2003/arcrole/parent-child" xlink:from="LiabilitiesAbstract" xlink:to="DeferredTaxLiabilitiesForLandRevaluation" priority="0" order="20.0"/>
    <link:loc xlink:type="locator" xlink:href="../../jppfs_cor_2018-03-31.xsd#jppfs_cor_Liabilities" xlink:label="Liabilities"/>
    <link:presentationArc xlink:type="arc" xlink:arcrole="http://www.xbrl.org/2003/arcrole/parent-child" xlink:from="LiabilitiesAbstract" xlink:to="Liabilities" priority="0" order="22.0" preferredLabel="http://disclosure.edinet-fsa.go.jp/jppfs/bnk/role/totalLabel"/>
    <link:loc xlink:type="locator" xlink:href="../../jppfs_cor_2018-03-31.xsd#jppfs_cor_NetAssetsAbstract" xlink:label="NetAssetsAbstract"/>
    <link:presentationArc xlink:type="arc" xlink:arcrole="http://www.xbrl.org/2003/arcrole/parent-child" xlink:from="BalanceSheetLineItems" xlink:to="NetAssetsAbstract" priority="0" order="3.0"/>
    <link:loc xlink:type="locator" xlink:href="../../jppfs_cor_2018-03-31.xsd#jppfs_cor_ForeignCurrencyTranslationAdjustment" xlink:label="ForeignCurrencyTranslationAdjustment"/>
    <link:presentationArc xlink:type="arc" xlink:arcrole="http://www.xbrl.org/2003/arcrole/parent-child" xlink:from="NetAssetsAbstract" xlink:to="ForeignCurrencyTranslationAdjustment" priority="0" order="11.0"/>
    <link:loc xlink:type="locator" xlink:href="../../jppfs_cor_2018-03-31.xsd#jppfs_cor_RemeasurementsOfDefinedBenefitPlans" xlink:label="RemeasurementsOfDefinedBenefitPlans"/>
    <link:presentationArc xlink:type="arc" xlink:arcrole="http://www.xbrl.org/2003/arcrole/parent-child" xlink:from="NetAssetsAbstract" xlink:to="RemeasurementsOfDefinedBenefitPlans" priority="0" order="12.0"/>
    <link:loc xlink:type="locator" xlink:href="../../jppfs_cor_2018-03-31.xsd#jppfs_cor_CapitalStock" xlink:label="CapitalStock"/>
    <link:presentationArc xlink:type="arc" xlink:arcrole="http://www.xbrl.org/2003/arcrole/parent-child" xlink:from="NetAssetsAbstract" xlink:to="CapitalStock" priority="0" order="1.0"/>
    <link:loc xlink:type="locator" xlink:href="../../jppfs_cor_2018-03-31.xsd#jppfs_cor_DepositForSubscriptionsToShares" xlink:label="DepositForSubscriptionsToShares"/>
    <link:presentationArc xlink:type="arc" xlink:arcrole="http://www.xbrl.org/2003/arcrole/parent-child" xlink:from="NetAssetsAbstract" xlink:to="DepositForSubscriptionsToShares" priority="0" order="2.0"/>
    <link:loc xlink:type="locator" xlink:href="../../jppfs_cor_2018-03-31.xsd#jppfs_cor_CapitalSurplus" xlink:label="CapitalSurplus"/>
    <link:presentationArc xlink:type="arc" xlink:arcrole="http://www.xbrl.org/2003/arcrole/parent-child" xlink:from="NetAssetsAbstract" xlink:to="CapitalSurplus" priority="0" order="3.0"/>
    <link:loc xlink:type="locator" xlink:href="../../jppfs_cor_2018-03-31.xsd#jppfs_cor_RetainedEarnings" xlink:label="RetainedEarnings"/>
    <link:presentationArc xlink:type="arc" xlink:arcrole="http://www.xbrl.org/2003/arcrole/parent-child" xlink:from="NetAssetsAbstract" xlink:to="RetainedEarnings" priority="0" order="4.0"/>
    <link:loc xlink:type="locator" xlink:href="../../jppfs_cor_2018-03-31.xsd#jppfs_cor_TreasuryStock" xlink:label="TreasuryStock"/>
    <link:presentationArc xlink:type="arc" xlink:arcrole="http://www.xbrl.org/2003/arcrole/parent-child" xlink:from="NetAssetsAbstract" xlink:to="TreasuryStock" priority="0" order="5.0"/>
    <link:loc xlink:type="locator" xlink:href="../../jppfs_cor_2018-03-31.xsd#jppfs_cor_DepositForSubscriptionsToTreasuryStock" xlink:label="DepositForSubscriptionsToTreasuryStock"/>
    <link:presentationArc xlink:type="arc" xlink:arcrole="http://www.xbrl.org/2003/arcrole/parent-child" xlink:from="NetAssetsAbstract" xlink:to="DepositForSubscriptionsToTreasuryStock" priority="0" order="6.0"/>
    <link:loc xlink:type="locator" xlink:href="../../jppfs_cor_2018-03-31.xsd#jppfs_cor_ValuationDifferenceOnAvailableForSaleSecurities" xlink:label="ValuationDifferenceOnAvailableForSaleSecurities"/>
    <link:presentationArc xlink:type="arc" xlink:arcrole="http://www.xbrl.org/2003/arcrole/parent-child" xlink:from="NetAssetsAbstract" xlink:to="ValuationDifferenceOnAvailableForSaleSecurities" priority="0" order="8.0"/>
    <link:loc xlink:type="locator" xlink:href="../../jppfs_cor_2018-03-31.xsd#jppfs_cor_DeferredGainsOrLossesOnHedges" xlink:label="DeferredGainsOrLossesOnHedges"/>
    <link:presentationArc xlink:type="arc" xlink:arcrole="http://www.xbrl.org/2003/arcrole/parent-child" xlink:from="NetAssetsAbstract" xlink:to="DeferredGainsOrLossesOnHedges" priority="0" order="9.0"/>
    <link:loc xlink:type="locator" xlink:href="../../jppfs_cor_2018-03-31.xsd#jppfs_cor_RevaluationReserveForLand" xlink:label="RevaluationReserveForLand"/>
    <link:presentationArc xlink:type="arc" xlink:arcrole="http://www.xbrl.org/2003/arcrole/parent-child" xlink:from="NetAssetsAbstract" xlink:to="RevaluationReserveForLand" priority="0" order="10.0"/>
    <link:loc xlink:type="locator" xlink:href="../../jppfs_cor_2018-03-31.xsd#jppfs_cor_ShareholdersEquity" xlink:label="ShareholdersEquity"/>
    <link:presentationArc xlink:type="arc" xlink:arcrole="http://www.xbrl.org/2003/arcrole/parent-child" xlink:from="NetAssetsAbstract" xlink:to="ShareholdersEquity" priority="0" order="7.0" preferredLabel="http://www.xbrl.org/2003/role/totalLabel"/>
    <link:loc xlink:type="locator" xlink:href="../../jppfs_cor_2018-03-31.xsd#jppfs_cor_ValuationAndTranslationAdjustments" xlink:label="ValuationAndTranslationAdjustments"/>
    <link:presentationArc xlink:type="arc" xlink:arcrole="http://www.xbrl.org/2003/arcrole/parent-child" xlink:from="NetAssetsAbstract" xlink:to="ValuationAndTranslationAdjustments" priority="0" order="13.0" preferredLabel="http://disclosure.edinet-fsa.go.jp/jppfs/Consolidated/role/totalLabel"/>
    <link:loc xlink:type="locator" xlink:href="../../jppfs_cor_2018-03-31.xsd#jppfs_cor_NonControllingInterests" xlink:label="NonControllingInterests"/>
    <link:presentationArc xlink:type="arc" xlink:arcrole="http://www.xbrl.org/2003/arcrole/parent-child" xlink:from="NetAssetsAbstract" xlink:to="NonControllingInterests" priority="0" order="15.0"/>
    <link:loc xlink:type="locator" xlink:href="../../jppfs_cor_2018-03-31.xsd#jppfs_cor_SubscriptionRightsToShares" xlink:label="SubscriptionRightsToShares"/>
    <link:presentationArc xlink:type="arc" xlink:arcrole="http://www.xbrl.org/2003/arcrole/parent-child" xlink:from="NetAssetsAbstract" xlink:to="SubscriptionRightsToShares" priority="0" order="14.0"/>
    <link:loc xlink:type="locator" xlink:href="../../jppfs_cor_2018-03-31.xsd#jppfs_cor_NetAssets" xlink:label="NetAssets"/>
    <link:presentationArc xlink:type="arc" xlink:arcrole="http://www.xbrl.org/2003/arcrole/parent-child" xlink:from="NetAssetsAbstract" xlink:to="NetAssets" priority="0" order="16.0" preferredLabel="http://disclosure.edinet-fsa.go.jp/jppfs/bnk/role/totalLabel"/>
    <link:loc xlink:type="locator" xlink:href="../../jppfs_cor_2018-03-31.xsd#jppfs_cor_LiabilitiesAndNetAssets" xlink:label="LiabilitiesAndNetAssets"/>
    <link:presentationArc xlink:type="arc" xlink:arcrole="http://www.xbrl.org/2003/arcrole/parent-child" xlink:from="BalanceSheetLineItems" xlink:to="LiabilitiesAndNetAssets" priority="0" order="4.0" preferredLabel="http://disclosure.edinet-fsa.go.jp/jppfs/bnk/role/totalLabel"/>
    <link:loc xlink:type="locator" xlink:href="../../jppfs_cor_2018-03-31.xsd#jppfs_cor_ConsolidatedBalanceSheetHeading" xlink:label="ConsolidatedBalanceSheetHeading"/>
    <link:presentationArc xlink:type="arc" xlink:arcrole="http://www.xbrl.org/2003/arcrole/parent-child" xlink:from="ConsolidatedBalanceSheetHeading" xlink:to="BalanceSheetTable" priority="0" order="1.0" preferredLabel="http://disclosure.edinet-fsa.go.jp/jppfs/Consolidated/role/label"/>
    <link:presentationArc xlink:type="arc" xlink:arcrole="http://www.xbrl.org/2003/arcrole/parent-child" xlink:from="ConsolidatedBalanceSheetHeading" xlink:to="BalanceSheetLineItems" priority="0" order="2.0" preferredLabel="http://disclosure.edinet-fsa.go.jp/jppfs/Consolidated/role/label"/>
  </link:presentationLink>
</link:linkbase>
