<?xml version="1.0" encoding="UTF-8"?>
<!--  (c) Financial Services Agency, The Japanese Government.
      All Rights Reserved.
      For intellectual property policy and authorized uses of EDINET Taxonomy,
      refer to “EDINET Taxonomy Legal Statement” at http://www.fsa.go.jp/search/EDINET_Taxonomy_Legal_Statement.html
-->
<link:linkbase xmlns:link="http://www.xbrl.org/2003/linkbase" xmlns:xsi="http://www.w3.org/2001/XMLSchema-instance" xmlns:xlink="http://www.w3.org/1999/xlink" xmlns:xbrli="http://www.xbrl.org/2003/instance">
  <link:roleRef roleURI="http://disclosure.edinet-fsa.go.jp/role/jpigp/rol_std_ComponentsOfGoodwillAndIntangibleAssetsIFRS-ListOfAccounts" xlink:type="simple" xlink:href="../jpigp_rt_2018-03-31.xsd#rol_std_ComponentsOfGoodwillAndIntangibleAssetsIFRS-ListOfAccounts"/>
  <link:definitionLink xlink:type="extended" xlink:role="http://disclosure.edinet-fsa.go.jp/role/jpigp/rol_std_ComponentsOfGoodwillAndIntangibleAssetsIFRS-ListOfAccounts">
    <link:loc xlink:type="locator" xlink:href="../jpigp_cor_2018-03-31.xsd#jpigp_cor_ComponentsOfGoodwillAndIntangibleAssetsIFRSAbstract" xlink:label="ComponentsOfGoodwillAndIntangibleAssetsIFRSAbstract"/>
    <link:loc xlink:type="locator" xlink:href="../jpigp_cor_2018-03-31.xsd#jpigp_cor_ComponentsOfGoodwillAndIntangibleAssetsIFRSTable" xlink:label="ComponentsOfGoodwillAndIntangibleAssetsIFRSTable"/>
    <link:definitionArc xlink:type="arc" xlink:arcrole="http://www.xbrl.org/2003/arcrole/general-special" xlink:from="ComponentsOfGoodwillAndIntangibleAssetsIFRSAbstract" xlink:to="ComponentsOfGoodwillAndIntangibleAssetsIFRSTable" priority="0" order="1.0"/>
    <link:loc xlink:type="locator" xlink:href="../jpigp_cor_2018-03-31.xsd#jpigp_cor_ComponentsOfGoodwillAndIntangibleAssetsIFRSLineItems" xlink:label="ComponentsOfGoodwillAndIntangibleAssetsIFRSLineItems"/>
    <link:definitionArc xlink:type="arc" xlink:arcrole="http://www.xbrl.org/2003/arcrole/general-special" xlink:from="ComponentsOfGoodwillAndIntangibleAssetsIFRSAbstract" xlink:to="ComponentsOfGoodwillAndIntangibleAssetsIFRSLineItems" priority="0" order="2.0"/>
    <link:loc xlink:type="locator" xlink:href="../jpigp_cor_2018-03-31.xsd#jpigp_cor_AcquisitionCostComponentsOfGoodwillAndIntangibleAssetsIFRSAbstract" xlink:label="AcquisitionCostComponentsOfGoodwillAndIntangibleAssetsIFRSAbstract"/>
    <link:definitionArc xlink:type="arc" xlink:arcrole="http://www.xbrl.org/2003/arcrole/general-special" xlink:from="ComponentsOfGoodwillAndIntangibleAssetsIFRSLineItems" xlink:to="AcquisitionCostComponentsOfGoodwillAndIntangibleAssetsIFRSAbstract" priority="0" order="1.0"/>
    <link:loc xlink:type="locator" xlink:href="../jpigp_cor_2018-03-31.xsd#jpigp_cor_TrademarksAcquisitionCostIFRS" xlink:label="TrademarksAcquisitionCostIFRS"/>
    <link:definitionArc xlink:type="arc" xlink:arcrole="http://www.xbrl.org/2003/arcrole/general-special" xlink:from="AcquisitionCostComponentsOfGoodwillAndIntangibleAssetsIFRSAbstract" xlink:to="TrademarksAcquisitionCostIFRS" priority="0" order="2.0"/>
    <link:loc xlink:type="locator" xlink:href="../jpigp_cor_2018-03-31.xsd#jpigp_cor_CustomerRelatedAssetsAcquisitionCostIFRS" xlink:label="CustomerRelatedAssetsAcquisitionCostIFRS"/>
    <link:definitionArc xlink:type="arc" xlink:arcrole="http://www.xbrl.org/2003/arcrole/general-special" xlink:from="AcquisitionCostComponentsOfGoodwillAndIntangibleAssetsIFRSAbstract" xlink:to="CustomerRelatedAssetsAcquisitionCostIFRS" priority="0" order="5.0"/>
    <link:loc xlink:type="locator" xlink:href="../jpigp_cor_2018-03-31.xsd#jpigp_cor_MarketingRightsAcquisitionCostIFRS" xlink:label="MarketingRightsAcquisitionCostIFRS"/>
    <link:definitionArc xlink:type="arc" xlink:arcrole="http://www.xbrl.org/2003/arcrole/general-special" xlink:from="AcquisitionCostComponentsOfGoodwillAndIntangibleAssetsIFRSAbstract" xlink:to="MarketingRightsAcquisitionCostIFRS" priority="0" order="6.0"/>
    <link:loc xlink:type="locator" xlink:href="../jpigp_cor_2018-03-31.xsd#jpigp_cor_IntangibleAssetsAssociatedWithProductsAcquisitionCostIFRS" xlink:label="IntangibleAssetsAssociatedWithProductsAcquisitionCostIFRS"/>
    <link:definitionArc xlink:type="arc" xlink:arcrole="http://www.xbrl.org/2003/arcrole/general-special" xlink:from="AcquisitionCostComponentsOfGoodwillAndIntangibleAssetsIFRSAbstract" xlink:to="IntangibleAssetsAssociatedWithProductsAcquisitionCostIFRS" priority="0" order="7.0"/>
    <link:loc xlink:type="locator" xlink:href="../jpigp_cor_2018-03-31.xsd#jpigp_cor_TechnologyBasedIntangibleAssetsAcquisitionCostIFRS" xlink:label="TechnologyBasedIntangibleAssetsAcquisitionCostIFRS"/>
    <link:definitionArc xlink:type="arc" xlink:arcrole="http://www.xbrl.org/2003/arcrole/general-special" xlink:from="AcquisitionCostComponentsOfGoodwillAndIntangibleAssetsIFRSAbstract" xlink:to="TechnologyBasedIntangibleAssetsAcquisitionCostIFRS" priority="0" order="8.0"/>
    <link:loc xlink:type="locator" xlink:href="../jpigp_cor_2018-03-31.xsd#jpigp_cor_CapitalizedDevelopmentCostsAcquisitionCostIFRS" xlink:label="CapitalizedDevelopmentCostsAcquisitionCostIFRS"/>
    <link:definitionArc xlink:type="arc" xlink:arcrole="http://www.xbrl.org/2003/arcrole/general-special" xlink:from="AcquisitionCostComponentsOfGoodwillAndIntangibleAssetsIFRSAbstract" xlink:to="CapitalizedDevelopmentCostsAcquisitionCostIFRS" priority="0" order="9.0"/>
    <link:loc xlink:type="locator" xlink:href="../jpigp_cor_2018-03-31.xsd#jpigp_cor_CapitalizedDevelopmentCosts2AcquisitionCostIFRS" xlink:label="CapitalizedDevelopmentCosts2AcquisitionCostIFRS"/>
    <link:definitionArc xlink:type="arc" xlink:arcrole="http://www.xbrl.org/2003/arcrole/general-special" xlink:from="AcquisitionCostComponentsOfGoodwillAndIntangibleAssetsIFRSAbstract" xlink:to="CapitalizedDevelopmentCosts2AcquisitionCostIFRS" priority="0" order="10.0"/>
    <link:loc xlink:type="locator" xlink:href="../jpigp_cor_2018-03-31.xsd#jpigp_cor_InProcessResearchAndDevelopmentAcquisitionCostIFRS" xlink:label="InProcessResearchAndDevelopmentAcquisitionCostIFRS"/>
    <link:definitionArc xlink:type="arc" xlink:arcrole="http://www.xbrl.org/2003/arcrole/general-special" xlink:from="AcquisitionCostComponentsOfGoodwillAndIntangibleAssetsIFRSAbstract" xlink:to="InProcessResearchAndDevelopmentAcquisitionCostIFRS" priority="0" order="11.0"/>
    <link:loc xlink:type="locator" xlink:href="../jpigp_cor_2018-03-31.xsd#jpigp_cor_MiningRightsAcquisitionCostIFRS" xlink:label="MiningRightsAcquisitionCostIFRS"/>
    <link:definitionArc xlink:type="arc" xlink:arcrole="http://www.xbrl.org/2003/arcrole/general-special" xlink:from="AcquisitionCostComponentsOfGoodwillAndIntangibleAssetsIFRSAbstract" xlink:to="MiningRightsAcquisitionCostIFRS" priority="0" order="12.0"/>
    <link:loc xlink:type="locator" xlink:href="../jpigp_cor_2018-03-31.xsd#jpigp_cor_SoftwareForInternalUseAcquisitionCostIFRS" xlink:label="SoftwareForInternalUseAcquisitionCostIFRS"/>
    <link:definitionArc xlink:type="arc" xlink:arcrole="http://www.xbrl.org/2003/arcrole/general-special" xlink:from="AcquisitionCostComponentsOfGoodwillAndIntangibleAssetsIFRSAbstract" xlink:to="SoftwareForInternalUseAcquisitionCostIFRS" priority="0" order="14.0"/>
    <link:loc xlink:type="locator" xlink:href="../jpigp_cor_2018-03-31.xsd#jpigp_cor_SoftwareForSaleAcquisitionCostIFRS" xlink:label="SoftwareForSaleAcquisitionCostIFRS"/>
    <link:definitionArc xlink:type="arc" xlink:arcrole="http://www.xbrl.org/2003/arcrole/general-special" xlink:from="AcquisitionCostComponentsOfGoodwillAndIntangibleAssetsIFRSAbstract" xlink:to="SoftwareForSaleAcquisitionCostIFRS" priority="0" order="15.0"/>
    <link:loc xlink:type="locator" xlink:href="../jpigp_cor_2018-03-31.xsd#jpigp_cor_SoftwareInProgressAcquisitionCostIFRS" xlink:label="SoftwareInProgressAcquisitionCostIFRS"/>
    <link:definitionArc xlink:type="arc" xlink:arcrole="http://www.xbrl.org/2003/arcrole/general-special" xlink:from="AcquisitionCostComponentsOfGoodwillAndIntangibleAssetsIFRSAbstract" xlink:to="SoftwareInProgressAcquisitionCostIFRS" priority="0" order="16.0"/>
    <link:loc xlink:type="locator" xlink:href="../jpigp_cor_2018-03-31.xsd#jpigp_cor_IntangibleAssetsAcquisitionCostIFRS" xlink:label="IntangibleAssetsAcquisitionCostIFRS"/>
    <link:definitionArc xlink:type="arc" xlink:arcrole="http://www.xbrl.org/2003/arcrole/general-special" xlink:from="AcquisitionCostComponentsOfGoodwillAndIntangibleAssetsIFRSAbstract" xlink:to="IntangibleAssetsAcquisitionCostIFRS" priority="0" order="18.0"/>
    <link:loc xlink:type="locator" xlink:href="../jpigp_cor_2018-03-31.xsd#jpigp_cor_GoodwillAcquisitionCostIFRS" xlink:label="GoodwillAcquisitionCostIFRS"/>
    <link:definitionArc xlink:type="arc" xlink:arcrole="http://www.xbrl.org/2003/arcrole/general-special" xlink:from="AcquisitionCostComponentsOfGoodwillAndIntangibleAssetsIFRSAbstract" xlink:to="GoodwillAcquisitionCostIFRS" priority="0" order="1.0"/>
    <link:loc xlink:type="locator" xlink:href="../jpigp_cor_2018-03-31.xsd#jpigp_cor_PatentsAcquisitionCostIFRS" xlink:label="PatentsAcquisitionCostIFRS"/>
    <link:definitionArc xlink:type="arc" xlink:arcrole="http://www.xbrl.org/2003/arcrole/general-special" xlink:from="AcquisitionCostComponentsOfGoodwillAndIntangibleAssetsIFRSAbstract" xlink:to="PatentsAcquisitionCostIFRS" priority="0" order="3.0"/>
    <link:loc xlink:type="locator" xlink:href="../jpigp_cor_2018-03-31.xsd#jpigp_cor_CustomerRelationshipsAcquisitionCostIFRS" xlink:label="CustomerRelationshipsAcquisitionCostIFRS"/>
    <link:definitionArc xlink:type="arc" xlink:arcrole="http://www.xbrl.org/2003/arcrole/general-special" xlink:from="AcquisitionCostComponentsOfGoodwillAndIntangibleAssetsIFRSAbstract" xlink:to="CustomerRelationshipsAcquisitionCostIFRS" priority="0" order="4.0"/>
    <link:loc xlink:type="locator" xlink:href="../jpigp_cor_2018-03-31.xsd#jpigp_cor_SoftwareAcquisitionCostIFRS" xlink:label="SoftwareAcquisitionCostIFRS"/>
    <link:definitionArc xlink:type="arc" xlink:arcrole="http://www.xbrl.org/2003/arcrole/general-special" xlink:from="AcquisitionCostComponentsOfGoodwillAndIntangibleAssetsIFRSAbstract" xlink:to="SoftwareAcquisitionCostIFRS" priority="0" order="13.0"/>
    <link:loc xlink:type="locator" xlink:href="../jpigp_cor_2018-03-31.xsd#jpigp_cor_OtherComponentsOfIntangibleAssetsAcquisitionCostIFRS" xlink:label="OtherComponentsOfIntangibleAssetsAcquisitionCostIFRS"/>
    <link:definitionArc xlink:type="arc" xlink:arcrole="http://www.xbrl.org/2003/arcrole/general-special" xlink:from="AcquisitionCostComponentsOfGoodwillAndIntangibleAssetsIFRSAbstract" xlink:to="OtherComponentsOfIntangibleAssetsAcquisitionCostIFRS" priority="0" order="17.0"/>
    <link:loc xlink:type="locator" xlink:href="../jpigp_cor_2018-03-31.xsd#jpigp_cor_GoodwillAndIntangibleAssetsAcquisitionCostIFRS" xlink:label="GoodwillAndIntangibleAssetsAcquisitionCostIFRS"/>
    <link:definitionArc xlink:type="arc" xlink:arcrole="http://www.xbrl.org/2003/arcrole/general-special" xlink:from="AcquisitionCostComponentsOfGoodwillAndIntangibleAssetsIFRSAbstract" xlink:to="GoodwillAndIntangibleAssetsAcquisitionCostIFRS" priority="0" order="19.0"/>
    <link:loc xlink:type="locator" xlink:href="../jpigp_cor_2018-03-31.xsd#jpigp_cor_AccumulatedAmortizationAndImpairmentLossesComponentsOfGoodwillAndIntangibleAssetsIFRSAbstract" xlink:label="AccumulatedAmortizationAndImpairmentLossesComponentsOfGoodwillAndIntangibleAssetsIFRSAbstract"/>
    <link:definitionArc xlink:type="arc" xlink:arcrole="http://www.xbrl.org/2003/arcrole/general-special" xlink:from="ComponentsOfGoodwillAndIntangibleAssetsIFRSLineItems" xlink:to="AccumulatedAmortizationAndImpairmentLossesComponentsOfGoodwillAndIntangibleAssetsIFRSAbstract" priority="0" order="2.0"/>
    <link:loc xlink:type="locator" xlink:href="../jpigp_cor_2018-03-31.xsd#jpigp_cor_TrademarksAccumulatedAmortizationAndImpairmentLossesIFRS" xlink:label="TrademarksAccumulatedAmortizationAndImpairmentLossesIFRS"/>
    <link:definitionArc xlink:type="arc" xlink:arcrole="http://www.xbrl.org/2003/arcrole/general-special" xlink:from="AccumulatedAmortizationAndImpairmentLossesComponentsOfGoodwillAndIntangibleAssetsIFRSAbstract" xlink:to="TrademarksAccumulatedAmortizationAndImpairmentLossesIFRS" priority="0" order="2.0"/>
    <link:loc xlink:type="locator" xlink:href="../jpigp_cor_2018-03-31.xsd#jpigp_cor_CustomerRelatedAssetsAccumulatedAmortizationAndImpairmentLossesIFRS" xlink:label="CustomerRelatedAssetsAccumulatedAmortizationAndImpairmentLossesIFRS"/>
    <link:definitionArc xlink:type="arc" xlink:arcrole="http://www.xbrl.org/2003/arcrole/general-special" xlink:from="AccumulatedAmortizationAndImpairmentLossesComponentsOfGoodwillAndIntangibleAssetsIFRSAbstract" xlink:to="CustomerRelatedAssetsAccumulatedAmortizationAndImpairmentLossesIFRS" priority="0" order="5.0"/>
    <link:loc xlink:type="locator" xlink:href="../jpigp_cor_2018-03-31.xsd#jpigp_cor_MarketingRightsAccumulatedAmortizationAndImpairmentLossesIFRS" xlink:label="MarketingRightsAccumulatedAmortizationAndImpairmentLossesIFRS"/>
    <link:definitionArc xlink:type="arc" xlink:arcrole="http://www.xbrl.org/2003/arcrole/general-special" xlink:from="AccumulatedAmortizationAndImpairmentLossesComponentsOfGoodwillAndIntangibleAssetsIFRSAbstract" xlink:to="MarketingRightsAccumulatedAmortizationAndImpairmentLossesIFRS" priority="0" order="6.0"/>
    <link:loc xlink:type="locator" xlink:href="../jpigp_cor_2018-03-31.xsd#jpigp_cor_IntangibleAssetsAssociatedWithProductsAccumulatedAmortizationAndImpairmentLossesIFRS" xlink:label="IntangibleAssetsAssociatedWithProductsAccumulatedAmortizationAndImpairmentLossesIFRS"/>
    <link:definitionArc xlink:type="arc" xlink:arcrole="http://www.xbrl.org/2003/arcrole/general-special" xlink:from="AccumulatedAmortizationAndImpairmentLossesComponentsOfGoodwillAndIntangibleAssetsIFRSAbstract" xlink:to="IntangibleAssetsAssociatedWithProductsAccumulatedAmortizationAndImpairmentLossesIFRS" priority="0" order="7.0"/>
    <link:loc xlink:type="locator" xlink:href="../jpigp_cor_2018-03-31.xsd#jpigp_cor_TechnologyBasedIntangibleAssetsAccumulatedAmortizationAndImpairmentLossesIFRS" xlink:label="TechnologyBasedIntangibleAssetsAccumulatedAmortizationAndImpairmentLossesIFRS"/>
    <link:definitionArc xlink:type="arc" xlink:arcrole="http://www.xbrl.org/2003/arcrole/general-special" xlink:from="AccumulatedAmortizationAndImpairmentLossesComponentsOfGoodwillAndIntangibleAssetsIFRSAbstract" xlink:to="TechnologyBasedIntangibleAssetsAccumulatedAmortizationAndImpairmentLossesIFRS" priority="0" order="8.0"/>
    <link:loc xlink:type="locator" xlink:href="../jpigp_cor_2018-03-31.xsd#jpigp_cor_CapitalizedDevelopmentCostsAccumulatedAmortizationAndImpairmentLossesIFRS" xlink:label="CapitalizedDevelopmentCostsAccumulatedAmortizationAndImpairmentLossesIFRS"/>
    <link:definitionArc xlink:type="arc" xlink:arcrole="http://www.xbrl.org/2003/arcrole/general-special" xlink:from="AccumulatedAmortizationAndImpairmentLossesComponentsOfGoodwillAndIntangibleAssetsIFRSAbstract" xlink:to="CapitalizedDevelopmentCostsAccumulatedAmortizationAndImpairmentLossesIFRS" priority="0" order="9.0"/>
    <link:loc xlink:type="locator" xlink:href="../jpigp_cor_2018-03-31.xsd#jpigp_cor_CapitalizedDevelopmentCosts2AccumulatedAmortizationAndImpairmentLossesIFRS" xlink:label="CapitalizedDevelopmentCosts2AccumulatedAmortizationAndImpairmentLossesIFRS"/>
    <link:definitionArc xlink:type="arc" xlink:arcrole="http://www.xbrl.org/2003/arcrole/general-special" xlink:from="AccumulatedAmortizationAndImpairmentLossesComponentsOfGoodwillAndIntangibleAssetsIFRSAbstract" xlink:to="CapitalizedDevelopmentCosts2AccumulatedAmortizationAndImpairmentLossesIFRS" priority="0" order="10.0"/>
    <link:loc xlink:type="locator" xlink:href="../jpigp_cor_2018-03-31.xsd#jpigp_cor_InProcessResearchAndDevelopmentAccumulatedAmortizationAndImpairmentLossesIFRS" xlink:label="InProcessResearchAndDevelopmentAccumulatedAmortizationAndImpairmentLossesIFRS"/>
    <link:definitionArc xlink:type="arc" xlink:arcrole="http://www.xbrl.org/2003/arcrole/general-special" xlink:from="AccumulatedAmortizationAndImpairmentLossesComponentsOfGoodwillAndIntangibleAssetsIFRSAbstract" xlink:to="InProcessResearchAndDevelopmentAccumulatedAmortizationAndImpairmentLossesIFRS" priority="0" order="11.0"/>
    <link:loc xlink:type="locator" xlink:href="../jpigp_cor_2018-03-31.xsd#jpigp_cor_MiningRightsAccumulatedAmortizationAndImpairmentLossesIFRS" xlink:label="MiningRightsAccumulatedAmortizationAndImpairmentLossesIFRS"/>
    <link:definitionArc xlink:type="arc" xlink:arcrole="http://www.xbrl.org/2003/arcrole/general-special" xlink:from="AccumulatedAmortizationAndImpairmentLossesComponentsOfGoodwillAndIntangibleAssetsIFRSAbstract" xlink:to="MiningRightsAccumulatedAmortizationAndImpairmentLossesIFRS" priority="0" order="12.0"/>
    <link:loc xlink:type="locator" xlink:href="../jpigp_cor_2018-03-31.xsd#jpigp_cor_SoftwareForInternalUseAccumulatedAmortizationAndImpairmentLossesIFRS" xlink:label="SoftwareForInternalUseAccumulatedAmortizationAndImpairmentLossesIFRS"/>
    <link:definitionArc xlink:type="arc" xlink:arcrole="http://www.xbrl.org/2003/arcrole/general-special" xlink:from="AccumulatedAmortizationAndImpairmentLossesComponentsOfGoodwillAndIntangibleAssetsIFRSAbstract" xlink:to="SoftwareForInternalUseAccumulatedAmortizationAndImpairmentLossesIFRS" priority="0" order="14.0"/>
    <link:loc xlink:type="locator" xlink:href="../jpigp_cor_2018-03-31.xsd#jpigp_cor_SoftwareForSaleAccumulatedAmortizationAndImpairmentLossesIFRS" xlink:label="SoftwareForSaleAccumulatedAmortizationAndImpairmentLossesIFRS"/>
    <link:definitionArc xlink:type="arc" xlink:arcrole="http://www.xbrl.org/2003/arcrole/general-special" xlink:from="AccumulatedAmortizationAndImpairmentLossesComponentsOfGoodwillAndIntangibleAssetsIFRSAbstract" xlink:to="SoftwareForSaleAccumulatedAmortizationAndImpairmentLossesIFRS" priority="0" order="15.0"/>
    <link:loc xlink:type="locator" xlink:href="../jpigp_cor_2018-03-31.xsd#jpigp_cor_SoftwareInProgressAccumulatedImpairmentLossesIFRS" xlink:label="SoftwareInProgressAccumulatedImpairmentLossesIFRS"/>
    <link:definitionArc xlink:type="arc" xlink:arcrole="http://www.xbrl.org/2003/arcrole/general-special" xlink:from="AccumulatedAmortizationAndImpairmentLossesComponentsOfGoodwillAndIntangibleAssetsIFRSAbstract" xlink:to="SoftwareInProgressAccumulatedImpairmentLossesIFRS" priority="0" order="16.0"/>
    <link:loc xlink:type="locator" xlink:href="../jpigp_cor_2018-03-31.xsd#jpigp_cor_IntangibleAssetsAccumulatedAmortizationAndImpairmentLossesIFRS" xlink:label="IntangibleAssetsAccumulatedAmortizationAndImpairmentLossesIFRS"/>
    <link:definitionArc xlink:type="arc" xlink:arcrole="http://www.xbrl.org/2003/arcrole/general-special" xlink:from="AccumulatedAmortizationAndImpairmentLossesComponentsOfGoodwillAndIntangibleAssetsIFRSAbstract" xlink:to="IntangibleAssetsAccumulatedAmortizationAndImpairmentLossesIFRS" priority="0" order="18.0"/>
    <link:loc xlink:type="locator" xlink:href="../jpigp_cor_2018-03-31.xsd#jpigp_cor_GoodwillAccumulatedImpairmentLossesIFRS" xlink:label="GoodwillAccumulatedImpairmentLossesIFRS"/>
    <link:definitionArc xlink:type="arc" xlink:arcrole="http://www.xbrl.org/2003/arcrole/general-special" xlink:from="AccumulatedAmortizationAndImpairmentLossesComponentsOfGoodwillAndIntangibleAssetsIFRSAbstract" xlink:to="GoodwillAccumulatedImpairmentLossesIFRS" priority="0" order="1.0"/>
    <link:loc xlink:type="locator" xlink:href="../jpigp_cor_2018-03-31.xsd#jpigp_cor_PatentsAccumulatedAmortizationAndImpairmentLossesIFRS" xlink:label="PatentsAccumulatedAmortizationAndImpairmentLossesIFRS"/>
    <link:definitionArc xlink:type="arc" xlink:arcrole="http://www.xbrl.org/2003/arcrole/general-special" xlink:from="AccumulatedAmortizationAndImpairmentLossesComponentsOfGoodwillAndIntangibleAssetsIFRSAbstract" xlink:to="PatentsAccumulatedAmortizationAndImpairmentLossesIFRS" priority="0" order="3.0"/>
    <link:loc xlink:type="locator" xlink:href="../jpigp_cor_2018-03-31.xsd#jpigp_cor_CustomerRelationshipsAccumulatedAmortizationAndImpairmentLossesIFRS" xlink:label="CustomerRelationshipsAccumulatedAmortizationAndImpairmentLossesIFRS"/>
    <link:definitionArc xlink:type="arc" xlink:arcrole="http://www.xbrl.org/2003/arcrole/general-special" xlink:from="AccumulatedAmortizationAndImpairmentLossesComponentsOfGoodwillAndIntangibleAssetsIFRSAbstract" xlink:to="CustomerRelationshipsAccumulatedAmortizationAndImpairmentLossesIFRS" priority="0" order="4.0"/>
    <link:loc xlink:type="locator" xlink:href="../jpigp_cor_2018-03-31.xsd#jpigp_cor_SoftwareAccumulatedAmortizationAndImpairmentLossesIFRS" xlink:label="SoftwareAccumulatedAmortizationAndImpairmentLossesIFRS"/>
    <link:definitionArc xlink:type="arc" xlink:arcrole="http://www.xbrl.org/2003/arcrole/general-special" xlink:from="AccumulatedAmortizationAndImpairmentLossesComponentsOfGoodwillAndIntangibleAssetsIFRSAbstract" xlink:to="SoftwareAccumulatedAmortizationAndImpairmentLossesIFRS" priority="0" order="13.0"/>
    <link:loc xlink:type="locator" xlink:href="../jpigp_cor_2018-03-31.xsd#jpigp_cor_OtherComponentsOfIntangibleAssetsAccumulatedAmortizationAndImpairmentLossesIFRS" xlink:label="OtherComponentsOfIntangibleAssetsAccumulatedAmortizationAndImpairmentLossesIFRS"/>
    <link:definitionArc xlink:type="arc" xlink:arcrole="http://www.xbrl.org/2003/arcrole/general-special" xlink:from="AccumulatedAmortizationAndImpairmentLossesComponentsOfGoodwillAndIntangibleAssetsIFRSAbstract" xlink:to="OtherComponentsOfIntangibleAssetsAccumulatedAmortizationAndImpairmentLossesIFRS" priority="0" order="17.0"/>
    <link:loc xlink:type="locator" xlink:href="../jpigp_cor_2018-03-31.xsd#jpigp_cor_GoodwillAndIntangibleAssetsAccumulatedAmortizationAndImpairmentLossesIFRS" xlink:label="GoodwillAndIntangibleAssetsAccumulatedAmortizationAndImpairmentLossesIFRS"/>
    <link:definitionArc xlink:type="arc" xlink:arcrole="http://www.xbrl.org/2003/arcrole/general-special" xlink:from="AccumulatedAmortizationAndImpairmentLossesComponentsOfGoodwillAndIntangibleAssetsIFRSAbstract" xlink:to="GoodwillAndIntangibleAssetsAccumulatedAmortizationAndImpairmentLossesIFRS" priority="0" order="19.0"/>
    <link:loc xlink:type="locator" xlink:href="../jpigp_cor_2018-03-31.xsd#jpigp_cor_CarryingAmountComponentsOfGoodwillAndIntangibleAssetsIFRSAbstract" xlink:label="CarryingAmountComponentsOfGoodwillAndIntangibleAssetsIFRSAbstract"/>
    <link:definitionArc xlink:type="arc" xlink:arcrole="http://www.xbrl.org/2003/arcrole/general-special" xlink:from="ComponentsOfGoodwillAndIntangibleAssetsIFRSLineItems" xlink:to="CarryingAmountComponentsOfGoodwillAndIntangibleAssetsIFRSAbstract" priority="0" order="3.0"/>
    <link:loc xlink:type="locator" xlink:href="../jpigp_cor_2018-03-31.xsd#jpigp_cor_TrademarksIFRS" xlink:label="TrademarksIFRS"/>
    <link:definitionArc xlink:type="arc" xlink:arcrole="http://www.xbrl.org/2003/arcrole/general-special" xlink:from="CarryingAmountComponentsOfGoodwillAndIntangibleAssetsIFRSAbstract" xlink:to="TrademarksIFRS" priority="0" order="2.0"/>
    <link:loc xlink:type="locator" xlink:href="../jpigp_cor_2018-03-31.xsd#jpigp_cor_CustomerRelatedAssetsIFRS" xlink:label="CustomerRelatedAssetsIFRS"/>
    <link:definitionArc xlink:type="arc" xlink:arcrole="http://www.xbrl.org/2003/arcrole/general-special" xlink:from="CarryingAmountComponentsOfGoodwillAndIntangibleAssetsIFRSAbstract" xlink:to="CustomerRelatedAssetsIFRS" priority="0" order="5.0"/>
    <link:loc xlink:type="locator" xlink:href="../jpigp_cor_2018-03-31.xsd#jpigp_cor_MarketingRightsIFRS" xlink:label="MarketingRightsIFRS"/>
    <link:definitionArc xlink:type="arc" xlink:arcrole="http://www.xbrl.org/2003/arcrole/general-special" xlink:from="CarryingAmountComponentsOfGoodwillAndIntangibleAssetsIFRSAbstract" xlink:to="MarketingRightsIFRS" priority="0" order="6.0"/>
    <link:loc xlink:type="locator" xlink:href="../jpigp_cor_2018-03-31.xsd#jpigp_cor_IntangibleAssetsAssociatedWithProductsIFRS" xlink:label="IntangibleAssetsAssociatedWithProductsIFRS"/>
    <link:definitionArc xlink:type="arc" xlink:arcrole="http://www.xbrl.org/2003/arcrole/general-special" xlink:from="CarryingAmountComponentsOfGoodwillAndIntangibleAssetsIFRSAbstract" xlink:to="IntangibleAssetsAssociatedWithProductsIFRS" priority="0" order="7.0"/>
    <link:loc xlink:type="locator" xlink:href="../jpigp_cor_2018-03-31.xsd#jpigp_cor_TechnologyBasedIntangibleAssetsIFRS" xlink:label="TechnologyBasedIntangibleAssetsIFRS"/>
    <link:definitionArc xlink:type="arc" xlink:arcrole="http://www.xbrl.org/2003/arcrole/general-special" xlink:from="CarryingAmountComponentsOfGoodwillAndIntangibleAssetsIFRSAbstract" xlink:to="TechnologyBasedIntangibleAssetsIFRS" priority="0" order="8.0"/>
    <link:loc xlink:type="locator" xlink:href="../jpigp_cor_2018-03-31.xsd#jpigp_cor_CapitalizedDevelopmentCostsIFRS" xlink:label="CapitalizedDevelopmentCostsIFRS"/>
    <link:definitionArc xlink:type="arc" xlink:arcrole="http://www.xbrl.org/2003/arcrole/general-special" xlink:from="CarryingAmountComponentsOfGoodwillAndIntangibleAssetsIFRSAbstract" xlink:to="CapitalizedDevelopmentCostsIFRS" priority="0" order="9.0"/>
    <link:loc xlink:type="locator" xlink:href="../jpigp_cor_2018-03-31.xsd#jpigp_cor_CapitalizedDevelopmentCosts2IFRS" xlink:label="CapitalizedDevelopmentCosts2IFRS"/>
    <link:definitionArc xlink:type="arc" xlink:arcrole="http://www.xbrl.org/2003/arcrole/general-special" xlink:from="CarryingAmountComponentsOfGoodwillAndIntangibleAssetsIFRSAbstract" xlink:to="CapitalizedDevelopmentCosts2IFRS" priority="0" order="10.0"/>
    <link:loc xlink:type="locator" xlink:href="../jpigp_cor_2018-03-31.xsd#jpigp_cor_InProcessResearchAndDevelopmentIFRS" xlink:label="InProcessResearchAndDevelopmentIFRS"/>
    <link:definitionArc xlink:type="arc" xlink:arcrole="http://www.xbrl.org/2003/arcrole/general-special" xlink:from="CarryingAmountComponentsOfGoodwillAndIntangibleAssetsIFRSAbstract" xlink:to="InProcessResearchAndDevelopmentIFRS" priority="0" order="11.0"/>
    <link:loc xlink:type="locator" xlink:href="../jpigp_cor_2018-03-31.xsd#jpigp_cor_MiningRightsIFRS" xlink:label="MiningRightsIFRS"/>
    <link:definitionArc xlink:type="arc" xlink:arcrole="http://www.xbrl.org/2003/arcrole/general-special" xlink:from="CarryingAmountComponentsOfGoodwillAndIntangibleAssetsIFRSAbstract" xlink:to="MiningRightsIFRS" priority="0" order="12.0"/>
    <link:loc xlink:type="locator" xlink:href="../jpigp_cor_2018-03-31.xsd#jpigp_cor_SoftwareForInternalUseIFRS" xlink:label="SoftwareForInternalUseIFRS"/>
    <link:definitionArc xlink:type="arc" xlink:arcrole="http://www.xbrl.org/2003/arcrole/general-special" xlink:from="CarryingAmountComponentsOfGoodwillAndIntangibleAssetsIFRSAbstract" xlink:to="SoftwareForInternalUseIFRS" priority="0" order="14.0"/>
    <link:loc xlink:type="locator" xlink:href="../jpigp_cor_2018-03-31.xsd#jpigp_cor_SoftwareForSaleIFRS" xlink:label="SoftwareForSaleIFRS"/>
    <link:definitionArc xlink:type="arc" xlink:arcrole="http://www.xbrl.org/2003/arcrole/general-special" xlink:from="CarryingAmountComponentsOfGoodwillAndIntangibleAssetsIFRSAbstract" xlink:to="SoftwareForSaleIFRS" priority="0" order="15.0"/>
    <link:loc xlink:type="locator" xlink:href="../jpigp_cor_2018-03-31.xsd#jpigp_cor_SoftwareInProgressIFRS" xlink:label="SoftwareInProgressIFRS"/>
    <link:definitionArc xlink:type="arc" xlink:arcrole="http://www.xbrl.org/2003/arcrole/general-special" xlink:from="CarryingAmountComponentsOfGoodwillAndIntangibleAssetsIFRSAbstract" xlink:to="SoftwareInProgressIFRS" priority="0" order="16.0"/>
    <link:loc xlink:type="locator" xlink:href="../jpigp_cor_2018-03-31.xsd#jpigp_cor_IntangibleAssetsIFRS" xlink:label="IntangibleAssetsIFRS"/>
    <link:definitionArc xlink:type="arc" xlink:arcrole="http://www.xbrl.org/2003/arcrole/general-special" xlink:from="CarryingAmountComponentsOfGoodwillAndIntangibleAssetsIFRSAbstract" xlink:to="IntangibleAssetsIFRS" priority="0" order="18.0"/>
    <link:loc xlink:type="locator" xlink:href="../jpigp_cor_2018-03-31.xsd#jpigp_cor_GoodwillIFRS" xlink:label="GoodwillIFRS"/>
    <link:definitionArc xlink:type="arc" xlink:arcrole="http://www.xbrl.org/2003/arcrole/general-special" xlink:from="CarryingAmountComponentsOfGoodwillAndIntangibleAssetsIFRSAbstract" xlink:to="GoodwillIFRS" priority="0" order="1.0"/>
    <link:loc xlink:type="locator" xlink:href="../jpigp_cor_2018-03-31.xsd#jpigp_cor_PatentsIFRS" xlink:label="PatentsIFRS"/>
    <link:definitionArc xlink:type="arc" xlink:arcrole="http://www.xbrl.org/2003/arcrole/general-special" xlink:from="CarryingAmountComponentsOfGoodwillAndIntangibleAssetsIFRSAbstract" xlink:to="PatentsIFRS" priority="0" order="3.0"/>
    <link:loc xlink:type="locator" xlink:href="../jpigp_cor_2018-03-31.xsd#jpigp_cor_CustomerRelationshipsIFRS" xlink:label="CustomerRelationshipsIFRS"/>
    <link:definitionArc xlink:type="arc" xlink:arcrole="http://www.xbrl.org/2003/arcrole/general-special" xlink:from="CarryingAmountComponentsOfGoodwillAndIntangibleAssetsIFRSAbstract" xlink:to="CustomerRelationshipsIFRS" priority="0" order="4.0"/>
    <link:loc xlink:type="locator" xlink:href="../jpigp_cor_2018-03-31.xsd#jpigp_cor_SoftwareIFRS" xlink:label="SoftwareIFRS"/>
    <link:definitionArc xlink:type="arc" xlink:arcrole="http://www.xbrl.org/2003/arcrole/general-special" xlink:from="CarryingAmountComponentsOfGoodwillAndIntangibleAssetsIFRSAbstract" xlink:to="SoftwareIFRS" priority="0" order="13.0"/>
    <link:loc xlink:type="locator" xlink:href="../jpigp_cor_2018-03-31.xsd#jpigp_cor_OtherComponentsOfIntangibleAssetsIFRS" xlink:label="OtherComponentsOfIntangibleAssetsIFRS"/>
    <link:definitionArc xlink:type="arc" xlink:arcrole="http://www.xbrl.org/2003/arcrole/general-special" xlink:from="CarryingAmountComponentsOfGoodwillAndIntangibleAssetsIFRSAbstract" xlink:to="OtherComponentsOfIntangibleAssetsIFRS" priority="0" order="17.0"/>
    <link:loc xlink:type="locator" xlink:href="../jpigp_cor_2018-03-31.xsd#jpigp_cor_GoodwillAndIntangibleAssetsIFRS" xlink:label="GoodwillAndIntangibleAssetsIFRS"/>
    <link:definitionArc xlink:type="arc" xlink:arcrole="http://www.xbrl.org/2003/arcrole/general-special" xlink:from="CarryingAmountComponentsOfGoodwillAndIntangibleAssetsIFRSAbstract" xlink:to="GoodwillAndIntangibleAssetsIFRS" priority="0" order="19.0"/>
  </link:definitionLink>
</link:linkbase>
