<?xml version="1.0" encoding="UTF-8"?>
<!--  (c) Financial Services Agency, The Japanese Government.
      All Rights Reserved.
      For intellectual property policy and authorized uses of EDINET Taxonomy,
      refer to “EDINET Taxonomy Legal Statement” at http://www.fsa.go.jp/search/EDINET_Taxonomy_Legal_Statement.html
-->
<link:linkbase xmlns:link="http://www.xbrl.org/2003/linkbase" xmlns:xsi="http://www.w3.org/2001/XMLSchema-instance" xmlns:xlink="http://www.w3.org/1999/xlink" xmlns:xbrli="http://www.xbrl.org/2003/instance">
  <link:roleRef roleURI="http://disclosure.edinet-fsa.go.jp/role/jpigp/rol_std_ComponentsOfPropertyPlantAndEquipmentIFRS-ListOfAccounts" xlink:type="simple" xlink:href="../jpigp_rt_2018-03-31.xsd#rol_std_ComponentsOfPropertyPlantAndEquipmentIFRS-ListOfAccounts"/>
  <link:definitionLink xlink:type="extended" xlink:role="http://disclosure.edinet-fsa.go.jp/role/jpigp/rol_std_ComponentsOfPropertyPlantAndEquipmentIFRS-ListOfAccounts">
    <link:loc xlink:type="locator" xlink:href="../jpigp_cor_2018-03-31.xsd#jpigp_cor_ComponentsOfPropertyPlantAndEquipmentIFRSAbstract" xlink:label="ComponentsOfPropertyPlantAndEquipmentIFRSAbstract"/>
    <link:loc xlink:type="locator" xlink:href="../jpigp_cor_2018-03-31.xsd#jpigp_cor_ComponentsOfPropertyPlantAndEquipmentIFRSTable" xlink:label="ComponentsOfPropertyPlantAndEquipmentIFRSTable"/>
    <link:definitionArc xlink:type="arc" xlink:arcrole="http://www.xbrl.org/2003/arcrole/general-special" xlink:from="ComponentsOfPropertyPlantAndEquipmentIFRSAbstract" xlink:to="ComponentsOfPropertyPlantAndEquipmentIFRSTable" priority="0" order="1.0"/>
    <link:loc xlink:type="locator" xlink:href="../jpigp_cor_2018-03-31.xsd#jpigp_cor_ComponentsOfPropertyPlantAndEquipmentIFRSLineItems" xlink:label="ComponentsOfPropertyPlantAndEquipmentIFRSLineItems"/>
    <link:definitionArc xlink:type="arc" xlink:arcrole="http://www.xbrl.org/2003/arcrole/general-special" xlink:from="ComponentsOfPropertyPlantAndEquipmentIFRSAbstract" xlink:to="ComponentsOfPropertyPlantAndEquipmentIFRSLineItems" priority="0" order="2.0"/>
    <link:loc xlink:type="locator" xlink:href="../jpigp_cor_2018-03-31.xsd#jpigp_cor_AcquisitionCostPropertyPlantAndEquipmentIFRSAbstract" xlink:label="AcquisitionCostPropertyPlantAndEquipmentIFRSAbstract"/>
    <link:definitionArc xlink:type="arc" xlink:arcrole="http://www.xbrl.org/2003/arcrole/general-special" xlink:from="ComponentsOfPropertyPlantAndEquipmentIFRSLineItems" xlink:to="AcquisitionCostPropertyPlantAndEquipmentIFRSAbstract" priority="0" order="1.0"/>
    <link:loc xlink:type="locator" xlink:href="../jpigp_cor_2018-03-31.xsd#jpigp_cor_LandBuildingsAndStructuresAcquisitionCostIFRS" xlink:label="LandBuildingsAndStructuresAcquisitionCostIFRS"/>
    <link:definitionArc xlink:type="arc" xlink:arcrole="http://www.xbrl.org/2003/arcrole/general-special" xlink:from="AcquisitionCostPropertyPlantAndEquipmentIFRSAbstract" xlink:to="LandBuildingsAndStructuresAcquisitionCostIFRS" priority="0" order="1.0"/>
    <link:loc xlink:type="locator" xlink:href="../jpigp_cor_2018-03-31.xsd#jpigp_cor_BuildingsAndAccompanyingFacilitiesAcquisitionCostIFRS" xlink:label="BuildingsAndAccompanyingFacilitiesAcquisitionCostIFRS"/>
    <link:definitionArc xlink:type="arc" xlink:arcrole="http://www.xbrl.org/2003/arcrole/general-special" xlink:from="AcquisitionCostPropertyPlantAndEquipmentIFRSAbstract" xlink:to="BuildingsAndAccompanyingFacilitiesAcquisitionCostIFRS" priority="0" order="3.0"/>
    <link:loc xlink:type="locator" xlink:href="../jpigp_cor_2018-03-31.xsd#jpigp_cor_BuildingsAcquisitionCostIFRS" xlink:label="BuildingsAcquisitionCostIFRS"/>
    <link:definitionArc xlink:type="arc" xlink:arcrole="http://www.xbrl.org/2003/arcrole/general-special" xlink:from="AcquisitionCostPropertyPlantAndEquipmentIFRSAbstract" xlink:to="BuildingsAcquisitionCostIFRS" priority="0" order="4.0"/>
    <link:loc xlink:type="locator" xlink:href="../jpigp_cor_2018-03-31.xsd#jpigp_cor_MachineryAndVehiclesAcquisitionCostIFRS" xlink:label="MachineryAndVehiclesAcquisitionCostIFRS"/>
    <link:definitionArc xlink:type="arc" xlink:arcrole="http://www.xbrl.org/2003/arcrole/general-special" xlink:from="AcquisitionCostPropertyPlantAndEquipmentIFRSAbstract" xlink:to="MachineryAndVehiclesAcquisitionCostIFRS" priority="0" order="5.0"/>
    <link:loc xlink:type="locator" xlink:href="../jpigp_cor_2018-03-31.xsd#jpigp_cor_ToolsFurnitureAndFixturesAcquisitionCostIFRS" xlink:label="ToolsFurnitureAndFixturesAcquisitionCostIFRS"/>
    <link:definitionArc xlink:type="arc" xlink:arcrole="http://www.xbrl.org/2003/arcrole/general-special" xlink:from="AcquisitionCostPropertyPlantAndEquipmentIFRSAbstract" xlink:to="ToolsFurnitureAndFixturesAcquisitionCostIFRS" priority="0" order="7.0"/>
    <link:loc xlink:type="locator" xlink:href="../jpigp_cor_2018-03-31.xsd#jpigp_cor_VehiclesAcquisitionCostIFRS" xlink:label="VehiclesAcquisitionCostIFRS"/>
    <link:definitionArc xlink:type="arc" xlink:arcrole="http://www.xbrl.org/2003/arcrole/general-special" xlink:from="AcquisitionCostPropertyPlantAndEquipmentIFRSAbstract" xlink:to="VehiclesAcquisitionCostIFRS" priority="0" order="9.0"/>
    <link:loc xlink:type="locator" xlink:href="../jpigp_cor_2018-03-31.xsd#jpigp_cor_MineralResourcesRelatedPropertyAcquisitionCostIFRS" xlink:label="MineralResourcesRelatedPropertyAcquisitionCostIFRS"/>
    <link:definitionArc xlink:type="arc" xlink:arcrole="http://www.xbrl.org/2003/arcrole/general-special" xlink:from="AcquisitionCostPropertyPlantAndEquipmentIFRSAbstract" xlink:to="MineralResourcesRelatedPropertyAcquisitionCostIFRS" priority="0" order="10.0"/>
    <link:loc xlink:type="locator" xlink:href="../jpigp_cor_2018-03-31.xsd#jpigp_cor_OtherComponentsOfPropertyPlantAndEquipmentAcquisitionCostIFRS" xlink:label="OtherComponentsOfPropertyPlantAndEquipmentAcquisitionCostIFRS"/>
    <link:definitionArc xlink:type="arc" xlink:arcrole="http://www.xbrl.org/2003/arcrole/general-special" xlink:from="AcquisitionCostPropertyPlantAndEquipmentIFRSAbstract" xlink:to="OtherComponentsOfPropertyPlantAndEquipmentAcquisitionCostIFRS" priority="0" order="13.0"/>
    <link:loc xlink:type="locator" xlink:href="../jpigp_cor_2018-03-31.xsd#jpigp_cor_LandAcquisitionCostIFRS" xlink:label="LandAcquisitionCostIFRS"/>
    <link:definitionArc xlink:type="arc" xlink:arcrole="http://www.xbrl.org/2003/arcrole/general-special" xlink:from="AcquisitionCostPropertyPlantAndEquipmentIFRSAbstract" xlink:to="LandAcquisitionCostIFRS" priority="0" order="11.0"/>
    <link:loc xlink:type="locator" xlink:href="../jpigp_cor_2018-03-31.xsd#jpigp_cor_BuildingsAndStructuresAcquisitionCostIFRS" xlink:label="BuildingsAndStructuresAcquisitionCostIFRS"/>
    <link:definitionArc xlink:type="arc" xlink:arcrole="http://www.xbrl.org/2003/arcrole/general-special" xlink:from="AcquisitionCostPropertyPlantAndEquipmentIFRSAbstract" xlink:to="BuildingsAndStructuresAcquisitionCostIFRS" priority="0" order="2.0"/>
    <link:loc xlink:type="locator" xlink:href="../jpigp_cor_2018-03-31.xsd#jpigp_cor_MachineryAndEquipmentAcquisitionCostIFRS" xlink:label="MachineryAndEquipmentAcquisitionCostIFRS"/>
    <link:definitionArc xlink:type="arc" xlink:arcrole="http://www.xbrl.org/2003/arcrole/general-special" xlink:from="AcquisitionCostPropertyPlantAndEquipmentIFRSAbstract" xlink:to="MachineryAndEquipmentAcquisitionCostIFRS" priority="0" order="6.0"/>
    <link:loc xlink:type="locator" xlink:href="../jpigp_cor_2018-03-31.xsd#jpigp_cor_FurnitureAndFixturesAcquisitionCostIFRS" xlink:label="FurnitureAndFixturesAcquisitionCostIFRS"/>
    <link:definitionArc xlink:type="arc" xlink:arcrole="http://www.xbrl.org/2003/arcrole/general-special" xlink:from="AcquisitionCostPropertyPlantAndEquipmentIFRSAbstract" xlink:to="FurnitureAndFixturesAcquisitionCostIFRS" priority="0" order="8.0"/>
    <link:loc xlink:type="locator" xlink:href="../jpigp_cor_2018-03-31.xsd#jpigp_cor_ConstructionInProgressAcquisitionCostIFRS" xlink:label="ConstructionInProgressAcquisitionCostIFRS"/>
    <link:definitionArc xlink:type="arc" xlink:arcrole="http://www.xbrl.org/2003/arcrole/general-special" xlink:from="AcquisitionCostPropertyPlantAndEquipmentIFRSAbstract" xlink:to="ConstructionInProgressAcquisitionCostIFRS" priority="0" order="12.0"/>
    <link:loc xlink:type="locator" xlink:href="../jpigp_cor_2018-03-31.xsd#jpigp_cor_PropertyPlantAndEquipmentAcquisitionCostIFRS" xlink:label="PropertyPlantAndEquipmentAcquisitionCostIFRS"/>
    <link:definitionArc xlink:type="arc" xlink:arcrole="http://www.xbrl.org/2003/arcrole/general-special" xlink:from="AcquisitionCostPropertyPlantAndEquipmentIFRSAbstract" xlink:to="PropertyPlantAndEquipmentAcquisitionCostIFRS" priority="0" order="14.0"/>
    <link:loc xlink:type="locator" xlink:href="../jpigp_cor_2018-03-31.xsd#jpigp_cor_AccumulatedDepreciationAndImpairmentLossesPropertyPlantAndEquipmentIFRSAbstract" xlink:label="AccumulatedDepreciationAndImpairmentLossesPropertyPlantAndEquipmentIFRSAbstract"/>
    <link:definitionArc xlink:type="arc" xlink:arcrole="http://www.xbrl.org/2003/arcrole/general-special" xlink:from="ComponentsOfPropertyPlantAndEquipmentIFRSLineItems" xlink:to="AccumulatedDepreciationAndImpairmentLossesPropertyPlantAndEquipmentIFRSAbstract" priority="0" order="2.0"/>
    <link:loc xlink:type="locator" xlink:href="../jpigp_cor_2018-03-31.xsd#jpigp_cor_LandBuildingsAndStructuresAccumulatedDepreciationAndImpairmentLossesIFRS" xlink:label="LandBuildingsAndStructuresAccumulatedDepreciationAndImpairmentLossesIFRS"/>
    <link:definitionArc xlink:type="arc" xlink:arcrole="http://www.xbrl.org/2003/arcrole/general-special" xlink:from="AccumulatedDepreciationAndImpairmentLossesPropertyPlantAndEquipmentIFRSAbstract" xlink:to="LandBuildingsAndStructuresAccumulatedDepreciationAndImpairmentLossesIFRS" priority="0" order="1.0"/>
    <link:loc xlink:type="locator" xlink:href="../jpigp_cor_2018-03-31.xsd#jpigp_cor_BuildingsAndAccompanyingFacilitiesAccumulatedDepreciationAndImpairmentLossesIFRS" xlink:label="BuildingsAndAccompanyingFacilitiesAccumulatedDepreciationAndImpairmentLossesIFRS"/>
    <link:definitionArc xlink:type="arc" xlink:arcrole="http://www.xbrl.org/2003/arcrole/general-special" xlink:from="AccumulatedDepreciationAndImpairmentLossesPropertyPlantAndEquipmentIFRSAbstract" xlink:to="BuildingsAndAccompanyingFacilitiesAccumulatedDepreciationAndImpairmentLossesIFRS" priority="0" order="3.0"/>
    <link:loc xlink:type="locator" xlink:href="../jpigp_cor_2018-03-31.xsd#jpigp_cor_BuildingsAccumulatedDepreciationAndImpairmentLossesIFRS" xlink:label="BuildingsAccumulatedDepreciationAndImpairmentLossesIFRS"/>
    <link:definitionArc xlink:type="arc" xlink:arcrole="http://www.xbrl.org/2003/arcrole/general-special" xlink:from="AccumulatedDepreciationAndImpairmentLossesPropertyPlantAndEquipmentIFRSAbstract" xlink:to="BuildingsAccumulatedDepreciationAndImpairmentLossesIFRS" priority="0" order="4.0"/>
    <link:loc xlink:type="locator" xlink:href="../jpigp_cor_2018-03-31.xsd#jpigp_cor_MachineryAndVehiclesAccumulatedDepreciationAndImpairmentLossesIFRS" xlink:label="MachineryAndVehiclesAccumulatedDepreciationAndImpairmentLossesIFRS"/>
    <link:definitionArc xlink:type="arc" xlink:arcrole="http://www.xbrl.org/2003/arcrole/general-special" xlink:from="AccumulatedDepreciationAndImpairmentLossesPropertyPlantAndEquipmentIFRSAbstract" xlink:to="MachineryAndVehiclesAccumulatedDepreciationAndImpairmentLossesIFRS" priority="0" order="5.0"/>
    <link:loc xlink:type="locator" xlink:href="../jpigp_cor_2018-03-31.xsd#jpigp_cor_ToolsFurnitureAndFixturesAccumulatedDepreciationAndImpairmentLossesIFRS" xlink:label="ToolsFurnitureAndFixturesAccumulatedDepreciationAndImpairmentLossesIFRS"/>
    <link:definitionArc xlink:type="arc" xlink:arcrole="http://www.xbrl.org/2003/arcrole/general-special" xlink:from="AccumulatedDepreciationAndImpairmentLossesPropertyPlantAndEquipmentIFRSAbstract" xlink:to="ToolsFurnitureAndFixturesAccumulatedDepreciationAndImpairmentLossesIFRS" priority="0" order="7.0"/>
    <link:loc xlink:type="locator" xlink:href="../jpigp_cor_2018-03-31.xsd#jpigp_cor_VehiclesAccumulatedDepreciationAndImpairmentLossesIFRS" xlink:label="VehiclesAccumulatedDepreciationAndImpairmentLossesIFRS"/>
    <link:definitionArc xlink:type="arc" xlink:arcrole="http://www.xbrl.org/2003/arcrole/general-special" xlink:from="AccumulatedDepreciationAndImpairmentLossesPropertyPlantAndEquipmentIFRSAbstract" xlink:to="VehiclesAccumulatedDepreciationAndImpairmentLossesIFRS" priority="0" order="9.0"/>
    <link:loc xlink:type="locator" xlink:href="../jpigp_cor_2018-03-31.xsd#jpigp_cor_MineralResourcesRelatedPropertyAccumulatedDepreciationAndImpairmentLossesIFRS" xlink:label="MineralResourcesRelatedPropertyAccumulatedDepreciationAndImpairmentLossesIFRS"/>
    <link:definitionArc xlink:type="arc" xlink:arcrole="http://www.xbrl.org/2003/arcrole/general-special" xlink:from="AccumulatedDepreciationAndImpairmentLossesPropertyPlantAndEquipmentIFRSAbstract" xlink:to="MineralResourcesRelatedPropertyAccumulatedDepreciationAndImpairmentLossesIFRS" priority="0" order="10.0"/>
    <link:loc xlink:type="locator" xlink:href="../jpigp_cor_2018-03-31.xsd#jpigp_cor_OtherComponentsOfPropertyPlantAndEquipmentAccumulatedDepreciationAndImpairmentLossesIFRS" xlink:label="OtherComponentsOfPropertyPlantAndEquipmentAccumulatedDepreciationAndImpairmentLossesIFRS"/>
    <link:definitionArc xlink:type="arc" xlink:arcrole="http://www.xbrl.org/2003/arcrole/general-special" xlink:from="AccumulatedDepreciationAndImpairmentLossesPropertyPlantAndEquipmentIFRSAbstract" xlink:to="OtherComponentsOfPropertyPlantAndEquipmentAccumulatedDepreciationAndImpairmentLossesIFRS" priority="0" order="13.0"/>
    <link:loc xlink:type="locator" xlink:href="../jpigp_cor_2018-03-31.xsd#jpigp_cor_LandAccumulatedImpairmentLossesIFRS" xlink:label="LandAccumulatedImpairmentLossesIFRS"/>
    <link:definitionArc xlink:type="arc" xlink:arcrole="http://www.xbrl.org/2003/arcrole/general-special" xlink:from="AccumulatedDepreciationAndImpairmentLossesPropertyPlantAndEquipmentIFRSAbstract" xlink:to="LandAccumulatedImpairmentLossesIFRS" priority="0" order="11.0"/>
    <link:loc xlink:type="locator" xlink:href="../jpigp_cor_2018-03-31.xsd#jpigp_cor_BuildingsAndStructuresAccumulatedDepreciationAndImpairmentLossesIFRS" xlink:label="BuildingsAndStructuresAccumulatedDepreciationAndImpairmentLossesIFRS"/>
    <link:definitionArc xlink:type="arc" xlink:arcrole="http://www.xbrl.org/2003/arcrole/general-special" xlink:from="AccumulatedDepreciationAndImpairmentLossesPropertyPlantAndEquipmentIFRSAbstract" xlink:to="BuildingsAndStructuresAccumulatedDepreciationAndImpairmentLossesIFRS" priority="0" order="2.0"/>
    <link:loc xlink:type="locator" xlink:href="../jpigp_cor_2018-03-31.xsd#jpigp_cor_MachineryAndEquipmentAccumulatedDepreciationAndImpairmentLossesIFRS" xlink:label="MachineryAndEquipmentAccumulatedDepreciationAndImpairmentLossesIFRS"/>
    <link:definitionArc xlink:type="arc" xlink:arcrole="http://www.xbrl.org/2003/arcrole/general-special" xlink:from="AccumulatedDepreciationAndImpairmentLossesPropertyPlantAndEquipmentIFRSAbstract" xlink:to="MachineryAndEquipmentAccumulatedDepreciationAndImpairmentLossesIFRS" priority="0" order="6.0"/>
    <link:loc xlink:type="locator" xlink:href="../jpigp_cor_2018-03-31.xsd#jpigp_cor_FurnitureAndFixturesAccumulatedDepreciationAndImpairmentLossesIFRS" xlink:label="FurnitureAndFixturesAccumulatedDepreciationAndImpairmentLossesIFRS"/>
    <link:definitionArc xlink:type="arc" xlink:arcrole="http://www.xbrl.org/2003/arcrole/general-special" xlink:from="AccumulatedDepreciationAndImpairmentLossesPropertyPlantAndEquipmentIFRSAbstract" xlink:to="FurnitureAndFixturesAccumulatedDepreciationAndImpairmentLossesIFRS" priority="0" order="8.0"/>
    <link:loc xlink:type="locator" xlink:href="../jpigp_cor_2018-03-31.xsd#jpigp_cor_ConstructionInProgressAccumulatedImpairmentLossesIFRS" xlink:label="ConstructionInProgressAccumulatedImpairmentLossesIFRS"/>
    <link:definitionArc xlink:type="arc" xlink:arcrole="http://www.xbrl.org/2003/arcrole/general-special" xlink:from="AccumulatedDepreciationAndImpairmentLossesPropertyPlantAndEquipmentIFRSAbstract" xlink:to="ConstructionInProgressAccumulatedImpairmentLossesIFRS" priority="0" order="12.0"/>
    <link:loc xlink:type="locator" xlink:href="../jpigp_cor_2018-03-31.xsd#jpigp_cor_PropertyPlantAndEquipmentAccumulatedDepreciationAndImpairmentLossesIFRS" xlink:label="PropertyPlantAndEquipmentAccumulatedDepreciationAndImpairmentLossesIFRS"/>
    <link:definitionArc xlink:type="arc" xlink:arcrole="http://www.xbrl.org/2003/arcrole/general-special" xlink:from="AccumulatedDepreciationAndImpairmentLossesPropertyPlantAndEquipmentIFRSAbstract" xlink:to="PropertyPlantAndEquipmentAccumulatedDepreciationAndImpairmentLossesIFRS" priority="0" order="14.0"/>
    <link:loc xlink:type="locator" xlink:href="../jpigp_cor_2018-03-31.xsd#jpigp_cor_CarryingAmountPropertyPlantAndEquipmentIFRSAbstract" xlink:label="CarryingAmountPropertyPlantAndEquipmentIFRSAbstract"/>
    <link:definitionArc xlink:type="arc" xlink:arcrole="http://www.xbrl.org/2003/arcrole/general-special" xlink:from="ComponentsOfPropertyPlantAndEquipmentIFRSLineItems" xlink:to="CarryingAmountPropertyPlantAndEquipmentIFRSAbstract" priority="0" order="3.0"/>
    <link:loc xlink:type="locator" xlink:href="../jpigp_cor_2018-03-31.xsd#jpigp_cor_LandBuildingsAndStructuresIFRS" xlink:label="LandBuildingsAndStructuresIFRS"/>
    <link:definitionArc xlink:type="arc" xlink:arcrole="http://www.xbrl.org/2003/arcrole/general-special" xlink:from="CarryingAmountPropertyPlantAndEquipmentIFRSAbstract" xlink:to="LandBuildingsAndStructuresIFRS" priority="0" order="1.0"/>
    <link:loc xlink:type="locator" xlink:href="../jpigp_cor_2018-03-31.xsd#jpigp_cor_BuildingsAndAccompanyingFacilitiesIFRS" xlink:label="BuildingsAndAccompanyingFacilitiesIFRS"/>
    <link:definitionArc xlink:type="arc" xlink:arcrole="http://www.xbrl.org/2003/arcrole/general-special" xlink:from="CarryingAmountPropertyPlantAndEquipmentIFRSAbstract" xlink:to="BuildingsAndAccompanyingFacilitiesIFRS" priority="0" order="3.0"/>
    <link:loc xlink:type="locator" xlink:href="../jpigp_cor_2018-03-31.xsd#jpigp_cor_BuildingsIFRS" xlink:label="BuildingsIFRS"/>
    <link:definitionArc xlink:type="arc" xlink:arcrole="http://www.xbrl.org/2003/arcrole/general-special" xlink:from="CarryingAmountPropertyPlantAndEquipmentIFRSAbstract" xlink:to="BuildingsIFRS" priority="0" order="4.0"/>
    <link:loc xlink:type="locator" xlink:href="../jpigp_cor_2018-03-31.xsd#jpigp_cor_MachineryAndVehiclesIFRS" xlink:label="MachineryAndVehiclesIFRS"/>
    <link:definitionArc xlink:type="arc" xlink:arcrole="http://www.xbrl.org/2003/arcrole/general-special" xlink:from="CarryingAmountPropertyPlantAndEquipmentIFRSAbstract" xlink:to="MachineryAndVehiclesIFRS" priority="0" order="5.0"/>
    <link:loc xlink:type="locator" xlink:href="../jpigp_cor_2018-03-31.xsd#jpigp_cor_ToolsFurnitureAndFixturesIFRS" xlink:label="ToolsFurnitureAndFixturesIFRS"/>
    <link:definitionArc xlink:type="arc" xlink:arcrole="http://www.xbrl.org/2003/arcrole/general-special" xlink:from="CarryingAmountPropertyPlantAndEquipmentIFRSAbstract" xlink:to="ToolsFurnitureAndFixturesIFRS" priority="0" order="7.0"/>
    <link:loc xlink:type="locator" xlink:href="../jpigp_cor_2018-03-31.xsd#jpigp_cor_VehiclesIFRS" xlink:label="VehiclesIFRS"/>
    <link:definitionArc xlink:type="arc" xlink:arcrole="http://www.xbrl.org/2003/arcrole/general-special" xlink:from="CarryingAmountPropertyPlantAndEquipmentIFRSAbstract" xlink:to="VehiclesIFRS" priority="0" order="9.0"/>
    <link:loc xlink:type="locator" xlink:href="../jpigp_cor_2018-03-31.xsd#jpigp_cor_MineralResourcesRelatedPropertyIFRS" xlink:label="MineralResourcesRelatedPropertyIFRS"/>
    <link:definitionArc xlink:type="arc" xlink:arcrole="http://www.xbrl.org/2003/arcrole/general-special" xlink:from="CarryingAmountPropertyPlantAndEquipmentIFRSAbstract" xlink:to="MineralResourcesRelatedPropertyIFRS" priority="0" order="10.0"/>
    <link:loc xlink:type="locator" xlink:href="../jpigp_cor_2018-03-31.xsd#jpigp_cor_OtherComponentsOfPropertyPlantAndEquipmentIFRS" xlink:label="OtherComponentsOfPropertyPlantAndEquipmentIFRS"/>
    <link:definitionArc xlink:type="arc" xlink:arcrole="http://www.xbrl.org/2003/arcrole/general-special" xlink:from="CarryingAmountPropertyPlantAndEquipmentIFRSAbstract" xlink:to="OtherComponentsOfPropertyPlantAndEquipmentIFRS" priority="0" order="13.0"/>
    <link:loc xlink:type="locator" xlink:href="../jpigp_cor_2018-03-31.xsd#jpigp_cor_LandIFRS" xlink:label="LandIFRS"/>
    <link:definitionArc xlink:type="arc" xlink:arcrole="http://www.xbrl.org/2003/arcrole/general-special" xlink:from="CarryingAmountPropertyPlantAndEquipmentIFRSAbstract" xlink:to="LandIFRS" priority="0" order="11.0"/>
    <link:loc xlink:type="locator" xlink:href="../jpigp_cor_2018-03-31.xsd#jpigp_cor_BuildingsAndStructuresIFRS" xlink:label="BuildingsAndStructuresIFRS"/>
    <link:definitionArc xlink:type="arc" xlink:arcrole="http://www.xbrl.org/2003/arcrole/general-special" xlink:from="CarryingAmountPropertyPlantAndEquipmentIFRSAbstract" xlink:to="BuildingsAndStructuresIFRS" priority="0" order="2.0"/>
    <link:loc xlink:type="locator" xlink:href="../jpigp_cor_2018-03-31.xsd#jpigp_cor_MachineryAndEquipmentIFRS" xlink:label="MachineryAndEquipmentIFRS"/>
    <link:definitionArc xlink:type="arc" xlink:arcrole="http://www.xbrl.org/2003/arcrole/general-special" xlink:from="CarryingAmountPropertyPlantAndEquipmentIFRSAbstract" xlink:to="MachineryAndEquipmentIFRS" priority="0" order="6.0"/>
    <link:loc xlink:type="locator" xlink:href="../jpigp_cor_2018-03-31.xsd#jpigp_cor_FurnitureAndFixturesIFRS" xlink:label="FurnitureAndFixturesIFRS"/>
    <link:definitionArc xlink:type="arc" xlink:arcrole="http://www.xbrl.org/2003/arcrole/general-special" xlink:from="CarryingAmountPropertyPlantAndEquipmentIFRSAbstract" xlink:to="FurnitureAndFixturesIFRS" priority="0" order="8.0"/>
    <link:loc xlink:type="locator" xlink:href="../jpigp_cor_2018-03-31.xsd#jpigp_cor_ConstructionInProgressIFRS" xlink:label="ConstructionInProgressIFRS"/>
    <link:definitionArc xlink:type="arc" xlink:arcrole="http://www.xbrl.org/2003/arcrole/general-special" xlink:from="CarryingAmountPropertyPlantAndEquipmentIFRSAbstract" xlink:to="ConstructionInProgressIFRS" priority="0" order="12.0"/>
    <link:loc xlink:type="locator" xlink:href="../jpigp_cor_2018-03-31.xsd#jpigp_cor_PropertyPlantAndEquipmentIFRS" xlink:label="PropertyPlantAndEquipmentIFRS"/>
    <link:definitionArc xlink:type="arc" xlink:arcrole="http://www.xbrl.org/2003/arcrole/general-special" xlink:from="CarryingAmountPropertyPlantAndEquipmentIFRSAbstract" xlink:to="PropertyPlantAndEquipmentIFRS" priority="0" order="14.0"/>
  </link:definitionLink>
</link:linkbase>
