<?xml version="1.0" encoding="UTF-8"?>
<!--  (c) Financial Services Agency, The Japanese Government.
      All Rights Reserved.
      For intellectual property policy and authorized uses of EDINET Taxonomy,
      refer to “EDINET Taxonomy Legal Statement” at http://www.fsa.go.jp/search/EDINET_Taxonomy_Legal_Statement.html
-->
<link:linkbase xmlns:link="http://www.xbrl.org/2003/linkbase" xmlns:xsi="http://www.w3.org/2001/XMLSchema-instance" xmlns:xlink="http://www.w3.org/1999/xlink" xmlns:xbrli="http://www.xbrl.org/2003/instance">
  <link:roleRef roleURI="http://disclosure.edinet-fsa.go.jp/jpcrp/std/alt/role/label" xlink:type="simple" xlink:href="../../../jpcrp/2018-03-31/jpcrp_rt_2018-03-31.xsd#rol_std_altLabel"/>
  <link:roleRef roleURI="http://disclosure.edinet-fsa.go.jp/jppfs/Consolidated/role/label" xlink:type="simple" xlink:href="../../../jppfs/2018-03-31/jppfs_rt_2018-03-31.xsd#rol_ConsolidatedLabel"/>
  <link:roleRef roleURI="http://disclosure.edinet-fsa.go.jp/role/jpigp/rol_std_ConsolidatedStatementOfFinancialPositionIFRS" xlink:type="simple" xlink:href="../jpigp_rt_2018-03-31.xsd#rol_std_ConsolidatedStatementOfFinancialPositionIFRS"/>
  <link:presentationLink xlink:type="extended" xlink:role="http://disclosure.edinet-fsa.go.jp/role/jpigp/rol_std_ConsolidatedStatementOfFinancialPositionIFRS">
    <link:loc xlink:type="locator" xlink:href="../jpigp_cor_2018-03-31.xsd#jpigp_cor_ConsolidatedStatementOfFinancialPositionIFRSHeading" xlink:label="ConsolidatedStatementOfFinancialPositionIFRSHeading"/>
    <link:loc xlink:type="locator" xlink:href="../jpigp_cor_2018-03-31.xsd#jpigp_cor_StatementOfFinancialPositionIFRSTable" xlink:label="StatementOfFinancialPositionIFRSTable"/>
    <link:presentationArc xlink:type="arc" xlink:arcrole="http://www.xbrl.org/2003/arcrole/parent-child" xlink:from="ConsolidatedStatementOfFinancialPositionIFRSHeading" xlink:to="StatementOfFinancialPositionIFRSTable" priority="0" order="1.0" preferredLabel="http://disclosure.edinet-fsa.go.jp/jppfs/Consolidated/role/label"/>
    <link:loc xlink:type="locator" xlink:href="../../../jppfs/2018-03-31/jppfs_cor_2018-03-31.xsd#jppfs_cor_ConsolidatedOrNonConsolidatedAxis" xlink:label="ConsolidatedOrNonConsolidatedAxis"/>
    <link:presentationArc xlink:type="arc" xlink:arcrole="http://www.xbrl.org/2003/arcrole/parent-child" xlink:from="StatementOfFinancialPositionIFRSTable" xlink:to="ConsolidatedOrNonConsolidatedAxis" priority="0" order="1.0"/>
    <link:loc xlink:type="locator" xlink:href="../../../jppfs/2018-03-31/jppfs_cor_2018-03-31.xsd#jppfs_cor_ConsolidatedMember" xlink:label="ConsolidatedMember"/>
    <link:presentationArc xlink:type="arc" xlink:arcrole="http://www.xbrl.org/2003/arcrole/parent-child" xlink:from="ConsolidatedOrNonConsolidatedAxis" xlink:to="ConsolidatedMember" priority="0" order="1.0"/>
    <link:loc xlink:type="locator" xlink:href="../jpigp_cor_2018-03-31.xsd#jpigp_cor_StatementOfFinancialPositionIFRSLineItems" xlink:label="StatementOfFinancialPositionIFRSLineItems"/>
    <link:presentationArc xlink:type="arc" xlink:arcrole="http://www.xbrl.org/2003/arcrole/parent-child" xlink:from="ConsolidatedStatementOfFinancialPositionIFRSHeading" xlink:to="StatementOfFinancialPositionIFRSLineItems" priority="0" order="2.0" preferredLabel="http://disclosure.edinet-fsa.go.jp/jppfs/Consolidated/role/label"/>
    <link:loc xlink:type="locator" xlink:href="../jpigp_cor_2018-03-31.xsd#jpigp_cor_AssetsIFRSAbstract" xlink:label="AssetsIFRSAbstract"/>
    <link:presentationArc xlink:type="arc" xlink:arcrole="http://www.xbrl.org/2003/arcrole/parent-child" xlink:from="StatementOfFinancialPositionIFRSLineItems" xlink:to="AssetsIFRSAbstract" priority="0" order="1.0"/>
    <link:loc xlink:type="locator" xlink:href="../jpigp_cor_2018-03-31.xsd#jpigp_cor_CurrentAssetsIFRSAbstract" xlink:label="CurrentAssetsIFRSAbstract"/>
    <link:presentationArc xlink:type="arc" xlink:arcrole="http://www.xbrl.org/2003/arcrole/parent-child" xlink:from="AssetsIFRSAbstract" xlink:to="CurrentAssetsIFRSAbstract" priority="0" order="1.0"/>
    <link:loc xlink:type="locator" xlink:href="../jpigp_cor_2018-03-31.xsd#jpigp_cor_CashAndCashEquivalentsIFRS" xlink:label="CashAndCashEquivalentsIFRS"/>
    <link:presentationArc xlink:type="arc" xlink:arcrole="http://www.xbrl.org/2003/arcrole/parent-child" xlink:from="CurrentAssetsIFRSAbstract" xlink:to="CashAndCashEquivalentsIFRS" priority="0" order="1.0"/>
    <link:loc xlink:type="locator" xlink:href="../jpigp_cor_2018-03-31.xsd#jpigp_cor_TradeAndOtherReceivablesCAIFRS" xlink:label="TradeAndOtherReceivablesCAIFRS"/>
    <link:presentationArc xlink:type="arc" xlink:arcrole="http://www.xbrl.org/2003/arcrole/parent-child" xlink:from="CurrentAssetsIFRSAbstract" xlink:to="TradeAndOtherReceivablesCAIFRS" priority="0" order="2.0"/>
    <link:loc xlink:type="locator" xlink:href="../jpigp_cor_2018-03-31.xsd#jpigp_cor_InventoriesCAIFRS" xlink:label="InventoriesCAIFRS"/>
    <link:presentationArc xlink:type="arc" xlink:arcrole="http://www.xbrl.org/2003/arcrole/parent-child" xlink:from="CurrentAssetsIFRSAbstract" xlink:to="InventoriesCAIFRS" priority="0" order="3.0"/>
    <link:loc xlink:type="locator" xlink:href="../jpigp_cor_2018-03-31.xsd#jpigp_cor_OtherFinancialAssetsCAIFRS" xlink:label="OtherFinancialAssetsCAIFRS"/>
    <link:presentationArc xlink:type="arc" xlink:arcrole="http://www.xbrl.org/2003/arcrole/parent-child" xlink:from="CurrentAssetsIFRSAbstract" xlink:to="OtherFinancialAssetsCAIFRS" priority="0" order="4.0"/>
    <link:loc xlink:type="locator" xlink:href="../jpigp_cor_2018-03-31.xsd#jpigp_cor_OtherCurrentAssetsCAIFRS" xlink:label="OtherCurrentAssetsCAIFRS"/>
    <link:presentationArc xlink:type="arc" xlink:arcrole="http://www.xbrl.org/2003/arcrole/parent-child" xlink:from="CurrentAssetsIFRSAbstract" xlink:to="OtherCurrentAssetsCAIFRS" priority="0" order="5.0"/>
    <link:loc xlink:type="locator" xlink:href="../jpigp_cor_2018-03-31.xsd#jpigp_cor_CurrentAssetsOtherThanAssetsHeldForSaleCAIFRS" xlink:label="CurrentAssetsOtherThanAssetsHeldForSaleCAIFRS"/>
    <link:presentationArc xlink:type="arc" xlink:arcrole="http://www.xbrl.org/2003/arcrole/parent-child" xlink:from="CurrentAssetsIFRSAbstract" xlink:to="CurrentAssetsOtherThanAssetsHeldForSaleCAIFRS" priority="0" order="6.0" preferredLabel="http://www.xbrl.org/2003/role/totalLabel"/>
    <link:loc xlink:type="locator" xlink:href="../jpigp_cor_2018-03-31.xsd#jpigp_cor_AssetsHeldForSaleIFRS" xlink:label="AssetsHeldForSaleIFRS"/>
    <link:presentationArc xlink:type="arc" xlink:arcrole="http://www.xbrl.org/2003/arcrole/parent-child" xlink:from="CurrentAssetsIFRSAbstract" xlink:to="AssetsHeldForSaleIFRS" priority="0" order="7.0"/>
    <link:loc xlink:type="locator" xlink:href="../jpigp_cor_2018-03-31.xsd#jpigp_cor_CurrentAssetsIFRS" xlink:label="CurrentAssetsIFRS"/>
    <link:presentationArc xlink:type="arc" xlink:arcrole="http://www.xbrl.org/2003/arcrole/parent-child" xlink:from="CurrentAssetsIFRSAbstract" xlink:to="CurrentAssetsIFRS" priority="0" order="8.0" preferredLabel="http://www.xbrl.org/2003/role/totalLabel"/>
    <link:loc xlink:type="locator" xlink:href="../jpigp_cor_2018-03-31.xsd#jpigp_cor_NonCurrentAssetsIFRSAbstract" xlink:label="NonCurrentAssetsIFRSAbstract"/>
    <link:presentationArc xlink:type="arc" xlink:arcrole="http://www.xbrl.org/2003/arcrole/parent-child" xlink:from="AssetsIFRSAbstract" xlink:to="NonCurrentAssetsIFRSAbstract" priority="0" order="2.0"/>
    <link:loc xlink:type="locator" xlink:href="../jpigp_cor_2018-03-31.xsd#jpigp_cor_PropertyPlantAndEquipmentIFRS" xlink:label="PropertyPlantAndEquipmentIFRS"/>
    <link:presentationArc xlink:type="arc" xlink:arcrole="http://www.xbrl.org/2003/arcrole/parent-child" xlink:from="NonCurrentAssetsIFRSAbstract" xlink:to="PropertyPlantAndEquipmentIFRS" priority="0" order="1.0"/>
    <link:loc xlink:type="locator" xlink:href="../jpigp_cor_2018-03-31.xsd#jpigp_cor_GoodwillIFRS" xlink:label="GoodwillIFRS"/>
    <link:presentationArc xlink:type="arc" xlink:arcrole="http://www.xbrl.org/2003/arcrole/parent-child" xlink:from="NonCurrentAssetsIFRSAbstract" xlink:to="GoodwillIFRS" priority="0" order="2.0"/>
    <link:loc xlink:type="locator" xlink:href="../jpigp_cor_2018-03-31.xsd#jpigp_cor_IntangibleAssetsIFRS" xlink:label="IntangibleAssetsIFRS"/>
    <link:presentationArc xlink:type="arc" xlink:arcrole="http://www.xbrl.org/2003/arcrole/parent-child" xlink:from="NonCurrentAssetsIFRSAbstract" xlink:to="IntangibleAssetsIFRS" priority="0" order="3.0"/>
    <link:loc xlink:type="locator" xlink:href="../jpigp_cor_2018-03-31.xsd#jpigp_cor_InvestmentPropertyIFRS" xlink:label="InvestmentPropertyIFRS"/>
    <link:presentationArc xlink:type="arc" xlink:arcrole="http://www.xbrl.org/2003/arcrole/parent-child" xlink:from="NonCurrentAssetsIFRSAbstract" xlink:to="InvestmentPropertyIFRS" priority="0" order="4.0"/>
    <link:loc xlink:type="locator" xlink:href="../jpigp_cor_2018-03-31.xsd#jpigp_cor_InvestmentsAccountedForUsingEquityMethodIFRS" xlink:label="InvestmentsAccountedForUsingEquityMethodIFRS"/>
    <link:presentationArc xlink:type="arc" xlink:arcrole="http://www.xbrl.org/2003/arcrole/parent-child" xlink:from="NonCurrentAssetsIFRSAbstract" xlink:to="InvestmentsAccountedForUsingEquityMethodIFRS" priority="0" order="5.0"/>
    <link:loc xlink:type="locator" xlink:href="../jpigp_cor_2018-03-31.xsd#jpigp_cor_OtherFinancialAssetsNCAIFRS" xlink:label="OtherFinancialAssetsNCAIFRS"/>
    <link:presentationArc xlink:type="arc" xlink:arcrole="http://www.xbrl.org/2003/arcrole/parent-child" xlink:from="NonCurrentAssetsIFRSAbstract" xlink:to="OtherFinancialAssetsNCAIFRS" priority="0" order="6.0"/>
    <link:loc xlink:type="locator" xlink:href="../jpigp_cor_2018-03-31.xsd#jpigp_cor_DeferredTaxAssetsIFRS" xlink:label="DeferredTaxAssetsIFRS"/>
    <link:presentationArc xlink:type="arc" xlink:arcrole="http://www.xbrl.org/2003/arcrole/parent-child" xlink:from="NonCurrentAssetsIFRSAbstract" xlink:to="DeferredTaxAssetsIFRS" priority="0" order="7.0"/>
    <link:loc xlink:type="locator" xlink:href="../jpigp_cor_2018-03-31.xsd#jpigp_cor_OtherNonCurrentAssetsNCAIFRS" xlink:label="OtherNonCurrentAssetsNCAIFRS"/>
    <link:presentationArc xlink:type="arc" xlink:arcrole="http://www.xbrl.org/2003/arcrole/parent-child" xlink:from="NonCurrentAssetsIFRSAbstract" xlink:to="OtherNonCurrentAssetsNCAIFRS" priority="0" order="8.0"/>
    <link:loc xlink:type="locator" xlink:href="../jpigp_cor_2018-03-31.xsd#jpigp_cor_NonCurrentAssetsIFRS" xlink:label="NonCurrentAssetsIFRS"/>
    <link:presentationArc xlink:type="arc" xlink:arcrole="http://www.xbrl.org/2003/arcrole/parent-child" xlink:from="NonCurrentAssetsIFRSAbstract" xlink:to="NonCurrentAssetsIFRS" priority="0" order="9.0" preferredLabel="http://www.xbrl.org/2003/role/totalLabel"/>
    <link:loc xlink:type="locator" xlink:href="../jpigp_cor_2018-03-31.xsd#jpigp_cor_AssetsIFRS" xlink:label="AssetsIFRS"/>
    <link:presentationArc xlink:type="arc" xlink:arcrole="http://www.xbrl.org/2003/arcrole/parent-child" xlink:from="AssetsIFRSAbstract" xlink:to="AssetsIFRS" priority="0" order="3.0" preferredLabel="http://www.xbrl.org/2003/role/totalLabel"/>
    <link:loc xlink:type="locator" xlink:href="../jpigp_cor_2018-03-31.xsd#jpigp_cor_LiabilitiesAndEquityIFRSAbstract" xlink:label="LiabilitiesAndEquityIFRSAbstract"/>
    <link:presentationArc xlink:type="arc" xlink:arcrole="http://www.xbrl.org/2003/arcrole/parent-child" xlink:from="StatementOfFinancialPositionIFRSLineItems" xlink:to="LiabilitiesAndEquityIFRSAbstract" priority="0" order="2.0"/>
    <link:loc xlink:type="locator" xlink:href="../jpigp_cor_2018-03-31.xsd#jpigp_cor_LiabilitiesIFRSAbstract" xlink:label="LiabilitiesIFRSAbstract"/>
    <link:presentationArc xlink:type="arc" xlink:arcrole="http://www.xbrl.org/2003/arcrole/parent-child" xlink:from="LiabilitiesAndEquityIFRSAbstract" xlink:to="LiabilitiesIFRSAbstract" priority="0" order="1.0"/>
    <link:loc xlink:type="locator" xlink:href="../jpigp_cor_2018-03-31.xsd#jpigp_cor_CurrentLiabilitiesIFRSAbstract" xlink:label="CurrentLiabilitiesIFRSAbstract"/>
    <link:presentationArc xlink:type="arc" xlink:arcrole="http://www.xbrl.org/2003/arcrole/parent-child" xlink:from="LiabilitiesIFRSAbstract" xlink:to="CurrentLiabilitiesIFRSAbstract" priority="0" order="1.0"/>
    <link:loc xlink:type="locator" xlink:href="../jpigp_cor_2018-03-31.xsd#jpigp_cor_TradeAndOtherPayablesCLIFRS" xlink:label="TradeAndOtherPayablesCLIFRS"/>
    <link:presentationArc xlink:type="arc" xlink:arcrole="http://www.xbrl.org/2003/arcrole/parent-child" xlink:from="CurrentLiabilitiesIFRSAbstract" xlink:to="TradeAndOtherPayablesCLIFRS" priority="0" order="1.0"/>
    <link:loc xlink:type="locator" xlink:href="../jpigp_cor_2018-03-31.xsd#jpigp_cor_BondsAndBorrowingsCLIFRS" xlink:label="BondsAndBorrowingsCLIFRS"/>
    <link:presentationArc xlink:type="arc" xlink:arcrole="http://www.xbrl.org/2003/arcrole/parent-child" xlink:from="CurrentLiabilitiesIFRSAbstract" xlink:to="BondsAndBorrowingsCLIFRS" priority="0" order="2.0"/>
    <link:loc xlink:type="locator" xlink:href="../jpigp_cor_2018-03-31.xsd#jpigp_cor_OtherFinancialLiabilitiesCLIFRS" xlink:label="OtherFinancialLiabilitiesCLIFRS"/>
    <link:presentationArc xlink:type="arc" xlink:arcrole="http://www.xbrl.org/2003/arcrole/parent-child" xlink:from="CurrentLiabilitiesIFRSAbstract" xlink:to="OtherFinancialLiabilitiesCLIFRS" priority="0" order="3.0"/>
    <link:loc xlink:type="locator" xlink:href="../jpigp_cor_2018-03-31.xsd#jpigp_cor_IncomeTaxesPayableCLIFRS" xlink:label="IncomeTaxesPayableCLIFRS"/>
    <link:presentationArc xlink:type="arc" xlink:arcrole="http://www.xbrl.org/2003/arcrole/parent-child" xlink:from="CurrentLiabilitiesIFRSAbstract" xlink:to="IncomeTaxesPayableCLIFRS" priority="0" order="4.0"/>
    <link:loc xlink:type="locator" xlink:href="../jpigp_cor_2018-03-31.xsd#jpigp_cor_ProvisionsCLIFRS" xlink:label="ProvisionsCLIFRS"/>
    <link:presentationArc xlink:type="arc" xlink:arcrole="http://www.xbrl.org/2003/arcrole/parent-child" xlink:from="CurrentLiabilitiesIFRSAbstract" xlink:to="ProvisionsCLIFRS" priority="0" order="5.0"/>
    <link:loc xlink:type="locator" xlink:href="../jpigp_cor_2018-03-31.xsd#jpigp_cor_OtherCurrentLiabilitiesCLIFRS" xlink:label="OtherCurrentLiabilitiesCLIFRS"/>
    <link:presentationArc xlink:type="arc" xlink:arcrole="http://www.xbrl.org/2003/arcrole/parent-child" xlink:from="CurrentLiabilitiesIFRSAbstract" xlink:to="OtherCurrentLiabilitiesCLIFRS" priority="0" order="6.0"/>
    <link:loc xlink:type="locator" xlink:href="../jpigp_cor_2018-03-31.xsd#jpigp_cor_LiabilitiesOtherThanLiabilitiesDirectlyAssociatedWithAssetsHeldForSaleIFRS" xlink:label="LiabilitiesOtherThanLiabilitiesDirectlyAssociatedWithAssetsHeldForSaleIFRS"/>
    <link:presentationArc xlink:type="arc" xlink:arcrole="http://www.xbrl.org/2003/arcrole/parent-child" xlink:from="CurrentLiabilitiesIFRSAbstract" xlink:to="LiabilitiesOtherThanLiabilitiesDirectlyAssociatedWithAssetsHeldForSaleIFRS" priority="0" order="7.0" preferredLabel="http://www.xbrl.org/2003/role/totalLabel"/>
    <link:loc xlink:type="locator" xlink:href="../jpigp_cor_2018-03-31.xsd#jpigp_cor_LiabilitiesDirectlyAssociatedWithAssetsHeldForSaleIFRS" xlink:label="LiabilitiesDirectlyAssociatedWithAssetsHeldForSaleIFRS"/>
    <link:presentationArc xlink:type="arc" xlink:arcrole="http://www.xbrl.org/2003/arcrole/parent-child" xlink:from="CurrentLiabilitiesIFRSAbstract" xlink:to="LiabilitiesDirectlyAssociatedWithAssetsHeldForSaleIFRS" priority="0" order="8.0" preferredLabel="http://disclosure.edinet-fsa.go.jp/jpcrp/std/alt/role/label"/>
    <link:loc xlink:type="locator" xlink:href="../jpigp_cor_2018-03-31.xsd#jpigp_cor_TotalCurrentLiabilitiesIFRS" xlink:label="TotalCurrentLiabilitiesIFRS"/>
    <link:presentationArc xlink:type="arc" xlink:arcrole="http://www.xbrl.org/2003/arcrole/parent-child" xlink:from="CurrentLiabilitiesIFRSAbstract" xlink:to="TotalCurrentLiabilitiesIFRS" priority="0" order="9.0" preferredLabel="http://www.xbrl.org/2003/role/totalLabel"/>
    <link:loc xlink:type="locator" xlink:href="../jpigp_cor_2018-03-31.xsd#jpigp_cor_NonCurrentLiabilitiesIFRSAbstract" xlink:label="NonCurrentLiabilitiesIFRSAbstract"/>
    <link:presentationArc xlink:type="arc" xlink:arcrole="http://www.xbrl.org/2003/arcrole/parent-child" xlink:from="LiabilitiesIFRSAbstract" xlink:to="NonCurrentLiabilitiesIFRSAbstract" priority="0" order="2.0"/>
    <link:loc xlink:type="locator" xlink:href="../jpigp_cor_2018-03-31.xsd#jpigp_cor_BondsAndBorrowingsNCLIFRS" xlink:label="BondsAndBorrowingsNCLIFRS"/>
    <link:presentationArc xlink:type="arc" xlink:arcrole="http://www.xbrl.org/2003/arcrole/parent-child" xlink:from="NonCurrentLiabilitiesIFRSAbstract" xlink:to="BondsAndBorrowingsNCLIFRS" priority="0" order="1.0"/>
    <link:loc xlink:type="locator" xlink:href="../jpigp_cor_2018-03-31.xsd#jpigp_cor_OtherFinancialLiabilitiesNCLIFRS" xlink:label="OtherFinancialLiabilitiesNCLIFRS"/>
    <link:presentationArc xlink:type="arc" xlink:arcrole="http://www.xbrl.org/2003/arcrole/parent-child" xlink:from="NonCurrentLiabilitiesIFRSAbstract" xlink:to="OtherFinancialLiabilitiesNCLIFRS" priority="0" order="2.0"/>
    <link:loc xlink:type="locator" xlink:href="../jpigp_cor_2018-03-31.xsd#jpigp_cor_RetirementBenefitLiabilityNCLIFRS" xlink:label="RetirementBenefitLiabilityNCLIFRS"/>
    <link:presentationArc xlink:type="arc" xlink:arcrole="http://www.xbrl.org/2003/arcrole/parent-child" xlink:from="NonCurrentLiabilitiesIFRSAbstract" xlink:to="RetirementBenefitLiabilityNCLIFRS" priority="0" order="3.0"/>
    <link:loc xlink:type="locator" xlink:href="../jpigp_cor_2018-03-31.xsd#jpigp_cor_ProvisionsNCLIFRS" xlink:label="ProvisionsNCLIFRS"/>
    <link:presentationArc xlink:type="arc" xlink:arcrole="http://www.xbrl.org/2003/arcrole/parent-child" xlink:from="NonCurrentLiabilitiesIFRSAbstract" xlink:to="ProvisionsNCLIFRS" priority="0" order="4.0"/>
    <link:loc xlink:type="locator" xlink:href="../jpigp_cor_2018-03-31.xsd#jpigp_cor_DeferredTaxLiabilitiesIFRS" xlink:label="DeferredTaxLiabilitiesIFRS"/>
    <link:presentationArc xlink:type="arc" xlink:arcrole="http://www.xbrl.org/2003/arcrole/parent-child" xlink:from="NonCurrentLiabilitiesIFRSAbstract" xlink:to="DeferredTaxLiabilitiesIFRS" priority="0" order="5.0"/>
    <link:loc xlink:type="locator" xlink:href="../jpigp_cor_2018-03-31.xsd#jpigp_cor_OtherNonCurrentLiabilitiesNCLIFRS" xlink:label="OtherNonCurrentLiabilitiesNCLIFRS"/>
    <link:presentationArc xlink:type="arc" xlink:arcrole="http://www.xbrl.org/2003/arcrole/parent-child" xlink:from="NonCurrentLiabilitiesIFRSAbstract" xlink:to="OtherNonCurrentLiabilitiesNCLIFRS" priority="0" order="6.0"/>
    <link:loc xlink:type="locator" xlink:href="../jpigp_cor_2018-03-31.xsd#jpigp_cor_NonCurrentLabilitiesIFRS" xlink:label="NonCurrentLabilitiesIFRS"/>
    <link:presentationArc xlink:type="arc" xlink:arcrole="http://www.xbrl.org/2003/arcrole/parent-child" xlink:from="NonCurrentLiabilitiesIFRSAbstract" xlink:to="NonCurrentLabilitiesIFRS" priority="0" order="7.0" preferredLabel="http://www.xbrl.org/2003/role/totalLabel"/>
    <link:loc xlink:type="locator" xlink:href="../jpigp_cor_2018-03-31.xsd#jpigp_cor_LiabilitiesIFRS" xlink:label="LiabilitiesIFRS"/>
    <link:presentationArc xlink:type="arc" xlink:arcrole="http://www.xbrl.org/2003/arcrole/parent-child" xlink:from="LiabilitiesIFRSAbstract" xlink:to="LiabilitiesIFRS" priority="0" order="3.0" preferredLabel="http://www.xbrl.org/2003/role/totalLabel"/>
    <link:loc xlink:type="locator" xlink:href="../jpigp_cor_2018-03-31.xsd#jpigp_cor_EquityIFRSAbstract" xlink:label="EquityIFRSAbstract"/>
    <link:presentationArc xlink:type="arc" xlink:arcrole="http://www.xbrl.org/2003/arcrole/parent-child" xlink:from="LiabilitiesAndEquityIFRSAbstract" xlink:to="EquityIFRSAbstract" priority="0" order="2.0"/>
    <link:loc xlink:type="locator" xlink:href="../jpigp_cor_2018-03-31.xsd#jpigp_cor_EquityAttributableToOwnersOfParentIFRSAbstract" xlink:label="EquityAttributableToOwnersOfParentIFRSAbstract"/>
    <link:presentationArc xlink:type="arc" xlink:arcrole="http://www.xbrl.org/2003/arcrole/parent-child" xlink:from="EquityIFRSAbstract" xlink:to="EquityAttributableToOwnersOfParentIFRSAbstract" priority="0" order="1.0"/>
    <link:loc xlink:type="locator" xlink:href="../jpigp_cor_2018-03-31.xsd#jpigp_cor_ShareCapitalIFRS" xlink:label="ShareCapitalIFRS"/>
    <link:presentationArc xlink:type="arc" xlink:arcrole="http://www.xbrl.org/2003/arcrole/parent-child" xlink:from="EquityAttributableToOwnersOfParentIFRSAbstract" xlink:to="ShareCapitalIFRS" priority="0" order="1.0"/>
    <link:loc xlink:type="locator" xlink:href="../jpigp_cor_2018-03-31.xsd#jpigp_cor_CapitalSurplusIFRS" xlink:label="CapitalSurplusIFRS"/>
    <link:presentationArc xlink:type="arc" xlink:arcrole="http://www.xbrl.org/2003/arcrole/parent-child" xlink:from="EquityAttributableToOwnersOfParentIFRSAbstract" xlink:to="CapitalSurplusIFRS" priority="0" order="2.0"/>
    <link:loc xlink:type="locator" xlink:href="../jpigp_cor_2018-03-31.xsd#jpigp_cor_RetainedEarningsIFRS" xlink:label="RetainedEarningsIFRS"/>
    <link:presentationArc xlink:type="arc" xlink:arcrole="http://www.xbrl.org/2003/arcrole/parent-child" xlink:from="EquityAttributableToOwnersOfParentIFRSAbstract" xlink:to="RetainedEarningsIFRS" priority="0" order="3.0"/>
    <link:loc xlink:type="locator" xlink:href="../jpigp_cor_2018-03-31.xsd#jpigp_cor_TreasurySharesIFRS" xlink:label="TreasurySharesIFRS"/>
    <link:presentationArc xlink:type="arc" xlink:arcrole="http://www.xbrl.org/2003/arcrole/parent-child" xlink:from="EquityAttributableToOwnersOfParentIFRSAbstract" xlink:to="TreasurySharesIFRS" priority="0" order="4.0"/>
    <link:loc xlink:type="locator" xlink:href="../jpigp_cor_2018-03-31.xsd#jpigp_cor_OtherComponentsOfEquityIFRS" xlink:label="OtherComponentsOfEquityIFRS"/>
    <link:presentationArc xlink:type="arc" xlink:arcrole="http://www.xbrl.org/2003/arcrole/parent-child" xlink:from="EquityAttributableToOwnersOfParentIFRSAbstract" xlink:to="OtherComponentsOfEquityIFRS" priority="0" order="5.0"/>
    <link:loc xlink:type="locator" xlink:href="../jpigp_cor_2018-03-31.xsd#jpigp_cor_EquityAttributableToOwnersOfParentIFRS" xlink:label="EquityAttributableToOwnersOfParentIFRS"/>
    <link:presentationArc xlink:type="arc" xlink:arcrole="http://www.xbrl.org/2003/arcrole/parent-child" xlink:from="EquityAttributableToOwnersOfParentIFRSAbstract" xlink:to="EquityAttributableToOwnersOfParentIFRS" priority="0" order="6.0" preferredLabel="http://www.xbrl.org/2003/role/totalLabel"/>
    <link:loc xlink:type="locator" xlink:href="../jpigp_cor_2018-03-31.xsd#jpigp_cor_NonControllingInterestsIFRS" xlink:label="NonControllingInterestsIFRS"/>
    <link:presentationArc xlink:type="arc" xlink:arcrole="http://www.xbrl.org/2003/arcrole/parent-child" xlink:from="EquityIFRSAbstract" xlink:to="NonControllingInterestsIFRS" priority="0" order="2.0"/>
    <link:loc xlink:type="locator" xlink:href="../jpigp_cor_2018-03-31.xsd#jpigp_cor_EquityIFRS" xlink:label="EquityIFRS"/>
    <link:presentationArc xlink:type="arc" xlink:arcrole="http://www.xbrl.org/2003/arcrole/parent-child" xlink:from="EquityIFRSAbstract" xlink:to="EquityIFRS" priority="0" order="3.0" preferredLabel="http://www.xbrl.org/2003/role/totalLabel"/>
    <link:loc xlink:type="locator" xlink:href="../jpigp_cor_2018-03-31.xsd#jpigp_cor_LiabilitiesAndEquityIFRS" xlink:label="LiabilitiesAndEquityIFRS"/>
    <link:presentationArc xlink:type="arc" xlink:arcrole="http://www.xbrl.org/2003/arcrole/parent-child" xlink:from="LiabilitiesAndEquityIFRSAbstract" xlink:to="LiabilitiesAndEquityIFRS" priority="0" order="3.0" preferredLabel="http://www.xbrl.org/2003/role/totalLabel"/>
  </link:presentationLink>
</link:linkbase>
