<?xml version="1.0" encoding="UTF-8"?>
<!--  (c) Financial Services Agency, The Japanese Government.
      All Rights Reserved.
      For intellectual property policy and authorized uses of EDINET Taxonomy,
      refer to “EDINET Taxonomy Legal Statement” at http://www.fsa.go.jp/search/EDINET_Taxonomy_Legal_Statement.html
-->
<link:linkbase xmlns:link="http://www.xbrl.org/2003/linkbase" xmlns:xsi="http://www.w3.org/2001/XMLSchema-instance" xmlns:xlink="http://www.w3.org/1999/xlink" xmlns:xbrli="http://www.xbrl.org/2003/instance">
  <link:roleRef roleURI="http://disclosure.edinet-fsa.go.jp/role/jpigp/rol_std_SegmentInformationIFRS-ListOfAccounts-01" xlink:type="simple" xlink:href="../jpigp_rt_2018-03-31.xsd#rol_std_SegmentInformationIFRS-ListOfAccounts-01"/>
  <link:definitionLink xlink:type="extended" xlink:role="http://disclosure.edinet-fsa.go.jp/role/jpigp/rol_std_SegmentInformationIFRS-ListOfAccounts-01">
    <link:loc xlink:type="locator" xlink:href="../jpigp_cor_2018-03-31.xsd#jpigp_cor_SegmentInformationIFRSAbstract" xlink:label="SegmentInformationIFRSAbstract"/>
    <link:loc xlink:type="locator" xlink:href="../jpigp_cor_2018-03-31.xsd#jpigp_cor_DescriptionOfReportableSegmentsIFRSTable" xlink:label="DescriptionOfReportableSegmentsIFRSTable"/>
    <link:definitionArc xlink:type="arc" xlink:arcrole="http://www.xbrl.org/2003/arcrole/general-special" xlink:from="SegmentInformationIFRSAbstract" xlink:to="DescriptionOfReportableSegmentsIFRSTable" priority="0" order="1.0"/>
    <link:loc xlink:type="locator" xlink:href="../jpigp_cor_2018-03-31.xsd#jpigp_cor_DescriptionOfReportableSegmentsIFRSLineItems" xlink:label="DescriptionOfReportableSegmentsIFRSLineItems"/>
    <link:definitionArc xlink:type="arc" xlink:arcrole="http://www.xbrl.org/2003/arcrole/general-special" xlink:from="SegmentInformationIFRSAbstract" xlink:to="DescriptionOfReportableSegmentsIFRSLineItems" priority="0" order="2.0"/>
    <link:loc xlink:type="locator" xlink:href="../jpigp_cor_2018-03-31.xsd#jpigp_cor_DisclosureOfChangesInReportableSegmentsIFRSTextBlock" xlink:label="DisclosureOfChangesInReportableSegmentsIFRSTextBlock"/>
    <link:definitionArc xlink:type="arc" xlink:arcrole="http://www.xbrl.org/2003/arcrole/general-special" xlink:from="DescriptionOfReportableSegmentsIFRSLineItems" xlink:to="DisclosureOfChangesInReportableSegmentsIFRSTextBlock" priority="0" order="1.0"/>
    <link:loc xlink:type="locator" xlink:href="../jpigp_cor_2018-03-31.xsd#jpigp_cor_DescriptionOfFactThatCompanysBusinessComprisesSingleSegmentIFRS" xlink:label="DescriptionOfFactThatCompanysBusinessComprisesSingleSegmentIFRS"/>
    <link:definitionArc xlink:type="arc" xlink:arcrole="http://www.xbrl.org/2003/arcrole/general-special" xlink:from="DescriptionOfReportableSegmentsIFRSLineItems" xlink:to="DescriptionOfFactThatCompanysBusinessComprisesSingleSegmentIFRS" priority="0" order="2.0"/>
  </link:definitionLink>
</link:linkbase>
