<?xml version="1.0" encoding="UTF-8"?>
<!--  (c) Financial Services Agency, The Japanese Government.
      All Rights Reserved.
      For intellectual property policy and authorized uses of EDINET Taxonomy,
      refer to “EDINET Taxonomy Legal Statement” at http://www.fsa.go.jp/search/EDINET_Taxonomy_Legal_Statement.html
-->
<link:linkbase xmlns:link="http://www.xbrl.org/2003/linkbase" xmlns:xsi="http://www.w3.org/2001/XMLSchema-instance" xmlns:xlink="http://www.w3.org/1999/xlink" xmlns:xbrli="http://www.xbrl.org/2003/instance">
  <link:roleRef roleURI="http://disclosure.edinet-fsa.go.jp/jpcrp/std/alt/role/totalLabel" xlink:type="simple" xlink:href="../../../jpcrp/2018-03-31/jpcrp_rt_2018-03-31.xsd#rol_std_altTotalLabel"/>
  <link:roleRef roleURI="http://disclosure.edinet-fsa.go.jp/jppfs/Consolidated/role/label" xlink:type="simple" xlink:href="../../../jppfs/2018-03-31/jppfs_rt_2018-03-31.xsd#rol_ConsolidatedLabel"/>
  <link:roleRef roleURI="http://disclosure.edinet-fsa.go.jp/role/jpigp/rol_std_ConsolidatedStatementOfComprehensiveIncomeIFRS" xlink:type="simple" xlink:href="../jpigp_rt_2018-03-31.xsd#rol_std_ConsolidatedStatementOfComprehensiveIncomeIFRS"/>
  <link:presentationLink xlink:type="extended" xlink:role="http://disclosure.edinet-fsa.go.jp/role/jpigp/rol_std_ConsolidatedStatementOfComprehensiveIncomeIFRS">
    <link:loc xlink:type="locator" xlink:href="../../../jppfs/2018-03-31/jppfs_cor_2018-03-31.xsd#jppfs_cor_ConsolidatedOrNonConsolidatedAxis" xlink:label="ConsolidatedOrNonConsolidatedAxis"/>
    <link:loc xlink:type="locator" xlink:href="../../../jppfs/2018-03-31/jppfs_cor_2018-03-31.xsd#jppfs_cor_ConsolidatedMember" xlink:label="ConsolidatedMember"/>
    <link:presentationArc xlink:type="arc" xlink:arcrole="http://www.xbrl.org/2003/arcrole/parent-child" xlink:from="ConsolidatedOrNonConsolidatedAxis" xlink:to="ConsolidatedMember" priority="0" order="1.0"/>
    <link:loc xlink:type="locator" xlink:href="../jpigp_cor_2018-03-31.xsd#jpigp_cor_ConsolidatedStatementOfComprehensiveIncomeIFRSHeading" xlink:label="ConsolidatedStatementOfComprehensiveIncomeIFRSHeading"/>
    <link:loc xlink:type="locator" xlink:href="../jpigp_cor_2018-03-31.xsd#jpigp_cor_StatementOfComprehensiveIncomeIFRSTable" xlink:label="StatementOfComprehensiveIncomeIFRSTable"/>
    <link:presentationArc xlink:type="arc" xlink:arcrole="http://www.xbrl.org/2003/arcrole/parent-child" xlink:from="ConsolidatedStatementOfComprehensiveIncomeIFRSHeading" xlink:to="StatementOfComprehensiveIncomeIFRSTable" priority="0" order="1.0" preferredLabel="http://disclosure.edinet-fsa.go.jp/jppfs/Consolidated/role/label"/>
    <link:presentationArc xlink:type="arc" xlink:arcrole="http://www.xbrl.org/2003/arcrole/parent-child" xlink:from="StatementOfComprehensiveIncomeIFRSTable" xlink:to="ConsolidatedOrNonConsolidatedAxis" priority="0" order="1.0"/>
    <link:loc xlink:type="locator" xlink:href="../jpigp_cor_2018-03-31.xsd#jpigp_cor_StatementOfComprehensiveIncomeIFRSLineItems" xlink:label="StatementOfComprehensiveIncomeIFRSLineItems"/>
    <link:presentationArc xlink:type="arc" xlink:arcrole="http://www.xbrl.org/2003/arcrole/parent-child" xlink:from="ConsolidatedStatementOfComprehensiveIncomeIFRSHeading" xlink:to="StatementOfComprehensiveIncomeIFRSLineItems" priority="0" order="2.0" preferredLabel="http://disclosure.edinet-fsa.go.jp/jppfs/Consolidated/role/label"/>
    <link:loc xlink:type="locator" xlink:href="../jpigp_cor_2018-03-31.xsd#jpigp_cor_ProfitLossIFRS" xlink:label="ProfitLossIFRS"/>
    <link:presentationArc xlink:type="arc" xlink:arcrole="http://www.xbrl.org/2003/arcrole/parent-child" xlink:from="StatementOfComprehensiveIncomeIFRSLineItems" xlink:to="ProfitLossIFRS" priority="0" order="1.0"/>
    <link:loc xlink:type="locator" xlink:href="../jpigp_cor_2018-03-31.xsd#jpigp_cor_OtherComprehensiveIncomeIFRSAbstract" xlink:label="OtherComprehensiveIncomeIFRSAbstract"/>
    <link:presentationArc xlink:type="arc" xlink:arcrole="http://www.xbrl.org/2003/arcrole/parent-child" xlink:from="StatementOfComprehensiveIncomeIFRSLineItems" xlink:to="OtherComprehensiveIncomeIFRSAbstract" priority="0" order="2.0"/>
    <link:loc xlink:type="locator" xlink:href="../jpigp_cor_2018-03-31.xsd#jpigp_cor_ItemsThatWillNotBeReclassifiedToProfitOrLossOCIIFRSAbstract" xlink:label="ItemsThatWillNotBeReclassifiedToProfitOrLossOCIIFRSAbstract"/>
    <link:presentationArc xlink:type="arc" xlink:arcrole="http://www.xbrl.org/2003/arcrole/parent-child" xlink:from="OtherComprehensiveIncomeIFRSAbstract" xlink:to="ItemsThatWillNotBeReclassifiedToProfitOrLossOCIIFRSAbstract" priority="0" order="1.0"/>
    <link:loc xlink:type="locator" xlink:href="../jpigp_cor_2018-03-31.xsd#jpigp_cor_RemeasurementsOfDefinedBenefitPlansNetOfTaxItemsThatWillNotBeReclassifiedToProfitOrLossOCIIFRS" xlink:label="RemeasurementsOfDefinedBenefitPlansNetOfTaxItemsThatWillNotBeReclassifiedToProfitOrLossOCIIFRS"/>
    <link:presentationArc xlink:type="arc" xlink:arcrole="http://www.xbrl.org/2003/arcrole/parent-child" xlink:from="ItemsThatWillNotBeReclassifiedToProfitOrLossOCIIFRSAbstract" xlink:to="RemeasurementsOfDefinedBenefitPlansNetOfTaxItemsThatWillNotBeReclassifiedToProfitOrLossOCIIFRS" priority="0" order="1.0"/>
    <link:loc xlink:type="locator" xlink:href="../jpigp_cor_2018-03-31.xsd#jpigp_cor_NetChangeInFairValueOfEquityInstrumentsDesignatedAsMeasuredAtFairValueThroughOtherComprehensiveIncomeNetOfTaxItemsThatWillNotBeReclassifiedToProfitOrLossOCIIFRS" xlink:label="NetChangeInFairValueOfEquityInstrumentsDesignatedAsMeasuredAtFairValueThroughOtherComprehensiveIncomeNetOfTaxItemsThatWillNotBeReclassifiedToProfitOrLossOCIIFRS"/>
    <link:presentationArc xlink:type="arc" xlink:arcrole="http://www.xbrl.org/2003/arcrole/parent-child" xlink:from="ItemsThatWillNotBeReclassifiedToProfitOrLossOCIIFRSAbstract" xlink:to="NetChangeInFairValueOfEquityInstrumentsDesignatedAsMeasuredAtFairValueThroughOtherComprehensiveIncomeNetOfTaxItemsThatWillNotBeReclassifiedToProfitOrLossOCIIFRS" priority="0" order="2.0"/>
    <link:loc xlink:type="locator" xlink:href="../jpigp_cor_2018-03-31.xsd#jpigp_cor_ShareOfOtherComprehensiveIncomeOfInvestmentsAccountedForUsingEquityMethodNetOfTaxItemsThatWillNotBeReclassifiedToProfitOrLossOCIIFRS" xlink:label="ShareOfOtherComprehensiveIncomeOfInvestmentsAccountedForUsingEquityMethodNetOfTaxItemsThatWillNotBeReclassifiedToProfitOrLossOCIIFRS"/>
    <link:presentationArc xlink:type="arc" xlink:arcrole="http://www.xbrl.org/2003/arcrole/parent-child" xlink:from="ItemsThatWillNotBeReclassifiedToProfitOrLossOCIIFRSAbstract" xlink:to="ShareOfOtherComprehensiveIncomeOfInvestmentsAccountedForUsingEquityMethodNetOfTaxItemsThatWillNotBeReclassifiedToProfitOrLossOCIIFRS" priority="0" order="3.0"/>
    <link:loc xlink:type="locator" xlink:href="../jpigp_cor_2018-03-31.xsd#jpigp_cor_TotalOfItemsThatWillNotBeReclassifiedToProfitOrLossOCIIFRS" xlink:label="TotalOfItemsThatWillNotBeReclassifiedToProfitOrLossOCIIFRS"/>
    <link:presentationArc xlink:type="arc" xlink:arcrole="http://www.xbrl.org/2003/arcrole/parent-child" xlink:from="ItemsThatWillNotBeReclassifiedToProfitOrLossOCIIFRSAbstract" xlink:to="TotalOfItemsThatWillNotBeReclassifiedToProfitOrLossOCIIFRS" priority="0" order="4.0" preferredLabel="http://www.xbrl.org/2003/role/totalLabel"/>
    <link:loc xlink:type="locator" xlink:href="../jpigp_cor_2018-03-31.xsd#jpigp_cor_ItemsThatMayBeReclassifiedToProfitOrLossOCIIFRSAbstract" xlink:label="ItemsThatMayBeReclassifiedToProfitOrLossOCIIFRSAbstract"/>
    <link:presentationArc xlink:type="arc" xlink:arcrole="http://www.xbrl.org/2003/arcrole/parent-child" xlink:from="OtherComprehensiveIncomeIFRSAbstract" xlink:to="ItemsThatMayBeReclassifiedToProfitOrLossOCIIFRSAbstract" priority="0" order="2.0"/>
    <link:loc xlink:type="locator" xlink:href="../jpigp_cor_2018-03-31.xsd#jpigp_cor_ExchangeDifferencesOnTranslationOfForeignOperationsNetOfTaxItemsThatMayBeReclassifiedToProfitOrLossOCIIFRS" xlink:label="ExchangeDifferencesOnTranslationOfForeignOperationsNetOfTaxItemsThatMayBeReclassifiedToProfitOrLossOCIIFRS"/>
    <link:presentationArc xlink:type="arc" xlink:arcrole="http://www.xbrl.org/2003/arcrole/parent-child" xlink:from="ItemsThatMayBeReclassifiedToProfitOrLossOCIIFRSAbstract" xlink:to="ExchangeDifferencesOnTranslationOfForeignOperationsNetOfTaxItemsThatMayBeReclassifiedToProfitOrLossOCIIFRS" priority="0" order="1.0"/>
    <link:loc xlink:type="locator" xlink:href="../jpigp_cor_2018-03-31.xsd#jpigp_cor_EffectivePortionOfCashFlowHedgesNetOfTaxItemsThatMayBeReclassifiedToProfitOrLossOCIIFRS" xlink:label="EffectivePortionOfCashFlowHedgesNetOfTaxItemsThatMayBeReclassifiedToProfitOrLossOCIIFRS"/>
    <link:presentationArc xlink:type="arc" xlink:arcrole="http://www.xbrl.org/2003/arcrole/parent-child" xlink:from="ItemsThatMayBeReclassifiedToProfitOrLossOCIIFRSAbstract" xlink:to="EffectivePortionOfCashFlowHedgesNetOfTaxItemsThatMayBeReclassifiedToProfitOrLossOCIIFRS" priority="0" order="2.0"/>
    <link:loc xlink:type="locator" xlink:href="../jpigp_cor_2018-03-31.xsd#jpigp_cor_ShareOfOtherComprehensiveIncomeOfInvestmentsAccountedForUsingEquityMethodNetOfTaxItemsThatMayBeReclassifiedToProfitOrLossOCIIFRS" xlink:label="ShareOfOtherComprehensiveIncomeOfInvestmentsAccountedForUsingEquityMethodNetOfTaxItemsThatMayBeReclassifiedToProfitOrLossOCIIFRS"/>
    <link:presentationArc xlink:type="arc" xlink:arcrole="http://www.xbrl.org/2003/arcrole/parent-child" xlink:from="ItemsThatMayBeReclassifiedToProfitOrLossOCIIFRSAbstract" xlink:to="ShareOfOtherComprehensiveIncomeOfInvestmentsAccountedForUsingEquityMethodNetOfTaxItemsThatMayBeReclassifiedToProfitOrLossOCIIFRS" priority="0" order="3.0"/>
    <link:loc xlink:type="locator" xlink:href="../jpigp_cor_2018-03-31.xsd#jpigp_cor_TotalOfItemsThatMayBeReclassifiedToProfitOrLossOCIIFRS" xlink:label="TotalOfItemsThatMayBeReclassifiedToProfitOrLossOCIIFRS"/>
    <link:presentationArc xlink:type="arc" xlink:arcrole="http://www.xbrl.org/2003/arcrole/parent-child" xlink:from="ItemsThatMayBeReclassifiedToProfitOrLossOCIIFRSAbstract" xlink:to="TotalOfItemsThatMayBeReclassifiedToProfitOrLossOCIIFRS" priority="0" order="4.0" preferredLabel="http://www.xbrl.org/2003/role/totalLabel"/>
    <link:loc xlink:type="locator" xlink:href="../jpigp_cor_2018-03-31.xsd#jpigp_cor_OtherComprehensiveIncomeIFRS" xlink:label="OtherComprehensiveIncomeIFRS"/>
    <link:presentationArc xlink:type="arc" xlink:arcrole="http://www.xbrl.org/2003/arcrole/parent-child" xlink:from="OtherComprehensiveIncomeIFRSAbstract" xlink:to="OtherComprehensiveIncomeIFRS" priority="0" order="3.0" preferredLabel="http://disclosure.edinet-fsa.go.jp/jpcrp/std/alt/role/totalLabel"/>
    <link:loc xlink:type="locator" xlink:href="../jpigp_cor_2018-03-31.xsd#jpigp_cor_ComprehensiveIncomeIFRS" xlink:label="ComprehensiveIncomeIFRS"/>
    <link:presentationArc xlink:type="arc" xlink:arcrole="http://www.xbrl.org/2003/arcrole/parent-child" xlink:from="StatementOfComprehensiveIncomeIFRSLineItems" xlink:to="ComprehensiveIncomeIFRS" priority="0" order="3.0"/>
    <link:loc xlink:type="locator" xlink:href="../jpigp_cor_2018-03-31.xsd#jpigp_cor_ComprehensiveIncomeAttributableToIFRSAbstract" xlink:label="ComprehensiveIncomeAttributableToIFRSAbstract"/>
    <link:presentationArc xlink:type="arc" xlink:arcrole="http://www.xbrl.org/2003/arcrole/parent-child" xlink:from="StatementOfComprehensiveIncomeIFRSLineItems" xlink:to="ComprehensiveIncomeAttributableToIFRSAbstract" priority="0" order="4.0"/>
    <link:loc xlink:type="locator" xlink:href="../jpigp_cor_2018-03-31.xsd#jpigp_cor_ComprehensiveIncomeAttributableToOwnersOfParentIFRS" xlink:label="ComprehensiveIncomeAttributableToOwnersOfParentIFRS"/>
    <link:presentationArc xlink:type="arc" xlink:arcrole="http://www.xbrl.org/2003/arcrole/parent-child" xlink:from="ComprehensiveIncomeAttributableToIFRSAbstract" xlink:to="ComprehensiveIncomeAttributableToOwnersOfParentIFRS" priority="0" order="1.0"/>
    <link:loc xlink:type="locator" xlink:href="../jpigp_cor_2018-03-31.xsd#jpigp_cor_ComprehensiveIncomeAttributableToNonControllingInterestsIFRS" xlink:label="ComprehensiveIncomeAttributableToNonControllingInterestsIFRS"/>
    <link:presentationArc xlink:type="arc" xlink:arcrole="http://www.xbrl.org/2003/arcrole/parent-child" xlink:from="ComprehensiveIncomeAttributableToIFRSAbstract" xlink:to="ComprehensiveIncomeAttributableToNonControllingInterestsIFRS" priority="0" order="2.0"/>
    <link:loc xlink:type="locator" xlink:href="../jpigp_cor_2018-03-31.xsd#jpigp_cor_ComprehensiveIncomeIFRS" xlink:label="ComprehensiveIncomeIFRS_2"/>
    <link:presentationArc xlink:type="arc" xlink:arcrole="http://www.xbrl.org/2003/arcrole/parent-child" xlink:from="ComprehensiveIncomeAttributableToIFRSAbstract" xlink:to="ComprehensiveIncomeIFRS_2" priority="0" order="3.0"/>
  </link:presentationLink>
</link:linkbase>
