<?xml version="1.0" encoding="UTF-8"?>
<!--  (c) Financial Services Agency, The Japanese Government.
      All Rights Reserved.
      For intellectual property policy and authorized uses of EDINET Taxonomy,
      refer to “EDINET Taxonomy Legal Statement” at http://www.fsa.go.jp/search/EDINET_Taxonomy_Legal_Statement.html
-->
<link:linkbase xmlns:link="http://www.xbrl.org/2003/linkbase" xmlns:xsi="http://www.w3.org/2001/XMLSchema-instance" xmlns:xbrldt="http://xbrl.org/2005/xbrldt" xmlns:xlink="http://www.w3.org/1999/xlink" xmlns:xbrli="http://www.xbrl.org/2003/instance">
  <link:roleRef roleURI="http://disclosure.edinet-fsa.go.jp/role/jppfs/rol_std_BalanceSheet" xlink:type="simple" xlink:href="../../jppfs_rt_2013-08-31.xsd#rol_std_BalanceSheet"/>
  <link:arcroleRef arcroleURI="http://xbrl.org/int/dim/arcrole/domain-member" xlink:type="simple" xlink:href="http://www.xbrl.org/2005/xbrldt-2005.xsd#domain-member"/>
  <link:definitionLink xlink:type="extended" xlink:role="http://disclosure.edinet-fsa.go.jp/role/jppfs/rol_std_BalanceSheet">
    <link:loc xlink:type="locator" xlink:href="../../jppfs_cor_2013-08-31.xsd#jppfs_cor_LongTermLoansReceivable" xlink:label="LongTermLoansReceivable"/>
    <link:loc xlink:type="locator" xlink:href="../../jppfs_cor_2013-08-31.xsd#jppfs_cor_AllowanceForDoubtfulAccountsLongTermLoansReceivable" xlink:label="AllowanceForDoubtfulAccountsLongTermLoansReceivable"/>
    <link:definitionArc xlink:type="arc" xlink:arcrole="http://xbrl.org/int/dim/arcrole/domain-member" xlink:from="LongTermLoansReceivable" xlink:to="AllowanceForDoubtfulAccountsLongTermLoansReceivable" order="1.0"/>
    <link:loc xlink:type="locator" xlink:href="../../jppfs_cor_2013-08-31.xsd#jppfs_cor_LongTermLoansReceivableNet" xlink:label="LongTermLoansReceivableNet"/>
    <link:definitionArc xlink:type="arc" xlink:arcrole="http://xbrl.org/int/dim/arcrole/domain-member" xlink:from="LongTermLoansReceivable" xlink:to="LongTermLoansReceivableNet" order="2.0"/>
    <link:loc xlink:type="locator" xlink:href="../../jppfs_cor_2013-08-31.xsd#jppfs_cor_LongTermLoansReceivableFromSubsidiariesAndAffiliates" xlink:label="LongTermLoansReceivableFromSubsidiariesAndAffiliates"/>
    <link:loc xlink:type="locator" xlink:href="../../jppfs_cor_2013-08-31.xsd#jppfs_cor_AllowanceForDoubtfulAccountsLongTermLoansReceivableFromSubsidiariesAndAffiliates" xlink:label="AllowanceForDoubtfulAccountsLongTermLoansReceivableFromSubsidiariesAndAffiliates"/>
    <link:definitionArc xlink:type="arc" xlink:arcrole="http://xbrl.org/int/dim/arcrole/domain-member" xlink:from="LongTermLoansReceivableFromSubsidiariesAndAffiliates" xlink:to="AllowanceForDoubtfulAccountsLongTermLoansReceivableFromSubsidiariesAndAffiliates" order="1.0"/>
    <link:loc xlink:type="locator" xlink:href="../../jppfs_cor_2013-08-31.xsd#jppfs_cor_LongTermLoansReceivableFromSubsidiariesAndAffiliatesNet" xlink:label="LongTermLoansReceivableFromSubsidiariesAndAffiliatesNet"/>
    <link:definitionArc xlink:type="arc" xlink:arcrole="http://xbrl.org/int/dim/arcrole/domain-member" xlink:from="LongTermLoansReceivableFromSubsidiariesAndAffiliates" xlink:to="LongTermLoansReceivableFromSubsidiariesAndAffiliatesNet" order="2.0"/>
    <link:loc xlink:type="locator" xlink:href="../../jppfs_cor_2013-08-31.xsd#jppfs_cor_LongTermLoansReceivableFromShareholdersDirectorsOrEmployees" xlink:label="LongTermLoansReceivableFromShareholdersDirectorsOrEmployees"/>
    <link:loc xlink:type="locator" xlink:href="../../jppfs_cor_2013-08-31.xsd#jppfs_cor_AllowanceForDoubtfulAccountsLongTermLoansReceivableFromShareholdersDirectorsOrEmployees" xlink:label="AllowanceForDoubtfulAccountsLongTermLoansReceivableFromShareholdersDirectorsOrEmployees"/>
    <link:definitionArc xlink:type="arc" xlink:arcrole="http://xbrl.org/int/dim/arcrole/domain-member" xlink:from="LongTermLoansReceivableFromShareholdersDirectorsOrEmployees" xlink:to="AllowanceForDoubtfulAccountsLongTermLoansReceivableFromShareholdersDirectorsOrEmployees" order="1.0"/>
    <link:loc xlink:type="locator" xlink:href="../../jppfs_cor_2013-08-31.xsd#jppfs_cor_LongTermLoansReceivableFromShareholdersDirectorsOrEmployeesNet" xlink:label="LongTermLoansReceivableFromShareholdersDirectorsOrEmployeesNet"/>
    <link:definitionArc xlink:type="arc" xlink:arcrole="http://xbrl.org/int/dim/arcrole/domain-member" xlink:from="LongTermLoansReceivableFromShareholdersDirectorsOrEmployees" xlink:to="LongTermLoansReceivableFromShareholdersDirectorsOrEmployeesNet" order="2.0"/>
    <link:loc xlink:type="locator" xlink:href="../../jppfs_cor_2013-08-31.xsd#jppfs_cor_ClaimsProvableInBankruptcyClaimsProvableInRehabilitationAndOther" xlink:label="ClaimsProvableInBankruptcyClaimsProvableInRehabilitationAndOther"/>
    <link:loc xlink:type="locator" xlink:href="../../jppfs_cor_2013-08-31.xsd#jppfs_cor_AllowanceForDoubtfulAccountsClaimsInBankruptcyReorganizationClaimsAndOther" xlink:label="AllowanceForDoubtfulAccountsClaimsInBankruptcyReorganizationClaimsAndOther"/>
    <link:definitionArc xlink:type="arc" xlink:arcrole="http://xbrl.org/int/dim/arcrole/domain-member" xlink:from="ClaimsProvableInBankruptcyClaimsProvableInRehabilitationAndOther" xlink:to="AllowanceForDoubtfulAccountsClaimsInBankruptcyReorganizationClaimsAndOther" order="1.0"/>
    <link:loc xlink:type="locator" xlink:href="../../jppfs_cor_2013-08-31.xsd#jppfs_cor_ClaimsProvableInBankruptcyClaimsProvableInRehabilitationAndOtherNet" xlink:label="ClaimsProvableInBankruptcyClaimsProvableInRehabilitationAndOtherNet"/>
    <link:definitionArc xlink:type="arc" xlink:arcrole="http://xbrl.org/int/dim/arcrole/domain-member" xlink:from="ClaimsProvableInBankruptcyClaimsProvableInRehabilitationAndOther" xlink:to="ClaimsProvableInBankruptcyClaimsProvableInRehabilitationAndOtherNet" order="2.0"/>
    <link:loc xlink:type="locator" xlink:href="../../jppfs_cor_2013-08-31.xsd#jppfs_cor_InvestmentsAndOtherAssetsAbstract" xlink:label="InvestmentsAndOtherAssetsAbstract"/>
    <link:definitionArc xlink:type="arc" xlink:arcrole="http://xbrl.org/int/dim/arcrole/domain-member" xlink:from="InvestmentsAndOtherAssetsAbstract" xlink:to="LongTermLoansReceivable" order="7.0"/>
    <link:definitionArc xlink:type="arc" xlink:arcrole="http://xbrl.org/int/dim/arcrole/domain-member" xlink:from="InvestmentsAndOtherAssetsAbstract" xlink:to="LongTermLoansReceivableFromShareholdersDirectorsOrEmployees" order="10.0"/>
    <link:definitionArc xlink:type="arc" xlink:arcrole="http://xbrl.org/int/dim/arcrole/domain-member" xlink:from="InvestmentsAndOtherAssetsAbstract" xlink:to="LongTermLoansReceivableFromSubsidiariesAndAffiliates" order="13.0"/>
    <link:definitionArc xlink:type="arc" xlink:arcrole="http://xbrl.org/int/dim/arcrole/domain-member" xlink:from="InvestmentsAndOtherAssetsAbstract" xlink:to="ClaimsProvableInBankruptcyClaimsProvableInRehabilitationAndOther" order="16.0"/>
  </link:definitionLink>
</link:linkbase>
