<?xml version="1.0" encoding="UTF-8"?>
<!--  (c) Financial Services Agency, The Japanese Government.
      All Rights Reserved.
      For intellectual property policy and authorized uses of EDINET Taxonomy,
      refer to “EDINET Taxonomy Legal Statement” at http://www.fsa.go.jp/search/EDINET_Taxonomy_Legal_Statement.html
-->
<link:linkbase xmlns:link="http://www.xbrl.org/2003/linkbase" xmlns:xsi="http://www.w3.org/2001/XMLSchema-instance" xmlns:xlink="http://www.w3.org/1999/xlink" xmlns:xbrli="http://www.xbrl.org/2003/instance">
  <link:roleRef roleURI="http://disclosure.edinet-fsa.go.jp/role/jppfs/rol_std_StatementOfIncome" xlink:type="simple" xlink:href="../../jppfs_rt_2013-08-31.xsd#rol_std_StatementOfIncome"/>
  <link:calculationLink xlink:type="extended" xlink:role="http://disclosure.edinet-fsa.go.jp/role/jppfs/rol_std_StatementOfIncome">
    <link:loc xlink:type="locator" xlink:href="../../jppfs_cor_2013-08-31.xsd#jppfs_cor_OperatingIncome" xlink:label="OperatingIncome"/>
    <link:loc xlink:type="locator" xlink:href="../../jppfs_cor_2013-08-31.xsd#jppfs_cor_SellingGeneralAndAdministrativeExpenses" xlink:label="SellingGeneralAndAdministrativeExpenses"/>
    <link:calculationArc xlink:type="arc" xlink:arcrole="http://www.xbrl.org/2003/arcrole/summation-item" xlink:from="OperatingIncome" xlink:to="SellingGeneralAndAdministrativeExpenses" order="2.0" weight="-1"/>
    <link:loc xlink:type="locator" xlink:href="../../jppfs_cor_2013-08-31.xsd#jppfs_cor_SalesCommissionSGA" xlink:label="SalesCommissionSGA"/>
    <link:calculationArc xlink:type="arc" xlink:arcrole="http://www.xbrl.org/2003/arcrole/summation-item" xlink:from="SellingGeneralAndAdministrativeExpenses" xlink:to="SalesCommissionSGA" order="1.0" weight="1"/>
    <link:loc xlink:type="locator" xlink:href="../../jppfs_cor_2013-08-31.xsd#jppfs_cor_PackingExpensesSGA" xlink:label="PackingExpensesSGA"/>
    <link:calculationArc xlink:type="arc" xlink:arcrole="http://www.xbrl.org/2003/arcrole/summation-item" xlink:from="SellingGeneralAndAdministrativeExpenses" xlink:to="PackingExpensesSGA" order="2.0" weight="1"/>
    <link:loc xlink:type="locator" xlink:href="../../jppfs_cor_2013-08-31.xsd#jppfs_cor_HaulageExpensesSGA" xlink:label="HaulageExpensesSGA"/>
    <link:calculationArc xlink:type="arc" xlink:arcrole="http://www.xbrl.org/2003/arcrole/summation-item" xlink:from="SellingGeneralAndAdministrativeExpenses" xlink:to="HaulageExpensesSGA" order="3.0" weight="1"/>
    <link:loc xlink:type="locator" xlink:href="../../jppfs_cor_2013-08-31.xsd#jppfs_cor_AdvertisingExpensesSGA" xlink:label="AdvertisingExpensesSGA"/>
    <link:calculationArc xlink:type="arc" xlink:arcrole="http://www.xbrl.org/2003/arcrole/summation-item" xlink:from="SellingGeneralAndAdministrativeExpenses" xlink:to="AdvertisingExpensesSGA" order="4.0" weight="1"/>
    <link:loc xlink:type="locator" xlink:href="../../jppfs_cor_2013-08-31.xsd#jppfs_cor_SampleExpensesSGA" xlink:label="SampleExpensesSGA"/>
    <link:calculationArc xlink:type="arc" xlink:arcrole="http://www.xbrl.org/2003/arcrole/summation-item" xlink:from="SellingGeneralAndAdministrativeExpenses" xlink:to="SampleExpensesSGA" order="5.0" weight="1"/>
    <link:loc xlink:type="locator" xlink:href="../../jppfs_cor_2013-08-31.xsd#jppfs_cor_WarehousingExpensesSGA" xlink:label="WarehousingExpensesSGA"/>
    <link:calculationArc xlink:type="arc" xlink:arcrole="http://www.xbrl.org/2003/arcrole/summation-item" xlink:from="SellingGeneralAndAdministrativeExpenses" xlink:to="WarehousingExpensesSGA" order="6.0" weight="1"/>
    <link:loc xlink:type="locator" xlink:href="../../jppfs_cor_2013-08-31.xsd#jppfs_cor_DeliveryExaminationExpensesSGA" xlink:label="DeliveryExaminationExpensesSGA"/>
    <link:calculationArc xlink:type="arc" xlink:arcrole="http://www.xbrl.org/2003/arcrole/summation-item" xlink:from="SellingGeneralAndAdministrativeExpenses" xlink:to="DeliveryExaminationExpensesSGA" order="7.0" weight="1"/>
    <link:loc xlink:type="locator" xlink:href="../../jppfs_cor_2013-08-31.xsd#jppfs_cor_DirectorsCompensationsSGA" xlink:label="DirectorsCompensationsSGA"/>
    <link:calculationArc xlink:type="arc" xlink:arcrole="http://www.xbrl.org/2003/arcrole/summation-item" xlink:from="SellingGeneralAndAdministrativeExpenses" xlink:to="DirectorsCompensationsSGA" order="8.0" weight="1"/>
    <link:loc xlink:type="locator" xlink:href="../../jppfs_cor_2013-08-31.xsd#jppfs_cor_SalariesSGA" xlink:label="SalariesSGA"/>
    <link:calculationArc xlink:type="arc" xlink:arcrole="http://www.xbrl.org/2003/arcrole/summation-item" xlink:from="SellingGeneralAndAdministrativeExpenses" xlink:to="SalariesSGA" order="9.0" weight="1"/>
    <link:loc xlink:type="locator" xlink:href="../../jppfs_cor_2013-08-31.xsd#jppfs_cor_WagesSGA" xlink:label="WagesSGA"/>
    <link:calculationArc xlink:type="arc" xlink:arcrole="http://www.xbrl.org/2003/arcrole/summation-item" xlink:from="SellingGeneralAndAdministrativeExpenses" xlink:to="WagesSGA" order="10.0" weight="1"/>
    <link:loc xlink:type="locator" xlink:href="../../jppfs_cor_2013-08-31.xsd#jppfs_cor_AllowanceSGA" xlink:label="AllowanceSGA"/>
    <link:calculationArc xlink:type="arc" xlink:arcrole="http://www.xbrl.org/2003/arcrole/summation-item" xlink:from="SellingGeneralAndAdministrativeExpenses" xlink:to="AllowanceSGA" order="11.0" weight="1"/>
    <link:loc xlink:type="locator" xlink:href="../../jppfs_cor_2013-08-31.xsd#jppfs_cor_BonusesSGA" xlink:label="BonusesSGA"/>
    <link:calculationArc xlink:type="arc" xlink:arcrole="http://www.xbrl.org/2003/arcrole/summation-item" xlink:from="SellingGeneralAndAdministrativeExpenses" xlink:to="BonusesSGA" order="12.0" weight="1"/>
    <link:loc xlink:type="locator" xlink:href="../../jppfs_cor_2013-08-31.xsd#jppfs_cor_WelfareExpensesSGA" xlink:label="WelfareExpensesSGA"/>
    <link:calculationArc xlink:type="arc" xlink:arcrole="http://www.xbrl.org/2003/arcrole/summation-item" xlink:from="SellingGeneralAndAdministrativeExpenses" xlink:to="WelfareExpensesSGA" order="13.0" weight="1"/>
    <link:loc xlink:type="locator" xlink:href="../../jppfs_cor_2013-08-31.xsd#jppfs_cor_EntertainmentExpensesSGA" xlink:label="EntertainmentExpensesSGA"/>
    <link:calculationArc xlink:type="arc" xlink:arcrole="http://www.xbrl.org/2003/arcrole/summation-item" xlink:from="SellingGeneralAndAdministrativeExpenses" xlink:to="EntertainmentExpensesSGA" order="14.0" weight="1"/>
    <link:loc xlink:type="locator" xlink:href="../../jppfs_cor_2013-08-31.xsd#jppfs_cor_TravelingExpensesSGA" xlink:label="TravelingExpensesSGA"/>
    <link:calculationArc xlink:type="arc" xlink:arcrole="http://www.xbrl.org/2003/arcrole/summation-item" xlink:from="SellingGeneralAndAdministrativeExpenses" xlink:to="TravelingExpensesSGA" order="15.0" weight="1"/>
    <link:loc xlink:type="locator" xlink:href="../../jppfs_cor_2013-08-31.xsd#jppfs_cor_TransportationExpensesSGA" xlink:label="TransportationExpensesSGA"/>
    <link:calculationArc xlink:type="arc" xlink:arcrole="http://www.xbrl.org/2003/arcrole/summation-item" xlink:from="SellingGeneralAndAdministrativeExpenses" xlink:to="TransportationExpensesSGA" order="16.0" weight="1"/>
    <link:loc xlink:type="locator" xlink:href="../../jppfs_cor_2013-08-31.xsd#jppfs_cor_CommunicationExpensesSGA" xlink:label="CommunicationExpensesSGA"/>
    <link:calculationArc xlink:type="arc" xlink:arcrole="http://www.xbrl.org/2003/arcrole/summation-item" xlink:from="SellingGeneralAndAdministrativeExpenses" xlink:to="CommunicationExpensesSGA" order="17.0" weight="1"/>
    <link:loc xlink:type="locator" xlink:href="../../jppfs_cor_2013-08-31.xsd#jppfs_cor_HeatingAndLightingExpensesSGA" xlink:label="HeatingAndLightingExpensesSGA"/>
    <link:calculationArc xlink:type="arc" xlink:arcrole="http://www.xbrl.org/2003/arcrole/summation-item" xlink:from="SellingGeneralAndAdministrativeExpenses" xlink:to="HeatingAndLightingExpensesSGA" order="18.0" weight="1"/>
    <link:loc xlink:type="locator" xlink:href="../../jppfs_cor_2013-08-31.xsd#jppfs_cor_SuppliesExpensesSGA" xlink:label="SuppliesExpensesSGA"/>
    <link:calculationArc xlink:type="arc" xlink:arcrole="http://www.xbrl.org/2003/arcrole/summation-item" xlink:from="SellingGeneralAndAdministrativeExpenses" xlink:to="SuppliesExpensesSGA" order="19.0" weight="1"/>
    <link:loc xlink:type="locator" xlink:href="../../jppfs_cor_2013-08-31.xsd#jppfs_cor_TaxesAndDuesSGA" xlink:label="TaxesAndDuesSGA"/>
    <link:calculationArc xlink:type="arc" xlink:arcrole="http://www.xbrl.org/2003/arcrole/summation-item" xlink:from="SellingGeneralAndAdministrativeExpenses" xlink:to="TaxesAndDuesSGA" order="20.0" weight="1"/>
    <link:loc xlink:type="locator" xlink:href="../../jppfs_cor_2013-08-31.xsd#jppfs_cor_DepreciationSGA" xlink:label="DepreciationSGA"/>
    <link:calculationArc xlink:type="arc" xlink:arcrole="http://www.xbrl.org/2003/arcrole/summation-item" xlink:from="SellingGeneralAndAdministrativeExpenses" xlink:to="DepreciationSGA" order="21.0" weight="1"/>
    <link:loc xlink:type="locator" xlink:href="../../jppfs_cor_2013-08-31.xsd#jppfs_cor_RepairExpensesSGA" xlink:label="RepairExpensesSGA"/>
    <link:calculationArc xlink:type="arc" xlink:arcrole="http://www.xbrl.org/2003/arcrole/summation-item" xlink:from="SellingGeneralAndAdministrativeExpenses" xlink:to="RepairExpensesSGA" order="22.0" weight="1"/>
    <link:loc xlink:type="locator" xlink:href="../../jppfs_cor_2013-08-31.xsd#jppfs_cor_InsuranceExpensesSGA" xlink:label="InsuranceExpensesSGA"/>
    <link:calculationArc xlink:type="arc" xlink:arcrole="http://www.xbrl.org/2003/arcrole/summation-item" xlink:from="SellingGeneralAndAdministrativeExpenses" xlink:to="InsuranceExpensesSGA" order="23.0" weight="1"/>
    <link:loc xlink:type="locator" xlink:href="../../jppfs_cor_2013-08-31.xsd#jppfs_cor_RentExpensesOnRealEstatesSGA" xlink:label="RentExpensesOnRealEstatesSGA"/>
    <link:calculationArc xlink:type="arc" xlink:arcrole="http://www.xbrl.org/2003/arcrole/summation-item" xlink:from="SellingGeneralAndAdministrativeExpenses" xlink:to="RentExpensesOnRealEstatesSGA" order="24.0" weight="1"/>
    <link:loc xlink:type="locator" xlink:href="../../jppfs_cor_2013-08-31.xsd#jppfs_cor_AmortizationOfGoodwillSGA" xlink:label="AmortizationOfGoodwillSGA"/>
    <link:calculationArc xlink:type="arc" xlink:arcrole="http://www.xbrl.org/2003/arcrole/summation-item" xlink:from="SellingGeneralAndAdministrativeExpenses" xlink:to="AmortizationOfGoodwillSGA" order="25.0" weight="1"/>
  </link:calculationLink>
</link:linkbase>
