<?xml version="1.0" encoding="UTF-8"?>
<!--  (c) Financial Services Agency, The Japanese Government.
      All Rights Reserved.
      For intellectual property policy and authorized uses of EDINET Taxonomy,
      refer to “EDINET Taxonomy Legal Statement” at http://www.fsa.go.jp/search/EDINET_Taxonomy_Legal_Statement.html
-->
<link:linkbase xmlns:link="http://www.xbrl.org/2003/linkbase" xmlns:xsi="http://www.w3.org/2001/XMLSchema-instance" xmlns:xlink="http://www.w3.org/1999/xlink" xmlns:xbrli="http://www.xbrl.org/2003/instance">
  <link:roleRef roleURI="http://disclosure.edinet-fsa.go.jp/role/jppfs/rol_std_BalanceSheet" xlink:type="simple" xlink:href="../../jppfs_rt_2013-08-31.xsd#rol_std_BalanceSheet"/>
  <link:presentationLink xlink:type="extended" xlink:role="http://disclosure.edinet-fsa.go.jp/role/jppfs/rol_std_BalanceSheet">
    <link:loc xlink:type="locator" xlink:href="../../jppfs_cor_2013-08-31.xsd#jppfs_cor_PropertyPlantAndEquipmentAbstract" xlink:label="PropertyPlantAndEquipmentAbstract"/>
    <link:loc xlink:type="locator" xlink:href="../../jppfs_cor_2013-08-31.xsd#jppfs_cor_Buildings" xlink:label="Buildings"/>
    <link:presentationArc xlink:type="arc" xlink:arcrole="http://www.xbrl.org/2003/arcrole/parent-child" xlink:from="PropertyPlantAndEquipmentAbstract" xlink:to="Buildings" order="1.0"/>
    <link:loc xlink:type="locator" xlink:href="../../jppfs_cor_2013-08-31.xsd#jppfs_cor_AccumulatedDepreciationBuildings" xlink:label="AccumulatedDepreciationBuildings"/>
    <link:presentationArc xlink:type="arc" xlink:arcrole="http://www.xbrl.org/2003/arcrole/parent-child" xlink:from="Buildings" xlink:to="AccumulatedDepreciationBuildings" order="1.0"/>
    <link:loc xlink:type="locator" xlink:href="../../jppfs_cor_2013-08-31.xsd#jppfs_cor_BuildingsNet" xlink:label="BuildingsNet"/>
    <link:presentationArc xlink:type="arc" xlink:arcrole="http://www.xbrl.org/2003/arcrole/parent-child" xlink:from="Buildings" xlink:to="BuildingsNet" order="3.0"/>
    <link:loc xlink:type="locator" xlink:href="../../jppfs_cor_2013-08-31.xsd#jppfs_cor_Structures" xlink:label="Structures"/>
    <link:presentationArc xlink:type="arc" xlink:arcrole="http://www.xbrl.org/2003/arcrole/parent-child" xlink:from="PropertyPlantAndEquipmentAbstract" xlink:to="Structures" order="6.0"/>
    <link:loc xlink:type="locator" xlink:href="../../jppfs_cor_2013-08-31.xsd#jppfs_cor_AccumulatedDepreciationStructures" xlink:label="AccumulatedDepreciationStructures"/>
    <link:presentationArc xlink:type="arc" xlink:arcrole="http://www.xbrl.org/2003/arcrole/parent-child" xlink:from="Structures" xlink:to="AccumulatedDepreciationStructures" order="1.0"/>
    <link:loc xlink:type="locator" xlink:href="../../jppfs_cor_2013-08-31.xsd#jppfs_cor_StructuresNet" xlink:label="StructuresNet"/>
    <link:presentationArc xlink:type="arc" xlink:arcrole="http://www.xbrl.org/2003/arcrole/parent-child" xlink:from="Structures" xlink:to="StructuresNet" order="3.0"/>
    <link:loc xlink:type="locator" xlink:href="../../jppfs_cor_2013-08-31.xsd#jppfs_cor_MachineryAndEquipment" xlink:label="MachineryAndEquipment"/>
    <link:presentationArc xlink:type="arc" xlink:arcrole="http://www.xbrl.org/2003/arcrole/parent-child" xlink:from="PropertyPlantAndEquipmentAbstract" xlink:to="MachineryAndEquipment" order="11.0"/>
    <link:loc xlink:type="locator" xlink:href="../../jppfs_cor_2013-08-31.xsd#jppfs_cor_AccumulatedDepreciationMachineryAndEquipment" xlink:label="AccumulatedDepreciationMachineryAndEquipment"/>
    <link:presentationArc xlink:type="arc" xlink:arcrole="http://www.xbrl.org/2003/arcrole/parent-child" xlink:from="MachineryAndEquipment" xlink:to="AccumulatedDepreciationMachineryAndEquipment" order="1.0"/>
    <link:loc xlink:type="locator" xlink:href="../../jppfs_cor_2013-08-31.xsd#jppfs_cor_MachineryAndEquipmentNet" xlink:label="MachineryAndEquipmentNet"/>
    <link:presentationArc xlink:type="arc" xlink:arcrole="http://www.xbrl.org/2003/arcrole/parent-child" xlink:from="MachineryAndEquipment" xlink:to="MachineryAndEquipmentNet" order="3.0"/>
    <link:loc xlink:type="locator" xlink:href="../../jppfs_cor_2013-08-31.xsd#jppfs_cor_Vessels" xlink:label="Vessels"/>
    <link:presentationArc xlink:type="arc" xlink:arcrole="http://www.xbrl.org/2003/arcrole/parent-child" xlink:from="PropertyPlantAndEquipmentAbstract" xlink:to="Vessels" order="16.0"/>
    <link:loc xlink:type="locator" xlink:href="../../jppfs_cor_2013-08-31.xsd#jppfs_cor_AccumulatedDepreciationVessels" xlink:label="AccumulatedDepreciationVessels"/>
    <link:presentationArc xlink:type="arc" xlink:arcrole="http://www.xbrl.org/2003/arcrole/parent-child" xlink:from="Vessels" xlink:to="AccumulatedDepreciationVessels" order="1.0"/>
    <link:loc xlink:type="locator" xlink:href="../../jppfs_cor_2013-08-31.xsd#jppfs_cor_VesselsNet" xlink:label="VesselsNet"/>
    <link:presentationArc xlink:type="arc" xlink:arcrole="http://www.xbrl.org/2003/arcrole/parent-child" xlink:from="Vessels" xlink:to="VesselsNet" order="3.0"/>
    <link:loc xlink:type="locator" xlink:href="../../jppfs_cor_2013-08-31.xsd#jppfs_cor_Vehicles" xlink:label="Vehicles"/>
    <link:presentationArc xlink:type="arc" xlink:arcrole="http://www.xbrl.org/2003/arcrole/parent-child" xlink:from="PropertyPlantAndEquipmentAbstract" xlink:to="Vehicles" order="21.0"/>
    <link:loc xlink:type="locator" xlink:href="../../jppfs_cor_2013-08-31.xsd#jppfs_cor_AccumulatedDepreciationVehicles" xlink:label="AccumulatedDepreciationVehicles"/>
    <link:presentationArc xlink:type="arc" xlink:arcrole="http://www.xbrl.org/2003/arcrole/parent-child" xlink:from="Vehicles" xlink:to="AccumulatedDepreciationVehicles" order="1.0"/>
    <link:loc xlink:type="locator" xlink:href="../../jppfs_cor_2013-08-31.xsd#jppfs_cor_VehiclesNet" xlink:label="VehiclesNet"/>
    <link:presentationArc xlink:type="arc" xlink:arcrole="http://www.xbrl.org/2003/arcrole/parent-child" xlink:from="Vehicles" xlink:to="VehiclesNet" order="3.0"/>
    <link:loc xlink:type="locator" xlink:href="../../jppfs_cor_2013-08-31.xsd#jppfs_cor_ToolsFurnitureAndFixtures" xlink:label="ToolsFurnitureAndFixtures"/>
    <link:presentationArc xlink:type="arc" xlink:arcrole="http://www.xbrl.org/2003/arcrole/parent-child" xlink:from="PropertyPlantAndEquipmentAbstract" xlink:to="ToolsFurnitureAndFixtures" order="26.0"/>
    <link:loc xlink:type="locator" xlink:href="../../jppfs_cor_2013-08-31.xsd#jppfs_cor_AccumulatedDepreciationToolsFurnitureAndFixtures" xlink:label="AccumulatedDepreciationToolsFurnitureAndFixtures"/>
    <link:presentationArc xlink:type="arc" xlink:arcrole="http://www.xbrl.org/2003/arcrole/parent-child" xlink:from="ToolsFurnitureAndFixtures" xlink:to="AccumulatedDepreciationToolsFurnitureAndFixtures" order="1.0"/>
    <link:loc xlink:type="locator" xlink:href="../../jppfs_cor_2013-08-31.xsd#jppfs_cor_ToolsFurnitureAndFixturesNet" xlink:label="ToolsFurnitureAndFixturesNet"/>
    <link:presentationArc xlink:type="arc" xlink:arcrole="http://www.xbrl.org/2003/arcrole/parent-child" xlink:from="ToolsFurnitureAndFixtures" xlink:to="ToolsFurnitureAndFixturesNet" order="3.0"/>
    <link:loc xlink:type="locator" xlink:href="../../jppfs_cor_2013-08-31.xsd#jppfs_cor_LeaseAssetsPPE" xlink:label="LeaseAssetsPPE"/>
    <link:presentationArc xlink:type="arc" xlink:arcrole="http://www.xbrl.org/2003/arcrole/parent-child" xlink:from="PropertyPlantAndEquipmentAbstract" xlink:to="LeaseAssetsPPE" order="32.0"/>
    <link:loc xlink:type="locator" xlink:href="../../jppfs_cor_2013-08-31.xsd#jppfs_cor_AccumulatedDepreciationLeaseAssetsPPE" xlink:label="AccumulatedDepreciationLeaseAssetsPPE"/>
    <link:presentationArc xlink:type="arc" xlink:arcrole="http://www.xbrl.org/2003/arcrole/parent-child" xlink:from="LeaseAssetsPPE" xlink:to="AccumulatedDepreciationLeaseAssetsPPE" order="1.0"/>
    <link:loc xlink:type="locator" xlink:href="../../jppfs_cor_2013-08-31.xsd#jppfs_cor_LeaseAssetsNetPPE" xlink:label="LeaseAssetsNetPPE"/>
    <link:presentationArc xlink:type="arc" xlink:arcrole="http://www.xbrl.org/2003/arcrole/parent-child" xlink:from="LeaseAssetsPPE" xlink:to="LeaseAssetsNetPPE" order="3.0"/>
    <link:loc xlink:type="locator" xlink:href="../../jppfs_cor_2013-08-31.xsd#jppfs_cor_OtherPPE" xlink:label="OtherPPE"/>
    <link:presentationArc xlink:type="arc" xlink:arcrole="http://www.xbrl.org/2003/arcrole/parent-child" xlink:from="PropertyPlantAndEquipmentAbstract" xlink:to="OtherPPE" order="38.0"/>
    <link:loc xlink:type="locator" xlink:href="../../jppfs_cor_2013-08-31.xsd#jppfs_cor_AccumulatedDepreciationOtherPPE" xlink:label="AccumulatedDepreciationOtherPPE"/>
    <link:presentationArc xlink:type="arc" xlink:arcrole="http://www.xbrl.org/2003/arcrole/parent-child" xlink:from="OtherPPE" xlink:to="AccumulatedDepreciationOtherPPE" order="1.0"/>
    <link:loc xlink:type="locator" xlink:href="../../jppfs_cor_2013-08-31.xsd#jppfs_cor_OtherNetPPE" xlink:label="OtherNetPPE"/>
    <link:presentationArc xlink:type="arc" xlink:arcrole="http://www.xbrl.org/2003/arcrole/parent-child" xlink:from="OtherPPE" xlink:to="OtherNetPPE" order="3.0"/>
  </link:presentationLink>
</link:linkbase>
