<?xml version="1.0" encoding="UTF-8"?>
<!--  (c) Financial Services Agency, The Japanese Government.
      All Rights Reserved.
      For intellectual property policy and authorized uses of EDINET Taxonomy,
      refer to “EDINET Taxonomy Legal Statement” at http://www.fsa.go.jp/search/EDINET_Taxonomy_Legal_Statement.html
-->
<link:linkbase xmlns:link="http://www.xbrl.org/2003/linkbase" xmlns:xsi="http://www.w3.org/2001/XMLSchema-instance" xmlns:xlink="http://www.w3.org/1999/xlink" xmlns:xbrli="http://www.xbrl.org/2003/instance">
  <link:roleRef roleURI="http://disclosure.edinet-fsa.go.jp/role/jppfs/rol_std_BalanceSheet" xlink:type="simple" xlink:href="../../jppfs_rt_2013-08-31.xsd#rol_std_BalanceSheet"/>
  <link:presentationLink xlink:type="extended" xlink:role="http://disclosure.edinet-fsa.go.jp/role/jppfs/rol_std_BalanceSheet">
    <link:loc xlink:type="locator" xlink:href="../../jppfs_cor_2013-08-31.xsd#jppfs_cor_CurrentAssetsAbstract" xlink:label="CurrentAssetsAbstract"/>
    <link:loc xlink:type="locator" xlink:href="../../jppfs_cor_2013-08-31.xsd#jppfs_cor_ShortTermClaimsOnShareholdersDirectorsOrEmployees" xlink:label="ShortTermClaimsOnShareholdersDirectorsOrEmployees"/>
    <link:presentationArc xlink:type="arc" xlink:arcrole="http://www.xbrl.org/2003/arcrole/parent-child" xlink:from="CurrentAssetsAbstract" xlink:to="ShortTermClaimsOnShareholdersDirectorsOrEmployees" order="24.0"/>
    <link:loc xlink:type="locator" xlink:href="../../jppfs_cor_2013-08-31.xsd#jppfs_cor_ShortTermLoansReceivable" xlink:label="ShortTermLoansReceivable"/>
    <link:presentationArc xlink:type="arc" xlink:arcrole="http://www.xbrl.org/2003/arcrole/parent-child" xlink:from="CurrentAssetsAbstract" xlink:to="ShortTermLoansReceivable" order="27.0"/>
    <link:loc xlink:type="locator" xlink:href="../../jppfs_cor_2013-08-31.xsd#jppfs_cor_NotesReceivableTrade" xlink:label="NotesReceivableTrade"/>
    <link:presentationArc xlink:type="arc" xlink:arcrole="http://www.xbrl.org/2003/arcrole/parent-child" xlink:from="CurrentAssetsAbstract" xlink:to="NotesReceivableTrade" order="3.0"/>
    <link:loc xlink:type="locator" xlink:href="../../jppfs_cor_2013-08-31.xsd#jppfs_cor_AccountsReceivableTrade" xlink:label="AccountsReceivableTrade"/>
    <link:presentationArc xlink:type="arc" xlink:arcrole="http://www.xbrl.org/2003/arcrole/parent-child" xlink:from="CurrentAssetsAbstract" xlink:to="AccountsReceivableTrade" order="6.0"/>
    <link:loc xlink:type="locator" xlink:href="../../jppfs_cor_2013-08-31.xsd#jppfs_cor_LeaseReceivablesCA" xlink:label="LeaseReceivablesCA"/>
    <link:presentationArc xlink:type="arc" xlink:arcrole="http://www.xbrl.org/2003/arcrole/parent-child" xlink:from="CurrentAssetsAbstract" xlink:to="LeaseReceivablesCA" order="9.0"/>
    <link:loc xlink:type="locator" xlink:href="../../jppfs_cor_2013-08-31.xsd#jppfs_cor_LeaseInvestmentAssetsCA" xlink:label="LeaseInvestmentAssetsCA"/>
    <link:presentationArc xlink:type="arc" xlink:arcrole="http://www.xbrl.org/2003/arcrole/parent-child" xlink:from="CurrentAssetsAbstract" xlink:to="LeaseInvestmentAssetsCA" order="12.0"/>
    <link:loc xlink:type="locator" xlink:href="../../jppfs_cor_2013-08-31.xsd#jppfs_cor_AllowanceForDoubtfulAccountsCA" xlink:label="AllowanceForDoubtfulAccountsCA"/>
    <link:presentationArc xlink:type="arc" xlink:arcrole="http://www.xbrl.org/2003/arcrole/parent-child" xlink:from="CurrentAssetsAbstract" xlink:to="AllowanceForDoubtfulAccountsCA" order="31.0"/>
  </link:presentationLink>
</link:linkbase>
