<?xml version="1.0" encoding="UTF-8"?>
<!--  (c) Financial Services Agency, The Japanese Government.
      All Rights Reserved.
      For intellectual property policy and authorized uses of EDINET Taxonomy,
      refer to “EDINET Taxonomy Legal Statement” at http://www.fsa.go.jp/search/EDINET_Taxonomy_Legal_Statement.html
-->
<link:linkbase xmlns:link="http://www.xbrl.org/2003/linkbase" xmlns:xsi="http://www.w3.org/2001/XMLSchema-instance" xmlns:xlink="http://www.w3.org/1999/xlink" xmlns:xbrli="http://www.xbrl.org/2003/instance">
  <link:roleRef roleURI="http://disclosure.edinet-fsa.go.jp/role/jpigp/rol_std_NotesSellingGeneralAndAdministrativeExpensesConsolidatedFinancialStatementsIFRS" xlink:type="simple" xlink:href="../jpigp_rt_2024-11-01.xsd#rol_std_NotesSellingGeneralAndAdministrativeExpensesConsolidatedFinancialStatementsIFRS"/>
  <link:presentationLink xlink:type="extended" xlink:role="http://disclosure.edinet-fsa.go.jp/role/jpigp/rol_std_NotesSellingGeneralAndAdministrativeExpensesConsolidatedFinancialStatementsIFRS">
    <link:loc xlink:type="locator" xlink:href="../../../jppfs/2024-11-01/jppfs_cor_2024-11-01.xsd#jppfs_cor_ConsolidatedOrNonConsolidatedAxis" xlink:label="ConsolidatedOrNonConsolidatedAxis"/>
    <link:loc xlink:type="locator" xlink:href="../../../jppfs/2024-11-01/jppfs_cor_2024-11-01.xsd#jppfs_cor_ConsolidatedMember" xlink:label="ConsolidatedMember"/>
    <link:presentationArc xlink:type="arc" xlink:arcrole="http://www.xbrl.org/2003/arcrole/parent-child" xlink:from="ConsolidatedOrNonConsolidatedAxis" xlink:to="ConsolidatedMember" order="1.0"/>
    <link:loc xlink:type="locator" xlink:href="../jpigp_cor_2024-11-01.xsd#jpigp_cor_NotesSellingGeneralAndAdministrativeExpensesConsolidatedFinancialStatementsIFRSHeading" xlink:label="NotesSellingGeneralAndAdministrativeExpensesConsolidatedFinancialStatementsIFRSHeading"/>
    <link:loc xlink:type="locator" xlink:href="../jpigp_cor_2024-11-01.xsd#jpigp_cor_ComponentsOfSellingGeneralAndAdministrativeExpensesIFRSTable" xlink:label="ComponentsOfSellingGeneralAndAdministrativeExpensesIFRSTable"/>
    <link:presentationArc xlink:type="arc" xlink:arcrole="http://www.xbrl.org/2003/arcrole/parent-child" xlink:from="NotesSellingGeneralAndAdministrativeExpensesConsolidatedFinancialStatementsIFRSHeading" xlink:to="ComponentsOfSellingGeneralAndAdministrativeExpensesIFRSTable" order="1.0"/>
    <link:presentationArc xlink:type="arc" xlink:arcrole="http://www.xbrl.org/2003/arcrole/parent-child" xlink:from="ComponentsOfSellingGeneralAndAdministrativeExpensesIFRSTable" xlink:to="ConsolidatedOrNonConsolidatedAxis" order="1.0"/>
    <link:loc xlink:type="locator" xlink:href="../jpigp_cor_2024-11-01.xsd#jpigp_cor_ComponentsOfSellingGeneralAndAdministrativeExpensesIFRSLineItems" xlink:label="ComponentsOfSellingGeneralAndAdministrativeExpensesIFRSLineItems"/>
    <link:presentationArc xlink:type="arc" xlink:arcrole="http://www.xbrl.org/2003/arcrole/parent-child" xlink:from="NotesSellingGeneralAndAdministrativeExpensesConsolidatedFinancialStatementsIFRSHeading" xlink:to="ComponentsOfSellingGeneralAndAdministrativeExpensesIFRSLineItems" order="2.0"/>
    <link:loc xlink:type="locator" xlink:href="../jpigp_cor_2024-11-01.xsd#jpigp_cor_PersonnelExpensesSGAIFRS" xlink:label="PersonnelExpensesSGAIFRS"/>
    <link:presentationArc xlink:type="arc" xlink:arcrole="http://www.xbrl.org/2003/arcrole/parent-child" xlink:from="ComponentsOfSellingGeneralAndAdministrativeExpensesIFRSLineItems" xlink:to="PersonnelExpensesSGAIFRS" order="1.0"/>
    <link:loc xlink:type="locator" xlink:href="../jpigp_cor_2024-11-01.xsd#jpigp_cor_DepreciationAndAmortizationSGAIFRS" xlink:label="DepreciationAndAmortizationSGAIFRS"/>
    <link:presentationArc xlink:type="arc" xlink:arcrole="http://www.xbrl.org/2003/arcrole/parent-child" xlink:from="ComponentsOfSellingGeneralAndAdministrativeExpensesIFRSLineItems" xlink:to="DepreciationAndAmortizationSGAIFRS" order="2.0"/>
    <link:loc xlink:type="locator" xlink:href="../jpigp_cor_2024-11-01.xsd#jpigp_cor_AdvertisingExpensesIFRS" xlink:label="AdvertisingExpensesIFRS"/>
    <link:presentationArc xlink:type="arc" xlink:arcrole="http://www.xbrl.org/2003/arcrole/parent-child" xlink:from="ComponentsOfSellingGeneralAndAdministrativeExpensesIFRSLineItems" xlink:to="AdvertisingExpensesIFRS" order="3.0"/>
    <link:loc xlink:type="locator" xlink:href="../jpigp_cor_2024-11-01.xsd#jpigp_cor_TravelingAndTransportationExpensesSGAIFRS" xlink:label="TravelingAndTransportationExpensesSGAIFRS"/>
    <link:presentationArc xlink:type="arc" xlink:arcrole="http://www.xbrl.org/2003/arcrole/parent-child" xlink:from="ComponentsOfSellingGeneralAndAdministrativeExpensesIFRSLineItems" xlink:to="TravelingAndTransportationExpensesSGAIFRS" order="4.0"/>
    <link:loc xlink:type="locator" xlink:href="../jpigp_cor_2024-11-01.xsd#jpigp_cor_RentExpensesSGAIFRS" xlink:label="RentExpensesSGAIFRS"/>
    <link:presentationArc xlink:type="arc" xlink:arcrole="http://www.xbrl.org/2003/arcrole/parent-child" xlink:from="ComponentsOfSellingGeneralAndAdministrativeExpensesIFRSLineItems" xlink:to="RentExpensesSGAIFRS" order="5.0"/>
    <link:loc xlink:type="locator" xlink:href="../jpigp_cor_2024-11-01.xsd#jpigp_cor_OtherSGAIFRS" xlink:label="OtherSGAIFRS"/>
    <link:presentationArc xlink:type="arc" xlink:arcrole="http://www.xbrl.org/2003/arcrole/parent-child" xlink:from="ComponentsOfSellingGeneralAndAdministrativeExpensesIFRSLineItems" xlink:to="OtherSGAIFRS" order="6.0"/>
    <link:loc xlink:type="locator" xlink:href="../jpigp_cor_2024-11-01.xsd#jpigp_cor_SellingGeneralAndAdministrativeExpensesIFRS" xlink:label="SellingGeneralAndAdministrativeExpensesIFRS"/>
    <link:presentationArc xlink:type="arc" xlink:arcrole="http://www.xbrl.org/2003/arcrole/parent-child" xlink:from="ComponentsOfSellingGeneralAndAdministrativeExpensesIFRSLineItems" xlink:to="SellingGeneralAndAdministrativeExpensesIFRS" order="7.0" preferredLabel="http://www.xbrl.org/2003/role/totalLabel"/>
  </link:presentationLink>
</link:linkbase>
