<?xml version="1.0" encoding="UTF-8"?>
<!--  (c) Financial Services Agency, The Japanese Government.
      All Rights Reserved.
      For intellectual property policy and authorized uses of EDINET Taxonomy,
      refer to “EDINET Taxonomy Legal Statement” at http://www.fsa.go.jp/search/EDINET_Taxonomy_Legal_Statement.html
-->
<link:linkbase xmlns:link="http://www.xbrl.org/2003/linkbase" xmlns:xsi="http://www.w3.org/2001/XMLSchema-instance" xmlns:xlink="http://www.w3.org/1999/xlink" xmlns:xbrli="http://www.xbrl.org/2003/instance">
  <link:roleRef roleURI="http://disclosure.edinet-fsa.go.jp/role/jpigp/rol_std_NotesSegmentInformationConsolidatedFinancialStatementsIFRS-02" xlink:type="simple" xlink:href="../jpigp_rt_2019-02-28.xsd#rol_std_NotesSegmentInformationConsolidatedFinancialStatementsIFRS-02"/>
  <link:calculationLink xlink:type="extended" xlink:role="http://disclosure.edinet-fsa.go.jp/role/jpigp/rol_std_NotesSegmentInformationConsolidatedFinancialStatementsIFRS-02">
    <link:loc xlink:type="locator" xlink:href="../jpigp_cor_2019-02-28.xsd#jpigp_cor_ProfitLossBeforeTaxIFRS" xlink:label="ProfitLossBeforeTaxIFRS"/>
    <link:loc xlink:type="locator" xlink:href="../jpigp_cor_2019-02-28.xsd#jpigp_cor_SegmentProfitLossIFRS" xlink:label="SegmentProfitLossIFRS"/>
    <link:calculationArc xlink:type="arc" xlink:arcrole="http://www.xbrl.org/2003/arcrole/summation-item" xlink:from="ProfitLossBeforeTaxIFRS" xlink:to="SegmentProfitLossIFRS" order="1.0" weight="1"/>
    <link:loc xlink:type="locator" xlink:href="../jpigp_cor_2019-02-28.xsd#jpigp_cor_OtherIncomeAndExpensesNetIFRS" xlink:label="OtherIncomeAndExpensesNetIFRS"/>
    <link:calculationArc xlink:type="arc" xlink:arcrole="http://www.xbrl.org/2003/arcrole/summation-item" xlink:from="ProfitLossBeforeTaxIFRS" xlink:to="OtherIncomeAndExpensesNetIFRS" order="2.0" weight="1"/>
    <link:loc xlink:type="locator" xlink:href="../jpigp_cor_2019-02-28.xsd#jpigp_cor_FinanceIncomeAndExpensesNetIFRS" xlink:label="FinanceIncomeAndExpensesNetIFRS"/>
    <link:calculationArc xlink:type="arc" xlink:arcrole="http://www.xbrl.org/2003/arcrole/summation-item" xlink:from="ProfitLossBeforeTaxIFRS" xlink:to="FinanceIncomeAndExpensesNetIFRS" order="3.0" weight="1"/>
    <link:loc xlink:type="locator" xlink:href="../jpigp_cor_2019-02-28.xsd#jpigp_cor_ShareOfProfitLossOfInvestmentsAccountedForUsingEquityMethodIFRS" xlink:label="ShareOfProfitLossOfInvestmentsAccountedForUsingEquityMethodIFRS"/>
    <link:calculationArc xlink:type="arc" xlink:arcrole="http://www.xbrl.org/2003/arcrole/summation-item" xlink:from="ProfitLossBeforeTaxIFRS" xlink:to="ShareOfProfitLossOfInvestmentsAccountedForUsingEquityMethodIFRS" order="4.0" weight="1"/>
  </link:calculationLink>
</link:linkbase>
