<?xml version="1.0" encoding="UTF-8"?>
<!--  (c) Financial Services Agency, The Japanese Government.
      All Rights Reserved.
      For intellectual property policy and authorized uses of EDINET Taxonomy,
      refer to “EDINET Taxonomy Legal Statement” at http://www.fsa.go.jp/search/EDINET_Taxonomy_Legal_Statement.html
-->
<link:linkbase xmlns:link="http://www.xbrl.org/2003/linkbase" xmlns:xsi="http://www.w3.org/2001/XMLSchema-instance" xmlns:xlink="http://www.w3.org/1999/xlink" xmlns:xbrli="http://www.xbrl.org/2003/instance">
  <link:roleRef roleURI="http://disclosure.edinet-fsa.go.jp/role/jpcrp/rol_std_FinancialInformation" xlink:type="simple" xlink:href="../jpcrp_rt_2024-11-01.xsd#rol_std_FinancialInformation"/>
  <link:presentationLink xlink:type="extended" xlink:role="http://disclosure.edinet-fsa.go.jp/role/jpcrp/rol_std_FinancialInformation">
    <link:loc xlink:type="locator" xlink:href="../jpcrp_cor_2024-11-01.xsd#jpcrp_cor_FinancialInformationHeading" xlink:label="FinancialInformationHeading"/>
    <link:loc xlink:type="locator" xlink:href="../jpcrp_cor_2024-11-01.xsd#jpcrp_cor_RegulationsInAccordanceWithWhichConsolidatedFinancialStatementsHaveBeenPreparedFinancialInformation" xlink:label="RegulationsInAccordanceWithWhichConsolidatedFinancialStatementsHaveBeenPreparedFinancialInformation"/>
    <link:presentationArc xlink:type="arc" xlink:arcrole="http://www.xbrl.org/2003/arcrole/parent-child" xlink:from="FinancialInformationHeading" xlink:to="RegulationsInAccordanceWithWhichConsolidatedFinancialStatementsHaveBeenPreparedFinancialInformation" order="1.0"/>
    <link:loc xlink:type="locator" xlink:href="../jpcrp_cor_2024-11-01.xsd#jpcrp_cor_RegulationsInAccordanceWithWhichFinancialStatementsHaveBeenPreparedFinancialInformation" xlink:label="RegulationsInAccordanceWithWhichFinancialStatementsHaveBeenPreparedFinancialInformation"/>
    <link:presentationArc xlink:type="arc" xlink:arcrole="http://www.xbrl.org/2003/arcrole/parent-child" xlink:from="FinancialInformationHeading" xlink:to="RegulationsInAccordanceWithWhichFinancialStatementsHaveBeenPreparedFinancialInformation" order="2.0"/>
    <link:loc xlink:type="locator" xlink:href="../jpcrp_cor_2024-11-01.xsd#jpcrp_cor_Type1SemiAnnualConsolidatedFinancialStatementsFinancialInformation" xlink:label="Type1SemiAnnualConsolidatedFinancialStatementsFinancialInformation"/>
    <link:presentationArc xlink:type="arc" xlink:arcrole="http://www.xbrl.org/2003/arcrole/parent-child" xlink:from="FinancialInformationHeading" xlink:to="Type1SemiAnnualConsolidatedFinancialStatementsFinancialInformation" order="3.0"/>
    <link:loc xlink:type="locator" xlink:href="../jpcrp_cor_2024-11-01.xsd#jpcrp_cor_Type2SemiAnnualConsolidatedFinancialStatementsFinancialInformation" xlink:label="Type2SemiAnnualConsolidatedFinancialStatementsFinancialInformation"/>
    <link:presentationArc xlink:type="arc" xlink:arcrole="http://www.xbrl.org/2003/arcrole/parent-child" xlink:from="FinancialInformationHeading" xlink:to="Type2SemiAnnualConsolidatedFinancialStatementsFinancialInformation" order="4.0"/>
    <link:loc xlink:type="locator" xlink:href="../jpcrp_cor_2024-11-01.xsd#jpcrp_cor_Type1SemiAnnualFinancialStatementsFinancialInformation" xlink:label="Type1SemiAnnualFinancialStatementsFinancialInformation"/>
    <link:presentationArc xlink:type="arc" xlink:arcrole="http://www.xbrl.org/2003/arcrole/parent-child" xlink:from="FinancialInformationHeading" xlink:to="Type1SemiAnnualFinancialStatementsFinancialInformation" order="5.0"/>
    <link:loc xlink:type="locator" xlink:href="../jpcrp_cor_2024-11-01.xsd#jpcrp_cor_Type2SemiAnnualFinancialStatementsFinancialInformation" xlink:label="Type2SemiAnnualFinancialStatementsFinancialInformation"/>
    <link:presentationArc xlink:type="arc" xlink:arcrole="http://www.xbrl.org/2003/arcrole/parent-child" xlink:from="FinancialInformationHeading" xlink:to="Type2SemiAnnualFinancialStatementsFinancialInformation" order="6.0"/>
    <link:loc xlink:type="locator" xlink:href="../jpcrp_cor_2024-11-01.xsd#jpcrp_cor_DescriptionOfFactThatCompanyEngagesSpecifiedBusinessAndHasPreparedItsSemiAnnualConsolidatedFinancialStatementsFinancialInformation" xlink:label="DescriptionOfFactThatCompanyEngagesSpecifiedBusinessAndHasPreparedItsSemiAnnualConsolidatedFinancialStatementsFinancialInformation"/>
    <link:presentationArc xlink:type="arc" xlink:arcrole="http://www.xbrl.org/2003/arcrole/parent-child" xlink:from="FinancialInformationHeading" xlink:to="DescriptionOfFactThatCompanyEngagesSpecifiedBusinessAndHasPreparedItsSemiAnnualConsolidatedFinancialStatementsFinancialInformation" order="7.0"/>
    <link:loc xlink:type="locator" xlink:href="../jpcrp_cor_2024-11-01.xsd#jpcrp_cor_DescriptionOfFactThatConsolidatedFinancialStatementsHaveBeenPreparedInAccordanceWithSpecialOrdinanceOrRegulationsForIndustryInAppendedListFinancialInformation" xlink:label="DescriptionOfFactThatConsolidatedFinancialStatementsHaveBeenPreparedInAccordanceWithSpecialOrdinanceOrRegulationsForIndustryInAppendedListFinancialInformation"/>
    <link:presentationArc xlink:type="arc" xlink:arcrole="http://www.xbrl.org/2003/arcrole/parent-child" xlink:from="FinancialInformationHeading" xlink:to="DescriptionOfFactThatConsolidatedFinancialStatementsHaveBeenPreparedInAccordanceWithSpecialOrdinanceOrRegulationsForIndustryInAppendedListFinancialInformation" order="8.0"/>
    <link:loc xlink:type="locator" xlink:href="../jpcrp_cor_2024-11-01.xsd#jpcrp_cor_DescriptionOfFactThatFinancialStatementsHaveBeenPreparedInAccordanceWithSpecialOrdinanceOrRegulationsForIndustryInAppendedListFinancialInformation" xlink:label="DescriptionOfFactThatFinancialStatementsHaveBeenPreparedInAccordanceWithSpecialOrdinanceOrRegulationsForIndustryInAppendedListFinancialInformation"/>
    <link:presentationArc xlink:type="arc" xlink:arcrole="http://www.xbrl.org/2003/arcrole/parent-child" xlink:from="FinancialInformationHeading" xlink:to="DescriptionOfFactThatFinancialStatementsHaveBeenPreparedInAccordanceWithSpecialOrdinanceOrRegulationsForIndustryInAppendedListFinancialInformation" order="9.0"/>
    <link:loc xlink:type="locator" xlink:href="../jpcrp_cor_2024-11-01.xsd#jpcrp_cor_DescriptionOfFactThatConsolidatedFinancialStatementsHaveBeenPreparedInAccordanceWithIFRSFinancialInformation" xlink:label="DescriptionOfFactThatConsolidatedFinancialStatementsHaveBeenPreparedInAccordanceWithIFRSFinancialInformation"/>
    <link:presentationArc xlink:type="arc" xlink:arcrole="http://www.xbrl.org/2003/arcrole/parent-child" xlink:from="FinancialInformationHeading" xlink:to="DescriptionOfFactThatConsolidatedFinancialStatementsHaveBeenPreparedInAccordanceWithIFRSFinancialInformation" order="10.0"/>
    <link:loc xlink:type="locator" xlink:href="../jpcrp_cor_2024-11-01.xsd#jpcrp_cor_DescriptionOfFactThatConsolidatedFinancialStatementsHaveBeenPreparedInAccordanceWithJMISFinancialInformation" xlink:label="DescriptionOfFactThatConsolidatedFinancialStatementsHaveBeenPreparedInAccordanceWithJMISFinancialInformation"/>
    <link:presentationArc xlink:type="arc" xlink:arcrole="http://www.xbrl.org/2003/arcrole/parent-child" xlink:from="FinancialInformationHeading" xlink:to="DescriptionOfFactThatConsolidatedFinancialStatementsHaveBeenPreparedInAccordanceWithJMISFinancialInformation" order="11.0"/>
    <link:loc xlink:type="locator" xlink:href="../jpcrp_cor_2024-11-01.xsd#jpcrp_cor_DescriptionOfFactThatConsolidatedFinancialStatementsHaveBeenPreparedInAccordanceWithUSGAAPFinancialInformation" xlink:label="DescriptionOfFactThatConsolidatedFinancialStatementsHaveBeenPreparedInAccordanceWithUSGAAPFinancialInformation"/>
    <link:presentationArc xlink:type="arc" xlink:arcrole="http://www.xbrl.org/2003/arcrole/parent-child" xlink:from="FinancialInformationHeading" xlink:to="DescriptionOfFactThatConsolidatedFinancialStatementsHaveBeenPreparedInAccordanceWithUSGAAPFinancialInformation" order="12.0"/>
    <link:loc xlink:type="locator" xlink:href="../jpcrp_cor_2024-11-01.xsd#jpcrp_cor_DescriptionOfFactThatConsolidatedFinancialStatementsHaveNotBeenPreparedFinancialInformation" xlink:label="DescriptionOfFactThatConsolidatedFinancialStatementsHaveNotBeenPreparedFinancialInformation"/>
    <link:presentationArc xlink:type="arc" xlink:arcrole="http://www.xbrl.org/2003/arcrole/parent-child" xlink:from="FinancialInformationHeading" xlink:to="DescriptionOfFactThatConsolidatedFinancialStatementsHaveNotBeenPreparedFinancialInformation" order="13.0"/>
    <link:loc xlink:type="locator" xlink:href="../jpcrp_cor_2024-11-01.xsd#jpcrp_cor_DescriptionOfFactThatConsolidatedFinancialStatementsHaveNotBeenPreparedAndFinancialStatementsHaveBeenPreparedInAccordanceWithIFRSFinancialInformation" xlink:label="DescriptionOfFactThatConsolidatedFinancialStatementsHaveNotBeenPreparedAndFinancialStatementsHaveBeenPreparedInAccordanceWithIFRSFinancialInformation"/>
    <link:presentationArc xlink:type="arc" xlink:arcrole="http://www.xbrl.org/2003/arcrole/parent-child" xlink:from="FinancialInformationHeading" xlink:to="DescriptionOfFactThatConsolidatedFinancialStatementsHaveNotBeenPreparedAndFinancialStatementsHaveBeenPreparedInAccordanceWithIFRSFinancialInformation" order="14.0"/>
    <link:loc xlink:type="locator" xlink:href="../jpcrp_cor_2024-11-01.xsd#jpcrp_cor_DescriptionOfFactThatFinancialStatementsHaveBeenPreparedInAccordanceWithSpecialProvisionFinancialInformation" xlink:label="DescriptionOfFactThatFinancialStatementsHaveBeenPreparedInAccordanceWithSpecialProvisionFinancialInformation"/>
    <link:presentationArc xlink:type="arc" xlink:arcrole="http://www.xbrl.org/2003/arcrole/parent-child" xlink:from="FinancialInformationHeading" xlink:to="DescriptionOfFactThatFinancialStatementsHaveBeenPreparedInAccordanceWithSpecialProvisionFinancialInformation" order="15.0"/>
    <link:loc xlink:type="locator" xlink:href="../jpcrp_cor_2024-11-01.xsd#jpcrp_cor_RemarkableEffortsToEnsureFairPresentationOfConsolidatedFinancialStatementsEtcFinancialInformation" xlink:label="RemarkableEffortsToEnsureFairPresentationOfConsolidatedFinancialStatementsEtcFinancialInformation"/>
    <link:presentationArc xlink:type="arc" xlink:arcrole="http://www.xbrl.org/2003/arcrole/parent-child" xlink:from="FinancialInformationHeading" xlink:to="RemarkableEffortsToEnsureFairPresentationOfConsolidatedFinancialStatementsEtcFinancialInformation" order="16.0"/>
    <link:loc xlink:type="locator" xlink:href="../jpcrp_cor_2024-11-01.xsd#jpcrp_cor_RemarkableEffortsToEnsureFairPresentationOfConsolidatedFinancialStatementsEtcInAccordanceWithIFRSFinancialInformation" xlink:label="RemarkableEffortsToEnsureFairPresentationOfConsolidatedFinancialStatementsEtcInAccordanceWithIFRSFinancialInformation"/>
    <link:presentationArc xlink:type="arc" xlink:arcrole="http://www.xbrl.org/2003/arcrole/parent-child" xlink:from="FinancialInformationHeading" xlink:to="RemarkableEffortsToEnsureFairPresentationOfConsolidatedFinancialStatementsEtcInAccordanceWithIFRSFinancialInformation" order="17.0"/>
    <link:loc xlink:type="locator" xlink:href="../jpcrp_cor_2024-11-01.xsd#jpcrp_cor_RemarkableEffortsToEnsureFairPresentationOfConsolidatedFinancialStatementsEtcAndInternalSystemToPrepareConsolidatedFinancialStatementsEtcFairlyInAccordanceWithIFRSFinancialInformation" xlink:label="RemarkableEffortsToEnsureFairPresentationOfConsolidatedFinancialStatementsEtcAndInternalSystemToPrepareConsolidatedFinancialStatementsEtcFairlyInAccordanceWithIFRSFinancialInformation"/>
    <link:presentationArc xlink:type="arc" xlink:arcrole="http://www.xbrl.org/2003/arcrole/parent-child" xlink:from="FinancialInformationHeading" xlink:to="RemarkableEffortsToEnsureFairPresentationOfConsolidatedFinancialStatementsEtcAndInternalSystemToPrepareConsolidatedFinancialStatementsEtcFairlyInAccordanceWithIFRSFinancialInformation" order="18.0"/>
    <link:loc xlink:type="locator" xlink:href="../jpcrp_cor_2024-11-01.xsd#jpcrp_cor_RemarkableEffortsToEnsureFairPresentationOfConsolidatedFinancialStatementsEtcInAccordanceWithJMISFinancialInformation" xlink:label="RemarkableEffortsToEnsureFairPresentationOfConsolidatedFinancialStatementsEtcInAccordanceWithJMISFinancialInformation"/>
    <link:presentationArc xlink:type="arc" xlink:arcrole="http://www.xbrl.org/2003/arcrole/parent-child" xlink:from="FinancialInformationHeading" xlink:to="RemarkableEffortsToEnsureFairPresentationOfConsolidatedFinancialStatementsEtcInAccordanceWithJMISFinancialInformation" order="19.0"/>
    <link:loc xlink:type="locator" xlink:href="../jpcrp_cor_2024-11-01.xsd#jpcrp_cor_NoteOnIndependentAuditFinancialInformation" xlink:label="NoteOnIndependentAuditFinancialInformation"/>
    <link:presentationArc xlink:type="arc" xlink:arcrole="http://www.xbrl.org/2003/arcrole/parent-child" xlink:from="FinancialInformationHeading" xlink:to="NoteOnIndependentAuditFinancialInformation" order="20.0"/>
    <link:loc xlink:type="locator" xlink:href="../jpcrp_cor_2024-11-01.xsd#jpcrp_cor_NoteOnChangeOfIndependentAuditorsFinancialInformation" xlink:label="NoteOnChangeOfIndependentAuditorsFinancialInformation"/>
    <link:presentationArc xlink:type="arc" xlink:arcrole="http://www.xbrl.org/2003/arcrole/parent-child" xlink:from="FinancialInformationHeading" xlink:to="NoteOnChangeOfIndependentAuditorsFinancialInformation" order="21.0"/>
    <link:loc xlink:type="locator" xlink:href="../jpcrp_cor_2024-11-01.xsd#jpcrp_cor_NoteOnChangeInFiscalYearEndsFinancialInformation" xlink:label="NoteOnChangeInFiscalYearEndsFinancialInformation"/>
    <link:presentationArc xlink:type="arc" xlink:arcrole="http://www.xbrl.org/2003/arcrole/parent-child" xlink:from="FinancialInformationHeading" xlink:to="NoteOnChangeInFiscalYearEndsFinancialInformation" order="22.0"/>
  </link:presentationLink>
</link:linkbase>
