<?xml version="1.0" encoding="UTF-8"?>
<!--  (c) Financial Services Agency, The Japanese Government.
      All Rights Reserved.
      For intellectual property policy and authorized uses of EDINET Taxonomy,
      refer to “EDINET Taxonomy Legal Statement” at http://www.fsa.go.jp/search/EDINET_Taxonomy_Legal_Statement.html
-->
<link:linkbase xmlns:link="http://www.xbrl.org/2003/linkbase" xmlns:xsi="http://www.w3.org/2001/XMLSchema-instance" xmlns:xlink="http://www.w3.org/1999/xlink" xmlns:xbrli="http://www.xbrl.org/2003/instance">
  <link:roleRef roleURI="http://disclosure.edinet-fsa.go.jp/role/jpigp/rol_std_StatementOfChangesInEquityIFRS-ListOfAccounts" xlink:type="simple" xlink:href="../jpigp_rt_2022-11-01.xsd#rol_std_StatementOfChangesInEquityIFRS-ListOfAccounts"/>
  <link:definitionLink xlink:type="extended" xlink:role="http://disclosure.edinet-fsa.go.jp/role/jpigp/rol_std_StatementOfChangesInEquityIFRS-ListOfAccounts">
    <link:loc xlink:type="locator" xlink:href="../jpigp_cor_2022-11-01.xsd#jpigp_cor_StatementOfChangesInEquityIFRSTable" xlink:label="StatementOfChangesInEquityIFRSTable"/>
    <link:loc xlink:type="locator" xlink:href="../jpigp_cor_2022-11-01.xsd#jpigp_cor_ComponentsOfEquityIFRSAxis" xlink:label="ComponentsOfEquityIFRSAxis"/>
    <link:definitionArc xlink:type="arc" xlink:arcrole="http://www.xbrl.org/2003/arcrole/general-special" xlink:from="StatementOfChangesInEquityIFRSTable" xlink:to="ComponentsOfEquityIFRSAxis" order="1.0"/>
    <link:loc xlink:type="locator" xlink:href="../jpigp_cor_2022-11-01.xsd#jpigp_cor_EquityIFRSMember" xlink:label="EquityIFRSMember"/>
    <link:definitionArc xlink:type="arc" xlink:arcrole="http://www.xbrl.org/2003/arcrole/general-special" xlink:from="ComponentsOfEquityIFRSAxis" xlink:to="EquityIFRSMember" order="1.0"/>
    <link:loc xlink:type="locator" xlink:href="../jpigp_cor_2022-11-01.xsd#jpigp_cor_EquityAttributableToOwnersOfParentIFRSMember" xlink:label="EquityAttributableToOwnersOfParentIFRSMember"/>
    <link:definitionArc xlink:type="arc" xlink:arcrole="http://www.xbrl.org/2003/arcrole/general-special" xlink:from="EquityIFRSMember" xlink:to="EquityAttributableToOwnersOfParentIFRSMember" order="1.0"/>
    <link:loc xlink:type="locator" xlink:href="../jpigp_cor_2022-11-01.xsd#jpigp_cor_ShareCapitalIFRSMember" xlink:label="ShareCapitalIFRSMember"/>
    <link:definitionArc xlink:type="arc" xlink:arcrole="http://www.xbrl.org/2003/arcrole/general-special" xlink:from="EquityAttributableToOwnersOfParentIFRSMember" xlink:to="ShareCapitalIFRSMember" order="1.0"/>
    <link:loc xlink:type="locator" xlink:href="../jpigp_cor_2022-11-01.xsd#jpigp_cor_CapitalSurplusIFRSMember" xlink:label="CapitalSurplusIFRSMember"/>
    <link:definitionArc xlink:type="arc" xlink:arcrole="http://www.xbrl.org/2003/arcrole/general-special" xlink:from="EquityAttributableToOwnersOfParentIFRSMember" xlink:to="CapitalSurplusIFRSMember" order="2.0"/>
    <link:loc xlink:type="locator" xlink:href="../jpigp_cor_2022-11-01.xsd#jpigp_cor_RetainedEarningsIFRSMember" xlink:label="RetainedEarningsIFRSMember"/>
    <link:definitionArc xlink:type="arc" xlink:arcrole="http://www.xbrl.org/2003/arcrole/general-special" xlink:from="EquityAttributableToOwnersOfParentIFRSMember" xlink:to="RetainedEarningsIFRSMember" order="3.0"/>
    <link:loc xlink:type="locator" xlink:href="../jpigp_cor_2022-11-01.xsd#jpigp_cor_TreasurySharesIFRSMember" xlink:label="TreasurySharesIFRSMember"/>
    <link:definitionArc xlink:type="arc" xlink:arcrole="http://www.xbrl.org/2003/arcrole/general-special" xlink:from="EquityAttributableToOwnersOfParentIFRSMember" xlink:to="TreasurySharesIFRSMember" order="4.0"/>
    <link:loc xlink:type="locator" xlink:href="../jpigp_cor_2022-11-01.xsd#jpigp_cor_OtherComponentsOfEquityIFRSMember" xlink:label="OtherComponentsOfEquityIFRSMember"/>
    <link:definitionArc xlink:type="arc" xlink:arcrole="http://www.xbrl.org/2003/arcrole/general-special" xlink:from="EquityAttributableToOwnersOfParentIFRSMember" xlink:to="OtherComponentsOfEquityIFRSMember" order="5.0"/>
    <link:loc xlink:type="locator" xlink:href="../jpigp_cor_2022-11-01.xsd#jpigp_cor_ShareAcquisitionRightsIFRSMember" xlink:label="ShareAcquisitionRightsIFRSMember"/>
    <link:definitionArc xlink:type="arc" xlink:arcrole="http://www.xbrl.org/2003/arcrole/general-special" xlink:from="OtherComponentsOfEquityIFRSMember" xlink:to="ShareAcquisitionRightsIFRSMember" order="1.0"/>
    <link:loc xlink:type="locator" xlink:href="../jpigp_cor_2022-11-01.xsd#jpigp_cor_AccumulatedOtherComprehensiveIncomeIFRSMember" xlink:label="AccumulatedOtherComprehensiveIncomeIFRSMember"/>
    <link:definitionArc xlink:type="arc" xlink:arcrole="http://www.xbrl.org/2003/arcrole/general-special" xlink:from="OtherComponentsOfEquityIFRSMember" xlink:to="AccumulatedOtherComprehensiveIncomeIFRSMember" order="2.0"/>
    <link:loc xlink:type="locator" xlink:href="../jpigp_cor_2022-11-01.xsd#jpigp_cor_RemeasurementsOfDefinedBenefitPlansIFRSMember" xlink:label="RemeasurementsOfDefinedBenefitPlansIFRSMember"/>
    <link:definitionArc xlink:type="arc" xlink:arcrole="http://www.xbrl.org/2003/arcrole/general-special" xlink:from="AccumulatedOtherComprehensiveIncomeIFRSMember" xlink:to="RemeasurementsOfDefinedBenefitPlansIFRSMember" order="1.0"/>
    <link:loc xlink:type="locator" xlink:href="../jpigp_cor_2022-11-01.xsd#jpigp_cor_NetChangeInFairValueOfEquityInstrumentsDesignatedAsMeasuredAtFairValueThroughOtherComprehensiveIncomeIFRSMember" xlink:label="NetChangeInFairValueOfEquityInstrumentsDesignatedAsMeasuredAtFairValueThroughOtherComprehensiveIncomeIFRSMember"/>
    <link:definitionArc xlink:type="arc" xlink:arcrole="http://www.xbrl.org/2003/arcrole/general-special" xlink:from="AccumulatedOtherComprehensiveIncomeIFRSMember" xlink:to="NetChangeInFairValueOfEquityInstrumentsDesignatedAsMeasuredAtFairValueThroughOtherComprehensiveIncomeIFRSMember" order="2.0"/>
    <link:loc xlink:type="locator" xlink:href="../jpigp_cor_2022-11-01.xsd#jpigp_cor_FinancialAssetsMeasuredAtFairValueThroughOtherComprehensiveIncomeIFRSMember" xlink:label="FinancialAssetsMeasuredAtFairValueThroughOtherComprehensiveIncomeIFRSMember"/>
    <link:definitionArc xlink:type="arc" xlink:arcrole="http://www.xbrl.org/2003/arcrole/general-special" xlink:from="AccumulatedOtherComprehensiveIncomeIFRSMember" xlink:to="FinancialAssetsMeasuredAtFairValueThroughOtherComprehensiveIncomeIFRSMember" order="3.0"/>
    <link:loc xlink:type="locator" xlink:href="../jpigp_cor_2022-11-01.xsd#jpigp_cor_ExchangeDifferencesOnTranslationOfForeignOperationsIFRSMember" xlink:label="ExchangeDifferencesOnTranslationOfForeignOperationsIFRSMember"/>
    <link:definitionArc xlink:type="arc" xlink:arcrole="http://www.xbrl.org/2003/arcrole/general-special" xlink:from="AccumulatedOtherComprehensiveIncomeIFRSMember" xlink:to="ExchangeDifferencesOnTranslationOfForeignOperationsIFRSMember" order="4.0"/>
    <link:loc xlink:type="locator" xlink:href="../jpigp_cor_2022-11-01.xsd#jpigp_cor_EffectivePortionOfCashFlowHedgesIFRSMember" xlink:label="EffectivePortionOfCashFlowHedgesIFRSMember"/>
    <link:definitionArc xlink:type="arc" xlink:arcrole="http://www.xbrl.org/2003/arcrole/general-special" xlink:from="AccumulatedOtherComprehensiveIncomeIFRSMember" xlink:to="EffectivePortionOfCashFlowHedgesIFRSMember" order="5.0"/>
    <link:loc xlink:type="locator" xlink:href="../jpigp_cor_2022-11-01.xsd#jpigp_cor_ShareOfOtherComprehensiveIncomeOfInvestmentsAccountedForUsingEquityMethodIFRSMember" xlink:label="ShareOfOtherComprehensiveIncomeOfInvestmentsAccountedForUsingEquityMethodIFRSMember"/>
    <link:definitionArc xlink:type="arc" xlink:arcrole="http://www.xbrl.org/2003/arcrole/general-special" xlink:from="AccumulatedOtherComprehensiveIncomeIFRSMember" xlink:to="ShareOfOtherComprehensiveIncomeOfInvestmentsAccountedForUsingEquityMethodIFRSMember" order="6.0"/>
    <link:loc xlink:type="locator" xlink:href="../jpigp_cor_2022-11-01.xsd#jpigp_cor_OtherOtherComponentsOfEquityIFRSMember" xlink:label="OtherOtherComponentsOfEquityIFRSMember"/>
    <link:definitionArc xlink:type="arc" xlink:arcrole="http://www.xbrl.org/2003/arcrole/general-special" xlink:from="OtherComponentsOfEquityIFRSMember" xlink:to="OtherOtherComponentsOfEquityIFRSMember" order="3.0"/>
    <link:loc xlink:type="locator" xlink:href="../jpigp_cor_2022-11-01.xsd#jpigp_cor_NonControllingInterestsIFRSMember" xlink:label="NonControllingInterestsIFRSMember"/>
    <link:definitionArc xlink:type="arc" xlink:arcrole="http://www.xbrl.org/2003/arcrole/general-special" xlink:from="EquityIFRSMember" xlink:to="NonControllingInterestsIFRSMember" order="2.0"/>
    <link:loc xlink:type="locator" xlink:href="../jpigp_cor_2022-11-01.xsd#jpigp_cor_StatementOfChangesInEquityIFRSLineItems" xlink:label="StatementOfChangesInEquityIFRSLineItems"/>
    <link:loc xlink:type="locator" xlink:href="../jpigp_cor_2022-11-01.xsd#jpigp_cor_EquityIFRS" xlink:label="EquityIFRS"/>
    <link:definitionArc xlink:type="arc" xlink:arcrole="http://www.xbrl.org/2003/arcrole/general-special" xlink:from="StatementOfChangesInEquityIFRSLineItems" xlink:to="EquityIFRS" order="1.0"/>
    <link:loc xlink:type="locator" xlink:href="../jpigp_cor_2022-11-01.xsd#jpigp_cor_CumulativeEffectOfAccountingChangeIFRS" xlink:label="CumulativeEffectOfAccountingChangeIFRS"/>
    <link:definitionArc xlink:type="arc" xlink:arcrole="http://www.xbrl.org/2003/arcrole/general-special" xlink:from="StatementOfChangesInEquityIFRSLineItems" xlink:to="CumulativeEffectOfAccountingChangeIFRS" order="2.0"/>
    <link:loc xlink:type="locator" xlink:href="../jpigp_cor_2022-11-01.xsd#jpigp_cor_RestatedBalanceIFRS" xlink:label="RestatedBalanceIFRS"/>
    <link:definitionArc xlink:type="arc" xlink:arcrole="http://www.xbrl.org/2003/arcrole/general-special" xlink:from="StatementOfChangesInEquityIFRSLineItems" xlink:to="RestatedBalanceIFRS" order="3.0"/>
    <link:loc xlink:type="locator" xlink:href="../jpigp_cor_2022-11-01.xsd#jpigp_cor_ComprehensiveIncomeIFRSAbstract" xlink:label="ComprehensiveIncomeIFRSAbstract"/>
    <link:definitionArc xlink:type="arc" xlink:arcrole="http://www.xbrl.org/2003/arcrole/general-special" xlink:from="StatementOfChangesInEquityIFRSLineItems" xlink:to="ComprehensiveIncomeIFRSAbstract" order="4.0"/>
    <link:loc xlink:type="locator" xlink:href="../jpigp_cor_2022-11-01.xsd#jpigp_cor_ProfitLossIFRS" xlink:label="ProfitLossIFRS"/>
    <link:definitionArc xlink:type="arc" xlink:arcrole="http://www.xbrl.org/2003/arcrole/general-special" xlink:from="ComprehensiveIncomeIFRSAbstract" xlink:to="ProfitLossIFRS" order="1.0"/>
    <link:loc xlink:type="locator" xlink:href="../jpigp_cor_2022-11-01.xsd#jpigp_cor_OtherComprehensiveIncomeIFRS" xlink:label="OtherComprehensiveIncomeIFRS"/>
    <link:definitionArc xlink:type="arc" xlink:arcrole="http://www.xbrl.org/2003/arcrole/general-special" xlink:from="ComprehensiveIncomeIFRSAbstract" xlink:to="OtherComprehensiveIncomeIFRS" order="2.0"/>
    <link:loc xlink:type="locator" xlink:href="../jpigp_cor_2022-11-01.xsd#jpigp_cor_ComprehensiveIncomeIFRS" xlink:label="ComprehensiveIncomeIFRS"/>
    <link:definitionArc xlink:type="arc" xlink:arcrole="http://www.xbrl.org/2003/arcrole/general-special" xlink:from="ComprehensiveIncomeIFRSAbstract" xlink:to="ComprehensiveIncomeIFRS" order="3.0"/>
    <link:loc xlink:type="locator" xlink:href="../jpigp_cor_2022-11-01.xsd#jpigp_cor_TransactionsWithOwnersIFRSAbstract" xlink:label="TransactionsWithOwnersIFRSAbstract"/>
    <link:definitionArc xlink:type="arc" xlink:arcrole="http://www.xbrl.org/2003/arcrole/general-special" xlink:from="StatementOfChangesInEquityIFRSLineItems" xlink:to="TransactionsWithOwnersIFRSAbstract" order="5.0"/>
    <link:loc xlink:type="locator" xlink:href="../jpigp_cor_2022-11-01.xsd#jpigp_cor_IssuanceOfNewSharesSSIFRS" xlink:label="IssuanceOfNewSharesSSIFRS"/>
    <link:definitionArc xlink:type="arc" xlink:arcrole="http://www.xbrl.org/2003/arcrole/general-special" xlink:from="TransactionsWithOwnersIFRSAbstract" xlink:to="IssuanceOfNewSharesSSIFRS" order="1.0"/>
    <link:loc xlink:type="locator" xlink:href="../jpigp_cor_2022-11-01.xsd#jpigp_cor_PurchaseOfTreasurySharesSSIFRS" xlink:label="PurchaseOfTreasurySharesSSIFRS"/>
    <link:definitionArc xlink:type="arc" xlink:arcrole="http://www.xbrl.org/2003/arcrole/general-special" xlink:from="TransactionsWithOwnersIFRSAbstract" xlink:to="PurchaseOfTreasurySharesSSIFRS" order="2.0"/>
    <link:loc xlink:type="locator" xlink:href="../jpigp_cor_2022-11-01.xsd#jpigp_cor_DisposalOfTreasurySharesSSIFRS" xlink:label="DisposalOfTreasurySharesSSIFRS"/>
    <link:definitionArc xlink:type="arc" xlink:arcrole="http://www.xbrl.org/2003/arcrole/general-special" xlink:from="TransactionsWithOwnersIFRSAbstract" xlink:to="DisposalOfTreasurySharesSSIFRS" order="3.0"/>
    <link:loc xlink:type="locator" xlink:href="../jpigp_cor_2022-11-01.xsd#jpigp_cor_PurchaseAndDisposalOfTreasurySharesSSIFRS" xlink:label="PurchaseAndDisposalOfTreasurySharesSSIFRS"/>
    <link:definitionArc xlink:type="arc" xlink:arcrole="http://www.xbrl.org/2003/arcrole/general-special" xlink:from="TransactionsWithOwnersIFRSAbstract" xlink:to="PurchaseAndDisposalOfTreasurySharesSSIFRS" order="4.0"/>
    <link:loc xlink:type="locator" xlink:href="../jpigp_cor_2022-11-01.xsd#jpigp_cor_CancellationOfTreasurySharesSSIFRS" xlink:label="CancellationOfTreasurySharesSSIFRS"/>
    <link:definitionArc xlink:type="arc" xlink:arcrole="http://www.xbrl.org/2003/arcrole/general-special" xlink:from="TransactionsWithOwnersIFRSAbstract" xlink:to="CancellationOfTreasurySharesSSIFRS" order="5.0"/>
    <link:loc xlink:type="locator" xlink:href="../jpigp_cor_2022-11-01.xsd#jpigp_cor_DividendsSSIFRS" xlink:label="DividendsSSIFRS"/>
    <link:definitionArc xlink:type="arc" xlink:arcrole="http://www.xbrl.org/2003/arcrole/general-special" xlink:from="TransactionsWithOwnersIFRSAbstract" xlink:to="DividendsSSIFRS" order="6.0"/>
    <link:loc xlink:type="locator" xlink:href="../jpigp_cor_2022-11-01.xsd#jpigp_cor_DividendsToOwnersOfParentSSIFRS" xlink:label="DividendsToOwnersOfParentSSIFRS"/>
    <link:definitionArc xlink:type="arc" xlink:arcrole="http://www.xbrl.org/2003/arcrole/general-special" xlink:from="TransactionsWithOwnersIFRSAbstract" xlink:to="DividendsToOwnersOfParentSSIFRS" order="7.0"/>
    <link:loc xlink:type="locator" xlink:href="../jpigp_cor_2022-11-01.xsd#jpigp_cor_DividendsToNonControllingInterestsSSIFRS" xlink:label="DividendsToNonControllingInterestsSSIFRS"/>
    <link:definitionArc xlink:type="arc" xlink:arcrole="http://www.xbrl.org/2003/arcrole/general-special" xlink:from="TransactionsWithOwnersIFRSAbstract" xlink:to="DividendsToNonControllingInterestsSSIFRS" order="8.0"/>
    <link:loc xlink:type="locator" xlink:href="../jpigp_cor_2022-11-01.xsd#jpigp_cor_ShareBasedPaymentTransactionsSSIFRS" xlink:label="ShareBasedPaymentTransactionsSSIFRS"/>
    <link:definitionArc xlink:type="arc" xlink:arcrole="http://www.xbrl.org/2003/arcrole/general-special" xlink:from="TransactionsWithOwnersIFRSAbstract" xlink:to="ShareBasedPaymentTransactionsSSIFRS" order="9.0"/>
    <link:loc xlink:type="locator" xlink:href="../jpigp_cor_2022-11-01.xsd#jpigp_cor_IssuanceOfShareAcquisitionRightsSSIFRS" xlink:label="IssuanceOfShareAcquisitionRightsSSIFRS"/>
    <link:definitionArc xlink:type="arc" xlink:arcrole="http://www.xbrl.org/2003/arcrole/general-special" xlink:from="TransactionsWithOwnersIFRSAbstract" xlink:to="IssuanceOfShareAcquisitionRightsSSIFRS" order="10.0"/>
    <link:loc xlink:type="locator" xlink:href="../jpigp_cor_2022-11-01.xsd#jpigp_cor_ExerciseOfShareAcquisitionRightsSSIFRS" xlink:label="ExerciseOfShareAcquisitionRightsSSIFRS"/>
    <link:definitionArc xlink:type="arc" xlink:arcrole="http://www.xbrl.org/2003/arcrole/general-special" xlink:from="TransactionsWithOwnersIFRSAbstract" xlink:to="ExerciseOfShareAcquisitionRightsSSIFRS" order="11.0"/>
    <link:loc xlink:type="locator" xlink:href="../jpigp_cor_2022-11-01.xsd#jpigp_cor_ForfeitureOfShareAcquisitionRightsSSIFRS" xlink:label="ForfeitureOfShareAcquisitionRightsSSIFRS"/>
    <link:definitionArc xlink:type="arc" xlink:arcrole="http://www.xbrl.org/2003/arcrole/general-special" xlink:from="TransactionsWithOwnersIFRSAbstract" xlink:to="ForfeitureOfShareAcquisitionRightsSSIFRS" order="12.0"/>
    <link:loc xlink:type="locator" xlink:href="../jpigp_cor_2022-11-01.xsd#jpigp_cor_ChangeInScopeOfConsolidationSSIFRS" xlink:label="ChangeInScopeOfConsolidationSSIFRS"/>
    <link:definitionArc xlink:type="arc" xlink:arcrole="http://www.xbrl.org/2003/arcrole/general-special" xlink:from="TransactionsWithOwnersIFRSAbstract" xlink:to="ChangeInScopeOfConsolidationSSIFRS" order="13.0"/>
    <link:loc xlink:type="locator" xlink:href="../jpigp_cor_2022-11-01.xsd#jpigp_cor_IncreaseDecreaseByBusinessCombinationSSIFRS" xlink:label="IncreaseDecreaseByBusinessCombinationSSIFRS"/>
    <link:definitionArc xlink:type="arc" xlink:arcrole="http://www.xbrl.org/2003/arcrole/general-special" xlink:from="TransactionsWithOwnersIFRSAbstract" xlink:to="IncreaseDecreaseByBusinessCombinationSSIFRS" order="14.0"/>
    <link:loc xlink:type="locator" xlink:href="../jpigp_cor_2022-11-01.xsd#jpigp_cor_AcquisitionOfSubsidiariesSSIFRS" xlink:label="AcquisitionOfSubsidiariesSSIFRS"/>
    <link:definitionArc xlink:type="arc" xlink:arcrole="http://www.xbrl.org/2003/arcrole/general-special" xlink:from="TransactionsWithOwnersIFRSAbstract" xlink:to="AcquisitionOfSubsidiariesSSIFRS" order="15.0"/>
    <link:loc xlink:type="locator" xlink:href="../jpigp_cor_2022-11-01.xsd#jpigp_cor_DisposalOfSubsidiariesSSIFRS" xlink:label="DisposalOfSubsidiariesSSIFRS"/>
    <link:definitionArc xlink:type="arc" xlink:arcrole="http://www.xbrl.org/2003/arcrole/general-special" xlink:from="TransactionsWithOwnersIFRSAbstract" xlink:to="DisposalOfSubsidiariesSSIFRS" order="16.0"/>
    <link:loc xlink:type="locator" xlink:href="../jpigp_cor_2022-11-01.xsd#jpigp_cor_ChangesInOwnershipInterestInSubsidiariesSSIFRS" xlink:label="ChangesInOwnershipInterestInSubsidiariesSSIFRS"/>
    <link:definitionArc xlink:type="arc" xlink:arcrole="http://www.xbrl.org/2003/arcrole/general-special" xlink:from="TransactionsWithOwnersIFRSAbstract" xlink:to="ChangesInOwnershipInterestInSubsidiariesSSIFRS" order="17.0"/>
    <link:loc xlink:type="locator" xlink:href="../jpigp_cor_2022-11-01.xsd#jpigp_cor_TransferSSIFRS" xlink:label="TransferSSIFRS"/>
    <link:definitionArc xlink:type="arc" xlink:arcrole="http://www.xbrl.org/2003/arcrole/general-special" xlink:from="TransactionsWithOwnersIFRSAbstract" xlink:to="TransferSSIFRS" order="18.0"/>
    <link:loc xlink:type="locator" xlink:href="../jpigp_cor_2022-11-01.xsd#jpigp_cor_TransferToRetainedEarningsSSIFRS" xlink:label="TransferToRetainedEarningsSSIFRS"/>
    <link:definitionArc xlink:type="arc" xlink:arcrole="http://www.xbrl.org/2003/arcrole/general-special" xlink:from="TransactionsWithOwnersIFRSAbstract" xlink:to="TransferToRetainedEarningsSSIFRS" order="19.0"/>
    <link:loc xlink:type="locator" xlink:href="../jpigp_cor_2022-11-01.xsd#jpigp_cor_TransferFromOtherComponentsOfEquityToRetainedEarningsSSIFRS" xlink:label="TransferFromOtherComponentsOfEquityToRetainedEarningsSSIFRS"/>
    <link:definitionArc xlink:type="arc" xlink:arcrole="http://www.xbrl.org/2003/arcrole/general-special" xlink:from="TransactionsWithOwnersIFRSAbstract" xlink:to="TransferFromOtherComponentsOfEquityToRetainedEarningsSSIFRS" order="20.0"/>
    <link:loc xlink:type="locator" xlink:href="../jpigp_cor_2022-11-01.xsd#jpigp_cor_TransferFromAccumulatedOtherComprehensiveIncomeToRetainedEarningsSSIFRS" xlink:label="TransferFromAccumulatedOtherComprehensiveIncomeToRetainedEarningsSSIFRS"/>
    <link:definitionArc xlink:type="arc" xlink:arcrole="http://www.xbrl.org/2003/arcrole/general-special" xlink:from="TransactionsWithOwnersIFRSAbstract" xlink:to="TransferFromAccumulatedOtherComprehensiveIncomeToRetainedEarningsSSIFRS" order="21.0"/>
    <link:loc xlink:type="locator" xlink:href="../jpigp_cor_2022-11-01.xsd#jpigp_cor_OtherSSIFRS" xlink:label="OtherSSIFRS"/>
    <link:definitionArc xlink:type="arc" xlink:arcrole="http://www.xbrl.org/2003/arcrole/general-special" xlink:from="TransactionsWithOwnersIFRSAbstract" xlink:to="OtherSSIFRS" order="22.0"/>
    <link:loc xlink:type="locator" xlink:href="../jpigp_cor_2022-11-01.xsd#jpigp_cor_TotalTransactionsWithOwnersIFRS" xlink:label="TotalTransactionsWithOwnersIFRS"/>
    <link:definitionArc xlink:type="arc" xlink:arcrole="http://www.xbrl.org/2003/arcrole/general-special" xlink:from="TransactionsWithOwnersIFRSAbstract" xlink:to="TotalTransactionsWithOwnersIFRS" order="23.0"/>
    <link:loc xlink:type="locator" xlink:href="../jpigp_cor_2022-11-01.xsd#jpigp_cor_TotalChangesInEquityIFRS" xlink:label="TotalChangesInEquityIFRS"/>
    <link:definitionArc xlink:type="arc" xlink:arcrole="http://www.xbrl.org/2003/arcrole/general-special" xlink:from="StatementOfChangesInEquityIFRSLineItems" xlink:to="TotalChangesInEquityIFRS" order="6.0"/>
    <link:loc xlink:type="locator" xlink:href="../jpigp_cor_2022-11-01.xsd#jpigp_cor_StatementOfChangesInEquityIFRSAbstract" xlink:label="StatementOfChangesInEquityIFRSAbstract"/>
    <link:definitionArc xlink:type="arc" xlink:arcrole="http://www.xbrl.org/2003/arcrole/general-special" xlink:from="StatementOfChangesInEquityIFRSAbstract" xlink:to="StatementOfChangesInEquityIFRSTable" order="1.0"/>
    <link:definitionArc xlink:type="arc" xlink:arcrole="http://www.xbrl.org/2003/arcrole/general-special" xlink:from="StatementOfChangesInEquityIFRSAbstract" xlink:to="StatementOfChangesInEquityIFRSLineItems" order="2.0"/>
  </link:definitionLink>
</link:linkbase>
