<?xml version="1.0" encoding="UTF-8"?>
<!--  (c) Financial Services Agency, The Japanese Government.
      All Rights Reserved.
      For intellectual property policy and authorized uses of EDINET Taxonomy,
      refer to “EDINET Taxonomy Legal Statement” at http://www.fsa.go.jp/search/EDINET_Taxonomy_Legal_Statement.html
-->
<link:linkbase xmlns:link="http://www.xbrl.org/2003/linkbase" xmlns:xsi="http://www.w3.org/2001/XMLSchema-instance" xmlns:xlink="http://www.w3.org/1999/xlink" xmlns:xbrli="http://www.xbrl.org/2003/instance">
  <link:roleRef roleURI="http://www.xbrl.org/2009/role/deprecatedDateLabel" xlink:type="simple" xlink:href="http://www.xbrl.org/lrr/role/deprecated-2009-12-16.xsd#deprecatedDateLabel"/>
  <link:roleRef roleURI="http://www.xbrl.org/2009/role/deprecatedLabel" xlink:type="simple" xlink:href="http://www.xbrl.org/lrr/role/deprecated-2009-12-16.xsd#deprecatedLabel"/>
  <link:labelLink xlink:type="extended" xlink:role="http://www.xbrl.org/2003/role/link">
    <link:loc xlink:type="locator" xlink:href="jppfs_dep_2018-03-31.xsd#jppfs_cor_ReversalOfAllowanceForLoanLossesEIBNK" xlink:label="ReversalOfAllowanceForLoanLossesEIBNK"/>
    <link:label xlink:type="resource" xlink:label="label_ReversalOfAllowanceForLoanLossesEIBNK" xlink:role="http://www.xbrl.org/2009/role/deprecatedLabel" xml:lang="en" id="label_ReversalOfAllowanceForLoanLossesEIBNK">Cabinet office ordinance partially revising Ordinance for enforcement of Banking Law</link:label>
    <link:labelArc xlink:type="arc" xlink:arcrole="http://www.xbrl.org/2003/arcrole/concept-label" xlink:from="ReversalOfAllowanceForLoanLossesEIBNK" xlink:to="label_ReversalOfAllowanceForLoanLossesEIBNK"/>
    <link:label xlink:type="resource" xlink:label="label_ReversalOfAllowanceForLoanLossesEIBNK_2" xlink:role="http://www.xbrl.org/2009/role/deprecatedDateLabel" xml:lang="en" id="label_ReversalOfAllowanceForLoanLossesEIBNK_2">2011-10-31</link:label>
    <link:labelArc xlink:type="arc" xlink:arcrole="http://www.xbrl.org/2003/arcrole/concept-label" xlink:from="ReversalOfAllowanceForLoanLossesEIBNK" xlink:to="label_ReversalOfAllowanceForLoanLossesEIBNK_2"/>
    <link:loc xlink:type="locator" xlink:href="jppfs_dep_2018-03-31.xsd#jppfs_cor_RecoveriesOfWrittenOffClaimsEIBNK" xlink:label="RecoveriesOfWrittenOffClaimsEIBNK"/>
    <link:label xlink:type="resource" xlink:label="label_RecoveriesOfWrittenOffClaimsEIBNK" xlink:role="http://www.xbrl.org/2009/role/deprecatedLabel" xml:lang="en" id="label_RecoveriesOfWrittenOffClaimsEIBNK">Cabinet office ordinance partially revising Ordinance for enforcement of Banking Law</link:label>
    <link:labelArc xlink:type="arc" xlink:arcrole="http://www.xbrl.org/2003/arcrole/concept-label" xlink:from="RecoveriesOfWrittenOffClaimsEIBNK" xlink:to="label_RecoveriesOfWrittenOffClaimsEIBNK"/>
    <link:label xlink:type="resource" xlink:label="label_RecoveriesOfWrittenOffClaimsEIBNK_2" xlink:role="http://www.xbrl.org/2009/role/deprecatedDateLabel" xml:lang="en" id="label_RecoveriesOfWrittenOffClaimsEIBNK_2">2011-10-31</link:label>
    <link:labelArc xlink:type="arc" xlink:arcrole="http://www.xbrl.org/2003/arcrole/concept-label" xlink:from="RecoveriesOfWrittenOffClaimsEIBNK" xlink:to="label_RecoveriesOfWrittenOffClaimsEIBNK_2"/>
    <link:loc xlink:type="locator" xlink:href="jppfs_dep_2018-03-31.xsd#jppfs_cor_GainOnPriorPeriodAdjustmentEI" xlink:label="GainOnPriorPeriodAdjustmentEI"/>
    <link:label xlink:type="resource" xlink:label="label_GainOnPriorPeriodAdjustmentEI" xlink:role="http://www.xbrl.org/2009/role/deprecatedLabel" xml:lang="en" id="label_GainOnPriorPeriodAdjustmentEI">Cabinet office ordinance partially revising Regulation for Terminology, Forms and Preparation of Consolidated Financial Statements, etc.</link:label>
    <link:labelArc xlink:type="arc" xlink:arcrole="http://www.xbrl.org/2003/arcrole/concept-label" xlink:from="GainOnPriorPeriodAdjustmentEI" xlink:to="label_GainOnPriorPeriodAdjustmentEI"/>
    <link:label xlink:type="resource" xlink:label="label_GainOnPriorPeriodAdjustmentEI_2" xlink:role="http://www.xbrl.org/2009/role/deprecatedDateLabel" xml:lang="en" id="label_GainOnPriorPeriodAdjustmentEI_2">2010-09-30</link:label>
    <link:labelArc xlink:type="arc" xlink:arcrole="http://www.xbrl.org/2003/arcrole/concept-label" xlink:from="GainOnPriorPeriodAdjustmentEI" xlink:to="label_GainOnPriorPeriodAdjustmentEI_2"/>
    <link:loc xlink:type="locator" xlink:href="jppfs_dep_2018-03-31.xsd#jppfs_cor_LossOnPriorPeriodAdjustmentEL" xlink:label="LossOnPriorPeriodAdjustmentEL"/>
    <link:label xlink:type="resource" xlink:label="label_LossOnPriorPeriodAdjustmentEL" xlink:role="http://www.xbrl.org/2009/role/deprecatedLabel" xml:lang="en" id="label_LossOnPriorPeriodAdjustmentEL">Cabinet office ordinance partially revising Regulation for Terminology, Forms and Preparation of Consolidated Financial Statements, etc.</link:label>
    <link:labelArc xlink:type="arc" xlink:arcrole="http://www.xbrl.org/2003/arcrole/concept-label" xlink:from="LossOnPriorPeriodAdjustmentEL" xlink:to="label_LossOnPriorPeriodAdjustmentEL"/>
    <link:label xlink:type="resource" xlink:label="label_LossOnPriorPeriodAdjustmentEL_2" xlink:role="http://www.xbrl.org/2009/role/deprecatedDateLabel" xml:lang="en" id="label_LossOnPriorPeriodAdjustmentEL_2">2010-09-30</link:label>
    <link:labelArc xlink:type="arc" xlink:arcrole="http://www.xbrl.org/2003/arcrole/concept-label" xlink:from="LossOnPriorPeriodAdjustmentEL" xlink:to="label_LossOnPriorPeriodAdjustmentEL_2"/>
    <link:loc xlink:type="locator" xlink:href="jppfs_dep_2018-03-31.xsd#jppfs_cor_LossGainFromPriorPeriodAdjustmentOpeCF" xlink:label="LossGainFromPriorPeriodAdjustmentOpeCF"/>
    <link:label xlink:type="resource" xlink:label="label_LossGainFromPriorPeriodAdjustmentOpeCF" xlink:role="http://www.xbrl.org/2009/role/deprecatedLabel" xml:lang="en" id="label_LossGainFromPriorPeriodAdjustmentOpeCF">Cabinet office ordinance partially revising Regulation for Terminology, Forms and Preparation of Consolidated Financial Statements, etc.</link:label>
    <link:labelArc xlink:type="arc" xlink:arcrole="http://www.xbrl.org/2003/arcrole/concept-label" xlink:from="LossGainFromPriorPeriodAdjustmentOpeCF" xlink:to="label_LossGainFromPriorPeriodAdjustmentOpeCF"/>
    <link:label xlink:type="resource" xlink:label="label_LossGainFromPriorPeriodAdjustmentOpeCF_2" xlink:role="http://www.xbrl.org/2009/role/deprecatedDateLabel" xml:lang="en" id="label_LossGainFromPriorPeriodAdjustmentOpeCF_2">2010-09-30</link:label>
    <link:labelArc xlink:type="arc" xlink:arcrole="http://www.xbrl.org/2003/arcrole/concept-label" xlink:from="LossGainFromPriorPeriodAdjustmentOpeCF" xlink:to="label_LossGainFromPriorPeriodAdjustmentOpeCF_2"/>
    <link:loc xlink:type="locator" xlink:href="jppfs_dep_2018-03-31.xsd#jppfs_cor_EffectOfChangesInAccountingPoliciesAppliedToForeignSubsidiaries" xlink:label="EffectOfChangesInAccountingPoliciesAppliedToForeignSubsidiaries"/>
    <link:label xlink:type="resource" xlink:label="label_EffectOfChangesInAccountingPoliciesAppliedToForeignSubsidiaries" xlink:role="http://www.xbrl.org/2009/role/deprecatedLabel" xml:lang="en" id="label_EffectOfChangesInAccountingPoliciesAppliedToForeignSubsidiaries">Not to be used in future.</link:label>
    <link:labelArc xlink:type="arc" xlink:arcrole="http://www.xbrl.org/2003/arcrole/concept-label" xlink:from="EffectOfChangesInAccountingPoliciesAppliedToForeignSubsidiaries" xlink:to="label_EffectOfChangesInAccountingPoliciesAppliedToForeignSubsidiaries"/>
    <link:label xlink:type="resource" xlink:label="label_EffectOfChangesInAccountingPoliciesAppliedToForeignSubsidiaries_2" xlink:role="http://www.xbrl.org/2009/role/deprecatedDateLabel" xml:lang="en" id="label_EffectOfChangesInAccountingPoliciesAppliedToForeignSubsidiaries_2">2015-03-31</link:label>
    <link:labelArc xlink:type="arc" xlink:arcrole="http://www.xbrl.org/2003/arcrole/concept-label" xlink:from="EffectOfChangesInAccountingPoliciesAppliedToForeignSubsidiaries" xlink:to="label_EffectOfChangesInAccountingPoliciesAppliedToForeignSubsidiaries_2"/>
    <link:loc xlink:type="locator" xlink:href="jppfs_dep_2018-03-31.xsd#jppfs_cor_MinorityInterests" xlink:label="MinorityInterests"/>
    <link:label xlink:type="resource" xlink:label="label_MinorityInterests" xlink:role="http://www.xbrl.org/2009/role/deprecatedLabel" xml:lang="en" id="label_MinorityInterests">Amendment dated 2014-03-28 of Regulation for Terminology, Forms and Preparation of Financial Statements, etc.</link:label>
    <link:labelArc xlink:type="arc" xlink:arcrole="http://www.xbrl.org/2003/arcrole/concept-label" xlink:from="MinorityInterests" xlink:to="label_MinorityInterests"/>
    <link:label xlink:type="resource" xlink:label="label_MinorityInterests_2" xlink:role="http://www.xbrl.org/2009/role/deprecatedDateLabel" xml:lang="en" id="label_MinorityInterests_2">2014-03-28</link:label>
    <link:labelArc xlink:type="arc" xlink:arcrole="http://www.xbrl.org/2003/arcrole/concept-label" xlink:from="MinorityInterests" xlink:to="label_MinorityInterests_2"/>
    <link:loc xlink:type="locator" xlink:href="jppfs_dep_2018-03-31.xsd#jppfs_cor_IncomeBeforeMinorityInterests" xlink:label="IncomeBeforeMinorityInterests"/>
    <link:label xlink:type="resource" xlink:label="label_IncomeBeforeMinorityInterests" xlink:role="http://www.xbrl.org/2009/role/deprecatedLabel" xml:lang="en" id="label_IncomeBeforeMinorityInterests">Amendment dated 2014-03-28 of Regulation for Terminology, Forms and Preparation of Financial Statements, etc.</link:label>
    <link:labelArc xlink:type="arc" xlink:arcrole="http://www.xbrl.org/2003/arcrole/concept-label" xlink:from="IncomeBeforeMinorityInterests" xlink:to="label_IncomeBeforeMinorityInterests"/>
    <link:label xlink:type="resource" xlink:label="label_IncomeBeforeMinorityInterests_2" xlink:role="http://www.xbrl.org/2009/role/deprecatedDateLabel" xml:lang="en" id="label_IncomeBeforeMinorityInterests_2">2014-03-28</link:label>
    <link:labelArc xlink:type="arc" xlink:arcrole="http://www.xbrl.org/2003/arcrole/concept-label" xlink:from="IncomeBeforeMinorityInterests" xlink:to="label_IncomeBeforeMinorityInterests_2"/>
    <link:loc xlink:type="locator" xlink:href="jppfs_dep_2018-03-31.xsd#jppfs_cor_IncomeBeforeMinorityInterestsCI" xlink:label="IncomeBeforeMinorityInterestsCI"/>
    <link:label xlink:type="resource" xlink:label="label_IncomeBeforeMinorityInterestsCI" xlink:role="http://www.xbrl.org/2009/role/deprecatedLabel" xml:lang="en" id="label_IncomeBeforeMinorityInterestsCI">Amendment dated 2014-03-28 of Regulation for Terminology, Forms and Preparation of Financial Statements, etc.</link:label>
    <link:labelArc xlink:type="arc" xlink:arcrole="http://www.xbrl.org/2003/arcrole/concept-label" xlink:from="IncomeBeforeMinorityInterestsCI" xlink:to="label_IncomeBeforeMinorityInterestsCI"/>
    <link:label xlink:type="resource" xlink:label="label_IncomeBeforeMinorityInterestsCI_2" xlink:role="http://www.xbrl.org/2009/role/deprecatedDateLabel" xml:lang="en" id="label_IncomeBeforeMinorityInterestsCI_2">2014-03-28</link:label>
    <link:labelArc xlink:type="arc" xlink:arcrole="http://www.xbrl.org/2003/arcrole/concept-label" xlink:from="IncomeBeforeMinorityInterestsCI" xlink:to="label_IncomeBeforeMinorityInterestsCI_2"/>
    <link:loc xlink:type="locator" xlink:href="jppfs_dep_2018-03-31.xsd#jppfs_cor_MinorityInterestsInIncome" xlink:label="MinorityInterestsInIncome"/>
    <link:label xlink:type="resource" xlink:label="label_MinorityInterestsInIncome" xlink:role="http://www.xbrl.org/2009/role/deprecatedLabel" xml:lang="en" id="label_MinorityInterestsInIncome">Amendment dated 2014-03-28 of Regulation for Terminology, Forms and Preparation of Financial Statements, etc.</link:label>
    <link:labelArc xlink:type="arc" xlink:arcrole="http://www.xbrl.org/2003/arcrole/concept-label" xlink:from="MinorityInterestsInIncome" xlink:to="label_MinorityInterestsInIncome"/>
    <link:label xlink:type="resource" xlink:label="label_MinorityInterestsInIncome_2" xlink:role="http://www.xbrl.org/2009/role/deprecatedDateLabel" xml:lang="en" id="label_MinorityInterestsInIncome_2">2014-03-28</link:label>
    <link:labelArc xlink:type="arc" xlink:arcrole="http://www.xbrl.org/2003/arcrole/concept-label" xlink:from="MinorityInterestsInIncome" xlink:to="label_MinorityInterestsInIncome_2"/>
    <link:loc xlink:type="locator" xlink:href="jppfs_dep_2018-03-31.xsd#jppfs_cor_MinorityInterestsInIncomeCI" xlink:label="MinorityInterestsInIncomeCI"/>
    <link:label xlink:type="resource" xlink:label="label_MinorityInterestsInIncomeCI" xlink:role="http://www.xbrl.org/2009/role/deprecatedLabel" xml:lang="en" id="label_MinorityInterestsInIncomeCI">Amendment dated 2014-03-28 of Regulation for Terminology, Forms and Preparation of Financial Statements, etc.</link:label>
    <link:labelArc xlink:type="arc" xlink:arcrole="http://www.xbrl.org/2003/arcrole/concept-label" xlink:from="MinorityInterestsInIncomeCI" xlink:to="label_MinorityInterestsInIncomeCI"/>
    <link:label xlink:type="resource" xlink:label="label_MinorityInterestsInIncomeCI_2" xlink:role="http://www.xbrl.org/2009/role/deprecatedDateLabel" xml:lang="en" id="label_MinorityInterestsInIncomeCI_2">2014-03-28</link:label>
    <link:labelArc xlink:type="arc" xlink:arcrole="http://www.xbrl.org/2003/arcrole/concept-label" xlink:from="MinorityInterestsInIncomeCI" xlink:to="label_MinorityInterestsInIncomeCI_2"/>
    <link:loc xlink:type="locator" xlink:href="jppfs_dep_2018-03-31.xsd#jppfs_cor_NetIncome" xlink:label="NetIncome"/>
    <link:label xlink:type="resource" xlink:label="label_NetIncome" xlink:role="http://www.xbrl.org/2009/role/deprecatedLabel" xml:lang="en" id="label_NetIncome">Amendment dated 2014-03-28 of Regulation for Terminology, Forms and Preparation of Financial Statements, etc.</link:label>
    <link:labelArc xlink:type="arc" xlink:arcrole="http://www.xbrl.org/2003/arcrole/concept-label" xlink:from="NetIncome" xlink:to="label_NetIncome"/>
    <link:label xlink:type="resource" xlink:label="label_NetIncome_2" xlink:role="http://www.xbrl.org/2009/role/deprecatedDateLabel" xml:lang="en" id="label_NetIncome_2">2014-03-28</link:label>
    <link:labelArc xlink:type="arc" xlink:arcrole="http://www.xbrl.org/2003/arcrole/concept-label" xlink:from="NetIncome" xlink:to="label_NetIncome_2"/>
    <link:loc xlink:type="locator" xlink:href="jppfs_dep_2018-03-31.xsd#jppfs_cor_ComprehensiveIncomeAttributableToMinorityInterests" xlink:label="ComprehensiveIncomeAttributableToMinorityInterests"/>
    <link:label xlink:type="resource" xlink:label="label_ComprehensiveIncomeAttributableToMinorityInterests" xlink:role="http://www.xbrl.org/2009/role/deprecatedLabel" xml:lang="en" id="label_ComprehensiveIncomeAttributableToMinorityInterests">Amendment dated 2014-03-28 of Regulation for Terminology, Forms and Preparation of Financial Statements, etc.</link:label>
    <link:labelArc xlink:type="arc" xlink:arcrole="http://www.xbrl.org/2003/arcrole/concept-label" xlink:from="ComprehensiveIncomeAttributableToMinorityInterests" xlink:to="label_ComprehensiveIncomeAttributableToMinorityInterests"/>
    <link:label xlink:type="resource" xlink:label="label_ComprehensiveIncomeAttributableToMinorityInterests_2" xlink:role="http://www.xbrl.org/2009/role/deprecatedDateLabel" xml:lang="en" id="label_ComprehensiveIncomeAttributableToMinorityInterests_2">2014-03-28</link:label>
    <link:labelArc xlink:type="arc" xlink:arcrole="http://www.xbrl.org/2003/arcrole/concept-label" xlink:from="ComprehensiveIncomeAttributableToMinorityInterests" xlink:to="label_ComprehensiveIncomeAttributableToMinorityInterests_2"/>
    <link:loc xlink:type="locator" xlink:href="jppfs_dep_2018-03-31.xsd#jppfs_cor_MinorityInterestsMember" xlink:label="MinorityInterestsMember"/>
    <link:label xlink:type="resource" xlink:label="label_MinorityInterestsMember" xlink:role="http://www.xbrl.org/2009/role/deprecatedLabel" xml:lang="en" id="label_MinorityInterestsMember">Amendment dated 2014-03-28 of Regulation for Terminology, Forms and Preparation of Financial Statements, etc.</link:label>
    <link:labelArc xlink:type="arc" xlink:arcrole="http://www.xbrl.org/2003/arcrole/concept-label" xlink:from="MinorityInterestsMember" xlink:to="label_MinorityInterestsMember"/>
    <link:label xlink:type="resource" xlink:label="label_MinorityInterestsMember_2" xlink:role="http://www.xbrl.org/2009/role/deprecatedDateLabel" xml:lang="en" id="label_MinorityInterestsMember_2">2014-03-28</link:label>
    <link:labelArc xlink:type="arc" xlink:arcrole="http://www.xbrl.org/2003/arcrole/concept-label" xlink:from="MinorityInterestsMember" xlink:to="label_MinorityInterestsMember_2"/>
    <link:loc xlink:type="locator" xlink:href="jppfs_dep_2018-03-31.xsd#jppfs_cor_DecreaseOfConsolidatedSubsidiariesminorityInterests" xlink:label="DecreaseOfConsolidatedSubsidiariesminorityInterests"/>
    <link:label xlink:type="resource" xlink:label="label_DecreaseOfConsolidatedSubsidiariesminorityInterests" xlink:role="http://www.xbrl.org/2009/role/deprecatedLabel" xml:lang="en" id="label_DecreaseOfConsolidatedSubsidiariesminorityInterests">Amendment dated 2014-03-28 of Regulation for Terminology, Forms and Preparation of Financial Statements, etc.</link:label>
    <link:labelArc xlink:type="arc" xlink:arcrole="http://www.xbrl.org/2003/arcrole/concept-label" xlink:from="DecreaseOfConsolidatedSubsidiariesminorityInterests" xlink:to="label_DecreaseOfConsolidatedSubsidiariesminorityInterests"/>
    <link:label xlink:type="resource" xlink:label="label_DecreaseOfConsolidatedSubsidiariesminorityInterests_2" xlink:role="http://www.xbrl.org/2009/role/deprecatedDateLabel" xml:lang="en" id="label_DecreaseOfConsolidatedSubsidiariesminorityInterests_2">2014-03-28</link:label>
    <link:labelArc xlink:type="arc" xlink:arcrole="http://www.xbrl.org/2003/arcrole/concept-label" xlink:from="DecreaseOfConsolidatedSubsidiariesminorityInterests" xlink:to="label_DecreaseOfConsolidatedSubsidiariesminorityInterests_2"/>
    <link:loc xlink:type="locator" xlink:href="jppfs_dep_2018-03-31.xsd#jppfs_cor_IncreaseOfConsolidatedSubsidiariesminorityInterests" xlink:label="IncreaseOfConsolidatedSubsidiariesminorityInterests"/>
    <link:label xlink:type="resource" xlink:label="label_IncreaseOfConsolidatedSubsidiariesminorityInterests" xlink:role="http://www.xbrl.org/2009/role/deprecatedLabel" xml:lang="en" id="label_IncreaseOfConsolidatedSubsidiariesminorityInterests">Amendment dated 2014-03-28 of Regulation for Terminology, Forms and Preparation of Financial Statements, etc.</link:label>
    <link:labelArc xlink:type="arc" xlink:arcrole="http://www.xbrl.org/2003/arcrole/concept-label" xlink:from="IncreaseOfConsolidatedSubsidiariesminorityInterests" xlink:to="label_IncreaseOfConsolidatedSubsidiariesminorityInterests"/>
    <link:label xlink:type="resource" xlink:label="label_IncreaseOfConsolidatedSubsidiariesminorityInterests_2" xlink:role="http://www.xbrl.org/2009/role/deprecatedDateLabel" xml:lang="en" id="label_IncreaseOfConsolidatedSubsidiariesminorityInterests_2">2014-03-28</link:label>
    <link:labelArc xlink:type="arc" xlink:arcrole="http://www.xbrl.org/2003/arcrole/concept-label" xlink:from="IncreaseOfConsolidatedSubsidiariesminorityInterests" xlink:to="label_IncreaseOfConsolidatedSubsidiariesminorityInterests_2"/>
    <link:loc xlink:type="locator" xlink:href="jppfs_dep_2018-03-31.xsd#jppfs_cor_CashDividendsPaidToMinorityShareholdersFinCF" xlink:label="CashDividendsPaidToMinorityShareholdersFinCF"/>
    <link:label xlink:type="resource" xlink:label="label_CashDividendsPaidToMinorityShareholdersFinCF" xlink:role="http://www.xbrl.org/2009/role/deprecatedLabel" xml:lang="en" id="label_CashDividendsPaidToMinorityShareholdersFinCF">Amendment dated 2014-03-28 of Regulation for Terminology, Forms and Preparation of Financial Statements, etc.</link:label>
    <link:labelArc xlink:type="arc" xlink:arcrole="http://www.xbrl.org/2003/arcrole/concept-label" xlink:from="CashDividendsPaidToMinorityShareholdersFinCF" xlink:to="label_CashDividendsPaidToMinorityShareholdersFinCF"/>
    <link:label xlink:type="resource" xlink:label="label_CashDividendsPaidToMinorityShareholdersFinCF_2" xlink:role="http://www.xbrl.org/2009/role/deprecatedDateLabel" xml:lang="en" id="label_CashDividendsPaidToMinorityShareholdersFinCF_2">2014-03-28</link:label>
    <link:labelArc xlink:type="arc" xlink:arcrole="http://www.xbrl.org/2003/arcrole/concept-label" xlink:from="CashDividendsPaidToMinorityShareholdersFinCF" xlink:to="label_CashDividendsPaidToMinorityShareholdersFinCF_2"/>
    <link:loc xlink:type="locator" xlink:href="jppfs_dep_2018-03-31.xsd#jppfs_cor_RepaymentsToMinorityShareholdersFinCF" xlink:label="RepaymentsToMinorityShareholdersFinCF"/>
    <link:label xlink:type="resource" xlink:label="label_RepaymentsToMinorityShareholdersFinCF" xlink:role="http://www.xbrl.org/2009/role/deprecatedLabel" xml:lang="en" id="label_RepaymentsToMinorityShareholdersFinCF">Amendment dated 2014-03-28 of Regulation for Terminology, Forms and Preparation of Financial Statements, etc.</link:label>
    <link:labelArc xlink:type="arc" xlink:arcrole="http://www.xbrl.org/2003/arcrole/concept-label" xlink:from="RepaymentsToMinorityShareholdersFinCF" xlink:to="label_RepaymentsToMinorityShareholdersFinCF"/>
    <link:label xlink:type="resource" xlink:label="label_RepaymentsToMinorityShareholdersFinCF_2" xlink:role="http://www.xbrl.org/2009/role/deprecatedDateLabel" xml:lang="en" id="label_RepaymentsToMinorityShareholdersFinCF_2">2014-03-28</link:label>
    <link:labelArc xlink:type="arc" xlink:arcrole="http://www.xbrl.org/2003/arcrole/concept-label" xlink:from="RepaymentsToMinorityShareholdersFinCF" xlink:to="label_RepaymentsToMinorityShareholdersFinCF_2"/>
    <link:loc xlink:type="locator" xlink:href="jppfs_dep_2018-03-31.xsd#jppfs_cor_ProceedsFromStockIssuanceToMinorityShareholdersFinCF" xlink:label="ProceedsFromStockIssuanceToMinorityShareholdersFinCF"/>
    <link:label xlink:type="resource" xlink:label="label_ProceedsFromStockIssuanceToMinorityShareholdersFinCF" xlink:role="http://www.xbrl.org/2009/role/deprecatedLabel" xml:lang="en" id="label_ProceedsFromStockIssuanceToMinorityShareholdersFinCF">Amendment dated 2014-03-28 of Regulation for Terminology, Forms and Preparation of Financial Statements, etc.</link:label>
    <link:labelArc xlink:type="arc" xlink:arcrole="http://www.xbrl.org/2003/arcrole/concept-label" xlink:from="ProceedsFromStockIssuanceToMinorityShareholdersFinCF" xlink:to="label_ProceedsFromStockIssuanceToMinorityShareholdersFinCF"/>
    <link:label xlink:type="resource" xlink:label="label_ProceedsFromStockIssuanceToMinorityShareholdersFinCF_2" xlink:role="http://www.xbrl.org/2009/role/deprecatedDateLabel" xml:lang="en" id="label_ProceedsFromStockIssuanceToMinorityShareholdersFinCF_2">2014-03-28</link:label>
    <link:labelArc xlink:type="arc" xlink:arcrole="http://www.xbrl.org/2003/arcrole/concept-label" xlink:from="ProceedsFromStockIssuanceToMinorityShareholdersFinCF" xlink:to="label_ProceedsFromStockIssuanceToMinorityShareholdersFinCF_2"/>
    <link:loc xlink:type="locator" xlink:href="jppfs_dep_2018-03-31.xsd#jppfs_cor_CapitalSurplusNetINV" xlink:label="CapitalSurplusNetINV"/>
    <link:label xlink:type="resource" xlink:label="label_CapitalSurplusNetINV" xlink:role="http://www.xbrl.org/2009/role/deprecatedLabel" xml:lang="en" id="label_CapitalSurplusNetINV">Amendment to elements related to capital surplus</link:label>
    <link:labelArc xlink:type="arc" xlink:arcrole="http://www.xbrl.org/2003/arcrole/concept-label" xlink:from="CapitalSurplusNetINV" xlink:to="label_CapitalSurplusNetINV"/>
    <link:label xlink:type="resource" xlink:label="label_CapitalSurplusNetINV_2" xlink:role="http://www.xbrl.org/2009/role/deprecatedDateLabel" xml:lang="en" id="label_CapitalSurplusNetINV_2">2017-11-30</link:label>
    <link:labelArc xlink:type="arc" xlink:arcrole="http://www.xbrl.org/2003/arcrole/concept-label" xlink:from="CapitalSurplusNetINV" xlink:to="label_CapitalSurplusNetINV_2"/>
    <link:loc xlink:type="locator" xlink:href="jppfs_dep_2018-03-31.xsd#jppfs_cor_ProvisionForConversionOfHeatingValueOfSuppliedGasProvisionGAS" xlink:label="ProvisionForConversionOfHeatingValueOfSuppliedGasProvisionGAS"/>
    <link:label xlink:type="resource" xlink:label="label_ProvisionForConversionOfHeatingValueOfSuppliedGasProvisionGAS" xlink:role="http://www.xbrl.org/2009/role/deprecatedLabel" xml:lang="en" id="label_ProvisionForConversionOfHeatingValueOfSuppliedGasProvisionGAS">Amendment to Ordinance on Gas Business Accounting</link:label>
    <link:labelArc xlink:type="arc" xlink:arcrole="http://www.xbrl.org/2003/arcrole/concept-label" xlink:from="ProvisionForConversionOfHeatingValueOfSuppliedGasProvisionGAS" xlink:to="label_ProvisionForConversionOfHeatingValueOfSuppliedGasProvisionGAS"/>
    <link:label xlink:type="resource" xlink:label="label_ProvisionForConversionOfHeatingValueOfSuppliedGasProvisionGAS_2" xlink:role="http://www.xbrl.org/2009/role/deprecatedDateLabel" xml:lang="en" id="label_ProvisionForConversionOfHeatingValueOfSuppliedGasProvisionGAS_2">2017-03-28</link:label>
    <link:labelArc xlink:type="arc" xlink:arcrole="http://www.xbrl.org/2003/arcrole/concept-label" xlink:from="ProvisionForConversionOfHeatingValueOfSuppliedGasProvisionGAS" xlink:to="label_ProvisionForConversionOfHeatingValueOfSuppliedGasProvisionGAS_2"/>
    <link:loc xlink:type="locator" xlink:href="jppfs_dep_2018-03-31.xsd#jppfs_cor_ReversalOfProvisionForConversionOfHeatingValueOfSuppliedGasEIGAS" xlink:label="ReversalOfProvisionForConversionOfHeatingValueOfSuppliedGasEIGAS"/>
    <link:label xlink:type="resource" xlink:label="label_ReversalOfProvisionForConversionOfHeatingValueOfSuppliedGasEIGAS" xlink:role="http://www.xbrl.org/2009/role/deprecatedLabel" xml:lang="en" id="label_ReversalOfProvisionForConversionOfHeatingValueOfSuppliedGasEIGAS">Amendment to Ordinance on Gas Business Accounting</link:label>
    <link:labelArc xlink:type="arc" xlink:arcrole="http://www.xbrl.org/2003/arcrole/concept-label" xlink:from="ReversalOfProvisionForConversionOfHeatingValueOfSuppliedGasEIGAS" xlink:to="label_ReversalOfProvisionForConversionOfHeatingValueOfSuppliedGasEIGAS"/>
    <link:label xlink:type="resource" xlink:label="label_ReversalOfProvisionForConversionOfHeatingValueOfSuppliedGasEIGAS_2" xlink:role="http://www.xbrl.org/2009/role/deprecatedDateLabel" xml:lang="en" id="label_ReversalOfProvisionForConversionOfHeatingValueOfSuppliedGasEIGAS_2">2017-03-28</link:label>
    <link:labelArc xlink:type="arc" xlink:arcrole="http://www.xbrl.org/2003/arcrole/concept-label" xlink:from="ReversalOfProvisionForConversionOfHeatingValueOfSuppliedGasEIGAS" xlink:to="label_ReversalOfProvisionForConversionOfHeatingValueOfSuppliedGasEIGAS_2"/>
    <link:loc xlink:type="locator" xlink:href="jppfs_dep_2018-03-31.xsd#jppfs_cor_ProvisionForConversionOfHeatingValueOfSuppliedGasELGAS" xlink:label="ProvisionForConversionOfHeatingValueOfSuppliedGasELGAS"/>
    <link:label xlink:type="resource" xlink:label="label_ProvisionForConversionOfHeatingValueOfSuppliedGasELGAS" xlink:role="http://www.xbrl.org/2009/role/deprecatedLabel" xml:lang="en" id="label_ProvisionForConversionOfHeatingValueOfSuppliedGasELGAS">Amendment to Ordinance on Gas Business Accounting</link:label>
    <link:labelArc xlink:type="arc" xlink:arcrole="http://www.xbrl.org/2003/arcrole/concept-label" xlink:from="ProvisionForConversionOfHeatingValueOfSuppliedGasELGAS" xlink:to="label_ProvisionForConversionOfHeatingValueOfSuppliedGasELGAS"/>
    <link:label xlink:type="resource" xlink:label="label_ProvisionForConversionOfHeatingValueOfSuppliedGasELGAS_2" xlink:role="http://www.xbrl.org/2009/role/deprecatedDateLabel" xml:lang="en" id="label_ProvisionForConversionOfHeatingValueOfSuppliedGasELGAS_2">2017-03-28</link:label>
    <link:labelArc xlink:type="arc" xlink:arcrole="http://www.xbrl.org/2003/arcrole/concept-label" xlink:from="ProvisionForConversionOfHeatingValueOfSuppliedGasELGAS" xlink:to="label_ProvisionForConversionOfHeatingValueOfSuppliedGasELGAS_2"/>
  </link:labelLink>
</link:linkbase>
