<?xml version="1.0" encoding="UTF-8"?>
<!--  (c) Financial Services Agency, The Japanese Government.
      All Rights Reserved.
      For intellectual property policy and authorized uses of EDINET Taxonomy,
      refer to “EDINET Taxonomy Legal Statement” at http://www.fsa.go.jp/search/EDINET_Taxonomy_Legal_Statement.html
-->
<link:linkbase xmlns:link="http://www.xbrl.org/2003/linkbase" xmlns:xsi="http://www.w3.org/2001/XMLSchema-instance" xmlns:xbrldt="http://xbrl.org/2005/xbrldt" xmlns:xlink="http://www.w3.org/1999/xlink" xmlns:xbrli="http://www.xbrl.org/2003/instance">
  <link:roleRef roleURI="http://disclosure.edinet-fsa.go.jp/role/jpigp/rol_std_ConsolidatedStatementOfChangesInEquityIFRS" xlink:type="simple" xlink:href="../jpigp_rt_2025-08-01.xsd#rol_std_ConsolidatedStatementOfChangesInEquityIFRS"/>
  <link:arcroleRef arcroleURI="http://xbrl.org/int/dim/arcrole/all" xlink:type="simple" xlink:href="http://www.xbrl.org/2005/xbrldt-2005.xsd#all"/>
  <link:arcroleRef arcroleURI="http://xbrl.org/int/dim/arcrole/dimension-default" xlink:type="simple" xlink:href="http://www.xbrl.org/2005/xbrldt-2005.xsd#dimension-default"/>
  <link:arcroleRef arcroleURI="http://xbrl.org/int/dim/arcrole/dimension-domain" xlink:type="simple" xlink:href="http://www.xbrl.org/2005/xbrldt-2005.xsd#dimension-domain"/>
  <link:arcroleRef arcroleURI="http://xbrl.org/int/dim/arcrole/domain-member" xlink:type="simple" xlink:href="http://www.xbrl.org/2005/xbrldt-2005.xsd#domain-member"/>
  <link:arcroleRef arcroleURI="http://xbrl.org/int/dim/arcrole/hypercube-dimension" xlink:type="simple" xlink:href="http://www.xbrl.org/2005/xbrldt-2005.xsd#hypercube-dimension"/>
  <link:definitionLink xlink:type="extended" xlink:role="http://disclosure.edinet-fsa.go.jp/role/jpigp/rol_std_ConsolidatedStatementOfChangesInEquityIFRS">
    <link:loc xlink:type="locator" xlink:href="../../../jppfs/2025-08-01/jppfs_cor_2025-08-01.xsd#jppfs_cor_ConsolidatedOrNonConsolidatedAxis" xlink:label="ConsolidatedOrNonConsolidatedAxis"/>
    <link:loc xlink:type="locator" xlink:href="../../../jppfs/2025-08-01/jppfs_cor_2025-08-01.xsd#jppfs_cor_ConsolidatedMember" xlink:label="ConsolidatedMember"/>
    <link:definitionArc xlink:type="arc" xlink:arcrole="http://xbrl.org/int/dim/arcrole/dimension-domain" xlink:from="ConsolidatedOrNonConsolidatedAxis" xlink:to="ConsolidatedMember" order="1.0"/>
    <link:loc xlink:type="locator" xlink:href="../../../jppfs/2025-08-01/jppfs_cor_2025-08-01.xsd#jppfs_cor_ConsolidatedMember" xlink:label="ConsolidatedMember_2"/>
    <link:definitionArc xlink:type="arc" xlink:arcrole="http://xbrl.org/int/dim/arcrole/dimension-default" xlink:from="ConsolidatedOrNonConsolidatedAxis" xlink:to="ConsolidatedMember_2" order="1.0"/>
    <link:loc xlink:type="locator" xlink:href="../jpigp_cor_2025-08-01.xsd#jpigp_cor_StatementOfChangesInEquityIFRSTable" xlink:label="StatementOfChangesInEquityIFRSTable"/>
    <link:definitionArc xlink:type="arc" xlink:arcrole="http://xbrl.org/int/dim/arcrole/hypercube-dimension" xlink:from="StatementOfChangesInEquityIFRSTable" xlink:to="ConsolidatedOrNonConsolidatedAxis" order="1.0"/>
    <link:loc xlink:type="locator" xlink:href="../jpigp_cor_2025-08-01.xsd#jpigp_cor_ComponentsOfEquityIFRSAxis" xlink:label="ComponentsOfEquityIFRSAxis"/>
    <link:definitionArc xlink:type="arc" xlink:arcrole="http://xbrl.org/int/dim/arcrole/hypercube-dimension" xlink:from="StatementOfChangesInEquityIFRSTable" xlink:to="ComponentsOfEquityIFRSAxis" order="2.0"/>
    <link:loc xlink:type="locator" xlink:href="../jpigp_cor_2025-08-01.xsd#jpigp_cor_EquityIFRSMember" xlink:label="EquityIFRSMember"/>
    <link:definitionArc xlink:type="arc" xlink:arcrole="http://xbrl.org/int/dim/arcrole/dimension-domain" xlink:from="ComponentsOfEquityIFRSAxis" xlink:to="EquityIFRSMember" order="1.0"/>
    <link:loc xlink:type="locator" xlink:href="../jpigp_cor_2025-08-01.xsd#jpigp_cor_EquityIFRSMember" xlink:label="EquityIFRSMember_2"/>
    <link:definitionArc xlink:type="arc" xlink:arcrole="http://xbrl.org/int/dim/arcrole/dimension-default" xlink:from="ComponentsOfEquityIFRSAxis" xlink:to="EquityIFRSMember_2" order="1.0"/>
    <link:loc xlink:type="locator" xlink:href="../jpigp_cor_2025-08-01.xsd#jpigp_cor_EquityAttributableToOwnersOfParentIFRSMember" xlink:label="EquityAttributableToOwnersOfParentIFRSMember"/>
    <link:definitionArc xlink:type="arc" xlink:arcrole="http://xbrl.org/int/dim/arcrole/domain-member" xlink:from="EquityIFRSMember" xlink:to="EquityAttributableToOwnersOfParentIFRSMember" order="1.0"/>
    <link:loc xlink:type="locator" xlink:href="../jpigp_cor_2025-08-01.xsd#jpigp_cor_ShareCapitalIFRSMember" xlink:label="ShareCapitalIFRSMember"/>
    <link:definitionArc xlink:type="arc" xlink:arcrole="http://xbrl.org/int/dim/arcrole/domain-member" xlink:from="EquityAttributableToOwnersOfParentIFRSMember" xlink:to="ShareCapitalIFRSMember" order="1.0"/>
    <link:loc xlink:type="locator" xlink:href="../jpigp_cor_2025-08-01.xsd#jpigp_cor_CapitalSurplusIFRSMember" xlink:label="CapitalSurplusIFRSMember"/>
    <link:definitionArc xlink:type="arc" xlink:arcrole="http://xbrl.org/int/dim/arcrole/domain-member" xlink:from="EquityAttributableToOwnersOfParentIFRSMember" xlink:to="CapitalSurplusIFRSMember" order="2.0"/>
    <link:loc xlink:type="locator" xlink:href="../jpigp_cor_2025-08-01.xsd#jpigp_cor_RetainedEarningsIFRSMember" xlink:label="RetainedEarningsIFRSMember"/>
    <link:definitionArc xlink:type="arc" xlink:arcrole="http://xbrl.org/int/dim/arcrole/domain-member" xlink:from="EquityAttributableToOwnersOfParentIFRSMember" xlink:to="RetainedEarningsIFRSMember" order="3.0"/>
    <link:loc xlink:type="locator" xlink:href="../jpigp_cor_2025-08-01.xsd#jpigp_cor_TreasurySharesIFRSMember" xlink:label="TreasurySharesIFRSMember"/>
    <link:definitionArc xlink:type="arc" xlink:arcrole="http://xbrl.org/int/dim/arcrole/domain-member" xlink:from="EquityAttributableToOwnersOfParentIFRSMember" xlink:to="TreasurySharesIFRSMember" order="4.0"/>
    <link:loc xlink:type="locator" xlink:href="../jpigp_cor_2025-08-01.xsd#jpigp_cor_OtherComponentsOfEquityIFRSMember" xlink:label="OtherComponentsOfEquityIFRSMember"/>
    <link:definitionArc xlink:type="arc" xlink:arcrole="http://xbrl.org/int/dim/arcrole/domain-member" xlink:from="EquityAttributableToOwnersOfParentIFRSMember" xlink:to="OtherComponentsOfEquityIFRSMember" order="5.0"/>
    <link:loc xlink:type="locator" xlink:href="../jpigp_cor_2025-08-01.xsd#jpigp_cor_RemeasurementsOfDefinedBenefitPlansIFRSMember" xlink:label="RemeasurementsOfDefinedBenefitPlansIFRSMember"/>
    <link:definitionArc xlink:type="arc" xlink:arcrole="http://xbrl.org/int/dim/arcrole/domain-member" xlink:from="OtherComponentsOfEquityIFRSMember" xlink:to="RemeasurementsOfDefinedBenefitPlansIFRSMember" order="1.0"/>
    <link:loc xlink:type="locator" xlink:href="../jpigp_cor_2025-08-01.xsd#jpigp_cor_NetChangeInFairValueOfEquityInstrumentsDesignatedAsMeasuredAtFairValueThroughOtherComprehensiveIncomeIFRSMember" xlink:label="NetChangeInFairValueOfEquityInstrumentsDesignatedAsMeasuredAtFairValueThroughOtherComprehensiveIncomeIFRSMember"/>
    <link:definitionArc xlink:type="arc" xlink:arcrole="http://xbrl.org/int/dim/arcrole/domain-member" xlink:from="OtherComponentsOfEquityIFRSMember" xlink:to="NetChangeInFairValueOfEquityInstrumentsDesignatedAsMeasuredAtFairValueThroughOtherComprehensiveIncomeIFRSMember" order="2.0"/>
    <link:loc xlink:type="locator" xlink:href="../jpigp_cor_2025-08-01.xsd#jpigp_cor_ShareOfOtherComprehensiveIncomeOfInvestmentsAccountedForUsingEquityMethodIFRSMember" xlink:label="ShareOfOtherComprehensiveIncomeOfInvestmentsAccountedForUsingEquityMethodIFRSMember"/>
    <link:definitionArc xlink:type="arc" xlink:arcrole="http://xbrl.org/int/dim/arcrole/domain-member" xlink:from="OtherComponentsOfEquityIFRSMember" xlink:to="ShareOfOtherComprehensiveIncomeOfInvestmentsAccountedForUsingEquityMethodIFRSMember" order="3.0"/>
    <link:loc xlink:type="locator" xlink:href="../jpigp_cor_2025-08-01.xsd#jpigp_cor_ExchangeDifferencesOnTranslationOfForeignOperationsIFRSMember" xlink:label="ExchangeDifferencesOnTranslationOfForeignOperationsIFRSMember"/>
    <link:definitionArc xlink:type="arc" xlink:arcrole="http://xbrl.org/int/dim/arcrole/domain-member" xlink:from="OtherComponentsOfEquityIFRSMember" xlink:to="ExchangeDifferencesOnTranslationOfForeignOperationsIFRSMember" order="4.0"/>
    <link:loc xlink:type="locator" xlink:href="../jpigp_cor_2025-08-01.xsd#jpigp_cor_EffectivePortionOfCashFlowHedgesIFRSMember" xlink:label="EffectivePortionOfCashFlowHedgesIFRSMember"/>
    <link:definitionArc xlink:type="arc" xlink:arcrole="http://xbrl.org/int/dim/arcrole/domain-member" xlink:from="OtherComponentsOfEquityIFRSMember" xlink:to="EffectivePortionOfCashFlowHedgesIFRSMember" order="5.0"/>
    <link:loc xlink:type="locator" xlink:href="../jpigp_cor_2025-08-01.xsd#jpigp_cor_NonControllingInterestsIFRSMember" xlink:label="NonControllingInterestsIFRSMember"/>
    <link:definitionArc xlink:type="arc" xlink:arcrole="http://xbrl.org/int/dim/arcrole/domain-member" xlink:from="EquityIFRSMember" xlink:to="NonControllingInterestsIFRSMember" order="2.0"/>
    <link:loc xlink:type="locator" xlink:href="../jpigp_cor_2025-08-01.xsd#jpigp_cor_StatementOfChangesInEquityIFRSLineItems" xlink:label="StatementOfChangesInEquityIFRSLineItems"/>
    <link:loc xlink:type="locator" xlink:href="../jpigp_cor_2025-08-01.xsd#jpigp_cor_EquityIFRS" xlink:label="EquityIFRS"/>
    <link:definitionArc xlink:type="arc" xlink:arcrole="http://xbrl.org/int/dim/arcrole/domain-member" xlink:from="StatementOfChangesInEquityIFRSLineItems" xlink:to="EquityIFRS" order="1.0"/>
    <link:loc xlink:type="locator" xlink:href="../jpigp_cor_2025-08-01.xsd#jpigp_cor_ComprehensiveIncomeIFRSAbstract" xlink:label="ComprehensiveIncomeIFRSAbstract"/>
    <link:definitionArc xlink:type="arc" xlink:arcrole="http://xbrl.org/int/dim/arcrole/domain-member" xlink:from="StatementOfChangesInEquityIFRSLineItems" xlink:to="ComprehensiveIncomeIFRSAbstract" order="2.0"/>
    <link:loc xlink:type="locator" xlink:href="../jpigp_cor_2025-08-01.xsd#jpigp_cor_ProfitLossIFRS" xlink:label="ProfitLossIFRS"/>
    <link:definitionArc xlink:type="arc" xlink:arcrole="http://xbrl.org/int/dim/arcrole/domain-member" xlink:from="ComprehensiveIncomeIFRSAbstract" xlink:to="ProfitLossIFRS" order="1.0"/>
    <link:loc xlink:type="locator" xlink:href="../jpigp_cor_2025-08-01.xsd#jpigp_cor_OtherComprehensiveIncomeIFRS" xlink:label="OtherComprehensiveIncomeIFRS"/>
    <link:definitionArc xlink:type="arc" xlink:arcrole="http://xbrl.org/int/dim/arcrole/domain-member" xlink:from="ComprehensiveIncomeIFRSAbstract" xlink:to="OtherComprehensiveIncomeIFRS" order="2.0"/>
    <link:loc xlink:type="locator" xlink:href="../jpigp_cor_2025-08-01.xsd#jpigp_cor_ComprehensiveIncomeIFRS" xlink:label="ComprehensiveIncomeIFRS"/>
    <link:definitionArc xlink:type="arc" xlink:arcrole="http://xbrl.org/int/dim/arcrole/domain-member" xlink:from="ComprehensiveIncomeIFRSAbstract" xlink:to="ComprehensiveIncomeIFRS" order="3.0"/>
    <link:loc xlink:type="locator" xlink:href="../jpigp_cor_2025-08-01.xsd#jpigp_cor_TransactionsWithOwnersIFRSAbstract" xlink:label="TransactionsWithOwnersIFRSAbstract"/>
    <link:definitionArc xlink:type="arc" xlink:arcrole="http://xbrl.org/int/dim/arcrole/domain-member" xlink:from="StatementOfChangesInEquityIFRSLineItems" xlink:to="TransactionsWithOwnersIFRSAbstract" order="3.0"/>
    <link:loc xlink:type="locator" xlink:href="../jpigp_cor_2025-08-01.xsd#jpigp_cor_IssuanceOfNewSharesSSIFRS" xlink:label="IssuanceOfNewSharesSSIFRS"/>
    <link:definitionArc xlink:type="arc" xlink:arcrole="http://xbrl.org/int/dim/arcrole/domain-member" xlink:from="TransactionsWithOwnersIFRSAbstract" xlink:to="IssuanceOfNewSharesSSIFRS" order="1.0"/>
    <link:loc xlink:type="locator" xlink:href="../jpigp_cor_2025-08-01.xsd#jpigp_cor_PurchaseOfTreasurySharesSSIFRS" xlink:label="PurchaseOfTreasurySharesSSIFRS"/>
    <link:definitionArc xlink:type="arc" xlink:arcrole="http://xbrl.org/int/dim/arcrole/domain-member" xlink:from="TransactionsWithOwnersIFRSAbstract" xlink:to="PurchaseOfTreasurySharesSSIFRS" order="2.0"/>
    <link:loc xlink:type="locator" xlink:href="../jpigp_cor_2025-08-01.xsd#jpigp_cor_DividendsSSIFRS" xlink:label="DividendsSSIFRS"/>
    <link:definitionArc xlink:type="arc" xlink:arcrole="http://xbrl.org/int/dim/arcrole/domain-member" xlink:from="TransactionsWithOwnersIFRSAbstract" xlink:to="DividendsSSIFRS" order="3.0"/>
    <link:loc xlink:type="locator" xlink:href="../jpigp_cor_2025-08-01.xsd#jpigp_cor_ShareBasedPaymentTransactionsSSIFRS" xlink:label="ShareBasedPaymentTransactionsSSIFRS"/>
    <link:definitionArc xlink:type="arc" xlink:arcrole="http://xbrl.org/int/dim/arcrole/domain-member" xlink:from="TransactionsWithOwnersIFRSAbstract" xlink:to="ShareBasedPaymentTransactionsSSIFRS" order="4.0"/>
    <link:loc xlink:type="locator" xlink:href="../jpigp_cor_2025-08-01.xsd#jpigp_cor_OtherSSIFRS" xlink:label="OtherSSIFRS"/>
    <link:definitionArc xlink:type="arc" xlink:arcrole="http://xbrl.org/int/dim/arcrole/domain-member" xlink:from="TransactionsWithOwnersIFRSAbstract" xlink:to="OtherSSIFRS" order="5.0"/>
    <link:loc xlink:type="locator" xlink:href="../jpigp_cor_2025-08-01.xsd#jpigp_cor_TotalTransactionsWithOwnersIFRS" xlink:label="TotalTransactionsWithOwnersIFRS"/>
    <link:definitionArc xlink:type="arc" xlink:arcrole="http://xbrl.org/int/dim/arcrole/domain-member" xlink:from="TransactionsWithOwnersIFRSAbstract" xlink:to="TotalTransactionsWithOwnersIFRS" order="6.0"/>
    <link:loc xlink:type="locator" xlink:href="../jpigp_cor_2025-08-01.xsd#jpigp_cor_TotalChangesInEquityIFRS" xlink:label="TotalChangesInEquityIFRS"/>
    <link:definitionArc xlink:type="arc" xlink:arcrole="http://xbrl.org/int/dim/arcrole/domain-member" xlink:from="StatementOfChangesInEquityIFRSLineItems" xlink:to="TotalChangesInEquityIFRS" order="4.0"/>
    <link:loc xlink:type="locator" xlink:href="../jpigp_cor_2025-08-01.xsd#jpigp_cor_ConsolidatedStatementOfChangesInEquityIFRSHeading" xlink:label="ConsolidatedStatementOfChangesInEquityIFRSHeading"/>
    <link:definitionArc xlink:type="arc" xlink:arcrole="http://xbrl.org/int/dim/arcrole/all" xlink:from="ConsolidatedStatementOfChangesInEquityIFRSHeading" xlink:to="StatementOfChangesInEquityIFRSTable" order="1.0" xbrldt:contextElement="scenario" xbrldt:closed="true"/>
    <link:definitionArc xlink:type="arc" xlink:arcrole="http://xbrl.org/int/dim/arcrole/domain-member" xlink:from="ConsolidatedStatementOfChangesInEquityIFRSHeading" xlink:to="StatementOfChangesInEquityIFRSLineItems" order="1.0"/>
  </link:definitionLink>
</link:linkbase>
