<?xml version="1.0" encoding="UTF-8"?>
<!--  (c) Financial Services Agency, The Japanese Government.
      All Rights Reserved.
      For intellectual property policy and authorized uses of EDINET Taxonomy,
      refer to “EDINET Taxonomy Legal Statement” at http://www.fsa.go.jp/search/EDINET_Taxonomy_Legal_Statement.html
-->
<link:linkbase xmlns:link="http://www.xbrl.org/2003/linkbase" xmlns:xsi="http://www.w3.org/2001/XMLSchema-instance" xmlns:xlink="http://www.w3.org/1999/xlink" xmlns:xbrli="http://www.xbrl.org/2003/instance">
  <link:roleRef roleURI="http://disclosure.edinet-fsa.go.jp/role/jppfs/rol_std_ConsolidatedBalanceSheet" xlink:type="simple" xlink:href="../../jppfs_rt_2020-11-01.xsd#rol_std_ConsolidatedBalanceSheet"/>
  <link:calculationLink xlink:type="extended" xlink:role="http://disclosure.edinet-fsa.go.jp/role/jppfs/rol_std_ConsolidatedBalanceSheet">
    <link:loc xlink:type="locator" xlink:href="../../jppfs_cor_2020-11-01.xsd#jppfs_cor_BuildingsAndStructuresNet" xlink:label="BuildingsAndStructuresNet"/>
    <link:loc xlink:type="locator" xlink:href="../../jppfs_cor_2020-11-01.xsd#jppfs_cor_BuildingsAndStructures" xlink:label="BuildingsAndStructures"/>
    <link:calculationArc xlink:type="arc" xlink:arcrole="http://www.xbrl.org/2003/arcrole/summation-item" xlink:from="BuildingsAndStructuresNet" xlink:to="BuildingsAndStructures" order="4.0" weight="1"/>
    <link:loc xlink:type="locator" xlink:href="../../jppfs_cor_2020-11-01.xsd#jppfs_cor_AccumulatedDepreciationAndImpairmentLossBuildingsAndStructures" xlink:label="AccumulatedDepreciationAndImpairmentLossBuildingsAndStructures"/>
    <link:calculationArc xlink:type="arc" xlink:arcrole="http://www.xbrl.org/2003/arcrole/summation-item" xlink:from="BuildingsAndStructuresNet" xlink:to="AccumulatedDepreciationAndImpairmentLossBuildingsAndStructures" order="5.0" weight="1"/>
    <link:loc xlink:type="locator" xlink:href="../../jppfs_cor_2020-11-01.xsd#jppfs_cor_MachineryEquipmentAndVehiclesNet" xlink:label="MachineryEquipmentAndVehiclesNet"/>
    <link:loc xlink:type="locator" xlink:href="../../jppfs_cor_2020-11-01.xsd#jppfs_cor_MachineryEquipmentAndVehicles" xlink:label="MachineryEquipmentAndVehicles"/>
    <link:calculationArc xlink:type="arc" xlink:arcrole="http://www.xbrl.org/2003/arcrole/summation-item" xlink:from="MachineryEquipmentAndVehiclesNet" xlink:to="MachineryEquipmentAndVehicles" order="4.0" weight="1"/>
    <link:loc xlink:type="locator" xlink:href="../../jppfs_cor_2020-11-01.xsd#jppfs_cor_AccumulatedDepreciationAndImpairmentLossMachineryEquipmentAndVehicles" xlink:label="AccumulatedDepreciationAndImpairmentLossMachineryEquipmentAndVehicles"/>
    <link:calculationArc xlink:type="arc" xlink:arcrole="http://www.xbrl.org/2003/arcrole/summation-item" xlink:from="MachineryEquipmentAndVehiclesNet" xlink:to="AccumulatedDepreciationAndImpairmentLossMachineryEquipmentAndVehicles" order="5.0" weight="1"/>
    <link:loc xlink:type="locator" xlink:href="../../jppfs_cor_2020-11-01.xsd#jppfs_cor_LeaseAssetsNetPPE" xlink:label="LeaseAssetsNetPPE"/>
    <link:loc xlink:type="locator" xlink:href="../../jppfs_cor_2020-11-01.xsd#jppfs_cor_LeaseAssetsPPE" xlink:label="LeaseAssetsPPE"/>
    <link:calculationArc xlink:type="arc" xlink:arcrole="http://www.xbrl.org/2003/arcrole/summation-item" xlink:from="LeaseAssetsNetPPE" xlink:to="LeaseAssetsPPE" order="4.0" weight="1"/>
    <link:loc xlink:type="locator" xlink:href="../../jppfs_cor_2020-11-01.xsd#jppfs_cor_AccumulatedDepreciationAndImpairmentLossLeaseAssetsPPE" xlink:label="AccumulatedDepreciationAndImpairmentLossLeaseAssetsPPE"/>
    <link:calculationArc xlink:type="arc" xlink:arcrole="http://www.xbrl.org/2003/arcrole/summation-item" xlink:from="LeaseAssetsNetPPE" xlink:to="AccumulatedDepreciationAndImpairmentLossLeaseAssetsPPE" order="5.0" weight="1"/>
    <link:loc xlink:type="locator" xlink:href="../../jppfs_cor_2020-11-01.xsd#jppfs_cor_OtherNetPPE" xlink:label="OtherNetPPE"/>
    <link:loc xlink:type="locator" xlink:href="../../jppfs_cor_2020-11-01.xsd#jppfs_cor_OtherPPE" xlink:label="OtherPPE"/>
    <link:calculationArc xlink:type="arc" xlink:arcrole="http://www.xbrl.org/2003/arcrole/summation-item" xlink:from="OtherNetPPE" xlink:to="OtherPPE" order="4.0" weight="1"/>
    <link:loc xlink:type="locator" xlink:href="../../jppfs_cor_2020-11-01.xsd#jppfs_cor_AccumulatedDepreciationAndImpairmentLossOtherPPE" xlink:label="AccumulatedDepreciationAndImpairmentLossOtherPPE"/>
    <link:calculationArc xlink:type="arc" xlink:arcrole="http://www.xbrl.org/2003/arcrole/summation-item" xlink:from="OtherNetPPE" xlink:to="AccumulatedDepreciationAndImpairmentLossOtherPPE" order="5.0" weight="1"/>
    <link:loc xlink:type="locator" xlink:href="../../jppfs_cor_2020-11-01.xsd#jppfs_cor_PropertyPlantAndEquipment" xlink:label="PropertyPlantAndEquipment"/>
    <link:loc xlink:type="locator" xlink:href="../../jppfs_cor_2020-11-01.xsd#jppfs_cor_BuildingsAndStructuresNet" xlink:label="BuildingsAndStructuresNet_2"/>
    <link:calculationArc xlink:type="arc" xlink:arcrole="http://www.xbrl.org/2003/arcrole/summation-item" xlink:from="PropertyPlantAndEquipment" xlink:to="BuildingsAndStructuresNet_2" order="2.0" weight="1"/>
    <link:loc xlink:type="locator" xlink:href="../../jppfs_cor_2020-11-01.xsd#jppfs_cor_MachineryEquipmentAndVehiclesNet" xlink:label="MachineryEquipmentAndVehiclesNet_2"/>
    <link:calculationArc xlink:type="arc" xlink:arcrole="http://www.xbrl.org/2003/arcrole/summation-item" xlink:from="PropertyPlantAndEquipment" xlink:to="MachineryEquipmentAndVehiclesNet_2" order="7.0" weight="1"/>
    <link:loc xlink:type="locator" xlink:href="../../jppfs_cor_2020-11-01.xsd#jppfs_cor_LeaseAssetsNetPPE" xlink:label="LeaseAssetsNetPPE_2"/>
    <link:calculationArc xlink:type="arc" xlink:arcrole="http://www.xbrl.org/2003/arcrole/summation-item" xlink:from="PropertyPlantAndEquipment" xlink:to="LeaseAssetsNetPPE_2" order="13.0" weight="1"/>
    <link:loc xlink:type="locator" xlink:href="../../jppfs_cor_2020-11-01.xsd#jppfs_cor_OtherNetPPE" xlink:label="OtherNetPPE_2"/>
    <link:calculationArc xlink:type="arc" xlink:arcrole="http://www.xbrl.org/2003/arcrole/summation-item" xlink:from="PropertyPlantAndEquipment" xlink:to="OtherNetPPE_2" order="19.0" weight="1"/>
  </link:calculationLink>
</link:linkbase>
