<?xml version="1.0" encoding="UTF-8"?>
<!--  (c) Financial Services Agency, The Japanese Government.
      All Rights Reserved.
      For intellectual property policy and authorized uses of EDINET Taxonomy,
      refer to “EDINET Taxonomy Legal Statement” at http://www.fsa.go.jp/search/EDINET_Taxonomy_Legal_Statement.html
-->
<link:linkbase xmlns:link="http://www.xbrl.org/2003/linkbase" xmlns:xsi="http://www.w3.org/2001/XMLSchema-instance" xmlns:xlink="http://www.w3.org/1999/xlink" xmlns:xbrli="http://www.xbrl.org/2003/instance">
  <link:roleRef roleURI="http://disclosure.edinet-fsa.go.jp/role/jppfs/rol_std_ConsolidatedBalanceSheet" xlink:type="simple" xlink:href="../../jppfs_rt_2020-11-01.xsd#rol_std_ConsolidatedBalanceSheet"/>
  <link:calculationLink xlink:type="extended" xlink:role="http://disclosure.edinet-fsa.go.jp/role/jppfs/rol_std_ConsolidatedBalanceSheet">
    <link:loc xlink:type="locator" xlink:href="../../jppfs_cor_2020-11-01.xsd#jppfs_cor_BuildingsAndStructuresNet" xlink:label="BuildingsAndStructuresNet"/>
    <link:loc xlink:type="locator" xlink:href="../../jppfs_cor_2020-11-01.xsd#jppfs_cor_AccumulatedDepreciationBuildingsAndStructures" xlink:label="AccumulatedDepreciationBuildingsAndStructures"/>
    <link:calculationArc xlink:type="arc" xlink:arcrole="http://www.xbrl.org/2003/arcrole/summation-item" xlink:from="BuildingsAndStructuresNet" xlink:to="AccumulatedDepreciationBuildingsAndStructures" order="2.0" weight="1"/>
    <link:loc xlink:type="locator" xlink:href="../../jppfs_cor_2020-11-01.xsd#jppfs_cor_BuildingsAndStructures" xlink:label="BuildingsAndStructures"/>
    <link:calculationArc xlink:type="arc" xlink:arcrole="http://www.xbrl.org/2003/arcrole/summation-item" xlink:from="BuildingsAndStructuresNet" xlink:to="BuildingsAndStructures" order="1.0" weight="1"/>
    <link:loc xlink:type="locator" xlink:href="../../jppfs_cor_2020-11-01.xsd#jppfs_cor_MachineryEquipmentAndVehiclesNet" xlink:label="MachineryEquipmentAndVehiclesNet"/>
    <link:loc xlink:type="locator" xlink:href="../../jppfs_cor_2020-11-01.xsd#jppfs_cor_AccumulatedDepreciationMachineryEquipmentAndVehicles" xlink:label="AccumulatedDepreciationMachineryEquipmentAndVehicles"/>
    <link:calculationArc xlink:type="arc" xlink:arcrole="http://www.xbrl.org/2003/arcrole/summation-item" xlink:from="MachineryEquipmentAndVehiclesNet" xlink:to="AccumulatedDepreciationMachineryEquipmentAndVehicles" order="2.0" weight="1"/>
    <link:loc xlink:type="locator" xlink:href="../../jppfs_cor_2020-11-01.xsd#jppfs_cor_MachineryEquipmentAndVehicles" xlink:label="MachineryEquipmentAndVehicles"/>
    <link:calculationArc xlink:type="arc" xlink:arcrole="http://www.xbrl.org/2003/arcrole/summation-item" xlink:from="MachineryEquipmentAndVehiclesNet" xlink:to="MachineryEquipmentAndVehicles" order="1.0" weight="1"/>
    <link:loc xlink:type="locator" xlink:href="../../jppfs_cor_2020-11-01.xsd#jppfs_cor_LeaseAssetsNetPPE" xlink:label="LeaseAssetsNetPPE"/>
    <link:loc xlink:type="locator" xlink:href="../../jppfs_cor_2020-11-01.xsd#jppfs_cor_AccumulatedDepreciationLeaseAssetsPPE" xlink:label="AccumulatedDepreciationLeaseAssetsPPE"/>
    <link:calculationArc xlink:type="arc" xlink:arcrole="http://www.xbrl.org/2003/arcrole/summation-item" xlink:from="LeaseAssetsNetPPE" xlink:to="AccumulatedDepreciationLeaseAssetsPPE" order="2.0" weight="1"/>
    <link:loc xlink:type="locator" xlink:href="../../jppfs_cor_2020-11-01.xsd#jppfs_cor_LeaseAssetsPPE" xlink:label="LeaseAssetsPPE"/>
    <link:calculationArc xlink:type="arc" xlink:arcrole="http://www.xbrl.org/2003/arcrole/summation-item" xlink:from="LeaseAssetsNetPPE" xlink:to="LeaseAssetsPPE" order="1.0" weight="1"/>
    <link:loc xlink:type="locator" xlink:href="../../jppfs_cor_2020-11-01.xsd#jppfs_cor_OtherNetPPE" xlink:label="OtherNetPPE"/>
    <link:loc xlink:type="locator" xlink:href="../../jppfs_cor_2020-11-01.xsd#jppfs_cor_AccumulatedDepreciationOtherPPE" xlink:label="AccumulatedDepreciationOtherPPE"/>
    <link:calculationArc xlink:type="arc" xlink:arcrole="http://www.xbrl.org/2003/arcrole/summation-item" xlink:from="OtherNetPPE" xlink:to="AccumulatedDepreciationOtherPPE" order="2.0" weight="1"/>
    <link:loc xlink:type="locator" xlink:href="../../jppfs_cor_2020-11-01.xsd#jppfs_cor_OtherPPE" xlink:label="OtherPPE"/>
    <link:calculationArc xlink:type="arc" xlink:arcrole="http://www.xbrl.org/2003/arcrole/summation-item" xlink:from="OtherNetPPE" xlink:to="OtherPPE" order="1.0" weight="1"/>
    <link:loc xlink:type="locator" xlink:href="../../jppfs_cor_2020-11-01.xsd#jppfs_cor_PropertyPlantAndEquipment" xlink:label="PropertyPlantAndEquipment"/>
    <link:calculationArc xlink:type="arc" xlink:arcrole="http://www.xbrl.org/2003/arcrole/summation-item" xlink:from="PropertyPlantAndEquipment" xlink:to="BuildingsAndStructuresNet" order="1.0" weight="1"/>
    <link:calculationArc xlink:type="arc" xlink:arcrole="http://www.xbrl.org/2003/arcrole/summation-item" xlink:from="PropertyPlantAndEquipment" xlink:to="MachineryEquipmentAndVehiclesNet" order="6.0" weight="1"/>
    <link:calculationArc xlink:type="arc" xlink:arcrole="http://www.xbrl.org/2003/arcrole/summation-item" xlink:from="PropertyPlantAndEquipment" xlink:to="LeaseAssetsNetPPE" order="12.0" weight="1"/>
    <link:calculationArc xlink:type="arc" xlink:arcrole="http://www.xbrl.org/2003/arcrole/summation-item" xlink:from="PropertyPlantAndEquipment" xlink:to="OtherNetPPE" order="18.0" weight="1"/>
  </link:calculationLink>
</link:linkbase>
