<?xml version="1.0" encoding="UTF-8"?>
<!--  (c) Financial Services Agency, The Japanese Government.
      All Rights Reserved.
      For intellectual property policy and authorized uses of EDINET Taxonomy,
      refer to “EDINET Taxonomy Legal Statement” at http://www.fsa.go.jp/search/EDINET_Taxonomy_Legal_Statement.html
-->
<link:linkbase xmlns:link="http://www.xbrl.org/2003/linkbase" xmlns:xsi="http://www.w3.org/2001/XMLSchema-instance" xmlns:xlink="http://www.w3.org/1999/xlink" xmlns:xbrli="http://www.xbrl.org/2003/instance">
  <link:roleRef roleURI="http://disclosure.edinet-fsa.go.jp/jppfs/ConsolidatedInterim/role/label" xlink:type="simple" xlink:href="../../jppfs_rt_2013-08-31.xsd#rol_ConsolidatedInterimLabel"/>
  <link:roleRef roleURI="http://disclosure.edinet-fsa.go.jp/role/jppfs/rol_std_SemiAnnualConsolidatedStatementOfComprehensiveIncome" xlink:type="simple" xlink:href="../../jppfs_rt_2013-08-31.xsd#rol_std_SemiAnnualConsolidatedStatementOfComprehensiveIncome"/>
  <link:presentationLink xlink:type="extended" xlink:role="http://disclosure.edinet-fsa.go.jp/role/jppfs/rol_std_SemiAnnualConsolidatedStatementOfComprehensiveIncome">
    <link:loc xlink:type="locator" xlink:href="../../jppfs_cor_2013-08-31.xsd#jppfs_cor_StatementOfComprehensiveIncomeTable" xlink:label="StatementOfComprehensiveIncomeTable"/>
    <link:loc xlink:type="locator" xlink:href="../../jppfs_cor_2013-08-31.xsd#jppfs_cor_ConsolidatedOrNonConsolidatedAxis" xlink:label="ConsolidatedOrNonConsolidatedAxis"/>
    <link:presentationArc xlink:type="arc" xlink:arcrole="http://www.xbrl.org/2003/arcrole/parent-child" xlink:from="StatementOfComprehensiveIncomeTable" xlink:to="ConsolidatedOrNonConsolidatedAxis" priority="0" order="1.0"/>
    <link:loc xlink:type="locator" xlink:href="../../jppfs_cor_2013-08-31.xsd#jppfs_cor_ConsolidatedMember" xlink:label="ConsolidatedMember"/>
    <link:presentationArc xlink:type="arc" xlink:arcrole="http://www.xbrl.org/2003/arcrole/parent-child" xlink:from="ConsolidatedOrNonConsolidatedAxis" xlink:to="ConsolidatedMember" priority="0" order="1.0"/>
    <link:loc xlink:type="locator" xlink:href="../../jppfs_cor_2013-08-31.xsd#jppfs_cor_SemiAnnualConsolidatedStatementOfComprehensiveIncomeHeading" xlink:label="SemiAnnualConsolidatedStatementOfComprehensiveIncomeHeading"/>
    <link:presentationArc xlink:type="arc" xlink:arcrole="http://www.xbrl.org/2003/arcrole/parent-child" xlink:from="SemiAnnualConsolidatedStatementOfComprehensiveIncomeHeading" xlink:to="StatementOfComprehensiveIncomeTable" priority="0" order="1.0" preferredLabel="http://disclosure.edinet-fsa.go.jp/jppfs/ConsolidatedInterim/role/label"/>
    <link:loc xlink:type="locator" xlink:href="../../jppfs_cor_2013-08-31.xsd#jppfs_cor_StatementOfComprehensiveIncomeLineItems" xlink:label="StatementOfComprehensiveIncomeLineItems"/>
    <link:presentationArc xlink:type="arc" xlink:arcrole="http://www.xbrl.org/2003/arcrole/parent-child" xlink:from="SemiAnnualConsolidatedStatementOfComprehensiveIncomeHeading" xlink:to="StatementOfComprehensiveIncomeLineItems" priority="0" order="2.0" preferredLabel="http://disclosure.edinet-fsa.go.jp/jppfs/ConsolidatedInterim/role/label"/>
  </link:presentationLink>
</link:linkbase>
