<?xml version="1.0" encoding="UTF-8"?>
<!--  (c) Financial Services Agency, The Japanese Government.
      All Rights Reserved.
      For intellectual property policy and authorized uses of EDINET Taxonomy,
      refer to “EDINET Taxonomy Legal Statement” at http://www.fsa.go.jp/search/EDINET_Taxonomy_Legal_Statement.html
-->
<link:linkbase xmlns:link="http://www.xbrl.org/2003/linkbase" xmlns:xsi="http://www.w3.org/2001/XMLSchema-instance" xmlns:xbrldt="http://xbrl.org/2005/xbrldt" xmlns:xlink="http://www.w3.org/1999/xlink" xmlns:xbrli="http://www.xbrl.org/2003/instance">
  <link:roleRef roleURI="http://disclosure.edinet-fsa.go.jp/role/jpcrp/rol_std_InformationAboutOfficers-04" xlink:type="simple" xlink:href="../jpcrp_rt_2019-11-01.xsd#rol_std_InformationAboutOfficers-04"/>
  <link:arcroleRef arcroleURI="http://xbrl.org/int/dim/arcrole/all" xlink:type="simple" xlink:href="http://www.xbrl.org/2005/xbrldt-2005.xsd#all"/>
  <link:arcroleRef arcroleURI="http://xbrl.org/int/dim/arcrole/dimension-default" xlink:type="simple" xlink:href="http://www.xbrl.org/2005/xbrldt-2005.xsd#dimension-default"/>
  <link:arcroleRef arcroleURI="http://xbrl.org/int/dim/arcrole/dimension-domain" xlink:type="simple" xlink:href="http://www.xbrl.org/2005/xbrldt-2005.xsd#dimension-domain"/>
  <link:arcroleRef arcroleURI="http://xbrl.org/int/dim/arcrole/domain-member" xlink:type="simple" xlink:href="http://www.xbrl.org/2005/xbrldt-2005.xsd#domain-member"/>
  <link:arcroleRef arcroleURI="http://xbrl.org/int/dim/arcrole/hypercube-dimension" xlink:type="simple" xlink:href="http://www.xbrl.org/2005/xbrldt-2005.xsd#hypercube-dimension"/>
  <link:definitionLink xlink:type="extended" xlink:role="http://disclosure.edinet-fsa.go.jp/role/jpcrp/rol_std_InformationAboutOfficers-04">
    <link:loc xlink:type="locator" xlink:href="../jpcrp_cor_2019-11-01.xsd#jpcrp_cor_DirectorsAndOtherOfficersAxis" xlink:label="DirectorsAndOtherOfficersAxis"/>
    <link:loc xlink:type="locator" xlink:href="../jpcrp_cor_2019-11-01.xsd#jpcrp_cor_DirectorsAndOtherOfficersMember" xlink:label="DirectorsAndOtherOfficersMember"/>
    <link:definitionArc xlink:type="arc" xlink:arcrole="http://xbrl.org/int/dim/arcrole/dimension-domain" xlink:from="DirectorsAndOtherOfficersAxis" xlink:to="DirectorsAndOtherOfficersMember" order="1.0"/>
    <link:loc xlink:type="locator" xlink:href="../jpcrp_cor_2019-11-01.xsd#jpcrp_cor_DirectorsAndOtherOfficersMember" xlink:label="DirectorsAndOtherOfficersMember_2"/>
    <link:definitionArc xlink:type="arc" xlink:arcrole="http://xbrl.org/int/dim/arcrole/dimension-default" xlink:from="DirectorsAndOtherOfficersAxis" xlink:to="DirectorsAndOtherOfficersMember_2" order="1.0"/>
    <link:loc xlink:type="locator" xlink:href="../jpcrp_cor_2019-11-01.xsd#jpcrp_cor_InformationAboutOfficersHeading" xlink:label="InformationAboutOfficersHeading"/>
    <link:loc xlink:type="locator" xlink:href="../jpcrp_cor_2019-11-01.xsd#jpcrp_cor_InformationAboutExecutiveDirectorsTable" xlink:label="InformationAboutExecutiveDirectorsTable"/>
    <link:definitionArc xlink:type="arc" xlink:arcrole="http://xbrl.org/int/dim/arcrole/all" xlink:from="InformationAboutOfficersHeading" xlink:to="InformationAboutExecutiveDirectorsTable" order="1.0" xbrldt:contextElement="scenario" xbrldt:closed="true"/>
    <link:definitionArc xlink:type="arc" xlink:arcrole="http://xbrl.org/int/dim/arcrole/hypercube-dimension" xlink:from="InformationAboutExecutiveDirectorsTable" xlink:to="DirectorsAndOtherOfficersAxis" order="1.0"/>
    <link:loc xlink:type="locator" xlink:href="../jpcrp_cor_2019-11-01.xsd#jpcrp_cor_InformationAboutExecutiveDirectorsLineItems" xlink:label="InformationAboutExecutiveDirectorsLineItems"/>
    <link:definitionArc xlink:type="arc" xlink:arcrole="http://xbrl.org/int/dim/arcrole/domain-member" xlink:from="InformationAboutOfficersHeading" xlink:to="InformationAboutExecutiveDirectorsLineItems" order="1.0"/>
    <link:loc xlink:type="locator" xlink:href="../jpcrp_cor_2019-11-01.xsd#jpcrp_cor_OfficialTitleOrPositionInformationAboutExecutiveDirectors" xlink:label="OfficialTitleOrPositionInformationAboutExecutiveDirectors"/>
    <link:definitionArc xlink:type="arc" xlink:arcrole="http://xbrl.org/int/dim/arcrole/domain-member" xlink:from="InformationAboutExecutiveDirectorsLineItems" xlink:to="OfficialTitleOrPositionInformationAboutExecutiveDirectors" order="1.0"/>
    <link:loc xlink:type="locator" xlink:href="../jpcrp_cor_2019-11-01.xsd#jpcrp_cor_NameInformationAboutExecutiveDirectors" xlink:label="NameInformationAboutExecutiveDirectors"/>
    <link:definitionArc xlink:type="arc" xlink:arcrole="http://xbrl.org/int/dim/arcrole/domain-member" xlink:from="InformationAboutExecutiveDirectorsLineItems" xlink:to="NameInformationAboutExecutiveDirectors" order="2.0"/>
    <link:loc xlink:type="locator" xlink:href="../jpcrp_cor_2019-11-01.xsd#jpcrp_cor_DateOfBirthInformationAboutExecutiveDirectors" xlink:label="DateOfBirthInformationAboutExecutiveDirectors"/>
    <link:definitionArc xlink:type="arc" xlink:arcrole="http://xbrl.org/int/dim/arcrole/domain-member" xlink:from="InformationAboutExecutiveDirectorsLineItems" xlink:to="DateOfBirthInformationAboutExecutiveDirectors" order="3.0"/>
    <link:loc xlink:type="locator" xlink:href="../jpcrp_cor_2019-11-01.xsd#jpcrp_cor_CareerSummaryInformationAboutExecutiveDirectorsTextBlock" xlink:label="CareerSummaryInformationAboutExecutiveDirectorsTextBlock"/>
    <link:definitionArc xlink:type="arc" xlink:arcrole="http://xbrl.org/int/dim/arcrole/domain-member" xlink:from="InformationAboutExecutiveDirectorsLineItems" xlink:to="CareerSummaryInformationAboutExecutiveDirectorsTextBlock" order="4.0"/>
    <link:loc xlink:type="locator" xlink:href="../jpcrp_cor_2019-11-01.xsd#jpcrp_cor_TermOfOfficeInformationAboutExecutiveDirectors" xlink:label="TermOfOfficeInformationAboutExecutiveDirectors"/>
    <link:definitionArc xlink:type="arc" xlink:arcrole="http://xbrl.org/int/dim/arcrole/domain-member" xlink:from="InformationAboutExecutiveDirectorsLineItems" xlink:to="TermOfOfficeInformationAboutExecutiveDirectors" order="5.0"/>
    <link:loc xlink:type="locator" xlink:href="../jpcrp_cor_2019-11-01.xsd#jpcrp_cor_NumberOfSharesHeldOrdinarySharesInformationAboutExecutiveDirectors" xlink:label="NumberOfSharesHeldOrdinarySharesInformationAboutExecutiveDirectors"/>
    <link:definitionArc xlink:type="arc" xlink:arcrole="http://xbrl.org/int/dim/arcrole/domain-member" xlink:from="InformationAboutExecutiveDirectorsLineItems" xlink:to="NumberOfSharesHeldOrdinarySharesInformationAboutExecutiveDirectors" order="6.0"/>
    <link:loc xlink:type="locator" xlink:href="../jpcrp_cor_2019-11-01.xsd#jpcrp_cor_NumberOfSharesHeldOtherThanOrdinarySharesInformationAboutExecutiveDirectors" xlink:label="NumberOfSharesHeldOtherThanOrdinarySharesInformationAboutExecutiveDirectors"/>
    <link:definitionArc xlink:type="arc" xlink:arcrole="http://xbrl.org/int/dim/arcrole/domain-member" xlink:from="InformationAboutExecutiveDirectorsLineItems" xlink:to="NumberOfSharesHeldOtherThanOrdinarySharesInformationAboutExecutiveDirectors" order="7.0"/>
  </link:definitionLink>
</link:linkbase>
