<?xml version="1.0" encoding="UTF-8"?>
<!--  (c) Financial Services Agency, The Japanese Government.
      All Rights Reserved.
      For intellectual property policy and authorized uses of EDINET Taxonomy,
      refer to “EDINET Taxonomy Legal Statement” at http://www.fsa.go.jp/search/EDINET_Taxonomy_Legal_Statement.html
-->
<link:linkbase xmlns:link="http://www.xbrl.org/2003/linkbase" xmlns:xsi="http://www.w3.org/2001/XMLSchema-instance" xmlns:xbrldt="http://xbrl.org/2005/xbrldt" xmlns:xlink="http://www.w3.org/1999/xlink" xmlns:xbrli="http://www.xbrl.org/2003/instance">
  <link:roleRef roleURI="http://disclosure.edinet-fsa.go.jp/role/jpcrp/rol_std_NotesConsolidatedStatementOfIncome" xlink:type="simple" xlink:href="../jpcrp_rt_2019-11-01.xsd#rol_std_NotesConsolidatedStatementOfIncome"/>
  <link:arcroleRef arcroleURI="http://xbrl.org/int/dim/arcrole/all" xlink:type="simple" xlink:href="http://www.xbrl.org/2005/xbrldt-2005.xsd#all"/>
  <link:arcroleRef arcroleURI="http://xbrl.org/int/dim/arcrole/dimension-default" xlink:type="simple" xlink:href="http://www.xbrl.org/2005/xbrldt-2005.xsd#dimension-default"/>
  <link:arcroleRef arcroleURI="http://xbrl.org/int/dim/arcrole/dimension-domain" xlink:type="simple" xlink:href="http://www.xbrl.org/2005/xbrldt-2005.xsd#dimension-domain"/>
  <link:arcroleRef arcroleURI="http://xbrl.org/int/dim/arcrole/domain-member" xlink:type="simple" xlink:href="http://www.xbrl.org/2005/xbrldt-2005.xsd#domain-member"/>
  <link:arcroleRef arcroleURI="http://xbrl.org/int/dim/arcrole/hypercube-dimension" xlink:type="simple" xlink:href="http://www.xbrl.org/2005/xbrldt-2005.xsd#hypercube-dimension"/>
  <link:definitionLink xlink:type="extended" xlink:role="http://disclosure.edinet-fsa.go.jp/role/jpcrp/rol_std_NotesConsolidatedStatementOfIncome">
    <link:loc xlink:type="locator" xlink:href="../../../jppfs/2019-11-01/jppfs_cor_2019-11-01.xsd#jppfs_cor_ConsolidatedOrNonConsolidatedAxis" xlink:label="ConsolidatedOrNonConsolidatedAxis"/>
    <link:loc xlink:type="locator" xlink:href="../../../jppfs/2019-11-01/jppfs_cor_2019-11-01.xsd#jppfs_cor_ConsolidatedMember" xlink:label="ConsolidatedMember"/>
    <link:definitionArc xlink:type="arc" xlink:arcrole="http://xbrl.org/int/dim/arcrole/dimension-domain" xlink:from="ConsolidatedOrNonConsolidatedAxis" xlink:to="ConsolidatedMember" order="1.0"/>
    <link:loc xlink:type="locator" xlink:href="../../../jppfs/2019-11-01/jppfs_cor_2019-11-01.xsd#jppfs_cor_ConsolidatedMember" xlink:label="ConsolidatedMember_2"/>
    <link:definitionArc xlink:type="arc" xlink:arcrole="http://xbrl.org/int/dim/arcrole/dimension-default" xlink:from="ConsolidatedOrNonConsolidatedAxis" xlink:to="ConsolidatedMember_2" order="1.0"/>
    <link:loc xlink:type="locator" xlink:href="../jpcrp_cor_2019-11-01.xsd#jpcrp_cor_NotesConsolidatedStatementOfIncomeHeading" xlink:label="NotesConsolidatedStatementOfIncomeHeading"/>
    <link:loc xlink:type="locator" xlink:href="../jpcrp_cor_2019-11-01.xsd#jpcrp_cor_NotesConsolidatedStatementOfIncomeTable" xlink:label="NotesConsolidatedStatementOfIncomeTable"/>
    <link:definitionArc xlink:type="arc" xlink:arcrole="http://xbrl.org/int/dim/arcrole/all" xlink:from="NotesConsolidatedStatementOfIncomeHeading" xlink:to="NotesConsolidatedStatementOfIncomeTable" order="1.0" xbrldt:contextElement="scenario" xbrldt:closed="true"/>
    <link:definitionArc xlink:type="arc" xlink:arcrole="http://xbrl.org/int/dim/arcrole/hypercube-dimension" xlink:from="NotesConsolidatedStatementOfIncomeTable" xlink:to="ConsolidatedOrNonConsolidatedAxis" order="1.0"/>
    <link:loc xlink:type="locator" xlink:href="../jpcrp_cor_2019-11-01.xsd#jpcrp_cor_NotesConsolidatedStatementOfIncomeLineItems" xlink:label="NotesConsolidatedStatementOfIncomeLineItems"/>
    <link:definitionArc xlink:type="arc" xlink:arcrole="http://xbrl.org/int/dim/arcrole/domain-member" xlink:from="NotesConsolidatedStatementOfIncomeHeading" xlink:to="NotesConsolidatedStatementOfIncomeLineItems" order="1.0"/>
    <link:loc xlink:type="locator" xlink:href="../jpcrp_cor_2019-11-01.xsd#jpcrp_cor_NotesRegardingLossOnConstructionContractsTextBlock" xlink:label="NotesRegardingLossOnConstructionContractsTextBlock"/>
    <link:definitionArc xlink:type="arc" xlink:arcrole="http://xbrl.org/int/dim/arcrole/domain-member" xlink:from="NotesConsolidatedStatementOfIncomeLineItems" xlink:to="NotesRegardingLossOnConstructionContractsTextBlock" order="1.0"/>
    <link:loc xlink:type="locator" xlink:href="../jpcrp_cor_2019-11-01.xsd#jpcrp_cor_NotesRegardingWriteDownsOfInventoriesTextBlock" xlink:label="NotesRegardingWriteDownsOfInventoriesTextBlock"/>
    <link:definitionArc xlink:type="arc" xlink:arcrole="http://xbrl.org/int/dim/arcrole/domain-member" xlink:from="NotesConsolidatedStatementOfIncomeLineItems" xlink:to="NotesRegardingWriteDownsOfInventoriesTextBlock" order="2.0"/>
    <link:loc xlink:type="locator" xlink:href="../jpcrp_cor_2019-11-01.xsd#jpcrp_cor_WriteDownsOfInventories" xlink:label="WriteDownsOfInventories"/>
    <link:definitionArc xlink:type="arc" xlink:arcrole="http://xbrl.org/int/dim/arcrole/domain-member" xlink:from="NotesRegardingWriteDownsOfInventoriesTextBlock" xlink:to="WriteDownsOfInventories" order="1.0"/>
    <link:loc xlink:type="locator" xlink:href="../jpcrp_cor_2019-11-01.xsd#jpcrp_cor_MajorComponentsOfSellingGeneralAndAdministrativeExpensesTextBlock" xlink:label="MajorComponentsOfSellingGeneralAndAdministrativeExpensesTextBlock"/>
    <link:definitionArc xlink:type="arc" xlink:arcrole="http://xbrl.org/int/dim/arcrole/domain-member" xlink:from="NotesConsolidatedStatementOfIncomeLineItems" xlink:to="MajorComponentsOfSellingGeneralAndAdministrativeExpensesTextBlock" order="3.0"/>
    <link:loc xlink:type="locator" xlink:href="../../../jppfs/2019-11-01/jppfs_cor_2019-11-01.xsd#jppfs_cor_DepreciationSGA" xlink:label="DepreciationSGA"/>
    <link:definitionArc xlink:type="arc" xlink:arcrole="http://xbrl.org/int/dim/arcrole/domain-member" xlink:from="MajorComponentsOfSellingGeneralAndAdministrativeExpensesTextBlock" xlink:to="DepreciationSGA" order="1.0"/>
    <link:loc xlink:type="locator" xlink:href="../../../jppfs/2019-11-01/jppfs_cor_2019-11-01.xsd#jppfs_cor_ProvisionOfAllowanceForDoubtfulAccountsSGA" xlink:label="ProvisionOfAllowanceForDoubtfulAccountsSGA"/>
    <link:definitionArc xlink:type="arc" xlink:arcrole="http://xbrl.org/int/dim/arcrole/domain-member" xlink:from="MajorComponentsOfSellingGeneralAndAdministrativeExpensesTextBlock" xlink:to="ProvisionOfAllowanceForDoubtfulAccountsSGA" order="2.0"/>
    <link:loc xlink:type="locator" xlink:href="../jpcrp_cor_2019-11-01.xsd#jpcrp_cor_ResearchAndDevelopmentExpensesIncludedInGeneralAndAdministrativeExpensesAndManufacturingCostForCurrentPeriodTextBlock" xlink:label="ResearchAndDevelopmentExpensesIncludedInGeneralAndAdministrativeExpensesAndManufacturingCostForCurrentPeriodTextBlock"/>
    <link:definitionArc xlink:type="arc" xlink:arcrole="http://xbrl.org/int/dim/arcrole/domain-member" xlink:from="NotesConsolidatedStatementOfIncomeLineItems" xlink:to="ResearchAndDevelopmentExpensesIncludedInGeneralAndAdministrativeExpensesAndManufacturingCostForCurrentPeriodTextBlock" order="4.0"/>
    <link:loc xlink:type="locator" xlink:href="../jpcrp_cor_2019-11-01.xsd#jpcrp_cor_ResearchAndDevelopmentExpensesIncludedInGeneralAndAdministrativeExpensesAndManufacturingCostForCurrentPeriod" xlink:label="ResearchAndDevelopmentExpensesIncludedInGeneralAndAdministrativeExpensesAndManufacturingCostForCurrentPeriod"/>
    <link:definitionArc xlink:type="arc" xlink:arcrole="http://xbrl.org/int/dim/arcrole/domain-member" xlink:from="ResearchAndDevelopmentExpensesIncludedInGeneralAndAdministrativeExpensesAndManufacturingCostForCurrentPeriodTextBlock" xlink:to="ResearchAndDevelopmentExpensesIncludedInGeneralAndAdministrativeExpensesAndManufacturingCostForCurrentPeriod" order="1.0"/>
    <link:loc xlink:type="locator" xlink:href="../../../jppfs/2019-11-01/jppfs_cor_2019-11-01.xsd#jppfs_cor_ResearchAndDevelopmentExpensesSGA" xlink:label="ResearchAndDevelopmentExpensesSGA"/>
    <link:definitionArc xlink:type="arc" xlink:arcrole="http://xbrl.org/int/dim/arcrole/domain-member" xlink:from="ResearchAndDevelopmentExpensesIncludedInGeneralAndAdministrativeExpensesAndManufacturingCostForCurrentPeriodTextBlock" xlink:to="ResearchAndDevelopmentExpensesSGA" order="2.0"/>
    <link:loc xlink:type="locator" xlink:href="../jpcrp_cor_2019-11-01.xsd#jpcrp_cor_NotesRegardingImpairmentLossTextBlock" xlink:label="NotesRegardingImpairmentLossTextBlock"/>
    <link:definitionArc xlink:type="arc" xlink:arcrole="http://xbrl.org/int/dim/arcrole/domain-member" xlink:from="NotesConsolidatedStatementOfIncomeLineItems" xlink:to="NotesRegardingImpairmentLossTextBlock" order="5.0"/>
    <link:loc xlink:type="locator" xlink:href="../jpcrp_cor_2019-11-01.xsd#jpcrp_cor_NotesRegardingReversalOfProvisionIncurredFromBusinessCombinationTextBlock" xlink:label="NotesRegardingReversalOfProvisionIncurredFromBusinessCombinationTextBlock"/>
    <link:definitionArc xlink:type="arc" xlink:arcrole="http://xbrl.org/int/dim/arcrole/domain-member" xlink:from="NotesConsolidatedStatementOfIncomeLineItems" xlink:to="NotesRegardingReversalOfProvisionIncurredFromBusinessCombinationTextBlock" order="6.0"/>
    <link:loc xlink:type="locator" xlink:href="../jpcrp_cor_2019-11-01.xsd#jpcrp_cor_NotesRegardingGainOnSalesOfPropertyPlantAndEquipmentTextBlock" xlink:label="NotesRegardingGainOnSalesOfPropertyPlantAndEquipmentTextBlock"/>
    <link:definitionArc xlink:type="arc" xlink:arcrole="http://xbrl.org/int/dim/arcrole/domain-member" xlink:from="NotesConsolidatedStatementOfIncomeLineItems" xlink:to="NotesRegardingGainOnSalesOfPropertyPlantAndEquipmentTextBlock" order="7.0"/>
    <link:loc xlink:type="locator" xlink:href="../jpcrp_cor_2019-11-01.xsd#jpcrp_cor_NotesRegardingLossOnSalesOfPropertyPlantAndEquipmentTextBlock" xlink:label="NotesRegardingLossOnSalesOfPropertyPlantAndEquipmentTextBlock"/>
    <link:definitionArc xlink:type="arc" xlink:arcrole="http://xbrl.org/int/dim/arcrole/domain-member" xlink:from="NotesConsolidatedStatementOfIncomeLineItems" xlink:to="NotesRegardingLossOnSalesOfPropertyPlantAndEquipmentTextBlock" order="8.0"/>
    <link:loc xlink:type="locator" xlink:href="../jpcrp_cor_2019-11-01.xsd#jpcrp_cor_NotesRegardingLossOnDisposalOfPropertyPlantAndEquipmentTextBlock" xlink:label="NotesRegardingLossOnDisposalOfPropertyPlantAndEquipmentTextBlock"/>
    <link:definitionArc xlink:type="arc" xlink:arcrole="http://xbrl.org/int/dim/arcrole/domain-member" xlink:from="NotesConsolidatedStatementOfIncomeLineItems" xlink:to="NotesRegardingLossOnDisposalOfPropertyPlantAndEquipmentTextBlock" order="9.0"/>
    <link:loc xlink:type="locator" xlink:href="../jpcrp_cor_2019-11-01.xsd#jpcrp_cor_NotesRegardingLossOnDisposalAndSalesOfPropertyPlantAndEquipmentTextBlock" xlink:label="NotesRegardingLossOnDisposalAndSalesOfPropertyPlantAndEquipmentTextBlock"/>
    <link:definitionArc xlink:type="arc" xlink:arcrole="http://xbrl.org/int/dim/arcrole/domain-member" xlink:from="NotesConsolidatedStatementOfIncomeLineItems" xlink:to="NotesRegardingLossOnDisposalAndSalesOfPropertyPlantAndEquipmentTextBlock" order="10.0"/>
    <link:loc xlink:type="locator" xlink:href="../jpcrp_cor_2019-11-01.xsd#jpcrp_cor_NotesRegardingClassificationOfRevenuesAndExpensesOfIndustryInAppendedListTextBlock" xlink:label="NotesRegardingClassificationOfRevenuesAndExpensesOfIndustryInAppendedListTextBlock"/>
    <link:definitionArc xlink:type="arc" xlink:arcrole="http://xbrl.org/int/dim/arcrole/domain-member" xlink:from="NotesConsolidatedStatementOfIncomeLineItems" xlink:to="NotesRegardingClassificationOfRevenuesAndExpensesOfIndustryInAppendedListTextBlock" order="11.0"/>
  </link:definitionLink>
</link:linkbase>
