<?xml version="1.0" encoding="UTF-8"?>
<!--  (c) Financial Services Agency, The Japanese Government.
      All Rights Reserved.
      For intellectual property policy and authorized uses of EDINET Taxonomy,
      refer to “EDINET Taxonomy Legal Statement” at http://www.fsa.go.jp/search/EDINET_Taxonomy_Legal_Statement.html
-->
<link:linkbase xmlns:link="http://www.xbrl.org/2003/linkbase" xmlns:xsi="http://www.w3.org/2001/XMLSchema-instance" xmlns:xlink="http://www.w3.org/1999/xlink" xmlns:xbrli="http://www.xbrl.org/2003/instance">
  <link:roleRef roleURI="http://disclosure.edinet-fsa.go.jp/role/jpcrp/rol_std_Shareholdings-08" xlink:type="simple" xlink:href="../jpcrp_rt_2019-11-01.xsd#rol_std_Shareholdings-08"/>
  <link:presentationLink xlink:type="extended" xlink:role="http://disclosure.edinet-fsa.go.jp/role/jpcrp/rol_std_Shareholdings-08">
    <link:loc xlink:type="locator" xlink:href="../jpcrp_cor_2019-11-01.xsd#jpcrp_cor_SequentialNumbersAxis" xlink:label="SequentialNumbersAxis"/>
    <link:loc xlink:type="locator" xlink:href="../jpcrp_cor_2019-11-01.xsd#jpcrp_cor_Row11Member" xlink:label="Row11Member"/>
    <link:presentationArc xlink:type="arc" xlink:arcrole="http://www.xbrl.org/2003/arcrole/parent-child" xlink:from="SequentialNumbersAxis" xlink:to="Row11Member" order="11.0"/>
    <link:loc xlink:type="locator" xlink:href="../jpcrp_cor_2019-11-01.xsd#jpcrp_cor_Row12Member" xlink:label="Row12Member"/>
    <link:presentationArc xlink:type="arc" xlink:arcrole="http://www.xbrl.org/2003/arcrole/parent-child" xlink:from="SequentialNumbersAxis" xlink:to="Row12Member" order="12.0"/>
    <link:loc xlink:type="locator" xlink:href="../jpcrp_cor_2019-11-01.xsd#jpcrp_cor_Row13Member" xlink:label="Row13Member"/>
    <link:presentationArc xlink:type="arc" xlink:arcrole="http://www.xbrl.org/2003/arcrole/parent-child" xlink:from="SequentialNumbersAxis" xlink:to="Row13Member" order="13.0"/>
    <link:loc xlink:type="locator" xlink:href="../jpcrp_cor_2019-11-01.xsd#jpcrp_cor_Row14Member" xlink:label="Row14Member"/>
    <link:presentationArc xlink:type="arc" xlink:arcrole="http://www.xbrl.org/2003/arcrole/parent-child" xlink:from="SequentialNumbersAxis" xlink:to="Row14Member" order="14.0"/>
    <link:loc xlink:type="locator" xlink:href="../jpcrp_cor_2019-11-01.xsd#jpcrp_cor_Row15Member" xlink:label="Row15Member"/>
    <link:presentationArc xlink:type="arc" xlink:arcrole="http://www.xbrl.org/2003/arcrole/parent-child" xlink:from="SequentialNumbersAxis" xlink:to="Row15Member" order="15.0"/>
    <link:loc xlink:type="locator" xlink:href="../jpcrp_cor_2019-11-01.xsd#jpcrp_cor_Row16Member" xlink:label="Row16Member"/>
    <link:presentationArc xlink:type="arc" xlink:arcrole="http://www.xbrl.org/2003/arcrole/parent-child" xlink:from="SequentialNumbersAxis" xlink:to="Row16Member" order="16.0"/>
    <link:loc xlink:type="locator" xlink:href="../jpcrp_cor_2019-11-01.xsd#jpcrp_cor_Row17Member" xlink:label="Row17Member"/>
    <link:presentationArc xlink:type="arc" xlink:arcrole="http://www.xbrl.org/2003/arcrole/parent-child" xlink:from="SequentialNumbersAxis" xlink:to="Row17Member" order="17.0"/>
    <link:loc xlink:type="locator" xlink:href="../jpcrp_cor_2019-11-01.xsd#jpcrp_cor_Row18Member" xlink:label="Row18Member"/>
    <link:presentationArc xlink:type="arc" xlink:arcrole="http://www.xbrl.org/2003/arcrole/parent-child" xlink:from="SequentialNumbersAxis" xlink:to="Row18Member" order="18.0"/>
    <link:loc xlink:type="locator" xlink:href="../jpcrp_cor_2019-11-01.xsd#jpcrp_cor_Row19Member" xlink:label="Row19Member"/>
    <link:presentationArc xlink:type="arc" xlink:arcrole="http://www.xbrl.org/2003/arcrole/parent-child" xlink:from="SequentialNumbersAxis" xlink:to="Row19Member" order="19.0"/>
    <link:loc xlink:type="locator" xlink:href="../jpcrp_cor_2019-11-01.xsd#jpcrp_cor_Row20Member" xlink:label="Row20Member"/>
    <link:presentationArc xlink:type="arc" xlink:arcrole="http://www.xbrl.org/2003/arcrole/parent-child" xlink:from="SequentialNumbersAxis" xlink:to="Row20Member" order="20.0"/>
    <link:loc xlink:type="locator" xlink:href="../jpcrp_cor_2019-11-01.xsd#jpcrp_cor_Row21Member" xlink:label="Row21Member"/>
    <link:presentationArc xlink:type="arc" xlink:arcrole="http://www.xbrl.org/2003/arcrole/parent-child" xlink:from="SequentialNumbersAxis" xlink:to="Row21Member" order="21.0"/>
    <link:loc xlink:type="locator" xlink:href="../jpcrp_cor_2019-11-01.xsd#jpcrp_cor_Row22Member" xlink:label="Row22Member"/>
    <link:presentationArc xlink:type="arc" xlink:arcrole="http://www.xbrl.org/2003/arcrole/parent-child" xlink:from="SequentialNumbersAxis" xlink:to="Row22Member" order="22.0"/>
    <link:loc xlink:type="locator" xlink:href="../jpcrp_cor_2019-11-01.xsd#jpcrp_cor_Row23Member" xlink:label="Row23Member"/>
    <link:presentationArc xlink:type="arc" xlink:arcrole="http://www.xbrl.org/2003/arcrole/parent-child" xlink:from="SequentialNumbersAxis" xlink:to="Row23Member" order="23.0"/>
    <link:loc xlink:type="locator" xlink:href="../jpcrp_cor_2019-11-01.xsd#jpcrp_cor_Row24Member" xlink:label="Row24Member"/>
    <link:presentationArc xlink:type="arc" xlink:arcrole="http://www.xbrl.org/2003/arcrole/parent-child" xlink:from="SequentialNumbersAxis" xlink:to="Row24Member" order="24.0"/>
    <link:loc xlink:type="locator" xlink:href="../jpcrp_cor_2019-11-01.xsd#jpcrp_cor_Row25Member" xlink:label="Row25Member"/>
    <link:presentationArc xlink:type="arc" xlink:arcrole="http://www.xbrl.org/2003/arcrole/parent-child" xlink:from="SequentialNumbersAxis" xlink:to="Row25Member" order="25.0"/>
    <link:loc xlink:type="locator" xlink:href="../jpcrp_cor_2019-11-01.xsd#jpcrp_cor_Row26Member" xlink:label="Row26Member"/>
    <link:presentationArc xlink:type="arc" xlink:arcrole="http://www.xbrl.org/2003/arcrole/parent-child" xlink:from="SequentialNumbersAxis" xlink:to="Row26Member" order="26.0"/>
    <link:loc xlink:type="locator" xlink:href="../jpcrp_cor_2019-11-01.xsd#jpcrp_cor_Row27Member" xlink:label="Row27Member"/>
    <link:presentationArc xlink:type="arc" xlink:arcrole="http://www.xbrl.org/2003/arcrole/parent-child" xlink:from="SequentialNumbersAxis" xlink:to="Row27Member" order="27.0"/>
    <link:loc xlink:type="locator" xlink:href="../jpcrp_cor_2019-11-01.xsd#jpcrp_cor_Row28Member" xlink:label="Row28Member"/>
    <link:presentationArc xlink:type="arc" xlink:arcrole="http://www.xbrl.org/2003/arcrole/parent-child" xlink:from="SequentialNumbersAxis" xlink:to="Row28Member" order="28.0"/>
    <link:loc xlink:type="locator" xlink:href="../jpcrp_cor_2019-11-01.xsd#jpcrp_cor_Row29Member" xlink:label="Row29Member"/>
    <link:presentationArc xlink:type="arc" xlink:arcrole="http://www.xbrl.org/2003/arcrole/parent-child" xlink:from="SequentialNumbersAxis" xlink:to="Row29Member" order="29.0"/>
    <link:loc xlink:type="locator" xlink:href="../jpcrp_cor_2019-11-01.xsd#jpcrp_cor_Row30Member" xlink:label="Row30Member"/>
    <link:presentationArc xlink:type="arc" xlink:arcrole="http://www.xbrl.org/2003/arcrole/parent-child" xlink:from="SequentialNumbersAxis" xlink:to="Row30Member" order="30.0"/>
    <link:loc xlink:type="locator" xlink:href="../jpcrp_cor_2019-11-01.xsd#jpcrp_cor_Row31Member" xlink:label="Row31Member"/>
    <link:presentationArc xlink:type="arc" xlink:arcrole="http://www.xbrl.org/2003/arcrole/parent-child" xlink:from="SequentialNumbersAxis" xlink:to="Row31Member" order="31.0"/>
    <link:loc xlink:type="locator" xlink:href="../jpcrp_cor_2019-11-01.xsd#jpcrp_cor_Row32Member" xlink:label="Row32Member"/>
    <link:presentationArc xlink:type="arc" xlink:arcrole="http://www.xbrl.org/2003/arcrole/parent-child" xlink:from="SequentialNumbersAxis" xlink:to="Row32Member" order="32.0"/>
    <link:loc xlink:type="locator" xlink:href="../jpcrp_cor_2019-11-01.xsd#jpcrp_cor_Row33Member" xlink:label="Row33Member"/>
    <link:presentationArc xlink:type="arc" xlink:arcrole="http://www.xbrl.org/2003/arcrole/parent-child" xlink:from="SequentialNumbersAxis" xlink:to="Row33Member" order="33.0"/>
    <link:loc xlink:type="locator" xlink:href="../jpcrp_cor_2019-11-01.xsd#jpcrp_cor_Row34Member" xlink:label="Row34Member"/>
    <link:presentationArc xlink:type="arc" xlink:arcrole="http://www.xbrl.org/2003/arcrole/parent-child" xlink:from="SequentialNumbersAxis" xlink:to="Row34Member" order="34.0"/>
    <link:loc xlink:type="locator" xlink:href="../jpcrp_cor_2019-11-01.xsd#jpcrp_cor_Row35Member" xlink:label="Row35Member"/>
    <link:presentationArc xlink:type="arc" xlink:arcrole="http://www.xbrl.org/2003/arcrole/parent-child" xlink:from="SequentialNumbersAxis" xlink:to="Row35Member" order="35.0"/>
    <link:loc xlink:type="locator" xlink:href="../jpcrp_cor_2019-11-01.xsd#jpcrp_cor_Row36Member" xlink:label="Row36Member"/>
    <link:presentationArc xlink:type="arc" xlink:arcrole="http://www.xbrl.org/2003/arcrole/parent-child" xlink:from="SequentialNumbersAxis" xlink:to="Row36Member" order="36.0"/>
    <link:loc xlink:type="locator" xlink:href="../jpcrp_cor_2019-11-01.xsd#jpcrp_cor_Row37Member" xlink:label="Row37Member"/>
    <link:presentationArc xlink:type="arc" xlink:arcrole="http://www.xbrl.org/2003/arcrole/parent-child" xlink:from="SequentialNumbersAxis" xlink:to="Row37Member" order="37.0"/>
    <link:loc xlink:type="locator" xlink:href="../jpcrp_cor_2019-11-01.xsd#jpcrp_cor_Row38Member" xlink:label="Row38Member"/>
    <link:presentationArc xlink:type="arc" xlink:arcrole="http://www.xbrl.org/2003/arcrole/parent-child" xlink:from="SequentialNumbersAxis" xlink:to="Row38Member" order="38.0"/>
    <link:loc xlink:type="locator" xlink:href="../jpcrp_cor_2019-11-01.xsd#jpcrp_cor_Row39Member" xlink:label="Row39Member"/>
    <link:presentationArc xlink:type="arc" xlink:arcrole="http://www.xbrl.org/2003/arcrole/parent-child" xlink:from="SequentialNumbersAxis" xlink:to="Row39Member" order="39.0"/>
    <link:loc xlink:type="locator" xlink:href="../jpcrp_cor_2019-11-01.xsd#jpcrp_cor_Row40Member" xlink:label="Row40Member"/>
    <link:presentationArc xlink:type="arc" xlink:arcrole="http://www.xbrl.org/2003/arcrole/parent-child" xlink:from="SequentialNumbersAxis" xlink:to="Row40Member" order="40.0"/>
    <link:loc xlink:type="locator" xlink:href="../jpcrp_cor_2019-11-01.xsd#jpcrp_cor_Row41Member" xlink:label="Row41Member"/>
    <link:presentationArc xlink:type="arc" xlink:arcrole="http://www.xbrl.org/2003/arcrole/parent-child" xlink:from="SequentialNumbersAxis" xlink:to="Row41Member" order="41.0"/>
    <link:loc xlink:type="locator" xlink:href="../jpcrp_cor_2019-11-01.xsd#jpcrp_cor_Row42Member" xlink:label="Row42Member"/>
    <link:presentationArc xlink:type="arc" xlink:arcrole="http://www.xbrl.org/2003/arcrole/parent-child" xlink:from="SequentialNumbersAxis" xlink:to="Row42Member" order="42.0"/>
    <link:loc xlink:type="locator" xlink:href="../jpcrp_cor_2019-11-01.xsd#jpcrp_cor_Row43Member" xlink:label="Row43Member"/>
    <link:presentationArc xlink:type="arc" xlink:arcrole="http://www.xbrl.org/2003/arcrole/parent-child" xlink:from="SequentialNumbersAxis" xlink:to="Row43Member" order="43.0"/>
    <link:loc xlink:type="locator" xlink:href="../jpcrp_cor_2019-11-01.xsd#jpcrp_cor_Row44Member" xlink:label="Row44Member"/>
    <link:presentationArc xlink:type="arc" xlink:arcrole="http://www.xbrl.org/2003/arcrole/parent-child" xlink:from="SequentialNumbersAxis" xlink:to="Row44Member" order="44.0"/>
    <link:loc xlink:type="locator" xlink:href="../jpcrp_cor_2019-11-01.xsd#jpcrp_cor_Row45Member" xlink:label="Row45Member"/>
    <link:presentationArc xlink:type="arc" xlink:arcrole="http://www.xbrl.org/2003/arcrole/parent-child" xlink:from="SequentialNumbersAxis" xlink:to="Row45Member" order="45.0"/>
    <link:loc xlink:type="locator" xlink:href="../jpcrp_cor_2019-11-01.xsd#jpcrp_cor_Row46Member" xlink:label="Row46Member"/>
    <link:presentationArc xlink:type="arc" xlink:arcrole="http://www.xbrl.org/2003/arcrole/parent-child" xlink:from="SequentialNumbersAxis" xlink:to="Row46Member" order="46.0"/>
    <link:loc xlink:type="locator" xlink:href="../jpcrp_cor_2019-11-01.xsd#jpcrp_cor_Row47Member" xlink:label="Row47Member"/>
    <link:presentationArc xlink:type="arc" xlink:arcrole="http://www.xbrl.org/2003/arcrole/parent-child" xlink:from="SequentialNumbersAxis" xlink:to="Row47Member" order="47.0"/>
    <link:loc xlink:type="locator" xlink:href="../jpcrp_cor_2019-11-01.xsd#jpcrp_cor_Row48Member" xlink:label="Row48Member"/>
    <link:presentationArc xlink:type="arc" xlink:arcrole="http://www.xbrl.org/2003/arcrole/parent-child" xlink:from="SequentialNumbersAxis" xlink:to="Row48Member" order="48.0"/>
    <link:loc xlink:type="locator" xlink:href="../jpcrp_cor_2019-11-01.xsd#jpcrp_cor_Row49Member" xlink:label="Row49Member"/>
    <link:presentationArc xlink:type="arc" xlink:arcrole="http://www.xbrl.org/2003/arcrole/parent-child" xlink:from="SequentialNumbersAxis" xlink:to="Row49Member" order="49.0"/>
    <link:loc xlink:type="locator" xlink:href="../jpcrp_cor_2019-11-01.xsd#jpcrp_cor_Row50Member" xlink:label="Row50Member"/>
    <link:presentationArc xlink:type="arc" xlink:arcrole="http://www.xbrl.org/2003/arcrole/parent-child" xlink:from="SequentialNumbersAxis" xlink:to="Row50Member" order="50.0"/>
    <link:loc xlink:type="locator" xlink:href="../jpcrp_cor_2019-11-01.xsd#jpcrp_cor_Row51Member" xlink:label="Row51Member"/>
    <link:presentationArc xlink:type="arc" xlink:arcrole="http://www.xbrl.org/2003/arcrole/parent-child" xlink:from="SequentialNumbersAxis" xlink:to="Row51Member" order="51.0"/>
    <link:loc xlink:type="locator" xlink:href="../jpcrp_cor_2019-11-01.xsd#jpcrp_cor_Row52Member" xlink:label="Row52Member"/>
    <link:presentationArc xlink:type="arc" xlink:arcrole="http://www.xbrl.org/2003/arcrole/parent-child" xlink:from="SequentialNumbersAxis" xlink:to="Row52Member" order="52.0"/>
    <link:loc xlink:type="locator" xlink:href="../jpcrp_cor_2019-11-01.xsd#jpcrp_cor_Row53Member" xlink:label="Row53Member"/>
    <link:presentationArc xlink:type="arc" xlink:arcrole="http://www.xbrl.org/2003/arcrole/parent-child" xlink:from="SequentialNumbersAxis" xlink:to="Row53Member" order="53.0"/>
    <link:loc xlink:type="locator" xlink:href="../jpcrp_cor_2019-11-01.xsd#jpcrp_cor_Row54Member" xlink:label="Row54Member"/>
    <link:presentationArc xlink:type="arc" xlink:arcrole="http://www.xbrl.org/2003/arcrole/parent-child" xlink:from="SequentialNumbersAxis" xlink:to="Row54Member" order="54.0"/>
    <link:loc xlink:type="locator" xlink:href="../jpcrp_cor_2019-11-01.xsd#jpcrp_cor_Row55Member" xlink:label="Row55Member"/>
    <link:presentationArc xlink:type="arc" xlink:arcrole="http://www.xbrl.org/2003/arcrole/parent-child" xlink:from="SequentialNumbersAxis" xlink:to="Row55Member" order="55.0"/>
    <link:loc xlink:type="locator" xlink:href="../jpcrp_cor_2019-11-01.xsd#jpcrp_cor_Row56Member" xlink:label="Row56Member"/>
    <link:presentationArc xlink:type="arc" xlink:arcrole="http://www.xbrl.org/2003/arcrole/parent-child" xlink:from="SequentialNumbersAxis" xlink:to="Row56Member" order="56.0"/>
    <link:loc xlink:type="locator" xlink:href="../jpcrp_cor_2019-11-01.xsd#jpcrp_cor_Row57Member" xlink:label="Row57Member"/>
    <link:presentationArc xlink:type="arc" xlink:arcrole="http://www.xbrl.org/2003/arcrole/parent-child" xlink:from="SequentialNumbersAxis" xlink:to="Row57Member" order="57.0"/>
    <link:loc xlink:type="locator" xlink:href="../jpcrp_cor_2019-11-01.xsd#jpcrp_cor_Row58Member" xlink:label="Row58Member"/>
    <link:presentationArc xlink:type="arc" xlink:arcrole="http://www.xbrl.org/2003/arcrole/parent-child" xlink:from="SequentialNumbersAxis" xlink:to="Row58Member" order="58.0"/>
    <link:loc xlink:type="locator" xlink:href="../jpcrp_cor_2019-11-01.xsd#jpcrp_cor_Row59Member" xlink:label="Row59Member"/>
    <link:presentationArc xlink:type="arc" xlink:arcrole="http://www.xbrl.org/2003/arcrole/parent-child" xlink:from="SequentialNumbersAxis" xlink:to="Row59Member" order="59.0"/>
    <link:loc xlink:type="locator" xlink:href="../jpcrp_cor_2019-11-01.xsd#jpcrp_cor_Row60Member" xlink:label="Row60Member"/>
    <link:presentationArc xlink:type="arc" xlink:arcrole="http://www.xbrl.org/2003/arcrole/parent-child" xlink:from="SequentialNumbersAxis" xlink:to="Row60Member" order="60.0"/>
    <link:loc xlink:type="locator" xlink:href="../jpcrp_cor_2019-11-01.xsd#jpcrp_cor_Row4Member" xlink:label="Row4Member"/>
    <link:presentationArc xlink:type="arc" xlink:arcrole="http://www.xbrl.org/2003/arcrole/parent-child" xlink:from="SequentialNumbersAxis" xlink:to="Row4Member" order="4.0"/>
    <link:loc xlink:type="locator" xlink:href="../jpcrp_cor_2019-11-01.xsd#jpcrp_cor_Row5Member" xlink:label="Row5Member"/>
    <link:presentationArc xlink:type="arc" xlink:arcrole="http://www.xbrl.org/2003/arcrole/parent-child" xlink:from="SequentialNumbersAxis" xlink:to="Row5Member" order="5.0"/>
    <link:loc xlink:type="locator" xlink:href="../jpcrp_cor_2019-11-01.xsd#jpcrp_cor_Row6Member" xlink:label="Row6Member"/>
    <link:presentationArc xlink:type="arc" xlink:arcrole="http://www.xbrl.org/2003/arcrole/parent-child" xlink:from="SequentialNumbersAxis" xlink:to="Row6Member" order="6.0"/>
    <link:loc xlink:type="locator" xlink:href="../jpcrp_cor_2019-11-01.xsd#jpcrp_cor_Row7Member" xlink:label="Row7Member"/>
    <link:presentationArc xlink:type="arc" xlink:arcrole="http://www.xbrl.org/2003/arcrole/parent-child" xlink:from="SequentialNumbersAxis" xlink:to="Row7Member" order="7.0"/>
    <link:loc xlink:type="locator" xlink:href="../jpcrp_cor_2019-11-01.xsd#jpcrp_cor_Row8Member" xlink:label="Row8Member"/>
    <link:presentationArc xlink:type="arc" xlink:arcrole="http://www.xbrl.org/2003/arcrole/parent-child" xlink:from="SequentialNumbersAxis" xlink:to="Row8Member" order="8.0"/>
    <link:loc xlink:type="locator" xlink:href="../jpcrp_cor_2019-11-01.xsd#jpcrp_cor_Row9Member" xlink:label="Row9Member"/>
    <link:presentationArc xlink:type="arc" xlink:arcrole="http://www.xbrl.org/2003/arcrole/parent-child" xlink:from="SequentialNumbersAxis" xlink:to="Row9Member" order="9.0"/>
    <link:loc xlink:type="locator" xlink:href="../jpcrp_cor_2019-11-01.xsd#jpcrp_cor_Row10Member" xlink:label="Row10Member"/>
    <link:presentationArc xlink:type="arc" xlink:arcrole="http://www.xbrl.org/2003/arcrole/parent-child" xlink:from="SequentialNumbersAxis" xlink:to="Row10Member" order="10.0"/>
    <link:loc xlink:type="locator" xlink:href="../jpcrp_cor_2019-11-01.xsd#jpcrp_cor_Row1Member" xlink:label="Row1Member"/>
    <link:presentationArc xlink:type="arc" xlink:arcrole="http://www.xbrl.org/2003/arcrole/parent-child" xlink:from="SequentialNumbersAxis" xlink:to="Row1Member" order="1.0"/>
    <link:loc xlink:type="locator" xlink:href="../jpcrp_cor_2019-11-01.xsd#jpcrp_cor_Row2Member" xlink:label="Row2Member"/>
    <link:presentationArc xlink:type="arc" xlink:arcrole="http://www.xbrl.org/2003/arcrole/parent-child" xlink:from="SequentialNumbersAxis" xlink:to="Row2Member" order="2.0"/>
    <link:loc xlink:type="locator" xlink:href="../jpcrp_cor_2019-11-01.xsd#jpcrp_cor_Row3Member" xlink:label="Row3Member"/>
    <link:presentationArc xlink:type="arc" xlink:arcrole="http://www.xbrl.org/2003/arcrole/parent-child" xlink:from="SequentialNumbersAxis" xlink:to="Row3Member" order="3.0"/>
    <link:loc xlink:type="locator" xlink:href="../jpcrp_cor_2019-11-01.xsd#jpcrp_cor_ShareholdingsHeading" xlink:label="ShareholdingsHeading"/>
    <link:loc xlink:type="locator" xlink:href="../jpcrp_cor_2019-11-01.xsd#jpcrp_cor_GroupCompanyHoldingLargestAmountOfInvestmentEquitySecuritiesInGroupEquitySecuritiesHeldAbstract" xlink:label="GroupCompanyHoldingLargestAmountOfInvestmentEquitySecuritiesInGroupEquitySecuritiesHeldAbstract"/>
    <link:presentationArc xlink:type="arc" xlink:arcrole="http://www.xbrl.org/2003/arcrole/parent-child" xlink:from="ShareholdingsHeading" xlink:to="GroupCompanyHoldingLargestAmountOfInvestmentEquitySecuritiesInGroupEquitySecuritiesHeldAbstract" order="1.0"/>
    <link:loc xlink:type="locator" xlink:href="../jpcrp_cor_2019-11-01.xsd#jpcrp_cor_DetailsOfSpecifiedInvestmentEquitySecuritiesHeldForPurposesOtherThanPureInvestmentLargestHoldingCompanyTable" xlink:label="DetailsOfSpecifiedInvestmentEquitySecuritiesHeldForPurposesOtherThanPureInvestmentLargestHoldingCompanyTable"/>
    <link:presentationArc xlink:type="arc" xlink:arcrole="http://www.xbrl.org/2003/arcrole/parent-child" xlink:from="GroupCompanyHoldingLargestAmountOfInvestmentEquitySecuritiesInGroupEquitySecuritiesHeldAbstract" xlink:to="DetailsOfSpecifiedInvestmentEquitySecuritiesHeldForPurposesOtherThanPureInvestmentLargestHoldingCompanyTable" order="1.0"/>
    <link:presentationArc xlink:type="arc" xlink:arcrole="http://www.xbrl.org/2003/arcrole/parent-child" xlink:from="DetailsOfSpecifiedInvestmentEquitySecuritiesHeldForPurposesOtherThanPureInvestmentLargestHoldingCompanyTable" xlink:to="SequentialNumbersAxis" order="1.0"/>
    <link:loc xlink:type="locator" xlink:href="../jpcrp_cor_2019-11-01.xsd#jpcrp_cor_DetailsOfSpecifiedInvestmentEquitySecuritiesHeldForPurposesOtherThanPureInvestmentLargestHoldingCompanyLineItems" xlink:label="DetailsOfSpecifiedInvestmentEquitySecuritiesHeldForPurposesOtherThanPureInvestmentLargestHoldingCompanyLineItems"/>
    <link:presentationArc xlink:type="arc" xlink:arcrole="http://www.xbrl.org/2003/arcrole/parent-child" xlink:from="GroupCompanyHoldingLargestAmountOfInvestmentEquitySecuritiesInGroupEquitySecuritiesHeldAbstract" xlink:to="DetailsOfSpecifiedInvestmentEquitySecuritiesHeldForPurposesOtherThanPureInvestmentLargestHoldingCompanyLineItems" order="2.0"/>
    <link:loc xlink:type="locator" xlink:href="../jpcrp_cor_2019-11-01.xsd#jpcrp_cor_NameOfSecuritiesDetailsOfSpecifiedInvestmentEquitySecuritiesHeldForPurposesOtherThanPureInvestmentLargestHoldingCompany" xlink:label="NameOfSecuritiesDetailsOfSpecifiedInvestmentEquitySecuritiesHeldForPurposesOtherThanPureInvestmentLargestHoldingCompany"/>
    <link:presentationArc xlink:type="arc" xlink:arcrole="http://www.xbrl.org/2003/arcrole/parent-child" xlink:from="DetailsOfSpecifiedInvestmentEquitySecuritiesHeldForPurposesOtherThanPureInvestmentLargestHoldingCompanyLineItems" xlink:to="NameOfSecuritiesDetailsOfSpecifiedInvestmentEquitySecuritiesHeldForPurposesOtherThanPureInvestmentLargestHoldingCompany" order="1.0"/>
    <link:loc xlink:type="locator" xlink:href="../jpcrp_cor_2019-11-01.xsd#jpcrp_cor_NumberOfSharesHeldDetailsOfSpecifiedInvestmentEquitySecuritiesHeldForPurposesOtherThanPureInvestmentLargestHoldingCompany" xlink:label="NumberOfSharesHeldDetailsOfSpecifiedInvestmentEquitySecuritiesHeldForPurposesOtherThanPureInvestmentLargestHoldingCompany"/>
    <link:presentationArc xlink:type="arc" xlink:arcrole="http://www.xbrl.org/2003/arcrole/parent-child" xlink:from="DetailsOfSpecifiedInvestmentEquitySecuritiesHeldForPurposesOtherThanPureInvestmentLargestHoldingCompanyLineItems" xlink:to="NumberOfSharesHeldDetailsOfSpecifiedInvestmentEquitySecuritiesHeldForPurposesOtherThanPureInvestmentLargestHoldingCompany" order="2.0"/>
    <link:loc xlink:type="locator" xlink:href="../jpcrp_cor_2019-11-01.xsd#jpcrp_cor_BookValueDetailsOfSpecifiedInvestmentEquitySecuritiesHeldForPurposesOtherThanPureInvestmentLargestHoldingCompany" xlink:label="BookValueDetailsOfSpecifiedInvestmentEquitySecuritiesHeldForPurposesOtherThanPureInvestmentLargestHoldingCompany"/>
    <link:presentationArc xlink:type="arc" xlink:arcrole="http://www.xbrl.org/2003/arcrole/parent-child" xlink:from="DetailsOfSpecifiedInvestmentEquitySecuritiesHeldForPurposesOtherThanPureInvestmentLargestHoldingCompanyLineItems" xlink:to="BookValueDetailsOfSpecifiedInvestmentEquitySecuritiesHeldForPurposesOtherThanPureInvestmentLargestHoldingCompany" order="3.0"/>
    <link:loc xlink:type="locator" xlink:href="../jpcrp_cor_2019-11-01.xsd#jpcrp_cor_PurposesOfHoldingDetailsOfSpecifiedInvestmentEquitySecuritiesHeldForPurposesOtherThanPureInvestmentLargestHoldingCompany" xlink:label="PurposesOfHoldingDetailsOfSpecifiedInvestmentEquitySecuritiesHeldForPurposesOtherThanPureInvestmentLargestHoldingCompany"/>
    <link:presentationArc xlink:type="arc" xlink:arcrole="http://www.xbrl.org/2003/arcrole/parent-child" xlink:from="DetailsOfSpecifiedInvestmentEquitySecuritiesHeldForPurposesOtherThanPureInvestmentLargestHoldingCompanyLineItems" xlink:to="PurposesOfHoldingDetailsOfSpecifiedInvestmentEquitySecuritiesHeldForPurposesOtherThanPureInvestmentLargestHoldingCompany" order="4.0"/>
    <link:loc xlink:type="locator" xlink:href="../jpcrp_cor_2019-11-01.xsd#jpcrp_cor_QuantitativeEffectsOfShareholdingDetailsOfSpecifiedInvestmentSharesHeldForPurposesOtherThanPureInvestmentLargestHoldingCompany" xlink:label="QuantitativeEffectsOfShareholdingDetailsOfSpecifiedInvestmentSharesHeldForPurposesOtherThanPureInvestmentLargestHoldingCompany"/>
    <link:presentationArc xlink:type="arc" xlink:arcrole="http://www.xbrl.org/2003/arcrole/parent-child" xlink:from="DetailsOfSpecifiedInvestmentEquitySecuritiesHeldForPurposesOtherThanPureInvestmentLargestHoldingCompanyLineItems" xlink:to="QuantitativeEffectsOfShareholdingDetailsOfSpecifiedInvestmentSharesHeldForPurposesOtherThanPureInvestmentLargestHoldingCompany" order="5.0"/>
    <link:loc xlink:type="locator" xlink:href="../jpcrp_cor_2019-11-01.xsd#jpcrp_cor_ReasonForIncreaseInNumberOfSharesDetailsOfSpecifiedInvestmentSharesHeldForPurposesOtherThanPureInvestmentLargestHoldingCompany" xlink:label="ReasonForIncreaseInNumberOfSharesDetailsOfSpecifiedInvestmentSharesHeldForPurposesOtherThanPureInvestmentLargestHoldingCompany"/>
    <link:presentationArc xlink:type="arc" xlink:arcrole="http://www.xbrl.org/2003/arcrole/parent-child" xlink:from="DetailsOfSpecifiedInvestmentEquitySecuritiesHeldForPurposesOtherThanPureInvestmentLargestHoldingCompanyLineItems" xlink:to="ReasonForIncreaseInNumberOfSharesDetailsOfSpecifiedInvestmentSharesHeldForPurposesOtherThanPureInvestmentLargestHoldingCompany" order="6.0"/>
    <link:loc xlink:type="locator" xlink:href="../jpcrp_cor_2019-11-01.xsd#jpcrp_cor_PurposeOfShareholdingQuantitativeEffectsOfShareholdingAndReasonForIncreaseInNumberOfSharesDetailsOfSpecifiedInvestmentSharesHeldForPurposesOtherThanPureInvestmentLargestHoldingCompany" xlink:label="PurposeOfShareholdingQuantitativeEffectsOfShareholdingAndReasonForIncreaseInNumberOfSharesDetailsOfSpecifiedInvestmentSharesHeldForPurposesOtherThanPureInvestmentLargestHoldingCompany"/>
    <link:presentationArc xlink:type="arc" xlink:arcrole="http://www.xbrl.org/2003/arcrole/parent-child" xlink:from="DetailsOfSpecifiedInvestmentEquitySecuritiesHeldForPurposesOtherThanPureInvestmentLargestHoldingCompanyLineItems" xlink:to="PurposeOfShareholdingQuantitativeEffectsOfShareholdingAndReasonForIncreaseInNumberOfSharesDetailsOfSpecifiedInvestmentSharesHeldForPurposesOtherThanPureInvestmentLargestHoldingCompany" order="7.0"/>
    <link:loc xlink:type="locator" xlink:href="../jpcrp_cor_2019-11-01.xsd#jpcrp_cor_WhetherIssuerOfAforementionedSharesHoldsReportingCompanysSharesDetailsOfSpecifiedInvestmentSharesHeldForPurposesOtherThanPureInvestmentLargestHoldingCompany" xlink:label="WhetherIssuerOfAforementionedSharesHoldsReportingCompanysSharesDetailsOfSpecifiedInvestmentSharesHeldForPurposesOtherThanPureInvestmentLargestHoldingCompany"/>
    <link:presentationArc xlink:type="arc" xlink:arcrole="http://www.xbrl.org/2003/arcrole/parent-child" xlink:from="DetailsOfSpecifiedInvestmentEquitySecuritiesHeldForPurposesOtherThanPureInvestmentLargestHoldingCompanyLineItems" xlink:to="WhetherIssuerOfAforementionedSharesHoldsReportingCompanysSharesDetailsOfSpecifiedInvestmentSharesHeldForPurposesOtherThanPureInvestmentLargestHoldingCompany" order="8.0"/>
  </link:presentationLink>
</link:linkbase>
