<?xml version="1.0" encoding="UTF-8"?>
<!--  (c) Financial Services Agency, The Japanese Government.
      All Rights Reserved.
      For intellectual property policy and authorized uses of EDINET Taxonomy,
      refer to “EDINET Taxonomy Legal Statement” at http://www.fsa.go.jp/search/EDINET_Taxonomy_Legal_Statement.html
-->
<link:linkbase xmlns:link="http://www.xbrl.org/2003/linkbase" xmlns:xsi="http://www.w3.org/2001/XMLSchema-instance" xmlns:xlink="http://www.w3.org/1999/xlink" xmlns:xbrli="http://www.xbrl.org/2003/instance">
  <link:roleRef roleURI="http://disclosure.edinet-fsa.go.jp/role/jpcrp/rol_std_NotesConsolidatedStatementOfCashFlows" xlink:type="simple" xlink:href="../jpcrp_rt_2019-11-01.xsd#rol_std_NotesConsolidatedStatementOfCashFlows"/>
  <link:presentationLink xlink:type="extended" xlink:role="http://disclosure.edinet-fsa.go.jp/role/jpcrp/rol_std_NotesConsolidatedStatementOfCashFlows">
    <link:loc xlink:type="locator" xlink:href="../../../jppfs/2019-11-01/jppfs_cor_2019-11-01.xsd#jppfs_cor_ConsolidatedOrNonConsolidatedAxis" xlink:label="ConsolidatedOrNonConsolidatedAxis"/>
    <link:loc xlink:type="locator" xlink:href="../../../jppfs/2019-11-01/jppfs_cor_2019-11-01.xsd#jppfs_cor_ConsolidatedMember" xlink:label="ConsolidatedMember"/>
    <link:presentationArc xlink:type="arc" xlink:arcrole="http://www.xbrl.org/2003/arcrole/parent-child" xlink:from="ConsolidatedOrNonConsolidatedAxis" xlink:to="ConsolidatedMember" order="1.0"/>
    <link:loc xlink:type="locator" xlink:href="../jpcrp_cor_2019-11-01.xsd#jpcrp_cor_NotesConsolidatedStatementOfCashFlowsHeading" xlink:label="NotesConsolidatedStatementOfCashFlowsHeading"/>
    <link:loc xlink:type="locator" xlink:href="../jpcrp_cor_2019-11-01.xsd#jpcrp_cor_NotesConsolidatedStatementOfCashFlowsTable" xlink:label="NotesConsolidatedStatementOfCashFlowsTable"/>
    <link:presentationArc xlink:type="arc" xlink:arcrole="http://www.xbrl.org/2003/arcrole/parent-child" xlink:from="NotesConsolidatedStatementOfCashFlowsHeading" xlink:to="NotesConsolidatedStatementOfCashFlowsTable" order="1.0"/>
    <link:presentationArc xlink:type="arc" xlink:arcrole="http://www.xbrl.org/2003/arcrole/parent-child" xlink:from="NotesConsolidatedStatementOfCashFlowsTable" xlink:to="ConsolidatedOrNonConsolidatedAxis" order="1.0"/>
    <link:loc xlink:type="locator" xlink:href="../jpcrp_cor_2019-11-01.xsd#jpcrp_cor_NotesConsolidatedStatementOfCashFlowsLineItems" xlink:label="NotesConsolidatedStatementOfCashFlowsLineItems"/>
    <link:presentationArc xlink:type="arc" xlink:arcrole="http://www.xbrl.org/2003/arcrole/parent-child" xlink:from="NotesConsolidatedStatementOfCashFlowsHeading" xlink:to="NotesConsolidatedStatementOfCashFlowsLineItems" order="2.0"/>
    <link:loc xlink:type="locator" xlink:href="../jpcrp_cor_2019-11-01.xsd#jpcrp_cor_ReconciliationOfEndingBalanceOfCashAndCashEquivalentsWithAccountBalancesPerBalanceSheetTextBlock" xlink:label="ReconciliationOfEndingBalanceOfCashAndCashEquivalentsWithAccountBalancesPerBalanceSheetTextBlock"/>
    <link:presentationArc xlink:type="arc" xlink:arcrole="http://www.xbrl.org/2003/arcrole/parent-child" xlink:from="NotesConsolidatedStatementOfCashFlowsLineItems" xlink:to="ReconciliationOfEndingBalanceOfCashAndCashEquivalentsWithAccountBalancesPerBalanceSheetTextBlock" order="1.0"/>
    <link:loc xlink:type="locator" xlink:href="../jpcrp_cor_2019-11-01.xsd#jpcrp_cor_MajorComponentsOfAssetsAndLiabilitiesOfConsolidatedSubsidiaryAcquiredByPurchaseOfSharesDuringReportingPeriodTextBlock" xlink:label="MajorComponentsOfAssetsAndLiabilitiesOfConsolidatedSubsidiaryAcquiredByPurchaseOfSharesDuringReportingPeriodTextBlock"/>
    <link:presentationArc xlink:type="arc" xlink:arcrole="http://www.xbrl.org/2003/arcrole/parent-child" xlink:from="NotesConsolidatedStatementOfCashFlowsLineItems" xlink:to="MajorComponentsOfAssetsAndLiabilitiesOfConsolidatedSubsidiaryAcquiredByPurchaseOfSharesDuringReportingPeriodTextBlock" order="2.0"/>
    <link:loc xlink:type="locator" xlink:href="../jpcrp_cor_2019-11-01.xsd#jpcrp_cor_MajorComponentsOfAssetsAndLiabilitiesOfConsolidatedSubsidiaryDisposedOfBySalesOfSharesDuringReportingPeriodTextBlock" xlink:label="MajorComponentsOfAssetsAndLiabilitiesOfConsolidatedSubsidiaryDisposedOfBySalesOfSharesDuringReportingPeriodTextBlock"/>
    <link:presentationArc xlink:type="arc" xlink:arcrole="http://www.xbrl.org/2003/arcrole/parent-child" xlink:from="NotesConsolidatedStatementOfCashFlowsLineItems" xlink:to="MajorComponentsOfAssetsAndLiabilitiesOfConsolidatedSubsidiaryDisposedOfBySalesOfSharesDuringReportingPeriodTextBlock" order="3.0"/>
    <link:loc xlink:type="locator" xlink:href="../jpcrp_cor_2019-11-01.xsd#jpcrp_cor_MajorComponentsOfAssetsAndLiabilitiesIncreasedOrDecreasedAsResultOfAcquisitionOrDisposalOfBusinessOrMergerEtcWherebyCashWasPaidOrReceivedAsConsiderationTextBlock" xlink:label="MajorComponentsOfAssetsAndLiabilitiesIncreasedOrDecreasedAsResultOfAcquisitionOrDisposalOfBusinessOrMergerEtcWherebyCashWasPaidOrReceivedAsConsiderationTextBlock"/>
    <link:presentationArc xlink:type="arc" xlink:arcrole="http://www.xbrl.org/2003/arcrole/parent-child" xlink:from="NotesConsolidatedStatementOfCashFlowsLineItems" xlink:to="MajorComponentsOfAssetsAndLiabilitiesIncreasedOrDecreasedAsResultOfAcquisitionOrDisposalOfBusinessOrMergerEtcWherebyCashWasPaidOrReceivedAsConsiderationTextBlock" order="4.0"/>
    <link:loc xlink:type="locator" xlink:href="../jpcrp_cor_2019-11-01.xsd#jpcrp_cor_DescriptionOfSignificantTransactionsNotRequiringUseOfCashOrCashEquivalentsTextBlock" xlink:label="DescriptionOfSignificantTransactionsNotRequiringUseOfCashOrCashEquivalentsTextBlock"/>
    <link:presentationArc xlink:type="arc" xlink:arcrole="http://www.xbrl.org/2003/arcrole/parent-child" xlink:from="NotesConsolidatedStatementOfCashFlowsLineItems" xlink:to="DescriptionOfSignificantTransactionsNotRequiringUseOfCashOrCashEquivalentsTextBlock" order="5.0"/>
    <link:loc xlink:type="locator" xlink:href="../jpcrp_cor_2019-11-01.xsd#jpcrp_cor_DescriptionOfFactThatCashFlowsFromUsedInInvestingActivitiesIncludeCashFlowsFromAssetManagementActivitiesRelatedToInsuranceBusinessINSTextBlock" xlink:label="DescriptionOfFactThatCashFlowsFromUsedInInvestingActivitiesIncludeCashFlowsFromAssetManagementActivitiesRelatedToInsuranceBusinessINSTextBlock"/>
    <link:presentationArc xlink:type="arc" xlink:arcrole="http://www.xbrl.org/2003/arcrole/parent-child" xlink:from="NotesConsolidatedStatementOfCashFlowsLineItems" xlink:to="DescriptionOfFactThatCashFlowsFromUsedInInvestingActivitiesIncludeCashFlowsFromAssetManagementActivitiesRelatedToInsuranceBusinessINSTextBlock" order="6.0"/>
  </link:presentationLink>
</link:linkbase>
