<?xml version="1.0" encoding="UTF-8"?>
<!--  (c) Financial Services Agency, The Japanese Government.
      All Rights Reserved.
      For intellectual property policy and authorized uses of EDINET Taxonomy,
      refer to “EDINET Taxonomy Legal Statement” at http://www.fsa.go.jp/search/EDINET_Taxonomy_Legal_Statement.html
-->
<link:linkbase xmlns:link="http://www.xbrl.org/2003/linkbase" xmlns:xsi="http://www.w3.org/2001/XMLSchema-instance" xmlns:xlink="http://www.w3.org/1999/xlink" xmlns:xbrli="http://www.xbrl.org/2003/instance">
  <link:roleRef roleURI="http://disclosure.edinet-fsa.go.jp/role/jpcrp/rol_std_IndependentAuditorsReport" xlink:type="simple" xlink:href="../jpcrp_rt_2018-03-31.xsd#rol_std_IndependentAuditorsReport"/>
  <link:presentationLink xlink:type="extended" xlink:role="http://disclosure.edinet-fsa.go.jp/role/jpcrp/rol_std_IndependentAuditorsReport">
    <link:loc xlink:type="locator" xlink:href="../jpcrp_cor_2018-03-31.xsd#jpcrp_cor_IndependentAuditorsReportHeading" xlink:label="IndependentAuditorsReportHeading"/>
    <link:loc xlink:type="locator" xlink:href="../jpcrp_cor_2018-03-31.xsd#jpcrp_cor_IndependentAuditorsReportConsolidatedTextBlock" xlink:label="IndependentAuditorsReportConsolidatedTextBlock"/>
    <link:presentationArc xlink:type="arc" xlink:arcrole="http://www.xbrl.org/2003/arcrole/parent-child" xlink:from="IndependentAuditorsReportHeading" xlink:to="IndependentAuditorsReportConsolidatedTextBlock" priority="0" order="1.0"/>
    <link:loc xlink:type="locator" xlink:href="../jpcrp_cor_2018-03-31.xsd#jpcrp_cor_AuditFirm1Consolidated" xlink:label="AuditFirm1Consolidated"/>
    <link:presentationArc xlink:type="arc" xlink:arcrole="http://www.xbrl.org/2003/arcrole/parent-child" xlink:from="IndependentAuditorsReportConsolidatedTextBlock" xlink:to="AuditFirm1Consolidated" priority="0" order="1.0"/>
    <link:loc xlink:type="locator" xlink:href="../jpcrp_cor_2018-03-31.xsd#jpcrp_cor_CPA1AuditFirm1Consolidated" xlink:label="CPA1AuditFirm1Consolidated"/>
    <link:presentationArc xlink:type="arc" xlink:arcrole="http://www.xbrl.org/2003/arcrole/parent-child" xlink:from="AuditFirm1Consolidated" xlink:to="CPA1AuditFirm1Consolidated" priority="0" order="1.0"/>
    <link:loc xlink:type="locator" xlink:href="../jpcrp_cor_2018-03-31.xsd#jpcrp_cor_CPA2AuditFirm1Consolidated" xlink:label="CPA2AuditFirm1Consolidated"/>
    <link:presentationArc xlink:type="arc" xlink:arcrole="http://www.xbrl.org/2003/arcrole/parent-child" xlink:from="AuditFirm1Consolidated" xlink:to="CPA2AuditFirm1Consolidated" priority="0" order="2.0"/>
    <link:loc xlink:type="locator" xlink:href="../jpcrp_cor_2018-03-31.xsd#jpcrp_cor_CPA3AuditFirm1Consolidated" xlink:label="CPA3AuditFirm1Consolidated"/>
    <link:presentationArc xlink:type="arc" xlink:arcrole="http://www.xbrl.org/2003/arcrole/parent-child" xlink:from="AuditFirm1Consolidated" xlink:to="CPA3AuditFirm1Consolidated" priority="0" order="3.0"/>
    <link:loc xlink:type="locator" xlink:href="../jpcrp_cor_2018-03-31.xsd#jpcrp_cor_CPA4AuditFirm1Consolidated" xlink:label="CPA4AuditFirm1Consolidated"/>
    <link:presentationArc xlink:type="arc" xlink:arcrole="http://www.xbrl.org/2003/arcrole/parent-child" xlink:from="AuditFirm1Consolidated" xlink:to="CPA4AuditFirm1Consolidated" priority="0" order="4.0"/>
    <link:loc xlink:type="locator" xlink:href="../jpcrp_cor_2018-03-31.xsd#jpcrp_cor_CPA5AuditFirm1Consolidated" xlink:label="CPA5AuditFirm1Consolidated"/>
    <link:presentationArc xlink:type="arc" xlink:arcrole="http://www.xbrl.org/2003/arcrole/parent-child" xlink:from="AuditFirm1Consolidated" xlink:to="CPA5AuditFirm1Consolidated" priority="0" order="5.0"/>
    <link:loc xlink:type="locator" xlink:href="../jpcrp_cor_2018-03-31.xsd#jpcrp_cor_AuditFirm2Consolidated" xlink:label="AuditFirm2Consolidated"/>
    <link:presentationArc xlink:type="arc" xlink:arcrole="http://www.xbrl.org/2003/arcrole/parent-child" xlink:from="IndependentAuditorsReportConsolidatedTextBlock" xlink:to="AuditFirm2Consolidated" priority="0" order="2.0"/>
    <link:loc xlink:type="locator" xlink:href="../jpcrp_cor_2018-03-31.xsd#jpcrp_cor_CPA1AuditFirm2Consolidated" xlink:label="CPA1AuditFirm2Consolidated"/>
    <link:presentationArc xlink:type="arc" xlink:arcrole="http://www.xbrl.org/2003/arcrole/parent-child" xlink:from="AuditFirm2Consolidated" xlink:to="CPA1AuditFirm2Consolidated" priority="0" order="1.0"/>
    <link:loc xlink:type="locator" xlink:href="../jpcrp_cor_2018-03-31.xsd#jpcrp_cor_CPA2AuditFirm2Consolidated" xlink:label="CPA2AuditFirm2Consolidated"/>
    <link:presentationArc xlink:type="arc" xlink:arcrole="http://www.xbrl.org/2003/arcrole/parent-child" xlink:from="AuditFirm2Consolidated" xlink:to="CPA2AuditFirm2Consolidated" priority="0" order="2.0"/>
    <link:loc xlink:type="locator" xlink:href="../jpcrp_cor_2018-03-31.xsd#jpcrp_cor_IndependentAuditorsReportNonConsolidatedTextBlock" xlink:label="IndependentAuditorsReportNonConsolidatedTextBlock"/>
    <link:presentationArc xlink:type="arc" xlink:arcrole="http://www.xbrl.org/2003/arcrole/parent-child" xlink:from="IndependentAuditorsReportHeading" xlink:to="IndependentAuditorsReportNonConsolidatedTextBlock" priority="0" order="2.0"/>
    <link:loc xlink:type="locator" xlink:href="../jpcrp_cor_2018-03-31.xsd#jpcrp_cor_AuditFirm1NonConsolidated" xlink:label="AuditFirm1NonConsolidated"/>
    <link:presentationArc xlink:type="arc" xlink:arcrole="http://www.xbrl.org/2003/arcrole/parent-child" xlink:from="IndependentAuditorsReportNonConsolidatedTextBlock" xlink:to="AuditFirm1NonConsolidated" priority="0" order="1.0"/>
    <link:loc xlink:type="locator" xlink:href="../jpcrp_cor_2018-03-31.xsd#jpcrp_cor_CPA1AuditFirm1NonConsolidated" xlink:label="CPA1AuditFirm1NonConsolidated"/>
    <link:presentationArc xlink:type="arc" xlink:arcrole="http://www.xbrl.org/2003/arcrole/parent-child" xlink:from="AuditFirm1NonConsolidated" xlink:to="CPA1AuditFirm1NonConsolidated" priority="0" order="1.0"/>
    <link:loc xlink:type="locator" xlink:href="../jpcrp_cor_2018-03-31.xsd#jpcrp_cor_CPA2AuditFirm1NonConsolidated" xlink:label="CPA2AuditFirm1NonConsolidated"/>
    <link:presentationArc xlink:type="arc" xlink:arcrole="http://www.xbrl.org/2003/arcrole/parent-child" xlink:from="AuditFirm1NonConsolidated" xlink:to="CPA2AuditFirm1NonConsolidated" priority="0" order="2.0"/>
    <link:loc xlink:type="locator" xlink:href="../jpcrp_cor_2018-03-31.xsd#jpcrp_cor_CPA3AuditFirm1NonConsolidated" xlink:label="CPA3AuditFirm1NonConsolidated"/>
    <link:presentationArc xlink:type="arc" xlink:arcrole="http://www.xbrl.org/2003/arcrole/parent-child" xlink:from="AuditFirm1NonConsolidated" xlink:to="CPA3AuditFirm1NonConsolidated" priority="0" order="3.0"/>
    <link:loc xlink:type="locator" xlink:href="../jpcrp_cor_2018-03-31.xsd#jpcrp_cor_CPA4AuditFirm1NonConsolidated" xlink:label="CPA4AuditFirm1NonConsolidated"/>
    <link:presentationArc xlink:type="arc" xlink:arcrole="http://www.xbrl.org/2003/arcrole/parent-child" xlink:from="AuditFirm1NonConsolidated" xlink:to="CPA4AuditFirm1NonConsolidated" priority="0" order="4.0"/>
    <link:loc xlink:type="locator" xlink:href="../jpcrp_cor_2018-03-31.xsd#jpcrp_cor_CPA5AuditFirm1NonConsolidated" xlink:label="CPA5AuditFirm1NonConsolidated"/>
    <link:presentationArc xlink:type="arc" xlink:arcrole="http://www.xbrl.org/2003/arcrole/parent-child" xlink:from="AuditFirm1NonConsolidated" xlink:to="CPA5AuditFirm1NonConsolidated" priority="0" order="5.0"/>
    <link:loc xlink:type="locator" xlink:href="../jpcrp_cor_2018-03-31.xsd#jpcrp_cor_AuditFirm2NonConsolidated" xlink:label="AuditFirm2NonConsolidated"/>
    <link:presentationArc xlink:type="arc" xlink:arcrole="http://www.xbrl.org/2003/arcrole/parent-child" xlink:from="IndependentAuditorsReportNonConsolidatedTextBlock" xlink:to="AuditFirm2NonConsolidated" priority="0" order="2.0"/>
    <link:loc xlink:type="locator" xlink:href="../jpcrp_cor_2018-03-31.xsd#jpcrp_cor_CPA1AuditFirm2NonConsolidated" xlink:label="CPA1AuditFirm2NonConsolidated"/>
    <link:presentationArc xlink:type="arc" xlink:arcrole="http://www.xbrl.org/2003/arcrole/parent-child" xlink:from="AuditFirm2NonConsolidated" xlink:to="CPA1AuditFirm2NonConsolidated" priority="0" order="1.0"/>
    <link:loc xlink:type="locator" xlink:href="../jpcrp_cor_2018-03-31.xsd#jpcrp_cor_CPA2AuditFirm2NonConsolidated" xlink:label="CPA2AuditFirm2NonConsolidated"/>
    <link:presentationArc xlink:type="arc" xlink:arcrole="http://www.xbrl.org/2003/arcrole/parent-child" xlink:from="AuditFirm2NonConsolidated" xlink:to="CPA2AuditFirm2NonConsolidated" priority="0" order="2.0"/>
    <link:loc xlink:type="locator" xlink:href="../jpcrp_cor_2018-03-31.xsd#jpcrp_cor_IndependentAuditorsReportQuarterlyOrSemiAnnualPeriodOfNextFiscalYearConsolidatedTextBlock" xlink:label="IndependentAuditorsReportQuarterlyOrSemiAnnualPeriodOfNextFiscalYearConsolidatedTextBlock"/>
    <link:presentationArc xlink:type="arc" xlink:arcrole="http://www.xbrl.org/2003/arcrole/parent-child" xlink:from="IndependentAuditorsReportHeading" xlink:to="IndependentAuditorsReportQuarterlyOrSemiAnnualPeriodOfNextFiscalYearConsolidatedTextBlock" priority="0" order="3.0"/>
    <link:loc xlink:type="locator" xlink:href="../jpcrp_cor_2018-03-31.xsd#jpcrp_cor_AuditFirm1QuarterlyOrSemiAnnualPeriodOfNextFiscalYearConsolidated" xlink:label="AuditFirm1QuarterlyOrSemiAnnualPeriodOfNextFiscalYearConsolidated"/>
    <link:presentationArc xlink:type="arc" xlink:arcrole="http://www.xbrl.org/2003/arcrole/parent-child" xlink:from="IndependentAuditorsReportQuarterlyOrSemiAnnualPeriodOfNextFiscalYearConsolidatedTextBlock" xlink:to="AuditFirm1QuarterlyOrSemiAnnualPeriodOfNextFiscalYearConsolidated" priority="0" order="1.0"/>
    <link:loc xlink:type="locator" xlink:href="../jpcrp_cor_2018-03-31.xsd#jpcrp_cor_CPA1AuditFirm1QuarterlyOrSemiAnnualPeriodOfNextFiscalYearConsolidated" xlink:label="CPA1AuditFirm1QuarterlyOrSemiAnnualPeriodOfNextFiscalYearConsolidated"/>
    <link:presentationArc xlink:type="arc" xlink:arcrole="http://www.xbrl.org/2003/arcrole/parent-child" xlink:from="AuditFirm1QuarterlyOrSemiAnnualPeriodOfNextFiscalYearConsolidated" xlink:to="CPA1AuditFirm1QuarterlyOrSemiAnnualPeriodOfNextFiscalYearConsolidated" priority="0" order="1.0"/>
    <link:loc xlink:type="locator" xlink:href="../jpcrp_cor_2018-03-31.xsd#jpcrp_cor_CPA2AuditFirm1QuarterlyOrSemiAnnualPeriodOfNextFiscalYearConsolidated" xlink:label="CPA2AuditFirm1QuarterlyOrSemiAnnualPeriodOfNextFiscalYearConsolidated"/>
    <link:presentationArc xlink:type="arc" xlink:arcrole="http://www.xbrl.org/2003/arcrole/parent-child" xlink:from="AuditFirm1QuarterlyOrSemiAnnualPeriodOfNextFiscalYearConsolidated" xlink:to="CPA2AuditFirm1QuarterlyOrSemiAnnualPeriodOfNextFiscalYearConsolidated" priority="0" order="2.0"/>
    <link:loc xlink:type="locator" xlink:href="../jpcrp_cor_2018-03-31.xsd#jpcrp_cor_CPA3AuditFirm1QuarterlyOrSemiAnnualPeriodOfNextFiscalYearConsolidated" xlink:label="CPA3AuditFirm1QuarterlyOrSemiAnnualPeriodOfNextFiscalYearConsolidated"/>
    <link:presentationArc xlink:type="arc" xlink:arcrole="http://www.xbrl.org/2003/arcrole/parent-child" xlink:from="AuditFirm1QuarterlyOrSemiAnnualPeriodOfNextFiscalYearConsolidated" xlink:to="CPA3AuditFirm1QuarterlyOrSemiAnnualPeriodOfNextFiscalYearConsolidated" priority="0" order="3.0"/>
    <link:loc xlink:type="locator" xlink:href="../jpcrp_cor_2018-03-31.xsd#jpcrp_cor_CPA4AuditFirm1QuarterlyOrSemiAnnualPeriodOfNextFiscalYearConsolidated" xlink:label="CPA4AuditFirm1QuarterlyOrSemiAnnualPeriodOfNextFiscalYearConsolidated"/>
    <link:presentationArc xlink:type="arc" xlink:arcrole="http://www.xbrl.org/2003/arcrole/parent-child" xlink:from="AuditFirm1QuarterlyOrSemiAnnualPeriodOfNextFiscalYearConsolidated" xlink:to="CPA4AuditFirm1QuarterlyOrSemiAnnualPeriodOfNextFiscalYearConsolidated" priority="0" order="4.0"/>
    <link:loc xlink:type="locator" xlink:href="../jpcrp_cor_2018-03-31.xsd#jpcrp_cor_CPA5AuditFirm1QuarterlyOrSemiAnnualPeriodOfNextFiscalYearConsolidated" xlink:label="CPA5AuditFirm1QuarterlyOrSemiAnnualPeriodOfNextFiscalYearConsolidated"/>
    <link:presentationArc xlink:type="arc" xlink:arcrole="http://www.xbrl.org/2003/arcrole/parent-child" xlink:from="AuditFirm1QuarterlyOrSemiAnnualPeriodOfNextFiscalYearConsolidated" xlink:to="CPA5AuditFirm1QuarterlyOrSemiAnnualPeriodOfNextFiscalYearConsolidated" priority="0" order="5.0"/>
    <link:loc xlink:type="locator" xlink:href="../jpcrp_cor_2018-03-31.xsd#jpcrp_cor_AuditFirm2QuarterlyOrSemiAnnualPeriodOfNextFiscalYearConsolidated" xlink:label="AuditFirm2QuarterlyOrSemiAnnualPeriodOfNextFiscalYearConsolidated"/>
    <link:presentationArc xlink:type="arc" xlink:arcrole="http://www.xbrl.org/2003/arcrole/parent-child" xlink:from="IndependentAuditorsReportQuarterlyOrSemiAnnualPeriodOfNextFiscalYearConsolidatedTextBlock" xlink:to="AuditFirm2QuarterlyOrSemiAnnualPeriodOfNextFiscalYearConsolidated" priority="0" order="2.0"/>
    <link:loc xlink:type="locator" xlink:href="../jpcrp_cor_2018-03-31.xsd#jpcrp_cor_CPA1AuditFirm2QuarterlyOrSemiAnnualPeriodOfNextFiscalYearConsolidated" xlink:label="CPA1AuditFirm2QuarterlyOrSemiAnnualPeriodOfNextFiscalYearConsolidated"/>
    <link:presentationArc xlink:type="arc" xlink:arcrole="http://www.xbrl.org/2003/arcrole/parent-child" xlink:from="AuditFirm2QuarterlyOrSemiAnnualPeriodOfNextFiscalYearConsolidated" xlink:to="CPA1AuditFirm2QuarterlyOrSemiAnnualPeriodOfNextFiscalYearConsolidated" priority="0" order="1.0"/>
    <link:loc xlink:type="locator" xlink:href="../jpcrp_cor_2018-03-31.xsd#jpcrp_cor_CPA2AuditFirm2QuarterlyOrSemiAnnualPeriodOfNextFiscalYearConsolidated" xlink:label="CPA2AuditFirm2QuarterlyOrSemiAnnualPeriodOfNextFiscalYearConsolidated"/>
    <link:presentationArc xlink:type="arc" xlink:arcrole="http://www.xbrl.org/2003/arcrole/parent-child" xlink:from="AuditFirm2QuarterlyOrSemiAnnualPeriodOfNextFiscalYearConsolidated" xlink:to="CPA2AuditFirm2QuarterlyOrSemiAnnualPeriodOfNextFiscalYearConsolidated" priority="0" order="2.0"/>
    <link:loc xlink:type="locator" xlink:href="../jpcrp_cor_2018-03-31.xsd#jpcrp_cor_IndependentAuditorsReportQuarterlyOrSemiAnnualPeriodOfNextFiscalYearNonConsolidatedTextBlock" xlink:label="IndependentAuditorsReportQuarterlyOrSemiAnnualPeriodOfNextFiscalYearNonConsolidatedTextBlock"/>
    <link:presentationArc xlink:type="arc" xlink:arcrole="http://www.xbrl.org/2003/arcrole/parent-child" xlink:from="IndependentAuditorsReportHeading" xlink:to="IndependentAuditorsReportQuarterlyOrSemiAnnualPeriodOfNextFiscalYearNonConsolidatedTextBlock" priority="0" order="4.0"/>
    <link:loc xlink:type="locator" xlink:href="../jpcrp_cor_2018-03-31.xsd#jpcrp_cor_AuditFirm1QuarterlyOrSemiAnnualPeriodOfNextFiscalYearNonConsolidated" xlink:label="AuditFirm1QuarterlyOrSemiAnnualPeriodOfNextFiscalYearNonConsolidated"/>
    <link:presentationArc xlink:type="arc" xlink:arcrole="http://www.xbrl.org/2003/arcrole/parent-child" xlink:from="IndependentAuditorsReportQuarterlyOrSemiAnnualPeriodOfNextFiscalYearNonConsolidatedTextBlock" xlink:to="AuditFirm1QuarterlyOrSemiAnnualPeriodOfNextFiscalYearNonConsolidated" priority="0" order="1.0"/>
    <link:loc xlink:type="locator" xlink:href="../jpcrp_cor_2018-03-31.xsd#jpcrp_cor_CPA1AuditFirm1QuarterlyOrSemiAnnualPeriodOfNextFiscalYearNonConsolidated" xlink:label="CPA1AuditFirm1QuarterlyOrSemiAnnualPeriodOfNextFiscalYearNonConsolidated"/>
    <link:presentationArc xlink:type="arc" xlink:arcrole="http://www.xbrl.org/2003/arcrole/parent-child" xlink:from="AuditFirm1QuarterlyOrSemiAnnualPeriodOfNextFiscalYearNonConsolidated" xlink:to="CPA1AuditFirm1QuarterlyOrSemiAnnualPeriodOfNextFiscalYearNonConsolidated" priority="0" order="1.0"/>
    <link:loc xlink:type="locator" xlink:href="../jpcrp_cor_2018-03-31.xsd#jpcrp_cor_CPA2AuditFirm1QuarterlyOrSemiAnnualPeriodOfNextFiscalYearNonConsolidated" xlink:label="CPA2AuditFirm1QuarterlyOrSemiAnnualPeriodOfNextFiscalYearNonConsolidated"/>
    <link:presentationArc xlink:type="arc" xlink:arcrole="http://www.xbrl.org/2003/arcrole/parent-child" xlink:from="AuditFirm1QuarterlyOrSemiAnnualPeriodOfNextFiscalYearNonConsolidated" xlink:to="CPA2AuditFirm1QuarterlyOrSemiAnnualPeriodOfNextFiscalYearNonConsolidated" priority="0" order="2.0"/>
    <link:loc xlink:type="locator" xlink:href="../jpcrp_cor_2018-03-31.xsd#jpcrp_cor_CPA3AuditFirm1QuarterlyOrSemiAnnualPeriodOfNextFiscalYearNonConsolidated" xlink:label="CPA3AuditFirm1QuarterlyOrSemiAnnualPeriodOfNextFiscalYearNonConsolidated"/>
    <link:presentationArc xlink:type="arc" xlink:arcrole="http://www.xbrl.org/2003/arcrole/parent-child" xlink:from="AuditFirm1QuarterlyOrSemiAnnualPeriodOfNextFiscalYearNonConsolidated" xlink:to="CPA3AuditFirm1QuarterlyOrSemiAnnualPeriodOfNextFiscalYearNonConsolidated" priority="0" order="3.0"/>
    <link:loc xlink:type="locator" xlink:href="../jpcrp_cor_2018-03-31.xsd#jpcrp_cor_CPA4AuditFirm1QuarterlyOrSemiAnnualPeriodOfNextFiscalYearNonConsolidated" xlink:label="CPA4AuditFirm1QuarterlyOrSemiAnnualPeriodOfNextFiscalYearNonConsolidated"/>
    <link:presentationArc xlink:type="arc" xlink:arcrole="http://www.xbrl.org/2003/arcrole/parent-child" xlink:from="AuditFirm1QuarterlyOrSemiAnnualPeriodOfNextFiscalYearNonConsolidated" xlink:to="CPA4AuditFirm1QuarterlyOrSemiAnnualPeriodOfNextFiscalYearNonConsolidated" priority="0" order="4.0"/>
    <link:loc xlink:type="locator" xlink:href="../jpcrp_cor_2018-03-31.xsd#jpcrp_cor_CPA5AuditFirm1QuarterlyOrSemiAnnualPeriodOfNextFiscalYearNonConsolidated" xlink:label="CPA5AuditFirm1QuarterlyOrSemiAnnualPeriodOfNextFiscalYearNonConsolidated"/>
    <link:presentationArc xlink:type="arc" xlink:arcrole="http://www.xbrl.org/2003/arcrole/parent-child" xlink:from="AuditFirm1QuarterlyOrSemiAnnualPeriodOfNextFiscalYearNonConsolidated" xlink:to="CPA5AuditFirm1QuarterlyOrSemiAnnualPeriodOfNextFiscalYearNonConsolidated" priority="0" order="5.0"/>
    <link:loc xlink:type="locator" xlink:href="../jpcrp_cor_2018-03-31.xsd#jpcrp_cor_AuditFirm2QuarterlyOrSemiAnnualPeriodOfNextFiscalYearNonConsolidated" xlink:label="AuditFirm2QuarterlyOrSemiAnnualPeriodOfNextFiscalYearNonConsolidated"/>
    <link:presentationArc xlink:type="arc" xlink:arcrole="http://www.xbrl.org/2003/arcrole/parent-child" xlink:from="IndependentAuditorsReportQuarterlyOrSemiAnnualPeriodOfNextFiscalYearNonConsolidatedTextBlock" xlink:to="AuditFirm2QuarterlyOrSemiAnnualPeriodOfNextFiscalYearNonConsolidated" priority="0" order="2.0"/>
    <link:loc xlink:type="locator" xlink:href="../jpcrp_cor_2018-03-31.xsd#jpcrp_cor_CPA1AuditFirm2QuarterlyOrSemiAnnualPeriodOfNextFiscalYearNonConsolidated" xlink:label="CPA1AuditFirm2QuarterlyOrSemiAnnualPeriodOfNextFiscalYearNonConsolidated"/>
    <link:presentationArc xlink:type="arc" xlink:arcrole="http://www.xbrl.org/2003/arcrole/parent-child" xlink:from="AuditFirm2QuarterlyOrSemiAnnualPeriodOfNextFiscalYearNonConsolidated" xlink:to="CPA1AuditFirm2QuarterlyOrSemiAnnualPeriodOfNextFiscalYearNonConsolidated" priority="0" order="1.0"/>
    <link:loc xlink:type="locator" xlink:href="../jpcrp_cor_2018-03-31.xsd#jpcrp_cor_CPA2AuditFirm2QuarterlyOrSemiAnnualPeriodOfNextFiscalYearNonConsolidated" xlink:label="CPA2AuditFirm2QuarterlyOrSemiAnnualPeriodOfNextFiscalYearNonConsolidated"/>
    <link:presentationArc xlink:type="arc" xlink:arcrole="http://www.xbrl.org/2003/arcrole/parent-child" xlink:from="AuditFirm2QuarterlyOrSemiAnnualPeriodOfNextFiscalYearNonConsolidated" xlink:to="CPA2AuditFirm2QuarterlyOrSemiAnnualPeriodOfNextFiscalYearNonConsolidated" priority="0" order="2.0"/>
    <link:loc xlink:type="locator" xlink:href="../jpcrp_cor_2018-03-31.xsd#jpcrp_cor_IndependentAuditorsReportConsolidatedPriorYearTextBlock" xlink:label="IndependentAuditorsReportConsolidatedPriorYearTextBlock"/>
    <link:presentationArc xlink:type="arc" xlink:arcrole="http://www.xbrl.org/2003/arcrole/parent-child" xlink:from="IndependentAuditorsReportHeading" xlink:to="IndependentAuditorsReportConsolidatedPriorYearTextBlock" priority="0" order="5.0"/>
    <link:loc xlink:type="locator" xlink:href="../jpcrp_cor_2018-03-31.xsd#jpcrp_cor_AuditFirm1ConsolidatedPriorYear" xlink:label="AuditFirm1ConsolidatedPriorYear"/>
    <link:presentationArc xlink:type="arc" xlink:arcrole="http://www.xbrl.org/2003/arcrole/parent-child" xlink:from="IndependentAuditorsReportConsolidatedPriorYearTextBlock" xlink:to="AuditFirm1ConsolidatedPriorYear" priority="0" order="1.0"/>
    <link:loc xlink:type="locator" xlink:href="../jpcrp_cor_2018-03-31.xsd#jpcrp_cor_CPA1AuditFirm1ConsolidatedPriorYear" xlink:label="CPA1AuditFirm1ConsolidatedPriorYear"/>
    <link:presentationArc xlink:type="arc" xlink:arcrole="http://www.xbrl.org/2003/arcrole/parent-child" xlink:from="AuditFirm1ConsolidatedPriorYear" xlink:to="CPA1AuditFirm1ConsolidatedPriorYear" priority="0" order="1.0"/>
    <link:loc xlink:type="locator" xlink:href="../jpcrp_cor_2018-03-31.xsd#jpcrp_cor_CPA2AuditFirm1ConsolidatedPriorYear" xlink:label="CPA2AuditFirm1ConsolidatedPriorYear"/>
    <link:presentationArc xlink:type="arc" xlink:arcrole="http://www.xbrl.org/2003/arcrole/parent-child" xlink:from="AuditFirm1ConsolidatedPriorYear" xlink:to="CPA2AuditFirm1ConsolidatedPriorYear" priority="0" order="2.0"/>
    <link:loc xlink:type="locator" xlink:href="../jpcrp_cor_2018-03-31.xsd#jpcrp_cor_CPA3AuditFirm1ConsolidatedPriorYear" xlink:label="CPA3AuditFirm1ConsolidatedPriorYear"/>
    <link:presentationArc xlink:type="arc" xlink:arcrole="http://www.xbrl.org/2003/arcrole/parent-child" xlink:from="AuditFirm1ConsolidatedPriorYear" xlink:to="CPA3AuditFirm1ConsolidatedPriorYear" priority="0" order="3.0"/>
    <link:loc xlink:type="locator" xlink:href="../jpcrp_cor_2018-03-31.xsd#jpcrp_cor_CPA4AuditFirm1ConsolidatedPriorYear" xlink:label="CPA4AuditFirm1ConsolidatedPriorYear"/>
    <link:presentationArc xlink:type="arc" xlink:arcrole="http://www.xbrl.org/2003/arcrole/parent-child" xlink:from="AuditFirm1ConsolidatedPriorYear" xlink:to="CPA4AuditFirm1ConsolidatedPriorYear" priority="0" order="4.0"/>
    <link:loc xlink:type="locator" xlink:href="../jpcrp_cor_2018-03-31.xsd#jpcrp_cor_CPA5AuditFirm1ConsolidatedPriorYear" xlink:label="CPA5AuditFirm1ConsolidatedPriorYear"/>
    <link:presentationArc xlink:type="arc" xlink:arcrole="http://www.xbrl.org/2003/arcrole/parent-child" xlink:from="AuditFirm1ConsolidatedPriorYear" xlink:to="CPA5AuditFirm1ConsolidatedPriorYear" priority="0" order="5.0"/>
    <link:loc xlink:type="locator" xlink:href="../jpcrp_cor_2018-03-31.xsd#jpcrp_cor_AuditFirm2ConsolidatedPriorYear" xlink:label="AuditFirm2ConsolidatedPriorYear"/>
    <link:presentationArc xlink:type="arc" xlink:arcrole="http://www.xbrl.org/2003/arcrole/parent-child" xlink:from="IndependentAuditorsReportConsolidatedPriorYearTextBlock" xlink:to="AuditFirm2ConsolidatedPriorYear" priority="0" order="2.0"/>
    <link:loc xlink:type="locator" xlink:href="../jpcrp_cor_2018-03-31.xsd#jpcrp_cor_CPA1AuditFirm2ConsolidatedPriorYear" xlink:label="CPA1AuditFirm2ConsolidatedPriorYear"/>
    <link:presentationArc xlink:type="arc" xlink:arcrole="http://www.xbrl.org/2003/arcrole/parent-child" xlink:from="AuditFirm2ConsolidatedPriorYear" xlink:to="CPA1AuditFirm2ConsolidatedPriorYear" priority="0" order="1.0"/>
    <link:loc xlink:type="locator" xlink:href="../jpcrp_cor_2018-03-31.xsd#jpcrp_cor_CPA2AuditFirm2ConsolidatedPriorYear" xlink:label="CPA2AuditFirm2ConsolidatedPriorYear"/>
    <link:presentationArc xlink:type="arc" xlink:arcrole="http://www.xbrl.org/2003/arcrole/parent-child" xlink:from="AuditFirm2ConsolidatedPriorYear" xlink:to="CPA2AuditFirm2ConsolidatedPriorYear" priority="0" order="2.0"/>
    <link:loc xlink:type="locator" xlink:href="../jpcrp_cor_2018-03-31.xsd#jpcrp_cor_IndependentAuditorsReportNonConsolidatedPriorYearTextBlock" xlink:label="IndependentAuditorsReportNonConsolidatedPriorYearTextBlock"/>
    <link:presentationArc xlink:type="arc" xlink:arcrole="http://www.xbrl.org/2003/arcrole/parent-child" xlink:from="IndependentAuditorsReportHeading" xlink:to="IndependentAuditorsReportNonConsolidatedPriorYearTextBlock" priority="0" order="6.0"/>
    <link:loc xlink:type="locator" xlink:href="../jpcrp_cor_2018-03-31.xsd#jpcrp_cor_AuditFirm1NonConsolidatedPriorYear" xlink:label="AuditFirm1NonConsolidatedPriorYear"/>
    <link:presentationArc xlink:type="arc" xlink:arcrole="http://www.xbrl.org/2003/arcrole/parent-child" xlink:from="IndependentAuditorsReportNonConsolidatedPriorYearTextBlock" xlink:to="AuditFirm1NonConsolidatedPriorYear" priority="0" order="1.0"/>
    <link:loc xlink:type="locator" xlink:href="../jpcrp_cor_2018-03-31.xsd#jpcrp_cor_CPA1AuditFirm1NonConsolidatedPriorYear" xlink:label="CPA1AuditFirm1NonConsolidatedPriorYear"/>
    <link:presentationArc xlink:type="arc" xlink:arcrole="http://www.xbrl.org/2003/arcrole/parent-child" xlink:from="AuditFirm1NonConsolidatedPriorYear" xlink:to="CPA1AuditFirm1NonConsolidatedPriorYear" priority="0" order="1.0"/>
    <link:loc xlink:type="locator" xlink:href="../jpcrp_cor_2018-03-31.xsd#jpcrp_cor_CPA2AuditFirm1NonConsolidatedPriorYear" xlink:label="CPA2AuditFirm1NonConsolidatedPriorYear"/>
    <link:presentationArc xlink:type="arc" xlink:arcrole="http://www.xbrl.org/2003/arcrole/parent-child" xlink:from="AuditFirm1NonConsolidatedPriorYear" xlink:to="CPA2AuditFirm1NonConsolidatedPriorYear" priority="0" order="2.0"/>
    <link:loc xlink:type="locator" xlink:href="../jpcrp_cor_2018-03-31.xsd#jpcrp_cor_CPA3AuditFirm1NonConsolidatedPriorYear" xlink:label="CPA3AuditFirm1NonConsolidatedPriorYear"/>
    <link:presentationArc xlink:type="arc" xlink:arcrole="http://www.xbrl.org/2003/arcrole/parent-child" xlink:from="AuditFirm1NonConsolidatedPriorYear" xlink:to="CPA3AuditFirm1NonConsolidatedPriorYear" priority="0" order="3.0"/>
    <link:loc xlink:type="locator" xlink:href="../jpcrp_cor_2018-03-31.xsd#jpcrp_cor_CPA4AuditFirm1NonConsolidatedPriorYear" xlink:label="CPA4AuditFirm1NonConsolidatedPriorYear"/>
    <link:presentationArc xlink:type="arc" xlink:arcrole="http://www.xbrl.org/2003/arcrole/parent-child" xlink:from="AuditFirm1NonConsolidatedPriorYear" xlink:to="CPA4AuditFirm1NonConsolidatedPriorYear" priority="0" order="4.0"/>
    <link:loc xlink:type="locator" xlink:href="../jpcrp_cor_2018-03-31.xsd#jpcrp_cor_CPA5AuditFirm1NonConsolidatedPriorYear" xlink:label="CPA5AuditFirm1NonConsolidatedPriorYear"/>
    <link:presentationArc xlink:type="arc" xlink:arcrole="http://www.xbrl.org/2003/arcrole/parent-child" xlink:from="AuditFirm1NonConsolidatedPriorYear" xlink:to="CPA5AuditFirm1NonConsolidatedPriorYear" priority="0" order="5.0"/>
    <link:loc xlink:type="locator" xlink:href="../jpcrp_cor_2018-03-31.xsd#jpcrp_cor_AuditFirm2NonConsolidatedPriorYear" xlink:label="AuditFirm2NonConsolidatedPriorYear"/>
    <link:presentationArc xlink:type="arc" xlink:arcrole="http://www.xbrl.org/2003/arcrole/parent-child" xlink:from="IndependentAuditorsReportNonConsolidatedPriorYearTextBlock" xlink:to="AuditFirm2NonConsolidatedPriorYear" priority="0" order="2.0"/>
    <link:loc xlink:type="locator" xlink:href="../jpcrp_cor_2018-03-31.xsd#jpcrp_cor_CPA1AuditFirm2NonConsolidatedPriorYear" xlink:label="CPA1AuditFirm2NonConsolidatedPriorYear"/>
    <link:presentationArc xlink:type="arc" xlink:arcrole="http://www.xbrl.org/2003/arcrole/parent-child" xlink:from="AuditFirm2NonConsolidatedPriorYear" xlink:to="CPA1AuditFirm2NonConsolidatedPriorYear" priority="0" order="1.0"/>
    <link:loc xlink:type="locator" xlink:href="../jpcrp_cor_2018-03-31.xsd#jpcrp_cor_CPA2AuditFirm2NonConsolidatedPriorYear" xlink:label="CPA2AuditFirm2NonConsolidatedPriorYear"/>
    <link:presentationArc xlink:type="arc" xlink:arcrole="http://www.xbrl.org/2003/arcrole/parent-child" xlink:from="AuditFirm2NonConsolidatedPriorYear" xlink:to="CPA2AuditFirm2NonConsolidatedPriorYear" priority="0" order="2.0"/>
  </link:presentationLink>
</link:linkbase>
