<?xml version="1.0" encoding="UTF-8"?>
<!--  (c) Financial Services Agency, The Japanese Government.
      All Rights Reserved.
      For intellectual property policy and authorized uses of EDINET Taxonomy,
      refer to “EDINET Taxonomy Legal Statement” at http://www.fsa.go.jp/search/EDINET_Taxonomy_Legal_Statement.html
-->
<link:linkbase xmlns:link="http://www.xbrl.org/2003/linkbase" xmlns:xsi="http://www.w3.org/2001/XMLSchema-instance" xmlns:xlink="http://www.w3.org/1999/xlink" xmlns:xbrli="http://www.xbrl.org/2003/instance">
  <link:roleRef roleURI="http://disclosure.edinet-fsa.go.jp/role/jpcrp/rol_std_ExplanationAboutCorporateGovernance-19" xlink:type="simple" xlink:href="../jpcrp_rt_2018-03-31.xsd#rol_std_ExplanationAboutCorporateGovernance-19"/>
  <link:presentationLink xlink:type="extended" xlink:role="http://disclosure.edinet-fsa.go.jp/role/jpcrp/rol_std_ExplanationAboutCorporateGovernance-19">
    <link:loc xlink:type="locator" xlink:href="../jpcrp_cor_2018-03-31.xsd#jpcrp_cor_ExplanationAboutCorporateGovernanceHeading" xlink:label="ExplanationAboutCorporateGovernanceHeading"/>
    <link:loc xlink:type="locator" xlink:href="../jpcrp_cor_2018-03-31.xsd#jpcrp_cor_EquitySecuritiesHeldInformationAboutCorporateGovernanceAbstract" xlink:label="EquitySecuritiesHeldInformationAboutCorporateGovernanceAbstract"/>
    <link:presentationArc xlink:type="arc" xlink:arcrole="http://www.xbrl.org/2003/arcrole/parent-child" xlink:from="ExplanationAboutCorporateGovernanceHeading" xlink:to="EquitySecuritiesHeldInformationAboutCorporateGovernanceAbstract" priority="0" order="1.0"/>
    <link:loc xlink:type="locator" xlink:href="../jpcrp_cor_2018-03-31.xsd#jpcrp_cor_GroupCompanyHoldingSecondLargestAmountOfInvestmentEquitySecuritiesInGroupEquitySecuritiesHeldAbstract" xlink:label="GroupCompanyHoldingSecondLargestAmountOfInvestmentEquitySecuritiesInGroupEquitySecuritiesHeldAbstract"/>
    <link:presentationArc xlink:type="arc" xlink:arcrole="http://www.xbrl.org/2003/arcrole/parent-child" xlink:from="EquitySecuritiesHeldInformationAboutCorporateGovernanceAbstract" xlink:to="GroupCompanyHoldingSecondLargestAmountOfInvestmentEquitySecuritiesInGroupEquitySecuritiesHeldAbstract" priority="0" order="1.0"/>
    <link:loc xlink:type="locator" xlink:href="../jpcrp_cor_2018-03-31.xsd#jpcrp_cor_InvestmentEquitySecuritiesHeldForPureInvestmentSecondLargestHoldingCompanyAbstract" xlink:label="InvestmentEquitySecuritiesHeldForPureInvestmentSecondLargestHoldingCompanyAbstract"/>
    <link:presentationArc xlink:type="arc" xlink:arcrole="http://www.xbrl.org/2003/arcrole/parent-child" xlink:from="GroupCompanyHoldingSecondLargestAmountOfInvestmentEquitySecuritiesInGroupEquitySecuritiesHeldAbstract" xlink:to="InvestmentEquitySecuritiesHeldForPureInvestmentSecondLargestHoldingCompanyAbstract" priority="0" order="1.0"/>
    <link:loc xlink:type="locator" xlink:href="../jpcrp_cor_2018-03-31.xsd#jpcrp_cor_EquitySecuritiesNotListedInvestmentEquitySecuritiesHeldForPureInvestmentSecondLargestHoldingCompanyAbstract" xlink:label="EquitySecuritiesNotListedInvestmentEquitySecuritiesHeldForPureInvestmentSecondLargestHoldingCompanyAbstract"/>
    <link:presentationArc xlink:type="arc" xlink:arcrole="http://www.xbrl.org/2003/arcrole/parent-child" xlink:from="InvestmentEquitySecuritiesHeldForPureInvestmentSecondLargestHoldingCompanyAbstract" xlink:to="EquitySecuritiesNotListedInvestmentEquitySecuritiesHeldForPureInvestmentSecondLargestHoldingCompanyAbstract" priority="0" order="1.0"/>
    <link:loc xlink:type="locator" xlink:href="../jpcrp_cor_2018-03-31.xsd#jpcrp_cor_BookValueEquitySecuritiesNotListedInvestmentEquitySecuritiesHeldForPureInvestmentSecondLargestHoldingCompany" xlink:label="BookValueEquitySecuritiesNotListedInvestmentEquitySecuritiesHeldForPureInvestmentSecondLargestHoldingCompany"/>
    <link:presentationArc xlink:type="arc" xlink:arcrole="http://www.xbrl.org/2003/arcrole/parent-child" xlink:from="EquitySecuritiesNotListedInvestmentEquitySecuritiesHeldForPureInvestmentSecondLargestHoldingCompanyAbstract" xlink:to="BookValueEquitySecuritiesNotListedInvestmentEquitySecuritiesHeldForPureInvestmentSecondLargestHoldingCompany" priority="0" order="1.0"/>
    <link:loc xlink:type="locator" xlink:href="../jpcrp_cor_2018-03-31.xsd#jpcrp_cor_TotalOfDividendsReceivedEquitySecuritiesNotListedInvestmentEquitySecuritiesHeldForPureInvestmentSecondLargestHoldingCompany" xlink:label="TotalOfDividendsReceivedEquitySecuritiesNotListedInvestmentEquitySecuritiesHeldForPureInvestmentSecondLargestHoldingCompany"/>
    <link:presentationArc xlink:type="arc" xlink:arcrole="http://www.xbrl.org/2003/arcrole/parent-child" xlink:from="EquitySecuritiesNotListedInvestmentEquitySecuritiesHeldForPureInvestmentSecondLargestHoldingCompanyAbstract" xlink:to="TotalOfDividendsReceivedEquitySecuritiesNotListedInvestmentEquitySecuritiesHeldForPureInvestmentSecondLargestHoldingCompany" priority="0" order="2.0"/>
    <link:loc xlink:type="locator" xlink:href="../jpcrp_cor_2018-03-31.xsd#jpcrp_cor_TotalOfGainLossOnSaleEquitySecuritiesNotListedInvestmentEquitySecuritiesHeldForPureInvestmentSecondLargestHoldingCompany" xlink:label="TotalOfGainLossOnSaleEquitySecuritiesNotListedInvestmentEquitySecuritiesHeldForPureInvestmentSecondLargestHoldingCompany"/>
    <link:presentationArc xlink:type="arc" xlink:arcrole="http://www.xbrl.org/2003/arcrole/parent-child" xlink:from="EquitySecuritiesNotListedInvestmentEquitySecuritiesHeldForPureInvestmentSecondLargestHoldingCompanyAbstract" xlink:to="TotalOfGainLossOnSaleEquitySecuritiesNotListedInvestmentEquitySecuritiesHeldForPureInvestmentSecondLargestHoldingCompany" priority="0" order="3.0"/>
    <link:loc xlink:type="locator" xlink:href="../jpcrp_cor_2018-03-31.xsd#jpcrp_cor_TotalOfValuationGainLossEquitySecuritiesNotListedInvestmentEquitySecuritiesHeldForPureInvestmentSecondLargestHoldingCompany" xlink:label="TotalOfValuationGainLossEquitySecuritiesNotListedInvestmentEquitySecuritiesHeldForPureInvestmentSecondLargestHoldingCompany"/>
    <link:presentationArc xlink:type="arc" xlink:arcrole="http://www.xbrl.org/2003/arcrole/parent-child" xlink:from="EquitySecuritiesNotListedInvestmentEquitySecuritiesHeldForPureInvestmentSecondLargestHoldingCompanyAbstract" xlink:to="TotalOfValuationGainLossEquitySecuritiesNotListedInvestmentEquitySecuritiesHeldForPureInvestmentSecondLargestHoldingCompany" priority="0" order="4.0"/>
    <link:loc xlink:type="locator" xlink:href="../jpcrp_cor_2018-03-31.xsd#jpcrp_cor_EquitySecuritiesOtherThanThoseNotListedInvestmentEquitySecuritiesHeldForPureInvestmentSecondLargestHoldingCompanyAbstract" xlink:label="EquitySecuritiesOtherThanThoseNotListedInvestmentEquitySecuritiesHeldForPureInvestmentSecondLargestHoldingCompanyAbstract"/>
    <link:presentationArc xlink:type="arc" xlink:arcrole="http://www.xbrl.org/2003/arcrole/parent-child" xlink:from="InvestmentEquitySecuritiesHeldForPureInvestmentSecondLargestHoldingCompanyAbstract" xlink:to="EquitySecuritiesOtherThanThoseNotListedInvestmentEquitySecuritiesHeldForPureInvestmentSecondLargestHoldingCompanyAbstract" priority="0" order="2.0"/>
    <link:loc xlink:type="locator" xlink:href="../jpcrp_cor_2018-03-31.xsd#jpcrp_cor_BookValueEquitySecuritiesOtherThanThoseNotListedInvestmentEquitySecuritiesHeldForPureInvestmentSecondLargestHoldingCompany" xlink:label="BookValueEquitySecuritiesOtherThanThoseNotListedInvestmentEquitySecuritiesHeldForPureInvestmentSecondLargestHoldingCompany"/>
    <link:presentationArc xlink:type="arc" xlink:arcrole="http://www.xbrl.org/2003/arcrole/parent-child" xlink:from="EquitySecuritiesOtherThanThoseNotListedInvestmentEquitySecuritiesHeldForPureInvestmentSecondLargestHoldingCompanyAbstract" xlink:to="BookValueEquitySecuritiesOtherThanThoseNotListedInvestmentEquitySecuritiesHeldForPureInvestmentSecondLargestHoldingCompany" priority="0" order="1.0"/>
    <link:loc xlink:type="locator" xlink:href="../jpcrp_cor_2018-03-31.xsd#jpcrp_cor_TotalOfDividendsReceivedEquitySecuritiesOtherThanThoseNotListedInvestmentEquitySecuritiesHeldForPureInvestmentSecondLargestHoldingCompany" xlink:label="TotalOfDividendsReceivedEquitySecuritiesOtherThanThoseNotListedInvestmentEquitySecuritiesHeldForPureInvestmentSecondLargestHoldingCompany"/>
    <link:presentationArc xlink:type="arc" xlink:arcrole="http://www.xbrl.org/2003/arcrole/parent-child" xlink:from="EquitySecuritiesOtherThanThoseNotListedInvestmentEquitySecuritiesHeldForPureInvestmentSecondLargestHoldingCompanyAbstract" xlink:to="TotalOfDividendsReceivedEquitySecuritiesOtherThanThoseNotListedInvestmentEquitySecuritiesHeldForPureInvestmentSecondLargestHoldingCompany" priority="0" order="2.0"/>
    <link:loc xlink:type="locator" xlink:href="../jpcrp_cor_2018-03-31.xsd#jpcrp_cor_TotalOfGainLossOnSaleEquitySecuritiesOtherThanThoseNotListedInvestmentEquitySecuritiesHeldForPureInvestmentSecondLargestHoldingCompany" xlink:label="TotalOfGainLossOnSaleEquitySecuritiesOtherThanThoseNotListedInvestmentEquitySecuritiesHeldForPureInvestmentSecondLargestHoldingCompany"/>
    <link:presentationArc xlink:type="arc" xlink:arcrole="http://www.xbrl.org/2003/arcrole/parent-child" xlink:from="EquitySecuritiesOtherThanThoseNotListedInvestmentEquitySecuritiesHeldForPureInvestmentSecondLargestHoldingCompanyAbstract" xlink:to="TotalOfGainLossOnSaleEquitySecuritiesOtherThanThoseNotListedInvestmentEquitySecuritiesHeldForPureInvestmentSecondLargestHoldingCompany" priority="0" order="3.0"/>
    <link:loc xlink:type="locator" xlink:href="../jpcrp_cor_2018-03-31.xsd#jpcrp_cor_TotalOfValuationGainLossEquitySecuritiesOtherThanThoseNotListedInvestmentEquitySecuritiesHeldForPureInvestmentSecondLargestHoldingCompany" xlink:label="TotalOfValuationGainLossEquitySecuritiesOtherThanThoseNotListedInvestmentEquitySecuritiesHeldForPureInvestmentSecondLargestHoldingCompany"/>
    <link:presentationArc xlink:type="arc" xlink:arcrole="http://www.xbrl.org/2003/arcrole/parent-child" xlink:from="EquitySecuritiesOtherThanThoseNotListedInvestmentEquitySecuritiesHeldForPureInvestmentSecondLargestHoldingCompanyAbstract" xlink:to="TotalOfValuationGainLossEquitySecuritiesOtherThanThoseNotListedInvestmentEquitySecuritiesHeldForPureInvestmentSecondLargestHoldingCompany" priority="0" order="4.0"/>
  </link:presentationLink>
</link:linkbase>
