<?xml version="1.0" encoding="UTF-8"?>
<!--  (c) Financial Services Agency, The Japanese Government.
      All Rights Reserved.
      For intellectual property policy and authorized uses of EDINET Taxonomy,
      refer to “EDINET Taxonomy Legal Statement” at http://www.fsa.go.jp/search/EDINET_Taxonomy_Legal_Statement.html
-->
<link:linkbase xmlns:link="http://www.xbrl.org/2003/linkbase" xmlns:xsi="http://www.w3.org/2001/XMLSchema-instance" xmlns:xbrldt="http://xbrl.org/2005/xbrldt" xmlns:xlink="http://www.w3.org/1999/xlink" xmlns:xbrli="http://www.xbrl.org/2003/instance">
  <link:roleRef roleURI="http://disclosure.edinet-fsa.go.jp/role/jpcrp/rol_std_NotesQuarterlyConsolidatedBalanceSheet" xlink:type="simple" xlink:href="../jpcrp_rt_2018-03-31.xsd#rol_std_NotesQuarterlyConsolidatedBalanceSheet"/>
  <link:arcroleRef arcroleURI="http://xbrl.org/int/dim/arcrole/all" xlink:type="simple" xlink:href="http://www.xbrl.org/2005/xbrldt-2005.xsd#all"/>
  <link:arcroleRef arcroleURI="http://xbrl.org/int/dim/arcrole/dimension-default" xlink:type="simple" xlink:href="http://www.xbrl.org/2005/xbrldt-2005.xsd#dimension-default"/>
  <link:arcroleRef arcroleURI="http://xbrl.org/int/dim/arcrole/dimension-domain" xlink:type="simple" xlink:href="http://www.xbrl.org/2005/xbrldt-2005.xsd#dimension-domain"/>
  <link:arcroleRef arcroleURI="http://xbrl.org/int/dim/arcrole/domain-member" xlink:type="simple" xlink:href="http://www.xbrl.org/2005/xbrldt-2005.xsd#domain-member"/>
  <link:arcroleRef arcroleURI="http://xbrl.org/int/dim/arcrole/hypercube-dimension" xlink:type="simple" xlink:href="http://www.xbrl.org/2005/xbrldt-2005.xsd#hypercube-dimension"/>
  <link:definitionLink xlink:type="extended" xlink:role="http://disclosure.edinet-fsa.go.jp/role/jpcrp/rol_std_NotesQuarterlyConsolidatedBalanceSheet">
    <link:loc xlink:type="locator" xlink:href="../../../jppfs/2018-03-31/jppfs_cor_2018-03-31.xsd#jppfs_cor_ConsolidatedOrNonConsolidatedAxis" xlink:label="ConsolidatedOrNonConsolidatedAxis"/>
    <link:loc xlink:type="locator" xlink:href="../../../jppfs/2018-03-31/jppfs_cor_2018-03-31.xsd#jppfs_cor_ConsolidatedMember" xlink:label="ConsolidatedMember"/>
    <link:definitionArc xlink:type="arc" xlink:arcrole="http://xbrl.org/int/dim/arcrole/dimension-domain" xlink:from="ConsolidatedOrNonConsolidatedAxis" xlink:to="ConsolidatedMember" priority="0" order="1.0"/>
    <link:loc xlink:type="locator" xlink:href="../../../jppfs/2018-03-31/jppfs_cor_2018-03-31.xsd#jppfs_cor_ConsolidatedMember" xlink:label="ConsolidatedMember_2"/>
    <link:definitionArc xlink:type="arc" xlink:arcrole="http://xbrl.org/int/dim/arcrole/dimension-default" xlink:from="ConsolidatedOrNonConsolidatedAxis" xlink:to="ConsolidatedMember_2" priority="0" order="1.0"/>
    <link:loc xlink:type="locator" xlink:href="../jpcrp_cor_2018-03-31.xsd#jpcrp_cor_NotesRegardingInventoriesTextBlock" xlink:label="NotesRegardingInventoriesTextBlock"/>
    <link:loc xlink:type="locator" xlink:href="../../../jppfs/2018-03-31/jppfs_cor_2018-03-31.xsd#jppfs_cor_MerchandiseAndFinishedGoods" xlink:label="MerchandiseAndFinishedGoods"/>
    <link:definitionArc xlink:type="arc" xlink:arcrole="http://xbrl.org/int/dim/arcrole/domain-member" xlink:from="NotesRegardingInventoriesTextBlock" xlink:to="MerchandiseAndFinishedGoods" priority="0" order="1.0"/>
    <link:loc xlink:type="locator" xlink:href="../../../jppfs/2018-03-31/jppfs_cor_2018-03-31.xsd#jppfs_cor_WorkInProcess" xlink:label="WorkInProcess"/>
    <link:definitionArc xlink:type="arc" xlink:arcrole="http://xbrl.org/int/dim/arcrole/domain-member" xlink:from="NotesRegardingInventoriesTextBlock" xlink:to="WorkInProcess" priority="0" order="2.0"/>
    <link:loc xlink:type="locator" xlink:href="../../../jppfs/2018-03-31/jppfs_cor_2018-03-31.xsd#jppfs_cor_RawMaterialsAndSupplies" xlink:label="RawMaterialsAndSupplies"/>
    <link:definitionArc xlink:type="arc" xlink:arcrole="http://xbrl.org/int/dim/arcrole/domain-member" xlink:from="NotesRegardingInventoriesTextBlock" xlink:to="RawMaterialsAndSupplies" priority="0" order="3.0"/>
    <link:loc xlink:type="locator" xlink:href="../../../jppfs/2018-03-31/jppfs_cor_2018-03-31.xsd#jppfs_cor_Inventories" xlink:label="Inventories"/>
    <link:definitionArc xlink:type="arc" xlink:arcrole="http://xbrl.org/int/dim/arcrole/domain-member" xlink:from="NotesRegardingInventoriesTextBlock" xlink:to="Inventories" priority="0" order="4.0"/>
    <link:loc xlink:type="locator" xlink:href="../jpcrp_cor_2018-03-31.xsd#jpcrp_cor_NotesRegardingAllowancesDirectlyDeductedFromBalancesOfAssetsTextBlock" xlink:label="NotesRegardingAllowancesDirectlyDeductedFromBalancesOfAssetsTextBlock"/>
    <link:loc xlink:type="locator" xlink:href="../../../jppfs/2018-03-31/jppfs_cor_2018-03-31.xsd#jppfs_cor_AllowanceForDoubtfulAccountsCA" xlink:label="AllowanceForDoubtfulAccountsCA"/>
    <link:definitionArc xlink:type="arc" xlink:arcrole="http://xbrl.org/int/dim/arcrole/domain-member" xlink:from="NotesRegardingAllowancesDirectlyDeductedFromBalancesOfAssetsTextBlock" xlink:to="AllowanceForDoubtfulAccountsCA" priority="0" order="1.0"/>
    <link:loc xlink:type="locator" xlink:href="../../../jppfs/2018-03-31/jppfs_cor_2018-03-31.xsd#jppfs_cor_AllowanceForDoubtfulAccountsIOAByGroup" xlink:label="AllowanceForDoubtfulAccountsIOAByGroup"/>
    <link:definitionArc xlink:type="arc" xlink:arcrole="http://xbrl.org/int/dim/arcrole/domain-member" xlink:from="NotesRegardingAllowancesDirectlyDeductedFromBalancesOfAssetsTextBlock" xlink:to="AllowanceForDoubtfulAccountsIOAByGroup" priority="0" order="2.0"/>
    <link:loc xlink:type="locator" xlink:href="../../../jppfs/2018-03-31/jppfs_cor_2018-03-31.xsd#jppfs_cor_AllowanceForDoubtfulAccountsAccountsReceivableTrade" xlink:label="AllowanceForDoubtfulAccountsAccountsReceivableTrade"/>
    <link:definitionArc xlink:type="arc" xlink:arcrole="http://xbrl.org/int/dim/arcrole/domain-member" xlink:from="NotesRegardingAllowancesDirectlyDeductedFromBalancesOfAssetsTextBlock" xlink:to="AllowanceForDoubtfulAccountsAccountsReceivableTrade" priority="0" order="3.0"/>
    <link:loc xlink:type="locator" xlink:href="../../../jppfs/2018-03-31/jppfs_cor_2018-03-31.xsd#jppfs_cor_AllowanceForDoubtfulAccountsLongTermLoansReceivable" xlink:label="AllowanceForDoubtfulAccountsLongTermLoansReceivable"/>
    <link:definitionArc xlink:type="arc" xlink:arcrole="http://xbrl.org/int/dim/arcrole/domain-member" xlink:from="NotesRegardingAllowancesDirectlyDeductedFromBalancesOfAssetsTextBlock" xlink:to="AllowanceForDoubtfulAccountsLongTermLoansReceivable" priority="0" order="4.0"/>
    <link:loc xlink:type="locator" xlink:href="../../../jppfs/2018-03-31/jppfs_cor_2018-03-31.xsd#jppfs_cor_AllowanceForDoubtfulAccountsClaimsInBankruptcyReorganizationClaimsAndOther" xlink:label="AllowanceForDoubtfulAccountsClaimsInBankruptcyReorganizationClaimsAndOther"/>
    <link:definitionArc xlink:type="arc" xlink:arcrole="http://xbrl.org/int/dim/arcrole/domain-member" xlink:from="NotesRegardingAllowancesDirectlyDeductedFromBalancesOfAssetsTextBlock" xlink:to="AllowanceForDoubtfulAccountsClaimsInBankruptcyReorganizationClaimsAndOther" priority="0" order="5.0"/>
    <link:loc xlink:type="locator" xlink:href="../jpcrp_cor_2018-03-31.xsd#jpcrp_cor_NotesRegardingTradeNotesReceivableDiscountedOrTransferredByEndorsementTextBlock" xlink:label="NotesRegardingTradeNotesReceivableDiscountedOrTransferredByEndorsementTextBlock"/>
    <link:loc xlink:type="locator" xlink:href="../jpcrp_cor_2018-03-31.xsd#jpcrp_cor_DiscountedTradeNotesReceivable" xlink:label="DiscountedTradeNotesReceivable"/>
    <link:definitionArc xlink:type="arc" xlink:arcrole="http://xbrl.org/int/dim/arcrole/domain-member" xlink:from="NotesRegardingTradeNotesReceivableDiscountedOrTransferredByEndorsementTextBlock" xlink:to="DiscountedTradeNotesReceivable" priority="0" order="1.0"/>
    <link:loc xlink:type="locator" xlink:href="../jpcrp_cor_2018-03-31.xsd#jpcrp_cor_TradeNotesReceivableTransferredByEndorsement" xlink:label="TradeNotesReceivableTransferredByEndorsement"/>
    <link:definitionArc xlink:type="arc" xlink:arcrole="http://xbrl.org/int/dim/arcrole/domain-member" xlink:from="NotesRegardingTradeNotesReceivableDiscountedOrTransferredByEndorsementTextBlock" xlink:to="TradeNotesReceivableTransferredByEndorsement" priority="0" order="2.0"/>
    <link:loc xlink:type="locator" xlink:href="../jpcrp_cor_2018-03-31.xsd#jpcrp_cor_NotesQuarterlyConsolidatedBalanceSheetHeading" xlink:label="NotesQuarterlyConsolidatedBalanceSheetHeading"/>
    <link:loc xlink:type="locator" xlink:href="../jpcrp_cor_2018-03-31.xsd#jpcrp_cor_NotesQuarterlyConsolidatedBalanceSheetTable" xlink:label="NotesQuarterlyConsolidatedBalanceSheetTable"/>
    <link:definitionArc xlink:type="arc" xlink:arcrole="http://xbrl.org/int/dim/arcrole/all" xlink:from="NotesQuarterlyConsolidatedBalanceSheetHeading" xlink:to="NotesQuarterlyConsolidatedBalanceSheetTable" priority="0" order="1.0" xbrldt:contextElement="scenario" xbrldt:closed="true"/>
    <link:definitionArc xlink:type="arc" xlink:arcrole="http://xbrl.org/int/dim/arcrole/hypercube-dimension" xlink:from="NotesQuarterlyConsolidatedBalanceSheetTable" xlink:to="ConsolidatedOrNonConsolidatedAxis" priority="0" order="1.0"/>
    <link:loc xlink:type="locator" xlink:href="../jpcrp_cor_2018-03-31.xsd#jpcrp_cor_NotesQuarterlyConsolidatedBalanceSheetLineItems" xlink:label="NotesQuarterlyConsolidatedBalanceSheetLineItems"/>
    <link:definitionArc xlink:type="arc" xlink:arcrole="http://xbrl.org/int/dim/arcrole/domain-member" xlink:from="NotesQuarterlyConsolidatedBalanceSheetHeading" xlink:to="NotesQuarterlyConsolidatedBalanceSheetLineItems" priority="0" order="1.0"/>
    <link:definitionArc xlink:type="arc" xlink:arcrole="http://xbrl.org/int/dim/arcrole/domain-member" xlink:from="NotesQuarterlyConsolidatedBalanceSheetLineItems" xlink:to="NotesRegardingInventoriesTextBlock" priority="0" order="1.0"/>
    <link:definitionArc xlink:type="arc" xlink:arcrole="http://xbrl.org/int/dim/arcrole/domain-member" xlink:from="NotesQuarterlyConsolidatedBalanceSheetLineItems" xlink:to="NotesRegardingAllowancesDirectlyDeductedFromBalancesOfAssetsTextBlock" priority="0" order="2.0"/>
    <link:loc xlink:type="locator" xlink:href="../jpcrp_cor_2018-03-31.xsd#jpcrp_cor_NotesRegardingPresentationOfGoodwillAndNegativeGoodwillTextBlock" xlink:label="NotesRegardingPresentationOfGoodwillAndNegativeGoodwillTextBlock"/>
    <link:definitionArc xlink:type="arc" xlink:arcrole="http://xbrl.org/int/dim/arcrole/domain-member" xlink:from="NotesQuarterlyConsolidatedBalanceSheetLineItems" xlink:to="NotesRegardingPresentationOfGoodwillAndNegativeGoodwillTextBlock" priority="0" order="3.0"/>
    <link:loc xlink:type="locator" xlink:href="../jpcrp_cor_2018-03-31.xsd#jpcrp_cor_NotesRegardingGuaranteeObligationsTextBlock" xlink:label="NotesRegardingGuaranteeObligationsTextBlock"/>
    <link:definitionArc xlink:type="arc" xlink:arcrole="http://xbrl.org/int/dim/arcrole/domain-member" xlink:from="NotesQuarterlyConsolidatedBalanceSheetLineItems" xlink:to="NotesRegardingGuaranteeObligationsTextBlock" priority="0" order="4.0"/>
    <link:definitionArc xlink:type="arc" xlink:arcrole="http://xbrl.org/int/dim/arcrole/domain-member" xlink:from="NotesQuarterlyConsolidatedBalanceSheetLineItems" xlink:to="NotesRegardingTradeNotesReceivableDiscountedOrTransferredByEndorsementTextBlock" priority="0" order="5.0"/>
    <link:loc xlink:type="locator" xlink:href="../jpcrp_cor_2018-03-31.xsd#jpcrp_cor_NotesRegardingPresentationOfNetAssetsOfDesignatedCorporationTextBlock" xlink:label="NotesRegardingPresentationOfNetAssetsOfDesignatedCorporationTextBlock"/>
    <link:definitionArc xlink:type="arc" xlink:arcrole="http://xbrl.org/int/dim/arcrole/domain-member" xlink:from="NotesQuarterlyConsolidatedBalanceSheetLineItems" xlink:to="NotesRegardingPresentationOfNetAssetsOfDesignatedCorporationTextBlock" priority="0" order="6.0"/>
    <link:loc xlink:type="locator" xlink:href="../jpcrp_cor_2018-03-31.xsd#jpcrp_cor_NotesRegardingPromissoryNotesDueOnBalanceSheetDateTextBlock" xlink:label="NotesRegardingPromissoryNotesDueOnBalanceSheetDateTextBlock"/>
    <link:definitionArc xlink:type="arc" xlink:arcrole="http://xbrl.org/int/dim/arcrole/domain-member" xlink:from="NotesQuarterlyConsolidatedBalanceSheetLineItems" xlink:to="NotesRegardingPromissoryNotesDueOnBalanceSheetDateTextBlock" priority="0" order="7.0"/>
  </link:definitionLink>
</link:linkbase>
