<?xml version="1.0" encoding="UTF-8"?>
<!--  (c) Financial Services Agency, The Japanese Government.
      All Rights Reserved.
      For intellectual property policy and authorized uses of EDINET Taxonomy,
      refer to “EDINET Taxonomy Legal Statement” at http://www.fsa.go.jp/search/EDINET_Taxonomy_Legal_Statement.html
-->
<link:linkbase xmlns:link="http://www.xbrl.org/2003/linkbase" xmlns:xsi="http://www.w3.org/2001/XMLSchema-instance" xmlns:xbrldt="http://xbrl.org/2005/xbrldt" xmlns:xlink="http://www.w3.org/1999/xlink" xmlns:xbrli="http://www.xbrl.org/2003/instance">
  <link:roleRef roleURI="http://disclosure.edinet-fsa.go.jp/role/jpcrp/rol_std_NotesQuarterlyStatementOfCashFlows" xlink:type="simple" xlink:href="../jpcrp_rt_2018-03-31.xsd#rol_std_NotesQuarterlyStatementOfCashFlows"/>
  <link:arcroleRef arcroleURI="http://xbrl.org/int/dim/arcrole/all" xlink:type="simple" xlink:href="http://www.xbrl.org/2005/xbrldt-2005.xsd#all"/>
  <link:arcroleRef arcroleURI="http://xbrl.org/int/dim/arcrole/dimension-domain" xlink:type="simple" xlink:href="http://www.xbrl.org/2005/xbrldt-2005.xsd#dimension-domain"/>
  <link:arcroleRef arcroleURI="http://xbrl.org/int/dim/arcrole/domain-member" xlink:type="simple" xlink:href="http://www.xbrl.org/2005/xbrldt-2005.xsd#domain-member"/>
  <link:arcroleRef arcroleURI="http://xbrl.org/int/dim/arcrole/hypercube-dimension" xlink:type="simple" xlink:href="http://www.xbrl.org/2005/xbrldt-2005.xsd#hypercube-dimension"/>
  <link:definitionLink xlink:type="extended" xlink:role="http://disclosure.edinet-fsa.go.jp/role/jpcrp/rol_std_NotesQuarterlyStatementOfCashFlows">
    <link:loc xlink:type="locator" xlink:href="../../../jppfs/2018-03-31/jppfs_cor_2018-03-31.xsd#jppfs_cor_ConsolidatedOrNonConsolidatedAxis" xlink:label="ConsolidatedOrNonConsolidatedAxis"/>
    <link:loc xlink:type="locator" xlink:href="../../../jppfs/2018-03-31/jppfs_cor_2018-03-31.xsd#jppfs_cor_NonConsolidatedMember" xlink:label="NonConsolidatedMember"/>
    <link:definitionArc xlink:type="arc" xlink:arcrole="http://xbrl.org/int/dim/arcrole/dimension-domain" xlink:from="ConsolidatedOrNonConsolidatedAxis" xlink:to="NonConsolidatedMember" priority="0" order="1.0"/>
    <link:loc xlink:type="locator" xlink:href="../jpcrp_cor_2018-03-31.xsd#jpcrp_cor_NotesQuarterlyStatementOfCashFlowsHeading" xlink:label="NotesQuarterlyStatementOfCashFlowsHeading"/>
    <link:loc xlink:type="locator" xlink:href="../jpcrp_cor_2018-03-31.xsd#jpcrp_cor_NotesQuarterlyStatementOfCashFlowsTable" xlink:label="NotesQuarterlyStatementOfCashFlowsTable"/>
    <link:definitionArc xlink:type="arc" xlink:arcrole="http://xbrl.org/int/dim/arcrole/all" xlink:from="NotesQuarterlyStatementOfCashFlowsHeading" xlink:to="NotesQuarterlyStatementOfCashFlowsTable" priority="0" order="1.0" xbrldt:contextElement="scenario" xbrldt:closed="true"/>
    <link:definitionArc xlink:type="arc" xlink:arcrole="http://xbrl.org/int/dim/arcrole/hypercube-dimension" xlink:from="NotesQuarterlyStatementOfCashFlowsTable" xlink:to="ConsolidatedOrNonConsolidatedAxis" priority="0" order="1.0"/>
    <link:loc xlink:type="locator" xlink:href="../jpcrp_cor_2018-03-31.xsd#jpcrp_cor_NotesQuarterlyStatementOfCashFlowsLineItems" xlink:label="NotesQuarterlyStatementOfCashFlowsLineItems"/>
    <link:definitionArc xlink:type="arc" xlink:arcrole="http://xbrl.org/int/dim/arcrole/domain-member" xlink:from="NotesQuarterlyStatementOfCashFlowsHeading" xlink:to="NotesQuarterlyStatementOfCashFlowsLineItems" priority="0" order="1.0"/>
    <link:loc xlink:type="locator" xlink:href="../jpcrp_cor_2018-03-31.xsd#jpcrp_cor_DescriptionOfFactThatQuarterlyStatementOfCashFlowsHasNotBeenPreparedTextBlock" xlink:label="DescriptionOfFactThatQuarterlyStatementOfCashFlowsHasNotBeenPreparedTextBlock"/>
    <link:definitionArc xlink:type="arc" xlink:arcrole="http://xbrl.org/int/dim/arcrole/domain-member" xlink:from="NotesQuarterlyStatementOfCashFlowsLineItems" xlink:to="DescriptionOfFactThatQuarterlyStatementOfCashFlowsHasNotBeenPreparedTextBlock" priority="0" order="1.0"/>
    <link:loc xlink:type="locator" xlink:href="../jpcrp_cor_2018-03-31.xsd#jpcrp_cor_ReconciliationOfEndingBalanceOfCashAndCashEquivalentsWithAccountBalancesPerBalanceSheetTextBlock" xlink:label="ReconciliationOfEndingBalanceOfCashAndCashEquivalentsWithAccountBalancesPerBalanceSheetTextBlock"/>
    <link:definitionArc xlink:type="arc" xlink:arcrole="http://xbrl.org/int/dim/arcrole/domain-member" xlink:from="NotesQuarterlyStatementOfCashFlowsLineItems" xlink:to="ReconciliationOfEndingBalanceOfCashAndCashEquivalentsWithAccountBalancesPerBalanceSheetTextBlock" priority="0" order="2.0"/>
    <link:loc xlink:type="locator" xlink:href="../jpcrp_cor_2018-03-31.xsd#jpcrp_cor_DescriptionOfFactThatCashFlowsFromUsedInInvestingActivitiesIncludeCashFlowsFromAssetManagementActivitiesRelatedToInsuranceBusinessINSTextBlock" xlink:label="DescriptionOfFactThatCashFlowsFromUsedInInvestingActivitiesIncludeCashFlowsFromAssetManagementActivitiesRelatedToInsuranceBusinessINSTextBlock"/>
    <link:definitionArc xlink:type="arc" xlink:arcrole="http://xbrl.org/int/dim/arcrole/domain-member" xlink:from="NotesQuarterlyStatementOfCashFlowsLineItems" xlink:to="DescriptionOfFactThatCashFlowsFromUsedInInvestingActivitiesIncludeCashFlowsFromAssetManagementActivitiesRelatedToInsuranceBusinessINSTextBlock" priority="0" order="3.0"/>
  </link:definitionLink>
</link:linkbase>
