<?xml version="1.0" encoding="UTF-8"?>
<!--  (c) Financial Services Agency, The Japanese Government.
      All Rights Reserved.
      For intellectual property policy and authorized uses of EDINET Taxonomy,
      refer to “EDINET Taxonomy Legal Statement” at http://www.fsa.go.jp/search/EDINET_Taxonomy_Legal_Statement.html
-->
<link:linkbase xmlns:link="http://www.xbrl.org/2003/linkbase" xmlns:xsi="http://www.w3.org/2001/XMLSchema-instance" xmlns:xlink="http://www.w3.org/1999/xlink" xmlns:xbrli="http://www.xbrl.org/2003/instance">
  <link:roleRef roleURI="http://disclosure.edinet-fsa.go.jp/role/jpcrp/rol_std_CabinetOfficeOrdinanceOnDisclosureOfCorporateInformationEtcFormNo112ShelfRegistrationStatement" xlink:type="simple" xlink:href="../jpcrp_rt_2018-03-31.xsd#rol_std_CabinetOfficeOrdinanceOnDisclosureOfCorporateInformationEtcFormNo112ShelfRegistrationStatement"/>
  <link:presentationLink xlink:type="extended" xlink:role="http://disclosure.edinet-fsa.go.jp/role/jpcrp/rol_std_CabinetOfficeOrdinanceOnDisclosureOfCorporateInformationEtcFormNo112ShelfRegistrationStatement">
    <link:loc xlink:type="locator" xlink:href="../jpcrp_cor_2018-03-31.xsd#jpcrp_cor_SecurityInformationHeading" xlink:label="SecurityInformationHeading"/>
    <link:loc xlink:type="locator" xlink:href="../jpcrp_cor_2018-03-31.xsd#jpcrp_cor_SpecialDisclosureAboutPublicOfferingOrSecondaryDistributionHeading" xlink:label="SpecialDisclosureAboutPublicOfferingOrSecondaryDistributionHeading"/>
    <link:presentationArc xlink:type="arc" xlink:arcrole="http://www.xbrl.org/2003/arcrole/parent-child" xlink:from="SecurityInformationHeading" xlink:to="SpecialDisclosureAboutPublicOfferingOrSecondaryDistributionHeading" priority="0" order="3.0"/>
    <link:loc xlink:type="locator" xlink:href="../jpcrp_cor_2018-03-31.xsd#jpcrp_cor_SpecialDisclosureAboutPublicOfferingOrSecondaryDistributionTextBlock" xlink:label="SpecialDisclosureAboutPublicOfferingOrSecondaryDistributionTextBlock"/>
    <link:presentationArc xlink:type="arc" xlink:arcrole="http://www.xbrl.org/2003/arcrole/parent-child" xlink:from="SpecialDisclosureAboutPublicOfferingOrSecondaryDistributionHeading" xlink:to="SpecialDisclosureAboutPublicOfferingOrSecondaryDistributionTextBlock" priority="0" order="1.0"/>
    <link:loc xlink:type="locator" xlink:href="../jpcrp_cor_2018-03-31.xsd#jpcrp_cor_ParticularsOfPublicOfferingHeading" xlink:label="ParticularsOfPublicOfferingHeading"/>
    <link:presentationArc xlink:type="arc" xlink:arcrole="http://www.xbrl.org/2003/arcrole/parent-child" xlink:from="SecurityInformationHeading" xlink:to="ParticularsOfPublicOfferingHeading" priority="0" order="1.0"/>
    <link:loc xlink:type="locator" xlink:href="../jpcrp_cor_2018-03-31.xsd#jpcrp_cor_ParticularsOfPublicOfferingTextBlock" xlink:label="ParticularsOfPublicOfferingTextBlock"/>
    <link:presentationArc xlink:type="arc" xlink:arcrole="http://www.xbrl.org/2003/arcrole/parent-child" xlink:from="ParticularsOfPublicOfferingHeading" xlink:to="ParticularsOfPublicOfferingTextBlock" priority="0" order="1.0"/>
    <link:loc xlink:type="locator" xlink:href="../jpcrp_cor_2018-03-31.xsd#jpcrp_cor_NewIssuanceOfCommercialPapersHeading" xlink:label="NewIssuanceOfCommercialPapersHeading"/>
    <link:presentationArc xlink:type="arc" xlink:arcrole="http://www.xbrl.org/2003/arcrole/parent-child" xlink:from="ParticularsOfPublicOfferingHeading" xlink:to="NewIssuanceOfCommercialPapersHeading" priority="0" order="2.0"/>
    <link:loc xlink:type="locator" xlink:href="../jpcrp_cor_2018-03-31.xsd#jpcrp_cor_NewIssuanceOfCommercialPapersTextBlock" xlink:label="NewIssuanceOfCommercialPapersTextBlock"/>
    <link:presentationArc xlink:type="arc" xlink:arcrole="http://www.xbrl.org/2003/arcrole/parent-child" xlink:from="NewIssuanceOfCommercialPapersHeading" xlink:to="NewIssuanceOfCommercialPapersTextBlock" priority="0" order="1.0"/>
    <link:loc xlink:type="locator" xlink:href="../jpcrp_cor_2018-03-31.xsd#jpcrp_cor_UseOfNetProceedsFromNewIssuanceHeading" xlink:label="UseOfNetProceedsFromNewIssuanceHeading"/>
    <link:presentationArc xlink:type="arc" xlink:arcrole="http://www.xbrl.org/2003/arcrole/parent-child" xlink:from="ParticularsOfPublicOfferingHeading" xlink:to="UseOfNetProceedsFromNewIssuanceHeading" priority="0" order="3.0"/>
    <link:loc xlink:type="locator" xlink:href="../jpcrp_cor_2018-03-31.xsd#jpcrp_cor_UseOfNetProceedsFromNewIssuanceTextBlock" xlink:label="UseOfNetProceedsFromNewIssuanceTextBlock"/>
    <link:presentationArc xlink:type="arc" xlink:arcrole="http://www.xbrl.org/2003/arcrole/parent-child" xlink:from="UseOfNetProceedsFromNewIssuanceHeading" xlink:to="UseOfNetProceedsFromNewIssuanceTextBlock" priority="0" order="1.0"/>
    <link:loc xlink:type="locator" xlink:href="../jpcrp_cor_2018-03-31.xsd#jpcrp_cor_ParticularsOfSecondaryDistributionHeading" xlink:label="ParticularsOfSecondaryDistributionHeading"/>
    <link:presentationArc xlink:type="arc" xlink:arcrole="http://www.xbrl.org/2003/arcrole/parent-child" xlink:from="SecurityInformationHeading" xlink:to="ParticularsOfSecondaryDistributionHeading" priority="0" order="2.0"/>
    <link:loc xlink:type="locator" xlink:href="../jpcrp_cor_2018-03-31.xsd#jpcrp_cor_ParticularsOfSecondaryDistributionTextBlock" xlink:label="ParticularsOfSecondaryDistributionTextBlock"/>
    <link:presentationArc xlink:type="arc" xlink:arcrole="http://www.xbrl.org/2003/arcrole/parent-child" xlink:from="ParticularsOfSecondaryDistributionHeading" xlink:to="ParticularsOfSecondaryDistributionTextBlock" priority="0" order="1.0"/>
    <link:loc xlink:type="locator" xlink:href="../jpcrp_cor_2018-03-31.xsd#jpcrp_cor_SecondaryDistributionOfCommercialPapersHeading" xlink:label="SecondaryDistributionOfCommercialPapersHeading"/>
    <link:presentationArc xlink:type="arc" xlink:arcrole="http://www.xbrl.org/2003/arcrole/parent-child" xlink:from="ParticularsOfSecondaryDistributionHeading" xlink:to="SecondaryDistributionOfCommercialPapersHeading" priority="0" order="2.0"/>
    <link:loc xlink:type="locator" xlink:href="../jpcrp_cor_2018-03-31.xsd#jpcrp_cor_SecondaryDistributionOfCommercialPapersTextBlock" xlink:label="SecondaryDistributionOfCommercialPapersTextBlock"/>
    <link:presentationArc xlink:type="arc" xlink:arcrole="http://www.xbrl.org/2003/arcrole/parent-child" xlink:from="SecondaryDistributionOfCommercialPapersHeading" xlink:to="SecondaryDistributionOfCommercialPapersTextBlock" priority="0" order="1.0"/>
    <link:loc xlink:type="locator" xlink:href="../jpcrp_cor_2018-03-31.xsd#jpcrp_cor_TermsOfSecondaryDistributionHeading" xlink:label="TermsOfSecondaryDistributionHeading"/>
    <link:presentationArc xlink:type="arc" xlink:arcrole="http://www.xbrl.org/2003/arcrole/parent-child" xlink:from="ParticularsOfSecondaryDistributionHeading" xlink:to="TermsOfSecondaryDistributionHeading" priority="0" order="3.0"/>
    <link:loc xlink:type="locator" xlink:href="../jpcrp_cor_2018-03-31.xsd#jpcrp_cor_TermsOfSecondaryDistributionTextBlock" xlink:label="TermsOfSecondaryDistributionTextBlock"/>
    <link:presentationArc xlink:type="arc" xlink:arcrole="http://www.xbrl.org/2003/arcrole/parent-child" xlink:from="TermsOfSecondaryDistributionHeading" xlink:to="TermsOfSecondaryDistributionTextBlock" priority="0" order="1.0"/>
    <link:loc xlink:type="locator" xlink:href="../jpcrp_cor_2018-03-31.xsd#jpcrp_cor_OtherInformationSecurityInformationHeading" xlink:label="OtherInformationSecurityInformationHeading"/>
    <link:presentationArc xlink:type="arc" xlink:arcrole="http://www.xbrl.org/2003/arcrole/parent-child" xlink:from="SecurityInformationHeading" xlink:to="OtherInformationSecurityInformationHeading" priority="0" order="4.0"/>
    <link:loc xlink:type="locator" xlink:href="../jpcrp_cor_2018-03-31.xsd#jpcrp_cor_OtherInformationSecurityInformationTextBlock" xlink:label="OtherInformationSecurityInformationTextBlock"/>
    <link:presentationArc xlink:type="arc" xlink:arcrole="http://www.xbrl.org/2003/arcrole/parent-child" xlink:from="OtherInformationSecurityInformationHeading" xlink:to="OtherInformationSecurityInformationTextBlock" priority="0" order="1.0"/>
    <link:loc xlink:type="locator" xlink:href="../jpcrp_cor_2018-03-31.xsd#jpcrp_cor_ReferenceInformationHeading" xlink:label="ReferenceInformationHeading"/>
    <link:loc xlink:type="locator" xlink:href="../jpcrp_cor_2018-03-31.xsd#jpcrp_cor_ReferenceDocumentsHeading" xlink:label="ReferenceDocumentsHeading"/>
    <link:presentationArc xlink:type="arc" xlink:arcrole="http://www.xbrl.org/2003/arcrole/parent-child" xlink:from="ReferenceInformationHeading" xlink:to="ReferenceDocumentsHeading" priority="0" order="1.0"/>
    <link:loc xlink:type="locator" xlink:href="../jpcrp_cor_2018-03-31.xsd#jpcrp_cor_AnnualSecuritiesReportAndAttachedDocumentsReferenceDocumentsHeading" xlink:label="AnnualSecuritiesReportAndAttachedDocumentsReferenceDocumentsHeading"/>
    <link:presentationArc xlink:type="arc" xlink:arcrole="http://www.xbrl.org/2003/arcrole/parent-child" xlink:from="ReferenceDocumentsHeading" xlink:to="AnnualSecuritiesReportAndAttachedDocumentsReferenceDocumentsHeading" priority="0" order="1.0"/>
    <link:loc xlink:type="locator" xlink:href="../jpcrp_cor_2018-03-31.xsd#jpcrp_cor_AnnualSecuritiesReportAndAttachedDocumentsReferenceDocumentsTextBlock" xlink:label="AnnualSecuritiesReportAndAttachedDocumentsReferenceDocumentsTextBlock"/>
    <link:presentationArc xlink:type="arc" xlink:arcrole="http://www.xbrl.org/2003/arcrole/parent-child" xlink:from="AnnualSecuritiesReportAndAttachedDocumentsReferenceDocumentsHeading" xlink:to="AnnualSecuritiesReportAndAttachedDocumentsReferenceDocumentsTextBlock" priority="0" order="1.0"/>
    <link:loc xlink:type="locator" xlink:href="../jpcrp_cor_2018-03-31.xsd#jpcrp_cor_QuarterlySecuritiesReportOrSemiAnnualSecuritiesReportReferenceDocumentsHeading" xlink:label="QuarterlySecuritiesReportOrSemiAnnualSecuritiesReportReferenceDocumentsHeading"/>
    <link:presentationArc xlink:type="arc" xlink:arcrole="http://www.xbrl.org/2003/arcrole/parent-child" xlink:from="ReferenceDocumentsHeading" xlink:to="QuarterlySecuritiesReportOrSemiAnnualSecuritiesReportReferenceDocumentsHeading" priority="0" order="2.0"/>
    <link:loc xlink:type="locator" xlink:href="../jpcrp_cor_2018-03-31.xsd#jpcrp_cor_QuarterlySecuritiesReportOrSemiAnnualSecuritiesReportReferenceDocumentsTextBlock" xlink:label="QuarterlySecuritiesReportOrSemiAnnualSecuritiesReportReferenceDocumentsTextBlock"/>
    <link:presentationArc xlink:type="arc" xlink:arcrole="http://www.xbrl.org/2003/arcrole/parent-child" xlink:from="QuarterlySecuritiesReportOrSemiAnnualSecuritiesReportReferenceDocumentsHeading" xlink:to="QuarterlySecuritiesReportOrSemiAnnualSecuritiesReportReferenceDocumentsTextBlock" priority="0" order="1.0"/>
    <link:loc xlink:type="locator" xlink:href="../jpcrp_cor_2018-03-31.xsd#jpcrp_cor_ExtraordinarySecuritiesReportReferenceDocumentsHeading" xlink:label="ExtraordinarySecuritiesReportReferenceDocumentsHeading"/>
    <link:presentationArc xlink:type="arc" xlink:arcrole="http://www.xbrl.org/2003/arcrole/parent-child" xlink:from="ReferenceDocumentsHeading" xlink:to="ExtraordinarySecuritiesReportReferenceDocumentsHeading" priority="0" order="3.0"/>
    <link:loc xlink:type="locator" xlink:href="../jpcrp_cor_2018-03-31.xsd#jpcrp_cor_ExtraordinarySecuritiesReportReferenceDocumentsTextBlock" xlink:label="ExtraordinarySecuritiesReportReferenceDocumentsTextBlock"/>
    <link:presentationArc xlink:type="arc" xlink:arcrole="http://www.xbrl.org/2003/arcrole/parent-child" xlink:from="ExtraordinarySecuritiesReportReferenceDocumentsHeading" xlink:to="ExtraordinarySecuritiesReportReferenceDocumentsTextBlock" priority="0" order="1.0"/>
    <link:loc xlink:type="locator" xlink:href="../jpcrp_cor_2018-03-31.xsd#jpcrp_cor_AmendmentReportReferenceDocumentsHeading" xlink:label="AmendmentReportReferenceDocumentsHeading"/>
    <link:presentationArc xlink:type="arc" xlink:arcrole="http://www.xbrl.org/2003/arcrole/parent-child" xlink:from="ReferenceDocumentsHeading" xlink:to="AmendmentReportReferenceDocumentsHeading" priority="0" order="4.0"/>
    <link:loc xlink:type="locator" xlink:href="../jpcrp_cor_2018-03-31.xsd#jpcrp_cor_AmendmentReportReferenceDocumentsTextBlock" xlink:label="AmendmentReportReferenceDocumentsTextBlock"/>
    <link:presentationArc xlink:type="arc" xlink:arcrole="http://www.xbrl.org/2003/arcrole/parent-child" xlink:from="AmendmentReportReferenceDocumentsHeading" xlink:to="AmendmentReportReferenceDocumentsTextBlock" priority="0" order="1.0"/>
    <link:loc xlink:type="locator" xlink:href="../jpcrp_cor_2018-03-31.xsd#jpcrp_cor_SupplementaryInformationAboutReferenceDocumentsHeading" xlink:label="SupplementaryInformationAboutReferenceDocumentsHeading"/>
    <link:presentationArc xlink:type="arc" xlink:arcrole="http://www.xbrl.org/2003/arcrole/parent-child" xlink:from="ReferenceInformationHeading" xlink:to="SupplementaryInformationAboutReferenceDocumentsHeading" priority="0" order="2.0"/>
    <link:loc xlink:type="locator" xlink:href="../jpcrp_cor_2018-03-31.xsd#jpcrp_cor_SupplementaryInformationAboutReferenceDocumentsTextBlock" xlink:label="SupplementaryInformationAboutReferenceDocumentsTextBlock"/>
    <link:presentationArc xlink:type="arc" xlink:arcrole="http://www.xbrl.org/2003/arcrole/parent-child" xlink:from="SupplementaryInformationAboutReferenceDocumentsHeading" xlink:to="SupplementaryInformationAboutReferenceDocumentsTextBlock" priority="0" order="1.0"/>
    <link:loc xlink:type="locator" xlink:href="../jpcrp_cor_2018-03-31.xsd#jpcrp_cor_PlaceForPublicInspectionOfReferenceDocumentsHeading" xlink:label="PlaceForPublicInspectionOfReferenceDocumentsHeading"/>
    <link:presentationArc xlink:type="arc" xlink:arcrole="http://www.xbrl.org/2003/arcrole/parent-child" xlink:from="ReferenceInformationHeading" xlink:to="PlaceForPublicInspectionOfReferenceDocumentsHeading" priority="0" order="3.0"/>
    <link:loc xlink:type="locator" xlink:href="../jpcrp_cor_2018-03-31.xsd#jpcrp_cor_PlaceForPublicInspectionOfReferenceDocumentsTextBlock" xlink:label="PlaceForPublicInspectionOfReferenceDocumentsTextBlock"/>
    <link:presentationArc xlink:type="arc" xlink:arcrole="http://www.xbrl.org/2003/arcrole/parent-child" xlink:from="PlaceForPublicInspectionOfReferenceDocumentsHeading" xlink:to="PlaceForPublicInspectionOfReferenceDocumentsTextBlock" priority="0" order="1.0"/>
    <link:loc xlink:type="locator" xlink:href="../jpcrp_cor_2018-03-31.xsd#jpcrp_cor_CabinetOfficeOrdinanceOnDisclosureOfCorporateInformationEtcFormNo112ShelfRegistrationStatementHeading" xlink:label="CabinetOfficeOrdinanceOnDisclosureOfCorporateInformationEtcFormNo112ShelfRegistrationStatementHeading"/>
    <link:loc xlink:type="locator" xlink:href="../jpcrp_cor_2018-03-31.xsd#jpcrp_cor_CoverPageHeading" xlink:label="CoverPageHeading"/>
    <link:presentationArc xlink:type="arc" xlink:arcrole="http://www.xbrl.org/2003/arcrole/parent-child" xlink:from="CabinetOfficeOrdinanceOnDisclosureOfCorporateInformationEtcFormNo112ShelfRegistrationStatementHeading" xlink:to="CoverPageHeading" priority="0" order="1.0"/>
    <link:presentationArc xlink:type="arc" xlink:arcrole="http://www.xbrl.org/2003/arcrole/parent-child" xlink:from="CabinetOfficeOrdinanceOnDisclosureOfCorporateInformationEtcFormNo112ShelfRegistrationStatementHeading" xlink:to="SecurityInformationHeading" priority="0" order="2.0"/>
    <link:presentationArc xlink:type="arc" xlink:arcrole="http://www.xbrl.org/2003/arcrole/parent-child" xlink:from="CabinetOfficeOrdinanceOnDisclosureOfCorporateInformationEtcFormNo112ShelfRegistrationStatementHeading" xlink:to="ReferenceInformationHeading" priority="0" order="3.0"/>
  </link:presentationLink>
</link:linkbase>
