<?xml version="1.0" encoding="UTF-8"?>
<!--  (c) Financial Services Agency, The Japanese Government.
      All Rights Reserved.
      For intellectual property policy and authorized uses of EDINET Taxonomy,
      refer to “EDINET Taxonomy Legal Statement” at http://www.fsa.go.jp/search/EDINET_Taxonomy_Legal_Statement.html
-->
<link:linkbase xmlns:link="http://www.xbrl.org/2003/linkbase" xmlns:xsi="http://www.w3.org/2001/XMLSchema-instance" xmlns:xlink="http://www.w3.org/1999/xlink" xmlns:xbrli="http://www.xbrl.org/2003/instance">
  <link:roleRef roleURI="http://disclosure.edinet-fsa.go.jp/role/jpcrp/rol_std_NotesConsolidatedBalanceSheet" xlink:type="simple" xlink:href="../jpcrp_rt_2018-03-31.xsd#rol_std_NotesConsolidatedBalanceSheet"/>
  <link:presentationLink xlink:type="extended" xlink:role="http://disclosure.edinet-fsa.go.jp/role/jpcrp/rol_std_NotesConsolidatedBalanceSheet">
    <link:loc xlink:type="locator" xlink:href="../../../jppfs/2018-03-31/jppfs_cor_2018-03-31.xsd#jppfs_cor_ConsolidatedOrNonConsolidatedAxis" xlink:label="ConsolidatedOrNonConsolidatedAxis"/>
    <link:loc xlink:type="locator" xlink:href="../../../jppfs/2018-03-31/jppfs_cor_2018-03-31.xsd#jppfs_cor_ConsolidatedMember" xlink:label="ConsolidatedMember"/>
    <link:presentationArc xlink:type="arc" xlink:arcrole="http://www.xbrl.org/2003/arcrole/parent-child" xlink:from="ConsolidatedOrNonConsolidatedAxis" xlink:to="ConsolidatedMember" priority="0" order="1.0"/>
    <link:loc xlink:type="locator" xlink:href="../jpcrp_cor_2018-03-31.xsd#jpcrp_cor_NotesRegardingAllowancesDirectlyDeductedFromBalancesOfAssetsTextBlock" xlink:label="NotesRegardingAllowancesDirectlyDeductedFromBalancesOfAssetsTextBlock"/>
    <link:loc xlink:type="locator" xlink:href="../../../jppfs/2018-03-31/jppfs_cor_2018-03-31.xsd#jppfs_cor_AllowanceForDoubtfulAccountsCA" xlink:label="AllowanceForDoubtfulAccountsCA"/>
    <link:presentationArc xlink:type="arc" xlink:arcrole="http://www.xbrl.org/2003/arcrole/parent-child" xlink:from="NotesRegardingAllowancesDirectlyDeductedFromBalancesOfAssetsTextBlock" xlink:to="AllowanceForDoubtfulAccountsCA" priority="0" order="1.0"/>
    <link:loc xlink:type="locator" xlink:href="../../../jppfs/2018-03-31/jppfs_cor_2018-03-31.xsd#jppfs_cor_AllowanceForDoubtfulAccountsIOAByGroup" xlink:label="AllowanceForDoubtfulAccountsIOAByGroup"/>
    <link:presentationArc xlink:type="arc" xlink:arcrole="http://www.xbrl.org/2003/arcrole/parent-child" xlink:from="NotesRegardingAllowancesDirectlyDeductedFromBalancesOfAssetsTextBlock" xlink:to="AllowanceForDoubtfulAccountsIOAByGroup" priority="0" order="2.0"/>
    <link:loc xlink:type="locator" xlink:href="../../../jppfs/2018-03-31/jppfs_cor_2018-03-31.xsd#jppfs_cor_AllowanceForDoubtfulAccountsAccountsReceivableTrade" xlink:label="AllowanceForDoubtfulAccountsAccountsReceivableTrade"/>
    <link:presentationArc xlink:type="arc" xlink:arcrole="http://www.xbrl.org/2003/arcrole/parent-child" xlink:from="NotesRegardingAllowancesDirectlyDeductedFromBalancesOfAssetsTextBlock" xlink:to="AllowanceForDoubtfulAccountsAccountsReceivableTrade" priority="0" order="3.0"/>
    <link:loc xlink:type="locator" xlink:href="../../../jppfs/2018-03-31/jppfs_cor_2018-03-31.xsd#jppfs_cor_AllowanceForDoubtfulAccountsLongTermLoansReceivable" xlink:label="AllowanceForDoubtfulAccountsLongTermLoansReceivable"/>
    <link:presentationArc xlink:type="arc" xlink:arcrole="http://www.xbrl.org/2003/arcrole/parent-child" xlink:from="NotesRegardingAllowancesDirectlyDeductedFromBalancesOfAssetsTextBlock" xlink:to="AllowanceForDoubtfulAccountsLongTermLoansReceivable" priority="0" order="4.0"/>
    <link:loc xlink:type="locator" xlink:href="../../../jppfs/2018-03-31/jppfs_cor_2018-03-31.xsd#jppfs_cor_AllowanceForDoubtfulAccountsClaimsInBankruptcyReorganizationClaimsAndOther" xlink:label="AllowanceForDoubtfulAccountsClaimsInBankruptcyReorganizationClaimsAndOther"/>
    <link:presentationArc xlink:type="arc" xlink:arcrole="http://www.xbrl.org/2003/arcrole/parent-child" xlink:from="NotesRegardingAllowancesDirectlyDeductedFromBalancesOfAssetsTextBlock" xlink:to="AllowanceForDoubtfulAccountsClaimsInBankruptcyReorganizationClaimsAndOther" priority="0" order="5.0"/>
    <link:loc xlink:type="locator" xlink:href="../jpcrp_cor_2018-03-31.xsd#jpcrp_cor_NotesRegardingAccumulatedDepreciationOfPropertyPlantAndEquipmentTextBlock" xlink:label="NotesRegardingAccumulatedDepreciationOfPropertyPlantAndEquipmentTextBlock"/>
    <link:loc xlink:type="locator" xlink:href="../../../jppfs/2018-03-31/jppfs_cor_2018-03-31.xsd#jppfs_cor_AccumulatedDepreciationPPEByGroup" xlink:label="AccumulatedDepreciationPPEByGroup"/>
    <link:presentationArc xlink:type="arc" xlink:arcrole="http://www.xbrl.org/2003/arcrole/parent-child" xlink:from="NotesRegardingAccumulatedDepreciationOfPropertyPlantAndEquipmentTextBlock" xlink:to="AccumulatedDepreciationPPEByGroup" priority="0" order="1.0"/>
    <link:loc xlink:type="locator" xlink:href="../../../jppfs/2018-03-31/jppfs_cor_2018-03-31.xsd#jppfs_cor_AccumulatedDepreciationBuildings" xlink:label="AccumulatedDepreciationBuildings"/>
    <link:presentationArc xlink:type="arc" xlink:arcrole="http://www.xbrl.org/2003/arcrole/parent-child" xlink:from="NotesRegardingAccumulatedDepreciationOfPropertyPlantAndEquipmentTextBlock" xlink:to="AccumulatedDepreciationBuildings" priority="0" order="2.0"/>
    <link:loc xlink:type="locator" xlink:href="../../../jppfs/2018-03-31/jppfs_cor_2018-03-31.xsd#jppfs_cor_AccumulatedDepreciationStructures" xlink:label="AccumulatedDepreciationStructures"/>
    <link:presentationArc xlink:type="arc" xlink:arcrole="http://www.xbrl.org/2003/arcrole/parent-child" xlink:from="NotesRegardingAccumulatedDepreciationOfPropertyPlantAndEquipmentTextBlock" xlink:to="AccumulatedDepreciationStructures" priority="0" order="3.0"/>
    <link:loc xlink:type="locator" xlink:href="../../../jppfs/2018-03-31/jppfs_cor_2018-03-31.xsd#jppfs_cor_AccumulatedDepreciationMachineryAndEquipment" xlink:label="AccumulatedDepreciationMachineryAndEquipment"/>
    <link:presentationArc xlink:type="arc" xlink:arcrole="http://www.xbrl.org/2003/arcrole/parent-child" xlink:from="NotesRegardingAccumulatedDepreciationOfPropertyPlantAndEquipmentTextBlock" xlink:to="AccumulatedDepreciationMachineryAndEquipment" priority="0" order="4.0"/>
    <link:loc xlink:type="locator" xlink:href="../jpcrp_cor_2018-03-31.xsd#jpcrp_cor_NotesRegardingTradeNotesReceivableDiscountedOrTransferredByEndorsementTextBlock" xlink:label="NotesRegardingTradeNotesReceivableDiscountedOrTransferredByEndorsementTextBlock"/>
    <link:loc xlink:type="locator" xlink:href="../jpcrp_cor_2018-03-31.xsd#jpcrp_cor_DiscountedTradeNotesReceivable" xlink:label="DiscountedTradeNotesReceivable"/>
    <link:presentationArc xlink:type="arc" xlink:arcrole="http://www.xbrl.org/2003/arcrole/parent-child" xlink:from="NotesRegardingTradeNotesReceivableDiscountedOrTransferredByEndorsementTextBlock" xlink:to="DiscountedTradeNotesReceivable" priority="0" order="1.0"/>
    <link:loc xlink:type="locator" xlink:href="../jpcrp_cor_2018-03-31.xsd#jpcrp_cor_TradeNotesReceivableTransferredByEndorsement" xlink:label="TradeNotesReceivableTransferredByEndorsement"/>
    <link:presentationArc xlink:type="arc" xlink:arcrole="http://www.xbrl.org/2003/arcrole/parent-child" xlink:from="NotesRegardingTradeNotesReceivableDiscountedOrTransferredByEndorsementTextBlock" xlink:to="TradeNotesReceivableTransferredByEndorsement" priority="0" order="2.0"/>
    <link:loc xlink:type="locator" xlink:href="../jpcrp_cor_2018-03-31.xsd#jpcrp_cor_NotesRegardingInventoriesTextBlock" xlink:label="NotesRegardingInventoriesTextBlock"/>
    <link:loc xlink:type="locator" xlink:href="../../../jppfs/2018-03-31/jppfs_cor_2018-03-31.xsd#jppfs_cor_MerchandiseAndFinishedGoods" xlink:label="MerchandiseAndFinishedGoods"/>
    <link:presentationArc xlink:type="arc" xlink:arcrole="http://www.xbrl.org/2003/arcrole/parent-child" xlink:from="NotesRegardingInventoriesTextBlock" xlink:to="MerchandiseAndFinishedGoods" priority="0" order="1.0"/>
    <link:loc xlink:type="locator" xlink:href="../../../jppfs/2018-03-31/jppfs_cor_2018-03-31.xsd#jppfs_cor_WorkInProcess" xlink:label="WorkInProcess"/>
    <link:presentationArc xlink:type="arc" xlink:arcrole="http://www.xbrl.org/2003/arcrole/parent-child" xlink:from="NotesRegardingInventoriesTextBlock" xlink:to="WorkInProcess" priority="0" order="2.0"/>
    <link:loc xlink:type="locator" xlink:href="../../../jppfs/2018-03-31/jppfs_cor_2018-03-31.xsd#jppfs_cor_RawMaterialsAndSupplies" xlink:label="RawMaterialsAndSupplies"/>
    <link:presentationArc xlink:type="arc" xlink:arcrole="http://www.xbrl.org/2003/arcrole/parent-child" xlink:from="NotesRegardingInventoriesTextBlock" xlink:to="RawMaterialsAndSupplies" priority="0" order="3.0"/>
    <link:loc xlink:type="locator" xlink:href="../../../jppfs/2018-03-31/jppfs_cor_2018-03-31.xsd#jppfs_cor_Inventories" xlink:label="Inventories"/>
    <link:presentationArc xlink:type="arc" xlink:arcrole="http://www.xbrl.org/2003/arcrole/parent-child" xlink:from="NotesRegardingInventoriesTextBlock" xlink:to="Inventories" priority="0" order="4.0"/>
    <link:loc xlink:type="locator" xlink:href="../jpcrp_cor_2018-03-31.xsd#jpcrp_cor_NotesConsolidatedBalanceSheetHeading" xlink:label="NotesConsolidatedBalanceSheetHeading"/>
    <link:loc xlink:type="locator" xlink:href="../jpcrp_cor_2018-03-31.xsd#jpcrp_cor_NotesConsolidatedBalanceSheetTable" xlink:label="NotesConsolidatedBalanceSheetTable"/>
    <link:presentationArc xlink:type="arc" xlink:arcrole="http://www.xbrl.org/2003/arcrole/parent-child" xlink:from="NotesConsolidatedBalanceSheetHeading" xlink:to="NotesConsolidatedBalanceSheetTable" priority="0" order="1.0"/>
    <link:presentationArc xlink:type="arc" xlink:arcrole="http://www.xbrl.org/2003/arcrole/parent-child" xlink:from="NotesConsolidatedBalanceSheetTable" xlink:to="ConsolidatedOrNonConsolidatedAxis" priority="0" order="1.0"/>
    <link:loc xlink:type="locator" xlink:href="../jpcrp_cor_2018-03-31.xsd#jpcrp_cor_NotesConsolidatedBalanceSheetLineItems" xlink:label="NotesConsolidatedBalanceSheetLineItems"/>
    <link:presentationArc xlink:type="arc" xlink:arcrole="http://www.xbrl.org/2003/arcrole/parent-child" xlink:from="NotesConsolidatedBalanceSheetHeading" xlink:to="NotesConsolidatedBalanceSheetLineItems" priority="0" order="2.0"/>
    <link:presentationArc xlink:type="arc" xlink:arcrole="http://www.xbrl.org/2003/arcrole/parent-child" xlink:from="NotesConsolidatedBalanceSheetLineItems" xlink:to="NotesRegardingInventoriesTextBlock" priority="0" order="1.0"/>
    <link:presentationArc xlink:type="arc" xlink:arcrole="http://www.xbrl.org/2003/arcrole/parent-child" xlink:from="NotesConsolidatedBalanceSheetLineItems" xlink:to="NotesRegardingAllowancesDirectlyDeductedFromBalancesOfAssetsTextBlock" priority="0" order="2.0"/>
    <link:presentationArc xlink:type="arc" xlink:arcrole="http://www.xbrl.org/2003/arcrole/parent-child" xlink:from="NotesConsolidatedBalanceSheetLineItems" xlink:to="NotesRegardingAccumulatedDepreciationOfPropertyPlantAndEquipmentTextBlock" priority="0" order="3.0"/>
    <link:loc xlink:type="locator" xlink:href="../jpcrp_cor_2018-03-31.xsd#jpcrp_cor_NotesRegardingAmountsOfReductionEntryOfPropertyPlantAndEquipmentTextBlock" xlink:label="NotesRegardingAmountsOfReductionEntryOfPropertyPlantAndEquipmentTextBlock"/>
    <link:presentationArc xlink:type="arc" xlink:arcrole="http://www.xbrl.org/2003/arcrole/parent-child" xlink:from="NotesConsolidatedBalanceSheetLineItems" xlink:to="NotesRegardingAmountsOfReductionEntryOfPropertyPlantAndEquipmentTextBlock" priority="0" order="4.0"/>
    <link:loc xlink:type="locator" xlink:href="../jpcrp_cor_2018-03-31.xsd#jpcrp_cor_NotesRegardingPresentationOfAccumulatedImpairmentLossTextBlock" xlink:label="NotesRegardingPresentationOfAccumulatedImpairmentLossTextBlock"/>
    <link:presentationArc xlink:type="arc" xlink:arcrole="http://www.xbrl.org/2003/arcrole/parent-child" xlink:from="NotesConsolidatedBalanceSheetLineItems" xlink:to="NotesRegardingPresentationOfAccumulatedImpairmentLossTextBlock" priority="0" order="5.0"/>
    <link:loc xlink:type="locator" xlink:href="../jpcrp_cor_2018-03-31.xsd#jpcrp_cor_NotesRegardingSharesAndBondsEtcOfUnconsolidatedSubsidiariesAndAssociatesTextBlock" xlink:label="NotesRegardingSharesAndBondsEtcOfUnconsolidatedSubsidiariesAndAssociatesTextBlock"/>
    <link:presentationArc xlink:type="arc" xlink:arcrole="http://www.xbrl.org/2003/arcrole/parent-child" xlink:from="NotesConsolidatedBalanceSheetLineItems" xlink:to="NotesRegardingSharesAndBondsEtcOfUnconsolidatedSubsidiariesAndAssociatesTextBlock" priority="0" order="6.0"/>
    <link:loc xlink:type="locator" xlink:href="../jpcrp_cor_2018-03-31.xsd#jpcrp_cor_NotesRegardingRevaluationOfLandForBusinessTextBlock" xlink:label="NotesRegardingRevaluationOfLandForBusinessTextBlock"/>
    <link:presentationArc xlink:type="arc" xlink:arcrole="http://www.xbrl.org/2003/arcrole/parent-child" xlink:from="NotesConsolidatedBalanceSheetLineItems" xlink:to="NotesRegardingRevaluationOfLandForBusinessTextBlock" priority="0" order="7.0"/>
    <link:loc xlink:type="locator" xlink:href="../jpcrp_cor_2018-03-31.xsd#jpcrp_cor_NotesRegardingPledgedAssetsTextBlock" xlink:label="NotesRegardingPledgedAssetsTextBlock"/>
    <link:presentationArc xlink:type="arc" xlink:arcrole="http://www.xbrl.org/2003/arcrole/parent-child" xlink:from="NotesConsolidatedBalanceSheetLineItems" xlink:to="NotesRegardingPledgedAssetsTextBlock" priority="0" order="8.0"/>
    <link:loc xlink:type="locator" xlink:href="../jpcrp_cor_2018-03-31.xsd#jpcrp_cor_NotesRegardingPresentationOfGoodwillAndNegativeGoodwillTextBlock" xlink:label="NotesRegardingPresentationOfGoodwillAndNegativeGoodwillTextBlock"/>
    <link:presentationArc xlink:type="arc" xlink:arcrole="http://www.xbrl.org/2003/arcrole/parent-child" xlink:from="NotesConsolidatedBalanceSheetLineItems" xlink:to="NotesRegardingPresentationOfGoodwillAndNegativeGoodwillTextBlock" priority="0" order="9.0"/>
    <link:loc xlink:type="locator" xlink:href="../jpcrp_cor_2018-03-31.xsd#jpcrp_cor_NotesRegardingPresentationOfInventoriesAndProvisionForLossOnConstructionContractsTextBlock" xlink:label="NotesRegardingPresentationOfInventoriesAndProvisionForLossOnConstructionContractsTextBlock"/>
    <link:presentationArc xlink:type="arc" xlink:arcrole="http://www.xbrl.org/2003/arcrole/parent-child" xlink:from="NotesConsolidatedBalanceSheetLineItems" xlink:to="NotesRegardingPresentationOfInventoriesAndProvisionForLossOnConstructionContractsTextBlock" priority="0" order="10.0"/>
    <link:loc xlink:type="locator" xlink:href="../jpcrp_cor_2018-03-31.xsd#jpcrp_cor_NotesRegardingReservesUnderSpecialLawsTextBlock" xlink:label="NotesRegardingReservesUnderSpecialLawsTextBlock"/>
    <link:presentationArc xlink:type="arc" xlink:arcrole="http://www.xbrl.org/2003/arcrole/parent-child" xlink:from="NotesConsolidatedBalanceSheetLineItems" xlink:to="NotesRegardingReservesUnderSpecialLawsTextBlock" priority="0" order="11.0"/>
    <link:loc xlink:type="locator" xlink:href="../jpcrp_cor_2018-03-31.xsd#jpcrp_cor_NotesRegardingProvisionIncurredFromBusinessCombinationTextBlock" xlink:label="NotesRegardingProvisionIncurredFromBusinessCombinationTextBlock"/>
    <link:presentationArc xlink:type="arc" xlink:arcrole="http://www.xbrl.org/2003/arcrole/parent-child" xlink:from="NotesConsolidatedBalanceSheetLineItems" xlink:to="NotesRegardingProvisionIncurredFromBusinessCombinationTextBlock" priority="0" order="12.0"/>
    <link:loc xlink:type="locator" xlink:href="../jpcrp_cor_2018-03-31.xsd#jpcrp_cor_NotesRegardingGuaranteeObligationsTextBlock" xlink:label="NotesRegardingGuaranteeObligationsTextBlock"/>
    <link:presentationArc xlink:type="arc" xlink:arcrole="http://www.xbrl.org/2003/arcrole/parent-child" xlink:from="NotesConsolidatedBalanceSheetLineItems" xlink:to="NotesRegardingGuaranteeObligationsTextBlock" priority="0" order="13.0"/>
    <link:presentationArc xlink:type="arc" xlink:arcrole="http://www.xbrl.org/2003/arcrole/parent-child" xlink:from="NotesConsolidatedBalanceSheetLineItems" xlink:to="NotesRegardingTradeNotesReceivableDiscountedOrTransferredByEndorsementTextBlock" priority="0" order="14.0"/>
    <link:loc xlink:type="locator" xlink:href="../jpcrp_cor_2018-03-31.xsd#jpcrp_cor_NotesRegardingLiabilitiesEtcOfSpecialPurposeEntitiesTextBlock" xlink:label="NotesRegardingLiabilitiesEtcOfSpecialPurposeEntitiesTextBlock"/>
    <link:presentationArc xlink:type="arc" xlink:arcrole="http://www.xbrl.org/2003/arcrole/parent-child" xlink:from="NotesConsolidatedBalanceSheetLineItems" xlink:to="NotesRegardingLiabilitiesEtcOfSpecialPurposeEntitiesTextBlock" priority="0" order="15.0"/>
    <link:loc xlink:type="locator" xlink:href="../jpcrp_cor_2018-03-31.xsd#jpcrp_cor_NotesRegardingReservesRequiredByContractsTextBlock" xlink:label="NotesRegardingReservesRequiredByContractsTextBlock"/>
    <link:presentationArc xlink:type="arc" xlink:arcrole="http://www.xbrl.org/2003/arcrole/parent-child" xlink:from="NotesConsolidatedBalanceSheetLineItems" xlink:to="NotesRegardingReservesRequiredByContractsTextBlock" priority="0" order="16.0"/>
    <link:loc xlink:type="locator" xlink:href="../jpcrp_cor_2018-03-31.xsd#jpcrp_cor_NotesRegardingPresentationOfNetAssetsOfDesignatedCorporationTextBlock" xlink:label="NotesRegardingPresentationOfNetAssetsOfDesignatedCorporationTextBlock"/>
    <link:presentationArc xlink:type="arc" xlink:arcrole="http://www.xbrl.org/2003/arcrole/parent-child" xlink:from="NotesConsolidatedBalanceSheetLineItems" xlink:to="NotesRegardingPresentationOfNetAssetsOfDesignatedCorporationTextBlock" priority="0" order="17.0"/>
    <link:loc xlink:type="locator" xlink:href="../jpcrp_cor_2018-03-31.xsd#jpcrp_cor_NotesRegardingClassificationOfAssetsAndLiabilitiesOfIndustryInAppendedListTextBlock" xlink:label="NotesRegardingClassificationOfAssetsAndLiabilitiesOfIndustryInAppendedListTextBlock"/>
    <link:presentationArc xlink:type="arc" xlink:arcrole="http://www.xbrl.org/2003/arcrole/parent-child" xlink:from="NotesConsolidatedBalanceSheetLineItems" xlink:to="NotesRegardingClassificationOfAssetsAndLiabilitiesOfIndustryInAppendedListTextBlock" priority="0" order="18.0"/>
    <link:loc xlink:type="locator" xlink:href="../jpcrp_cor_2018-03-31.xsd#jpcrp_cor_NotesRegardingPromissoryNotesDueOnBalanceSheetDateTextBlock" xlink:label="NotesRegardingPromissoryNotesDueOnBalanceSheetDateTextBlock"/>
    <link:presentationArc xlink:type="arc" xlink:arcrole="http://www.xbrl.org/2003/arcrole/parent-child" xlink:from="NotesConsolidatedBalanceSheetLineItems" xlink:to="NotesRegardingPromissoryNotesDueOnBalanceSheetDateTextBlock" priority="0" order="19.0"/>
  </link:presentationLink>
</link:linkbase>
