<?xml version="1.0" encoding="UTF-8"?>
<!--  (c) Financial Services Agency, The Japanese Government.
      All Rights Reserved.
      For intellectual property policy and authorized uses of EDINET Taxonomy,
      refer to “EDINET Taxonomy Legal Statement” at http://www.fsa.go.jp/search/EDINET_Taxonomy_Legal_Statement.html
-->
<link:linkbase xmlns:link="http://www.xbrl.org/2003/linkbase" xmlns:xsi="http://www.w3.org/2001/XMLSchema-instance" xmlns:xlink="http://www.w3.org/1999/xlink" xmlns:xbrli="http://www.xbrl.org/2003/instance">
  <link:roleRef roleURI="http://disclosure.edinet-fsa.go.jp/role/jpcrp/rol_std_NotesQuarterlyConsolidatedStatementOfComprehensiveIncomeSingleStatement" xlink:type="simple" xlink:href="../jpcrp_rt_2018-03-31.xsd#rol_std_NotesQuarterlyConsolidatedStatementOfComprehensiveIncomeSingleStatement"/>
  <link:presentationLink xlink:type="extended" xlink:role="http://disclosure.edinet-fsa.go.jp/role/jpcrp/rol_std_NotesQuarterlyConsolidatedStatementOfComprehensiveIncomeSingleStatement">
    <link:loc xlink:type="locator" xlink:href="../../../jppfs/2018-03-31/jppfs_cor_2018-03-31.xsd#jppfs_cor_ConsolidatedOrNonConsolidatedAxis" xlink:label="ConsolidatedOrNonConsolidatedAxis"/>
    <link:loc xlink:type="locator" xlink:href="../../../jppfs/2018-03-31/jppfs_cor_2018-03-31.xsd#jppfs_cor_ConsolidatedMember" xlink:label="ConsolidatedMember"/>
    <link:presentationArc xlink:type="arc" xlink:arcrole="http://www.xbrl.org/2003/arcrole/parent-child" xlink:from="ConsolidatedOrNonConsolidatedAxis" xlink:to="ConsolidatedMember" priority="0" order="1.0"/>
    <link:loc xlink:type="locator" xlink:href="../jpcrp_cor_2018-03-31.xsd#jpcrp_cor_MajorComponentsOfSellingGeneralAndAdministrativeExpensesTextBlock" xlink:label="MajorComponentsOfSellingGeneralAndAdministrativeExpensesTextBlock"/>
    <link:loc xlink:type="locator" xlink:href="../../../jppfs/2018-03-31/jppfs_cor_2018-03-31.xsd#jppfs_cor_DepreciationSGA" xlink:label="DepreciationSGA"/>
    <link:presentationArc xlink:type="arc" xlink:arcrole="http://www.xbrl.org/2003/arcrole/parent-child" xlink:from="MajorComponentsOfSellingGeneralAndAdministrativeExpensesTextBlock" xlink:to="DepreciationSGA" priority="0" order="1.0"/>
    <link:loc xlink:type="locator" xlink:href="../../../jppfs/2018-03-31/jppfs_cor_2018-03-31.xsd#jppfs_cor_ProvisionOfAllowanceForDoubtfulAccountsSGA" xlink:label="ProvisionOfAllowanceForDoubtfulAccountsSGA"/>
    <link:presentationArc xlink:type="arc" xlink:arcrole="http://www.xbrl.org/2003/arcrole/parent-child" xlink:from="MajorComponentsOfSellingGeneralAndAdministrativeExpensesTextBlock" xlink:to="ProvisionOfAllowanceForDoubtfulAccountsSGA" priority="0" order="2.0"/>
    <link:loc xlink:type="locator" xlink:href="../jpcrp_cor_2018-03-31.xsd#jpcrp_cor_NotesQuarterlyConsolidatedStatementOfComprehensiveIncomeSingleStatementHeading" xlink:label="NotesQuarterlyConsolidatedStatementOfComprehensiveIncomeSingleStatementHeading"/>
    <link:loc xlink:type="locator" xlink:href="../jpcrp_cor_2018-03-31.xsd#jpcrp_cor_NotesQuarterlyConsolidatedStatementOfComprehensiveIncomeSingleStatementTable" xlink:label="NotesQuarterlyConsolidatedStatementOfComprehensiveIncomeSingleStatementTable"/>
    <link:presentationArc xlink:type="arc" xlink:arcrole="http://www.xbrl.org/2003/arcrole/parent-child" xlink:from="NotesQuarterlyConsolidatedStatementOfComprehensiveIncomeSingleStatementHeading" xlink:to="NotesQuarterlyConsolidatedStatementOfComprehensiveIncomeSingleStatementTable" priority="0" order="1.0"/>
    <link:presentationArc xlink:type="arc" xlink:arcrole="http://www.xbrl.org/2003/arcrole/parent-child" xlink:from="NotesQuarterlyConsolidatedStatementOfComprehensiveIncomeSingleStatementTable" xlink:to="ConsolidatedOrNonConsolidatedAxis" priority="0" order="1.0"/>
    <link:loc xlink:type="locator" xlink:href="../jpcrp_cor_2018-03-31.xsd#jpcrp_cor_NotesQuarterlyConsolidatedStatementOfComprehensiveIncomeSingleStatementLineItems" xlink:label="NotesQuarterlyConsolidatedStatementOfComprehensiveIncomeSingleStatementLineItems"/>
    <link:presentationArc xlink:type="arc" xlink:arcrole="http://www.xbrl.org/2003/arcrole/parent-child" xlink:from="NotesQuarterlyConsolidatedStatementOfComprehensiveIncomeSingleStatementHeading" xlink:to="NotesQuarterlyConsolidatedStatementOfComprehensiveIncomeSingleStatementLineItems" priority="0" order="2.0"/>
    <link:presentationArc xlink:type="arc" xlink:arcrole="http://www.xbrl.org/2003/arcrole/parent-child" xlink:from="NotesQuarterlyConsolidatedStatementOfComprehensiveIncomeSingleStatementLineItems" xlink:to="MajorComponentsOfSellingGeneralAndAdministrativeExpensesTextBlock" priority="0" order="1.0"/>
    <link:loc xlink:type="locator" xlink:href="../jpcrp_cor_2018-03-31.xsd#jpcrp_cor_NotesWhenThereIsSignificantSeasonalFluctuationInSalesOrOperatingExpensesTextBlock" xlink:label="NotesWhenThereIsSignificantSeasonalFluctuationInSalesOrOperatingExpensesTextBlock"/>
    <link:presentationArc xlink:type="arc" xlink:arcrole="http://www.xbrl.org/2003/arcrole/parent-child" xlink:from="NotesQuarterlyConsolidatedStatementOfComprehensiveIncomeSingleStatementLineItems" xlink:to="NotesWhenThereIsSignificantSeasonalFluctuationInSalesOrOperatingExpensesTextBlock" priority="0" order="2.0"/>
  </link:presentationLink>
</link:linkbase>
