<?xml version="1.0" encoding="UTF-8"?>
<!--  (c) Financial Services Agency, The Japanese Government.
      All Rights Reserved.
      For intellectual property policy and authorized uses of EDINET Taxonomy,
      refer to “EDINET Taxonomy Legal Statement” at http://www.fsa.go.jp/search/EDINET_Taxonomy_Legal_Statement.html
-->
<link:linkbase xmlns:link="http://www.xbrl.org/2003/linkbase" xmlns:xsi="http://www.w3.org/2001/XMLSchema-instance" xmlns:xlink="http://www.w3.org/1999/xlink" xmlns:xbrli="http://www.xbrl.org/2003/instance">
  <link:roleRef roleURI="http://disclosure.edinet-fsa.go.jp/role/jpcrp/rol_std_OtherElementsForNotesStatementOfIncome" xlink:type="simple" xlink:href="../jpcrp_rt_2018-03-31.xsd#rol_std_OtherElementsForNotesStatementOfIncome"/>
  <link:presentationLink xlink:type="extended" xlink:role="http://disclosure.edinet-fsa.go.jp/role/jpcrp/rol_std_OtherElementsForNotesStatementOfIncome">
    <link:loc xlink:type="locator" xlink:href="../jpcrp_cor_2018-03-31.xsd#jpcrp_cor_OtherElementsForNotesStatementOfIncomeAbstract" xlink:label="OtherElementsForNotesStatementOfIncomeAbstract"/>
    <link:loc xlink:type="locator" xlink:href="../jpcrp_cor_2018-03-31.xsd#jpcrp_cor_BreakdownOfBusinessCostTextBlock" xlink:label="BreakdownOfBusinessCostTextBlock"/>
    <link:presentationArc xlink:type="arc" xlink:arcrole="http://www.xbrl.org/2003/arcrole/parent-child" xlink:from="OtherElementsForNotesStatementOfIncomeAbstract" xlink:to="BreakdownOfBusinessCostTextBlock" priority="0" order="1.0"/>
    <link:loc xlink:type="locator" xlink:href="../jpcrp_cor_2018-03-31.xsd#jpcrp_cor_BreakdownOfPersonnelExpensesTextBlock" xlink:label="BreakdownOfPersonnelExpensesTextBlock"/>
    <link:presentationArc xlink:type="arc" xlink:arcrole="http://www.xbrl.org/2003/arcrole/parent-child" xlink:from="OtherElementsForNotesStatementOfIncomeAbstract" xlink:to="BreakdownOfPersonnelExpensesTextBlock" priority="0" order="2.0"/>
    <link:loc xlink:type="locator" xlink:href="../jpcrp_cor_2018-03-31.xsd#jpcrp_cor_BreakdownOfGainOnSalesOfSecuritiesTextBlock" xlink:label="BreakdownOfGainOnSalesOfSecuritiesTextBlock"/>
    <link:presentationArc xlink:type="arc" xlink:arcrole="http://www.xbrl.org/2003/arcrole/parent-child" xlink:from="OtherElementsForNotesStatementOfIncomeAbstract" xlink:to="BreakdownOfGainOnSalesOfSecuritiesTextBlock" priority="0" order="3.0"/>
    <link:loc xlink:type="locator" xlink:href="../jpcrp_cor_2018-03-31.xsd#jpcrp_cor_BreakdownOfLossOnSalesOfSecuritiesTextBlock" xlink:label="BreakdownOfLossOnSalesOfSecuritiesTextBlock"/>
    <link:presentationArc xlink:type="arc" xlink:arcrole="http://www.xbrl.org/2003/arcrole/parent-child" xlink:from="OtherElementsForNotesStatementOfIncomeAbstract" xlink:to="BreakdownOfLossOnSalesOfSecuritiesTextBlock" priority="0" order="4.0"/>
    <link:loc xlink:type="locator" xlink:href="../jpcrp_cor_2018-03-31.xsd#jpcrp_cor_BreakdownOfLossOnValuationOfSecuritiesTextBlock" xlink:label="BreakdownOfLossOnValuationOfSecuritiesTextBlock"/>
    <link:presentationArc xlink:type="arc" xlink:arcrole="http://www.xbrl.org/2003/arcrole/parent-child" xlink:from="OtherElementsForNotesStatementOfIncomeAbstract" xlink:to="BreakdownOfLossOnValuationOfSecuritiesTextBlock" priority="0" order="5.0"/>
    <link:loc xlink:type="locator" xlink:href="../jpcrp_cor_2018-03-31.xsd#jpcrp_cor_NotesRegardingTransactionsWithAffiliatedEntitiesTextBlock" xlink:label="NotesRegardingTransactionsWithAffiliatedEntitiesTextBlock"/>
    <link:presentationArc xlink:type="arc" xlink:arcrole="http://www.xbrl.org/2003/arcrole/parent-child" xlink:from="OtherElementsForNotesStatementOfIncomeAbstract" xlink:to="NotesRegardingTransactionsWithAffiliatedEntitiesTextBlock" priority="0" order="6.0"/>
    <link:loc xlink:type="locator" xlink:href="../jpcrp_cor_2018-03-31.xsd#jpcrp_cor_OtherElementsForNotesStatementOfIncomeOfBankAbstract" xlink:label="OtherElementsForNotesStatementOfIncomeOfBankAbstract"/>
    <link:presentationArc xlink:type="arc" xlink:arcrole="http://www.xbrl.org/2003/arcrole/parent-child" xlink:from="OtherElementsForNotesStatementOfIncomeAbstract" xlink:to="OtherElementsForNotesStatementOfIncomeOfBankAbstract" priority="0" order="7.0"/>
    <link:loc xlink:type="locator" xlink:href="../jpcrp_cor_2018-03-31.xsd#jpcrp_cor_MajorComponentsOfOtherIncomeBNKTextBlock" xlink:label="MajorComponentsOfOtherIncomeBNKTextBlock"/>
    <link:presentationArc xlink:type="arc" xlink:arcrole="http://www.xbrl.org/2003/arcrole/parent-child" xlink:from="OtherElementsForNotesStatementOfIncomeOfBankAbstract" xlink:to="MajorComponentsOfOtherIncomeBNKTextBlock" priority="0" order="1.0"/>
    <link:loc xlink:type="locator" xlink:href="../jpcrp_cor_2018-03-31.xsd#jpcrp_cor_MajorComponentsOfOtherExpensesBNKTextBlock" xlink:label="MajorComponentsOfOtherExpensesBNKTextBlock"/>
    <link:presentationArc xlink:type="arc" xlink:arcrole="http://www.xbrl.org/2003/arcrole/parent-child" xlink:from="OtherElementsForNotesStatementOfIncomeOfBankAbstract" xlink:to="MajorComponentsOfOtherExpensesBNKTextBlock" priority="0" order="2.0"/>
    <link:loc xlink:type="locator" xlink:href="../jpcrp_cor_2018-03-31.xsd#jpcrp_cor_OtherElementsForNotesStatementOfIncomeOfSecuritiesRelatedBusinessAbstract" xlink:label="OtherElementsForNotesStatementOfIncomeOfSecuritiesRelatedBusinessAbstract"/>
    <link:presentationArc xlink:type="arc" xlink:arcrole="http://www.xbrl.org/2003/arcrole/parent-child" xlink:from="OtherElementsForNotesStatementOfIncomeAbstract" xlink:to="OtherElementsForNotesStatementOfIncomeOfSecuritiesRelatedBusinessAbstract" priority="0" order="8.0"/>
    <link:loc xlink:type="locator" xlink:href="../jpcrp_cor_2018-03-31.xsd#jpcrp_cor_BreakdownOfNetTradingIncomeSECTextBlock" xlink:label="BreakdownOfNetTradingIncomeSECTextBlock"/>
    <link:presentationArc xlink:type="arc" xlink:arcrole="http://www.xbrl.org/2003/arcrole/parent-child" xlink:from="OtherElementsForNotesStatementOfIncomeOfSecuritiesRelatedBusinessAbstract" xlink:to="BreakdownOfNetTradingIncomeSECTextBlock" priority="0" order="1.0"/>
    <link:loc xlink:type="locator" xlink:href="../jpcrp_cor_2018-03-31.xsd#jpcrp_cor_BreakdownOfFinancialRevenueSECTextBlock" xlink:label="BreakdownOfFinancialRevenueSECTextBlock"/>
    <link:presentationArc xlink:type="arc" xlink:arcrole="http://www.xbrl.org/2003/arcrole/parent-child" xlink:from="OtherElementsForNotesStatementOfIncomeOfSecuritiesRelatedBusinessAbstract" xlink:to="BreakdownOfFinancialRevenueSECTextBlock" priority="0" order="2.0"/>
    <link:loc xlink:type="locator" xlink:href="../jpcrp_cor_2018-03-31.xsd#jpcrp_cor_BreakdownOfFinancialExpensesSECTextBlock" xlink:label="BreakdownOfFinancialExpensesSECTextBlock"/>
    <link:presentationArc xlink:type="arc" xlink:arcrole="http://www.xbrl.org/2003/arcrole/parent-child" xlink:from="OtherElementsForNotesStatementOfIncomeOfSecuritiesRelatedBusinessAbstract" xlink:to="BreakdownOfFinancialExpensesSECTextBlock" priority="0" order="3.0"/>
    <link:loc xlink:type="locator" xlink:href="../jpcrp_cor_2018-03-31.xsd#jpcrp_cor_OtherElementsForNotesStatementOfIncomeOfInsuranceAbstract" xlink:label="OtherElementsForNotesStatementOfIncomeOfInsuranceAbstract"/>
    <link:presentationArc xlink:type="arc" xlink:arcrole="http://www.xbrl.org/2003/arcrole/parent-child" xlink:from="OtherElementsForNotesStatementOfIncomeAbstract" xlink:to="OtherElementsForNotesStatementOfIncomeOfInsuranceAbstract" priority="0" order="9.0"/>
    <link:loc xlink:type="locator" xlink:href="../jpcrp_cor_2018-03-31.xsd#jpcrp_cor_MajorComponentsOfBusinessCostTextBlock" xlink:label="MajorComponentsOfBusinessCostTextBlock"/>
    <link:presentationArc xlink:type="arc" xlink:arcrole="http://www.xbrl.org/2003/arcrole/parent-child" xlink:from="OtherElementsForNotesStatementOfIncomeOfInsuranceAbstract" xlink:to="MajorComponentsOfBusinessCostTextBlock" priority="0" order="1.0"/>
    <link:loc xlink:type="locator" xlink:href="../jpcrp_cor_2018-03-31.xsd#jpcrp_cor_AgentFeeEtcINSNonlife" xlink:label="AgentFeeEtcINSNonlife"/>
    <link:presentationArc xlink:type="arc" xlink:arcrole="http://www.xbrl.org/2003/arcrole/parent-child" xlink:from="MajorComponentsOfBusinessCostTextBlock" xlink:to="AgentFeeEtcINSNonlife" priority="0" order="1.0"/>
    <link:loc xlink:type="locator" xlink:href="../jpcrp_cor_2018-03-31.xsd#jpcrp_cor_SalariesINSNonlife" xlink:label="SalariesINSNonlife"/>
    <link:presentationArc xlink:type="arc" xlink:arcrole="http://www.xbrl.org/2003/arcrole/parent-child" xlink:from="MajorComponentsOfBusinessCostTextBlock" xlink:to="SalariesINSNonlife" priority="0" order="2.0"/>
    <link:loc xlink:type="locator" xlink:href="../jpcrp_cor_2018-03-31.xsd#jpcrp_cor_BreakdownOfNetPremiumsWrittenINSTextBlock" xlink:label="BreakdownOfNetPremiumsWrittenINSTextBlock"/>
    <link:presentationArc xlink:type="arc" xlink:arcrole="http://www.xbrl.org/2003/arcrole/parent-child" xlink:from="OtherElementsForNotesStatementOfIncomeOfInsuranceAbstract" xlink:to="BreakdownOfNetPremiumsWrittenINSTextBlock" priority="0" order="2.0"/>
    <link:loc xlink:type="locator" xlink:href="../jpcrp_cor_2018-03-31.xsd#jpcrp_cor_BreakdownOfNetClaimsPaidINSTextBlock" xlink:label="BreakdownOfNetClaimsPaidINSTextBlock"/>
    <link:presentationArc xlink:type="arc" xlink:arcrole="http://www.xbrl.org/2003/arcrole/parent-child" xlink:from="OtherElementsForNotesStatementOfIncomeOfInsuranceAbstract" xlink:to="BreakdownOfNetClaimsPaidINSTextBlock" priority="0" order="3.0"/>
    <link:loc xlink:type="locator" xlink:href="../jpcrp_cor_2018-03-31.xsd#jpcrp_cor_BreakdownOfCommissionsAndCollectionFeesINSTextBlock" xlink:label="BreakdownOfCommissionsAndCollectionFeesINSTextBlock"/>
    <link:presentationArc xlink:type="arc" xlink:arcrole="http://www.xbrl.org/2003/arcrole/parent-child" xlink:from="OtherElementsForNotesStatementOfIncomeOfInsuranceAbstract" xlink:to="BreakdownOfCommissionsAndCollectionFeesINSTextBlock" priority="0" order="4.0"/>
    <link:loc xlink:type="locator" xlink:href="../jpcrp_cor_2018-03-31.xsd#jpcrp_cor_BreakdownOfProvisionForOrReversalOfOutstandingClaimsINSTextBlock" xlink:label="BreakdownOfProvisionForOrReversalOfOutstandingClaimsINSTextBlock"/>
    <link:presentationArc xlink:type="arc" xlink:arcrole="http://www.xbrl.org/2003/arcrole/parent-child" xlink:from="OtherElementsForNotesStatementOfIncomeOfInsuranceAbstract" xlink:to="BreakdownOfProvisionForOrReversalOfOutstandingClaimsINSTextBlock" priority="0" order="5.0"/>
    <link:loc xlink:type="locator" xlink:href="../jpcrp_cor_2018-03-31.xsd#jpcrp_cor_BreakdownOfProvisionForOrReversalOfUnderwritingReservesINSTextBlock" xlink:label="BreakdownOfProvisionForOrReversalOfUnderwritingReservesINSTextBlock"/>
    <link:presentationArc xlink:type="arc" xlink:arcrole="http://www.xbrl.org/2003/arcrole/parent-child" xlink:from="OtherElementsForNotesStatementOfIncomeOfInsuranceAbstract" xlink:to="BreakdownOfProvisionForOrReversalOfUnderwritingReservesINSTextBlock" priority="0" order="6.0"/>
    <link:loc xlink:type="locator" xlink:href="../jpcrp_cor_2018-03-31.xsd#jpcrp_cor_NotesRegardingReversalOfOrProvisionForReservesForOutstandingClaimsReinsuredINSTextBlock" xlink:label="NotesRegardingReversalOfOrProvisionForReservesForOutstandingClaimsReinsuredINSTextBlock"/>
    <link:presentationArc xlink:type="arc" xlink:arcrole="http://www.xbrl.org/2003/arcrole/parent-child" xlink:from="OtherElementsForNotesStatementOfIncomeOfInsuranceAbstract" xlink:to="NotesRegardingReversalOfOrProvisionForReservesForOutstandingClaimsReinsuredINSTextBlock" priority="0" order="7.0"/>
    <link:loc xlink:type="locator" xlink:href="../jpcrp_cor_2018-03-31.xsd#jpcrp_cor_NotesRegardingReversalOfOrProvisionForPolicyReservesReinsuredINSTextBlock" xlink:label="NotesRegardingReversalOfOrProvisionForPolicyReservesReinsuredINSTextBlock"/>
    <link:presentationArc xlink:type="arc" xlink:arcrole="http://www.xbrl.org/2003/arcrole/parent-child" xlink:from="OtherElementsForNotesStatementOfIncomeOfInsuranceAbstract" xlink:to="NotesRegardingReversalOfOrProvisionForPolicyReservesReinsuredINSTextBlock" priority="0" order="8.0"/>
    <link:loc xlink:type="locator" xlink:href="../jpcrp_cor_2018-03-31.xsd#jpcrp_cor_BreakdownOfInterestAndDividendIncomeBySourceAssetINSTextBlock" xlink:label="BreakdownOfInterestAndDividendIncomeBySourceAssetINSTextBlock"/>
    <link:presentationArc xlink:type="arc" xlink:arcrole="http://www.xbrl.org/2003/arcrole/parent-child" xlink:from="OtherElementsForNotesStatementOfIncomeOfInsuranceAbstract" xlink:to="BreakdownOfInterestAndDividendIncomeBySourceAssetINSTextBlock" priority="0" order="9.0"/>
    <link:loc xlink:type="locator" xlink:href="../jpcrp_cor_2018-03-31.xsd#jpcrp_cor_InterestAndDividendIncomeGainLossOnSalesAndUnrealizedGainLossForEachOfTradingAccountSecuritiesINSTextBlock" xlink:label="InterestAndDividendIncomeGainLossOnSalesAndUnrealizedGainLossForEachOfTradingAccountSecuritiesINSTextBlock"/>
    <link:presentationArc xlink:type="arc" xlink:arcrole="http://www.xbrl.org/2003/arcrole/parent-child" xlink:from="OtherElementsForNotesStatementOfIncomeOfInsuranceAbstract" xlink:to="InterestAndDividendIncomeGainLossOnSalesAndUnrealizedGainLossForEachOfTradingAccountSecuritiesINSTextBlock" priority="0" order="10.0"/>
    <link:loc xlink:type="locator" xlink:href="../jpcrp_cor_2018-03-31.xsd#jpcrp_cor_NotesRegardingUnrealizedGainLossForMoneyTrustINSTextBlock" xlink:label="NotesRegardingUnrealizedGainLossForMoneyTrustINSTextBlock"/>
    <link:presentationArc xlink:type="arc" xlink:arcrole="http://www.xbrl.org/2003/arcrole/parent-child" xlink:from="OtherElementsForNotesStatementOfIncomeOfInsuranceAbstract" xlink:to="NotesRegardingUnrealizedGainLossForMoneyTrustINSTextBlock" priority="0" order="11.0"/>
    <link:loc xlink:type="locator" xlink:href="../jpcrp_cor_2018-03-31.xsd#jpcrp_cor_NotesRegardingUnrealizedGainLossForDerivativesINSTextBlock" xlink:label="NotesRegardingUnrealizedGainLossForDerivativesINSTextBlock"/>
    <link:presentationArc xlink:type="arc" xlink:arcrole="http://www.xbrl.org/2003/arcrole/parent-child" xlink:from="OtherElementsForNotesStatementOfIncomeOfInsuranceAbstract" xlink:to="NotesRegardingUnrealizedGainLossForDerivativesINSTextBlock" priority="0" order="12.0"/>
    <link:loc xlink:type="locator" xlink:href="../jpcrp_cor_2018-03-31.xsd#jpcrp_cor_MajorComponentsOfOtherExtraordinaryIncomeINSTextBlock" xlink:label="MajorComponentsOfOtherExtraordinaryIncomeINSTextBlock"/>
    <link:presentationArc xlink:type="arc" xlink:arcrole="http://www.xbrl.org/2003/arcrole/parent-child" xlink:from="OtherElementsForNotesStatementOfIncomeOfInsuranceAbstract" xlink:to="MajorComponentsOfOtherExtraordinaryIncomeINSTextBlock" priority="0" order="13.0"/>
    <link:loc xlink:type="locator" xlink:href="../jpcrp_cor_2018-03-31.xsd#jpcrp_cor_MajorComponentsOfOtherExtraordinaryLossesINSTextBlock" xlink:label="MajorComponentsOfOtherExtraordinaryLossesINSTextBlock"/>
    <link:presentationArc xlink:type="arc" xlink:arcrole="http://www.xbrl.org/2003/arcrole/parent-child" xlink:from="OtherElementsForNotesStatementOfIncomeOfInsuranceAbstract" xlink:to="MajorComponentsOfOtherExtraordinaryLossesINSTextBlock" priority="0" order="14.0"/>
    <link:loc xlink:type="locator" xlink:href="../jpcrp_cor_2018-03-31.xsd#jpcrp_cor_OtherElementsForNotesStatementOfIncomeOfCommodityFutureTradingAbstract" xlink:label="OtherElementsForNotesStatementOfIncomeOfCommodityFutureTradingAbstract"/>
    <link:presentationArc xlink:type="arc" xlink:arcrole="http://www.xbrl.org/2003/arcrole/parent-child" xlink:from="OtherElementsForNotesStatementOfIncomeAbstract" xlink:to="OtherElementsForNotesStatementOfIncomeOfCommodityFutureTradingAbstract" priority="0" order="10.0"/>
    <link:loc xlink:type="locator" xlink:href="../jpcrp_cor_2018-03-31.xsd#jpcrp_cor_BreakdownOfBrokerageIncomeCMDTextBlock" xlink:label="BreakdownOfBrokerageIncomeCMDTextBlock"/>
    <link:presentationArc xlink:type="arc" xlink:arcrole="http://www.xbrl.org/2003/arcrole/parent-child" xlink:from="OtherElementsForNotesStatementOfIncomeOfCommodityFutureTradingAbstract" xlink:to="BreakdownOfBrokerageIncomeCMDTextBlock" priority="0" order="1.0"/>
    <link:loc xlink:type="locator" xlink:href="../jpcrp_cor_2018-03-31.xsd#jpcrp_cor_BreakdownOfNetGainOnTradingCMDTextBlock" xlink:label="BreakdownOfNetGainOnTradingCMDTextBlock"/>
    <link:presentationArc xlink:type="arc" xlink:arcrole="http://www.xbrl.org/2003/arcrole/parent-child" xlink:from="OtherElementsForNotesStatementOfIncomeOfCommodityFutureTradingAbstract" xlink:to="BreakdownOfNetGainOnTradingCMDTextBlock" priority="0" order="2.0"/>
    <link:loc xlink:type="locator" xlink:href="../jpcrp_cor_2018-03-31.xsd#jpcrp_cor_ExchangeRelatedExpensesCMDTextBlock" xlink:label="ExchangeRelatedExpensesCMDTextBlock"/>
    <link:presentationArc xlink:type="arc" xlink:arcrole="http://www.xbrl.org/2003/arcrole/parent-child" xlink:from="OtherElementsForNotesStatementOfIncomeOfCommodityFutureTradingAbstract" xlink:to="ExchangeRelatedExpensesCMDTextBlock" priority="0" order="3.0"/>
  </link:presentationLink>
</link:linkbase>
