<?xml version="1.0" encoding="UTF-8"?>
<!--  (c) Financial Services Agency, The Japanese Government.
      All Rights Reserved.
      For intellectual property policy and authorized uses of EDINET Taxonomy,
      refer to “EDINET Taxonomy Legal Statement” at http://www.fsa.go.jp/search/EDINET_Taxonomy_Legal_Statement.html
-->
<link:linkbase xmlns:link="http://www.xbrl.org/2003/linkbase" xmlns:xsi="http://www.w3.org/2001/XMLSchema-instance" xmlns:xlink="http://www.w3.org/1999/xlink" xmlns:xbrli="http://www.xbrl.org/2003/instance">
  <link:labelLink xlink:type="extended" xlink:role="http://www.xbrl.org/2003/role/link">
    <link:loc xlink:type="locator" xlink:href="../jpcrp-esr_cor_2013-08-31.xsd#jpcrp-esr_cor_CabinetOfficeOrdinanceOnDisclosureOfCorporateInformationEtcFormNo53ExtraordinarySecuritiesReportHeading" xlink:label="CabinetOfficeOrdinanceOnDisclosureOfCorporateInformationEtcFormNo53ExtraordinarySecuritiesReportHeading"/>
    <link:label xlink:type="resource" xlink:label="label_CabinetOfficeOrdinanceOnDisclosureOfCorporateInformationEtcFormNo53ExtraordinarySecuritiesReportHeading" xlink:role="http://www.xbrl.org/2003/role/label" xml:lang="en" id="label_CabinetOfficeOrdinanceOnDisclosureOfCorporateInformationEtcFormNo53ExtraordinarySecuritiesReportHeading">Disclosure of Corporate Information Form No. 5-3 Extraordinary Securities Report</link:label>
    <link:labelArc xlink:type="arc" xlink:arcrole="http://www.xbrl.org/2003/arcrole/concept-label" xlink:from="CabinetOfficeOrdinanceOnDisclosureOfCorporateInformationEtcFormNo53ExtraordinarySecuritiesReportHeading" xlink:to="label_CabinetOfficeOrdinanceOnDisclosureOfCorporateInformationEtcFormNo53ExtraordinarySecuritiesReportHeading"/>
    <link:label xlink:type="resource" xlink:label="label_CabinetOfficeOrdinanceOnDisclosureOfCorporateInformationEtcFormNo53ExtraordinarySecuritiesReportHeading_2" xlink:role="http://www.xbrl.org/2003/role/verboseLabel" xml:lang="en" id="label_CabinetOfficeOrdinanceOnDisclosureOfCorporateInformationEtcFormNo53ExtraordinarySecuritiesReportHeading_2">Cabinet Office Ordinance on Disclosure of Corporate Information, etc. Form No. 5-3 Extraordinary Securities Report [heading]</link:label>
    <link:labelArc xlink:type="arc" xlink:arcrole="http://www.xbrl.org/2003/arcrole/concept-label" xlink:from="CabinetOfficeOrdinanceOnDisclosureOfCorporateInformationEtcFormNo53ExtraordinarySecuritiesReportHeading" xlink:to="label_CabinetOfficeOrdinanceOnDisclosureOfCorporateInformationEtcFormNo53ExtraordinarySecuritiesReportHeading_2"/>
    <link:loc xlink:type="locator" xlink:href="../jpcrp-esr_cor_2013-08-31.xsd#jpcrp-esr_cor_CoverPageHeading" xlink:label="CoverPageHeading"/>
    <link:label xlink:type="resource" xlink:label="label_CoverPageHeading" xlink:role="http://www.xbrl.org/2003/role/label" xml:lang="en" id="label_CoverPageHeading">Cover page</link:label>
    <link:labelArc xlink:type="arc" xlink:arcrole="http://www.xbrl.org/2003/arcrole/concept-label" xlink:from="CoverPageHeading" xlink:to="label_CoverPageHeading"/>
    <link:label xlink:type="resource" xlink:label="label_CoverPageHeading_2" xlink:role="http://www.xbrl.org/2003/role/verboseLabel" xml:lang="en" id="label_CoverPageHeading_2">Cover page [heading]</link:label>
    <link:labelArc xlink:type="arc" xlink:arcrole="http://www.xbrl.org/2003/arcrole/concept-label" xlink:from="CoverPageHeading" xlink:to="label_CoverPageHeading_2"/>
    <link:loc xlink:type="locator" xlink:href="../jpcrp-esr_cor_2013-08-31.xsd#jpcrp-esr_cor_ReasonForFilingHeading" xlink:label="ReasonForFilingHeading"/>
    <link:label xlink:type="resource" xlink:label="label_ReasonForFilingHeading" xlink:role="http://www.xbrl.org/2003/role/label" xml:lang="en" id="label_ReasonForFilingHeading">Reason for filing</link:label>
    <link:labelArc xlink:type="arc" xlink:arcrole="http://www.xbrl.org/2003/arcrole/concept-label" xlink:from="ReasonForFilingHeading" xlink:to="label_ReasonForFilingHeading"/>
    <link:label xlink:type="resource" xlink:label="label_ReasonForFilingHeading_2" xlink:role="http://www.xbrl.org/2003/role/verboseLabel" xml:lang="en" id="label_ReasonForFilingHeading_2">Reason for filing [heading]</link:label>
    <link:labelArc xlink:type="arc" xlink:arcrole="http://www.xbrl.org/2003/arcrole/concept-label" xlink:from="ReasonForFilingHeading" xlink:to="label_ReasonForFilingHeading_2"/>
    <link:loc xlink:type="locator" xlink:href="../jpcrp-esr_cor_2013-08-31.xsd#jpcrp-esr_cor_ReasonForFilingTextBlock" xlink:label="ReasonForFilingTextBlock"/>
    <link:label xlink:type="resource" xlink:label="label_ReasonForFilingTextBlock" xlink:role="http://www.xbrl.org/2003/role/label" xml:lang="en" id="label_ReasonForFilingTextBlock">Reason for filing</link:label>
    <link:labelArc xlink:type="arc" xlink:arcrole="http://www.xbrl.org/2003/arcrole/concept-label" xlink:from="ReasonForFilingTextBlock" xlink:to="label_ReasonForFilingTextBlock"/>
    <link:label xlink:type="resource" xlink:label="label_ReasonForFilingTextBlock_2" xlink:role="http://www.xbrl.org/2003/role/verboseLabel" xml:lang="en" id="label_ReasonForFilingTextBlock_2">Reason for filing [text block]</link:label>
    <link:labelArc xlink:type="arc" xlink:arcrole="http://www.xbrl.org/2003/arcrole/concept-label" xlink:from="ReasonForFilingTextBlock" xlink:to="label_ReasonForFilingTextBlock_2"/>
    <link:loc xlink:type="locator" xlink:href="../jpcrp-esr_cor_2013-08-31.xsd#jpcrp-esr_cor_BodyOfReportHeading" xlink:label="BodyOfReportHeading"/>
    <link:label xlink:type="resource" xlink:label="label_BodyOfReportHeading" xlink:role="http://www.xbrl.org/2003/role/label" xml:lang="en" id="label_BodyOfReportHeading">Body of report</link:label>
    <link:labelArc xlink:type="arc" xlink:arcrole="http://www.xbrl.org/2003/arcrole/concept-label" xlink:from="BodyOfReportHeading" xlink:to="label_BodyOfReportHeading"/>
    <link:label xlink:type="resource" xlink:label="label_BodyOfReportHeading_2" xlink:role="http://www.xbrl.org/2003/role/verboseLabel" xml:lang="en" id="label_BodyOfReportHeading_2">Body of report [heading]</link:label>
    <link:labelArc xlink:type="arc" xlink:arcrole="http://www.xbrl.org/2003/arcrole/concept-label" xlink:from="BodyOfReportHeading" xlink:to="label_BodyOfReportHeading_2"/>
    <link:loc xlink:type="locator" xlink:href="../jpcrp-esr_cor_2013-08-31.xsd#jpcrp-esr_cor_PublicOfferingOrSecondaryDistributionOfSecuritiesOutsideJapanTextBlock" xlink:label="PublicOfferingOrSecondaryDistributionOfSecuritiesOutsideJapanTextBlock"/>
    <link:label xlink:type="resource" xlink:label="label_PublicOfferingOrSecondaryDistributionOfSecuritiesOutsideJapanTextBlock" xlink:role="http://www.xbrl.org/2003/role/documentation" xml:lang="en" id="label_PublicOfferingOrSecondaryDistributionOfSecuritiesOutsideJapanTextBlock">Art 19 para 2 item 1</link:label>
    <link:labelArc xlink:type="arc" xlink:arcrole="http://www.xbrl.org/2003/arcrole/concept-label" xlink:from="PublicOfferingOrSecondaryDistributionOfSecuritiesOutsideJapanTextBlock" xlink:to="label_PublicOfferingOrSecondaryDistributionOfSecuritiesOutsideJapanTextBlock"/>
    <link:label xlink:type="resource" xlink:label="label_PublicOfferingOrSecondaryDistributionOfSecuritiesOutsideJapanTextBlock_2" xlink:role="http://www.xbrl.org/2003/role/label" xml:lang="en" id="label_PublicOfferingOrSecondaryDistributionOfSecuritiesOutsideJapanTextBlock_2">Public offering or secondary distribution of securities outside Japan</link:label>
    <link:labelArc xlink:type="arc" xlink:arcrole="http://www.xbrl.org/2003/arcrole/concept-label" xlink:from="PublicOfferingOrSecondaryDistributionOfSecuritiesOutsideJapanTextBlock" xlink:to="label_PublicOfferingOrSecondaryDistributionOfSecuritiesOutsideJapanTextBlock_2"/>
    <link:label xlink:type="resource" xlink:label="label_PublicOfferingOrSecondaryDistributionOfSecuritiesOutsideJapanTextBlock_3" xlink:role="http://www.xbrl.org/2003/role/verboseLabel" xml:lang="en" id="label_PublicOfferingOrSecondaryDistributionOfSecuritiesOutsideJapanTextBlock_3">Public offering or secondary distribution of securities outside Japan [text block]</link:label>
    <link:labelArc xlink:type="arc" xlink:arcrole="http://www.xbrl.org/2003/arcrole/concept-label" xlink:from="PublicOfferingOrSecondaryDistributionOfSecuritiesOutsideJapanTextBlock" xlink:to="label_PublicOfferingOrSecondaryDistributionOfSecuritiesOutsideJapanTextBlock_3"/>
    <link:loc xlink:type="locator" xlink:href="../jpcrp-esr_cor_2013-08-31.xsd#jpcrp-esr_cor_PrivatePlacementOfSecuritiesTextBlock" xlink:label="PrivatePlacementOfSecuritiesTextBlock"/>
    <link:label xlink:type="resource" xlink:label="label_PrivatePlacementOfSecuritiesTextBlock" xlink:role="http://www.xbrl.org/2003/role/documentation" xml:lang="en" id="label_PrivatePlacementOfSecuritiesTextBlock">Art 19 para 2 item 2</link:label>
    <link:labelArc xlink:type="arc" xlink:arcrole="http://www.xbrl.org/2003/arcrole/concept-label" xlink:from="PrivatePlacementOfSecuritiesTextBlock" xlink:to="label_PrivatePlacementOfSecuritiesTextBlock"/>
    <link:label xlink:type="resource" xlink:label="label_PrivatePlacementOfSecuritiesTextBlock_2" xlink:role="http://www.xbrl.org/2003/role/label" xml:lang="en" id="label_PrivatePlacementOfSecuritiesTextBlock_2">Private placement of securities</link:label>
    <link:labelArc xlink:type="arc" xlink:arcrole="http://www.xbrl.org/2003/arcrole/concept-label" xlink:from="PrivatePlacementOfSecuritiesTextBlock" xlink:to="label_PrivatePlacementOfSecuritiesTextBlock_2"/>
    <link:label xlink:type="resource" xlink:label="label_PrivatePlacementOfSecuritiesTextBlock_3" xlink:role="http://www.xbrl.org/2003/role/verboseLabel" xml:lang="en" id="label_PrivatePlacementOfSecuritiesTextBlock_3">Private placement of securities [text block]</link:label>
    <link:labelArc xlink:type="arc" xlink:arcrole="http://www.xbrl.org/2003/arcrole/concept-label" xlink:from="PrivatePlacementOfSecuritiesTextBlock" xlink:to="label_PrivatePlacementOfSecuritiesTextBlock_3"/>
    <link:loc xlink:type="locator" xlink:href="../jpcrp-esr_cor_2013-08-31.xsd#jpcrp-esr_cor_IssueOfStockOptionsNotSubjectToSecuritiesRegistrationTextBlock" xlink:label="IssueOfStockOptionsNotSubjectToSecuritiesRegistrationTextBlock"/>
    <link:label xlink:type="resource" xlink:label="label_IssueOfStockOptionsNotSubjectToSecuritiesRegistrationTextBlock" xlink:role="http://www.xbrl.org/2003/role/documentation" xml:lang="en" id="label_IssueOfStockOptionsNotSubjectToSecuritiesRegistrationTextBlock">Art 19 para 2 item 2-2</link:label>
    <link:labelArc xlink:type="arc" xlink:arcrole="http://www.xbrl.org/2003/arcrole/concept-label" xlink:from="IssueOfStockOptionsNotSubjectToSecuritiesRegistrationTextBlock" xlink:to="label_IssueOfStockOptionsNotSubjectToSecuritiesRegistrationTextBlock"/>
    <link:label xlink:type="resource" xlink:label="label_IssueOfStockOptionsNotSubjectToSecuritiesRegistrationTextBlock_2" xlink:role="http://www.xbrl.org/2003/role/label" xml:lang="en" id="label_IssueOfStockOptionsNotSubjectToSecuritiesRegistrationTextBlock_2">Issue of stock options not subject to securities registration</link:label>
    <link:labelArc xlink:type="arc" xlink:arcrole="http://www.xbrl.org/2003/arcrole/concept-label" xlink:from="IssueOfStockOptionsNotSubjectToSecuritiesRegistrationTextBlock" xlink:to="label_IssueOfStockOptionsNotSubjectToSecuritiesRegistrationTextBlock_2"/>
    <link:label xlink:type="resource" xlink:label="label_IssueOfStockOptionsNotSubjectToSecuritiesRegistrationTextBlock_3" xlink:role="http://www.xbrl.org/2003/role/verboseLabel" xml:lang="en" id="label_IssueOfStockOptionsNotSubjectToSecuritiesRegistrationTextBlock_3">Issue of stock options not subject to securities registration [text block]</link:label>
    <link:labelArc xlink:type="arc" xlink:arcrole="http://www.xbrl.org/2003/arcrole/concept-label" xlink:from="IssueOfStockOptionsNotSubjectToSecuritiesRegistrationTextBlock" xlink:to="label_IssueOfStockOptionsNotSubjectToSecuritiesRegistrationTextBlock_3"/>
    <link:loc xlink:type="locator" xlink:href="../jpcrp-esr_cor_2013-08-31.xsd#jpcrp-esr_cor_ChangesInParentCompaniesOrSpecifiedSubsidiariesTextBlock" xlink:label="ChangesInParentCompaniesOrSpecifiedSubsidiariesTextBlock"/>
    <link:label xlink:type="resource" xlink:label="label_ChangesInParentCompaniesOrSpecifiedSubsidiariesTextBlock" xlink:role="http://www.xbrl.org/2003/role/documentation" xml:lang="en" id="label_ChangesInParentCompaniesOrSpecifiedSubsidiariesTextBlock">Art 19 para 2 item 3</link:label>
    <link:labelArc xlink:type="arc" xlink:arcrole="http://www.xbrl.org/2003/arcrole/concept-label" xlink:from="ChangesInParentCompaniesOrSpecifiedSubsidiariesTextBlock" xlink:to="label_ChangesInParentCompaniesOrSpecifiedSubsidiariesTextBlock"/>
    <link:label xlink:type="resource" xlink:label="label_ChangesInParentCompaniesOrSpecifiedSubsidiariesTextBlock_2" xlink:role="http://www.xbrl.org/2003/role/label" xml:lang="en" id="label_ChangesInParentCompaniesOrSpecifiedSubsidiariesTextBlock_2">Changes in parent companies or specified subsidiaries</link:label>
    <link:labelArc xlink:type="arc" xlink:arcrole="http://www.xbrl.org/2003/arcrole/concept-label" xlink:from="ChangesInParentCompaniesOrSpecifiedSubsidiariesTextBlock" xlink:to="label_ChangesInParentCompaniesOrSpecifiedSubsidiariesTextBlock_2"/>
    <link:label xlink:type="resource" xlink:label="label_ChangesInParentCompaniesOrSpecifiedSubsidiariesTextBlock_3" xlink:role="http://www.xbrl.org/2003/role/verboseLabel" xml:lang="en" id="label_ChangesInParentCompaniesOrSpecifiedSubsidiariesTextBlock_3">Changes in parent companies or specified subsidiaries [text block]</link:label>
    <link:labelArc xlink:type="arc" xlink:arcrole="http://www.xbrl.org/2003/arcrole/concept-label" xlink:from="ChangesInParentCompaniesOrSpecifiedSubsidiariesTextBlock" xlink:to="label_ChangesInParentCompaniesOrSpecifiedSubsidiariesTextBlock_3"/>
    <link:loc xlink:type="locator" xlink:href="../jpcrp-esr_cor_2013-08-31.xsd#jpcrp-esr_cor_ChangesInMajorShareholderTextBlock" xlink:label="ChangesInMajorShareholderTextBlock"/>
    <link:label xlink:type="resource" xlink:label="label_ChangesInMajorShareholderTextBlock" xlink:role="http://www.xbrl.org/2003/role/documentation" xml:lang="en" id="label_ChangesInMajorShareholderTextBlock">Art 19 para 2 item 4</link:label>
    <link:labelArc xlink:type="arc" xlink:arcrole="http://www.xbrl.org/2003/arcrole/concept-label" xlink:from="ChangesInMajorShareholderTextBlock" xlink:to="label_ChangesInMajorShareholderTextBlock"/>
    <link:label xlink:type="resource" xlink:label="label_ChangesInMajorShareholderTextBlock_2" xlink:role="http://www.xbrl.org/2003/role/label" xml:lang="en" id="label_ChangesInMajorShareholderTextBlock_2">Changes in major shareholder</link:label>
    <link:labelArc xlink:type="arc" xlink:arcrole="http://www.xbrl.org/2003/arcrole/concept-label" xlink:from="ChangesInMajorShareholderTextBlock" xlink:to="label_ChangesInMajorShareholderTextBlock_2"/>
    <link:label xlink:type="resource" xlink:label="label_ChangesInMajorShareholderTextBlock_3" xlink:role="http://www.xbrl.org/2003/role/verboseLabel" xml:lang="en" id="label_ChangesInMajorShareholderTextBlock_3">Changes in major shareholder [text block]</link:label>
    <link:labelArc xlink:type="arc" xlink:arcrole="http://www.xbrl.org/2003/arcrole/concept-label" xlink:from="ChangesInMajorShareholderTextBlock" xlink:to="label_ChangesInMajorShareholderTextBlock_3"/>
    <link:loc xlink:type="locator" xlink:href="../jpcrp-esr_cor_2013-08-31.xsd#jpcrp-esr_cor_SignificantDisasterTextBlock" xlink:label="SignificantDisasterTextBlock"/>
    <link:label xlink:type="resource" xlink:label="label_SignificantDisasterTextBlock" xlink:role="http://www.xbrl.org/2003/role/documentation" xml:lang="en" id="label_SignificantDisasterTextBlock">Art 19 para 2 item 5</link:label>
    <link:labelArc xlink:type="arc" xlink:arcrole="http://www.xbrl.org/2003/arcrole/concept-label" xlink:from="SignificantDisasterTextBlock" xlink:to="label_SignificantDisasterTextBlock"/>
    <link:label xlink:type="resource" xlink:label="label_SignificantDisasterTextBlock_2" xlink:role="http://www.xbrl.org/2003/role/label" xml:lang="en" id="label_SignificantDisasterTextBlock_2">Significant disaster</link:label>
    <link:labelArc xlink:type="arc" xlink:arcrole="http://www.xbrl.org/2003/arcrole/concept-label" xlink:from="SignificantDisasterTextBlock" xlink:to="label_SignificantDisasterTextBlock_2"/>
    <link:label xlink:type="resource" xlink:label="label_SignificantDisasterTextBlock_3" xlink:role="http://www.xbrl.org/2003/role/verboseLabel" xml:lang="en" id="label_SignificantDisasterTextBlock_3">Significant disaster [text block]</link:label>
    <link:labelArc xlink:type="arc" xlink:arcrole="http://www.xbrl.org/2003/arcrole/concept-label" xlink:from="SignificantDisasterTextBlock" xlink:to="label_SignificantDisasterTextBlock_3"/>
    <link:loc xlink:type="locator" xlink:href="../jpcrp-esr_cor_2013-08-31.xsd#jpcrp-esr_cor_CommencementOrResolutionOfLitigationTextBlock" xlink:label="CommencementOrResolutionOfLitigationTextBlock"/>
    <link:label xlink:type="resource" xlink:label="label_CommencementOrResolutionOfLitigationTextBlock" xlink:role="http://www.xbrl.org/2003/role/documentation" xml:lang="en" id="label_CommencementOrResolutionOfLitigationTextBlock">Art 19 para 2 item 6</link:label>
    <link:labelArc xlink:type="arc" xlink:arcrole="http://www.xbrl.org/2003/arcrole/concept-label" xlink:from="CommencementOrResolutionOfLitigationTextBlock" xlink:to="label_CommencementOrResolutionOfLitigationTextBlock"/>
    <link:label xlink:type="resource" xlink:label="label_CommencementOrResolutionOfLitigationTextBlock_2" xlink:role="http://www.xbrl.org/2003/role/label" xml:lang="en" id="label_CommencementOrResolutionOfLitigationTextBlock_2">Commencement or resolution of litigation</link:label>
    <link:labelArc xlink:type="arc" xlink:arcrole="http://www.xbrl.org/2003/arcrole/concept-label" xlink:from="CommencementOrResolutionOfLitigationTextBlock" xlink:to="label_CommencementOrResolutionOfLitigationTextBlock_2"/>
    <link:label xlink:type="resource" xlink:label="label_CommencementOrResolutionOfLitigationTextBlock_3" xlink:role="http://www.xbrl.org/2003/role/verboseLabel" xml:lang="en" id="label_CommencementOrResolutionOfLitigationTextBlock_3">Commencement or resolution of litigation [text block]</link:label>
    <link:labelArc xlink:type="arc" xlink:arcrole="http://www.xbrl.org/2003/arcrole/concept-label" xlink:from="CommencementOrResolutionOfLitigationTextBlock" xlink:to="label_CommencementOrResolutionOfLitigationTextBlock_3"/>
    <link:loc xlink:type="locator" xlink:href="../jpcrp-esr_cor_2013-08-31.xsd#jpcrp-esr_cor_DecisionOnShareExchangeTextBlock" xlink:label="DecisionOnShareExchangeTextBlock"/>
    <link:label xlink:type="resource" xlink:label="label_DecisionOnShareExchangeTextBlock" xlink:role="http://www.xbrl.org/2003/role/documentation" xml:lang="en" id="label_DecisionOnShareExchangeTextBlock">Art 19 para 2 item 6-2</link:label>
    <link:labelArc xlink:type="arc" xlink:arcrole="http://www.xbrl.org/2003/arcrole/concept-label" xlink:from="DecisionOnShareExchangeTextBlock" xlink:to="label_DecisionOnShareExchangeTextBlock"/>
    <link:label xlink:type="resource" xlink:label="label_DecisionOnShareExchangeTextBlock_2" xlink:role="http://www.xbrl.org/2003/role/label" xml:lang="en" id="label_DecisionOnShareExchangeTextBlock_2">Decision on share exchange</link:label>
    <link:labelArc xlink:type="arc" xlink:arcrole="http://www.xbrl.org/2003/arcrole/concept-label" xlink:from="DecisionOnShareExchangeTextBlock" xlink:to="label_DecisionOnShareExchangeTextBlock_2"/>
    <link:label xlink:type="resource" xlink:label="label_DecisionOnShareExchangeTextBlock_3" xlink:role="http://www.xbrl.org/2003/role/verboseLabel" xml:lang="en" id="label_DecisionOnShareExchangeTextBlock_3">Decision on share exchange [text block]</link:label>
    <link:labelArc xlink:type="arc" xlink:arcrole="http://www.xbrl.org/2003/arcrole/concept-label" xlink:from="DecisionOnShareExchangeTextBlock" xlink:to="label_DecisionOnShareExchangeTextBlock_3"/>
    <link:loc xlink:type="locator" xlink:href="../jpcrp-esr_cor_2013-08-31.xsd#jpcrp-esr_cor_DecisionOnShareTransferTextBlock" xlink:label="DecisionOnShareTransferTextBlock"/>
    <link:label xlink:type="resource" xlink:label="label_DecisionOnShareTransferTextBlock" xlink:role="http://www.xbrl.org/2003/role/documentation" xml:lang="en" id="label_DecisionOnShareTransferTextBlock">Art 19 para 2 item 6-3</link:label>
    <link:labelArc xlink:type="arc" xlink:arcrole="http://www.xbrl.org/2003/arcrole/concept-label" xlink:from="DecisionOnShareTransferTextBlock" xlink:to="label_DecisionOnShareTransferTextBlock"/>
    <link:label xlink:type="resource" xlink:label="label_DecisionOnShareTransferTextBlock_2" xlink:role="http://www.xbrl.org/2003/role/label" xml:lang="en" id="label_DecisionOnShareTransferTextBlock_2">Decision on share transfer</link:label>
    <link:labelArc xlink:type="arc" xlink:arcrole="http://www.xbrl.org/2003/arcrole/concept-label" xlink:from="DecisionOnShareTransferTextBlock" xlink:to="label_DecisionOnShareTransferTextBlock_2"/>
    <link:label xlink:type="resource" xlink:label="label_DecisionOnShareTransferTextBlock_3" xlink:role="http://www.xbrl.org/2003/role/verboseLabel" xml:lang="en" id="label_DecisionOnShareTransferTextBlock_3">Decision on share transfer [text block]</link:label>
    <link:labelArc xlink:type="arc" xlink:arcrole="http://www.xbrl.org/2003/arcrole/concept-label" xlink:from="DecisionOnShareTransferTextBlock" xlink:to="label_DecisionOnShareTransferTextBlock_3"/>
    <link:loc xlink:type="locator" xlink:href="../jpcrp-esr_cor_2013-08-31.xsd#jpcrp-esr_cor_DecisionOnAbsorptionTypeSplitTextBlock" xlink:label="DecisionOnAbsorptionTypeSplitTextBlock"/>
    <link:label xlink:type="resource" xlink:label="label_DecisionOnAbsorptionTypeSplitTextBlock" xlink:role="http://www.xbrl.org/2003/role/documentation" xml:lang="en" id="label_DecisionOnAbsorptionTypeSplitTextBlock">Art 19 para 2 item 7</link:label>
    <link:labelArc xlink:type="arc" xlink:arcrole="http://www.xbrl.org/2003/arcrole/concept-label" xlink:from="DecisionOnAbsorptionTypeSplitTextBlock" xlink:to="label_DecisionOnAbsorptionTypeSplitTextBlock"/>
    <link:label xlink:type="resource" xlink:label="label_DecisionOnAbsorptionTypeSplitTextBlock_2" xlink:role="http://www.xbrl.org/2003/role/label" xml:lang="en" id="label_DecisionOnAbsorptionTypeSplitTextBlock_2">Decision on absorption-type split</link:label>
    <link:labelArc xlink:type="arc" xlink:arcrole="http://www.xbrl.org/2003/arcrole/concept-label" xlink:from="DecisionOnAbsorptionTypeSplitTextBlock" xlink:to="label_DecisionOnAbsorptionTypeSplitTextBlock_2"/>
    <link:label xlink:type="resource" xlink:label="label_DecisionOnAbsorptionTypeSplitTextBlock_3" xlink:role="http://www.xbrl.org/2003/role/verboseLabel" xml:lang="en" id="label_DecisionOnAbsorptionTypeSplitTextBlock_3">Decision on absorption-type split [text block]</link:label>
    <link:labelArc xlink:type="arc" xlink:arcrole="http://www.xbrl.org/2003/arcrole/concept-label" xlink:from="DecisionOnAbsorptionTypeSplitTextBlock" xlink:to="label_DecisionOnAbsorptionTypeSplitTextBlock_3"/>
    <link:loc xlink:type="locator" xlink:href="../jpcrp-esr_cor_2013-08-31.xsd#jpcrp-esr_cor_DecisionOnIncorporationTypeSplitTextBlock" xlink:label="DecisionOnIncorporationTypeSplitTextBlock"/>
    <link:label xlink:type="resource" xlink:label="label_DecisionOnIncorporationTypeSplitTextBlock" xlink:role="http://www.xbrl.org/2003/role/documentation" xml:lang="en" id="label_DecisionOnIncorporationTypeSplitTextBlock">Art 19 para 2 item 7-2</link:label>
    <link:labelArc xlink:type="arc" xlink:arcrole="http://www.xbrl.org/2003/arcrole/concept-label" xlink:from="DecisionOnIncorporationTypeSplitTextBlock" xlink:to="label_DecisionOnIncorporationTypeSplitTextBlock"/>
    <link:label xlink:type="resource" xlink:label="label_DecisionOnIncorporationTypeSplitTextBlock_2" xlink:role="http://www.xbrl.org/2003/role/label" xml:lang="en" id="label_DecisionOnIncorporationTypeSplitTextBlock_2">Decision on incorporation-type split</link:label>
    <link:labelArc xlink:type="arc" xlink:arcrole="http://www.xbrl.org/2003/arcrole/concept-label" xlink:from="DecisionOnIncorporationTypeSplitTextBlock" xlink:to="label_DecisionOnIncorporationTypeSplitTextBlock_2"/>
    <link:label xlink:type="resource" xlink:label="label_DecisionOnIncorporationTypeSplitTextBlock_3" xlink:role="http://www.xbrl.org/2003/role/verboseLabel" xml:lang="en" id="label_DecisionOnIncorporationTypeSplitTextBlock_3">Decision on incorporation-type split [text block]</link:label>
    <link:labelArc xlink:type="arc" xlink:arcrole="http://www.xbrl.org/2003/arcrole/concept-label" xlink:from="DecisionOnIncorporationTypeSplitTextBlock" xlink:to="label_DecisionOnIncorporationTypeSplitTextBlock_3"/>
    <link:loc xlink:type="locator" xlink:href="../jpcrp-esr_cor_2013-08-31.xsd#jpcrp-esr_cor_DecisionOnAbsorptionTypeMergerTextBlock" xlink:label="DecisionOnAbsorptionTypeMergerTextBlock"/>
    <link:label xlink:type="resource" xlink:label="label_DecisionOnAbsorptionTypeMergerTextBlock" xlink:role="http://www.xbrl.org/2003/role/documentation" xml:lang="en" id="label_DecisionOnAbsorptionTypeMergerTextBlock">Art 19 para 2 item 7-3</link:label>
    <link:labelArc xlink:type="arc" xlink:arcrole="http://www.xbrl.org/2003/arcrole/concept-label" xlink:from="DecisionOnAbsorptionTypeMergerTextBlock" xlink:to="label_DecisionOnAbsorptionTypeMergerTextBlock"/>
    <link:label xlink:type="resource" xlink:label="label_DecisionOnAbsorptionTypeMergerTextBlock_2" xlink:role="http://www.xbrl.org/2003/role/label" xml:lang="en" id="label_DecisionOnAbsorptionTypeMergerTextBlock_2">Decision on absorption-type merger</link:label>
    <link:labelArc xlink:type="arc" xlink:arcrole="http://www.xbrl.org/2003/arcrole/concept-label" xlink:from="DecisionOnAbsorptionTypeMergerTextBlock" xlink:to="label_DecisionOnAbsorptionTypeMergerTextBlock_2"/>
    <link:label xlink:type="resource" xlink:label="label_DecisionOnAbsorptionTypeMergerTextBlock_3" xlink:role="http://www.xbrl.org/2003/role/verboseLabel" xml:lang="en" id="label_DecisionOnAbsorptionTypeMergerTextBlock_3">Decision on absorption-type merger [text block]</link:label>
    <link:labelArc xlink:type="arc" xlink:arcrole="http://www.xbrl.org/2003/arcrole/concept-label" xlink:from="DecisionOnAbsorptionTypeMergerTextBlock" xlink:to="label_DecisionOnAbsorptionTypeMergerTextBlock_3"/>
    <link:loc xlink:type="locator" xlink:href="../jpcrp-esr_cor_2013-08-31.xsd#jpcrp-esr_cor_DecisionOnConsolidationTypeMergerTextBlock" xlink:label="DecisionOnConsolidationTypeMergerTextBlock"/>
    <link:label xlink:type="resource" xlink:label="label_DecisionOnConsolidationTypeMergerTextBlock" xlink:role="http://www.xbrl.org/2003/role/documentation" xml:lang="en" id="label_DecisionOnConsolidationTypeMergerTextBlock">Art 19 para 2 item 7-4</link:label>
    <link:labelArc xlink:type="arc" xlink:arcrole="http://www.xbrl.org/2003/arcrole/concept-label" xlink:from="DecisionOnConsolidationTypeMergerTextBlock" xlink:to="label_DecisionOnConsolidationTypeMergerTextBlock"/>
    <link:label xlink:type="resource" xlink:label="label_DecisionOnConsolidationTypeMergerTextBlock_2" xlink:role="http://www.xbrl.org/2003/role/label" xml:lang="en" id="label_DecisionOnConsolidationTypeMergerTextBlock_2">Decision on consolidation-type merger</link:label>
    <link:labelArc xlink:type="arc" xlink:arcrole="http://www.xbrl.org/2003/arcrole/concept-label" xlink:from="DecisionOnConsolidationTypeMergerTextBlock" xlink:to="label_DecisionOnConsolidationTypeMergerTextBlock_2"/>
    <link:label xlink:type="resource" xlink:label="label_DecisionOnConsolidationTypeMergerTextBlock_3" xlink:role="http://www.xbrl.org/2003/role/verboseLabel" xml:lang="en" id="label_DecisionOnConsolidationTypeMergerTextBlock_3">Decision on consolidation-type merger [text block]</link:label>
    <link:labelArc xlink:type="arc" xlink:arcrole="http://www.xbrl.org/2003/arcrole/concept-label" xlink:from="DecisionOnConsolidationTypeMergerTextBlock" xlink:to="label_DecisionOnConsolidationTypeMergerTextBlock_3"/>
    <link:loc xlink:type="locator" xlink:href="../jpcrp-esr_cor_2013-08-31.xsd#jpcrp-esr_cor_DecisionOnTransferOrAcquisitionOfBusinessTextBlock" xlink:label="DecisionOnTransferOrAcquisitionOfBusinessTextBlock"/>
    <link:label xlink:type="resource" xlink:label="label_DecisionOnTransferOrAcquisitionOfBusinessTextBlock" xlink:role="http://www.xbrl.org/2003/role/documentation" xml:lang="en" id="label_DecisionOnTransferOrAcquisitionOfBusinessTextBlock">Art 19 para 2 item 8</link:label>
    <link:labelArc xlink:type="arc" xlink:arcrole="http://www.xbrl.org/2003/arcrole/concept-label" xlink:from="DecisionOnTransferOrAcquisitionOfBusinessTextBlock" xlink:to="label_DecisionOnTransferOrAcquisitionOfBusinessTextBlock"/>
    <link:label xlink:type="resource" xlink:label="label_DecisionOnTransferOrAcquisitionOfBusinessTextBlock_2" xlink:role="http://www.xbrl.org/2003/role/label" xml:lang="en" id="label_DecisionOnTransferOrAcquisitionOfBusinessTextBlock_2">Decision on transfer or acquisition of business</link:label>
    <link:labelArc xlink:type="arc" xlink:arcrole="http://www.xbrl.org/2003/arcrole/concept-label" xlink:from="DecisionOnTransferOrAcquisitionOfBusinessTextBlock" xlink:to="label_DecisionOnTransferOrAcquisitionOfBusinessTextBlock_2"/>
    <link:label xlink:type="resource" xlink:label="label_DecisionOnTransferOrAcquisitionOfBusinessTextBlock_3" xlink:role="http://www.xbrl.org/2003/role/verboseLabel" xml:lang="en" id="label_DecisionOnTransferOrAcquisitionOfBusinessTextBlock_3">Decision on transfer or acquisition of business [text block]</link:label>
    <link:labelArc xlink:type="arc" xlink:arcrole="http://www.xbrl.org/2003/arcrole/concept-label" xlink:from="DecisionOnTransferOrAcquisitionOfBusinessTextBlock" xlink:to="label_DecisionOnTransferOrAcquisitionOfBusinessTextBlock_3"/>
    <link:loc xlink:type="locator" xlink:href="../jpcrp-esr_cor_2013-08-31.xsd#jpcrp-esr_cor_DecisionOnAcquisitionOfSubsidiaryTextBlock" xlink:label="DecisionOnAcquisitionOfSubsidiaryTextBlock"/>
    <link:label xlink:type="resource" xlink:label="label_DecisionOnAcquisitionOfSubsidiaryTextBlock" xlink:role="http://www.xbrl.org/2003/role/documentation" xml:lang="en" id="label_DecisionOnAcquisitionOfSubsidiaryTextBlock">Art 19 para 2 item 8-2</link:label>
    <link:labelArc xlink:type="arc" xlink:arcrole="http://www.xbrl.org/2003/arcrole/concept-label" xlink:from="DecisionOnAcquisitionOfSubsidiaryTextBlock" xlink:to="label_DecisionOnAcquisitionOfSubsidiaryTextBlock"/>
    <link:label xlink:type="resource" xlink:label="label_DecisionOnAcquisitionOfSubsidiaryTextBlock_2" xlink:role="http://www.xbrl.org/2003/role/label" xml:lang="en" id="label_DecisionOnAcquisitionOfSubsidiaryTextBlock_2">Decision on acquisition of subsidiary</link:label>
    <link:labelArc xlink:type="arc" xlink:arcrole="http://www.xbrl.org/2003/arcrole/concept-label" xlink:from="DecisionOnAcquisitionOfSubsidiaryTextBlock" xlink:to="label_DecisionOnAcquisitionOfSubsidiaryTextBlock_2"/>
    <link:label xlink:type="resource" xlink:label="label_DecisionOnAcquisitionOfSubsidiaryTextBlock_3" xlink:role="http://www.xbrl.org/2003/role/verboseLabel" xml:lang="en" id="label_DecisionOnAcquisitionOfSubsidiaryTextBlock_3">Decision on acquisition of subsidiary [text block]</link:label>
    <link:labelArc xlink:type="arc" xlink:arcrole="http://www.xbrl.org/2003/arcrole/concept-label" xlink:from="DecisionOnAcquisitionOfSubsidiaryTextBlock" xlink:to="label_DecisionOnAcquisitionOfSubsidiaryTextBlock_3"/>
    <link:loc xlink:type="locator" xlink:href="../jpcrp-esr_cor_2013-08-31.xsd#jpcrp-esr_cor_ChangesInRepresentativeDirectorsTextBlock" xlink:label="ChangesInRepresentativeDirectorsTextBlock"/>
    <link:label xlink:type="resource" xlink:label="label_ChangesInRepresentativeDirectorsTextBlock" xlink:role="http://www.xbrl.org/2003/role/documentation" xml:lang="en" id="label_ChangesInRepresentativeDirectorsTextBlock">Art 19 para 2 item 9</link:label>
    <link:labelArc xlink:type="arc" xlink:arcrole="http://www.xbrl.org/2003/arcrole/concept-label" xlink:from="ChangesInRepresentativeDirectorsTextBlock" xlink:to="label_ChangesInRepresentativeDirectorsTextBlock"/>
    <link:label xlink:type="resource" xlink:label="label_ChangesInRepresentativeDirectorsTextBlock_2" xlink:role="http://www.xbrl.org/2003/role/label" xml:lang="en" id="label_ChangesInRepresentativeDirectorsTextBlock_2">Changes in representative directors</link:label>
    <link:labelArc xlink:type="arc" xlink:arcrole="http://www.xbrl.org/2003/arcrole/concept-label" xlink:from="ChangesInRepresentativeDirectorsTextBlock" xlink:to="label_ChangesInRepresentativeDirectorsTextBlock_2"/>
    <link:label xlink:type="resource" xlink:label="label_ChangesInRepresentativeDirectorsTextBlock_3" xlink:role="http://www.xbrl.org/2003/role/verboseLabel" xml:lang="en" id="label_ChangesInRepresentativeDirectorsTextBlock_3">Changes in representative directors [text block]</link:label>
    <link:labelArc xlink:type="arc" xlink:arcrole="http://www.xbrl.org/2003/arcrole/concept-label" xlink:from="ChangesInRepresentativeDirectorsTextBlock" xlink:to="label_ChangesInRepresentativeDirectorsTextBlock_3"/>
    <link:loc xlink:type="locator" xlink:href="../jpcrp-esr_cor_2013-08-31.xsd#jpcrp-esr_cor_ResolutionOfShareholdersMeetingTextBlock" xlink:label="ResolutionOfShareholdersMeetingTextBlock"/>
    <link:label xlink:type="resource" xlink:label="label_ResolutionOfShareholdersMeetingTextBlock" xlink:role="http://www.xbrl.org/2003/role/documentation" xml:lang="en" id="label_ResolutionOfShareholdersMeetingTextBlock">Art 19 para 2 item 9-2</link:label>
    <link:labelArc xlink:type="arc" xlink:arcrole="http://www.xbrl.org/2003/arcrole/concept-label" xlink:from="ResolutionOfShareholdersMeetingTextBlock" xlink:to="label_ResolutionOfShareholdersMeetingTextBlock"/>
    <link:label xlink:type="resource" xlink:label="label_ResolutionOfShareholdersMeetingTextBlock_2" xlink:role="http://www.xbrl.org/2003/role/label" xml:lang="en" id="label_ResolutionOfShareholdersMeetingTextBlock_2">Resolution of shareholders' meeting</link:label>
    <link:labelArc xlink:type="arc" xlink:arcrole="http://www.xbrl.org/2003/arcrole/concept-label" xlink:from="ResolutionOfShareholdersMeetingTextBlock" xlink:to="label_ResolutionOfShareholdersMeetingTextBlock_2"/>
    <link:label xlink:type="resource" xlink:label="label_ResolutionOfShareholdersMeetingTextBlock_3" xlink:role="http://www.xbrl.org/2003/role/verboseLabel" xml:lang="en" id="label_ResolutionOfShareholdersMeetingTextBlock_3">Resolution of shareholders' meeting [text block]</link:label>
    <link:labelArc xlink:type="arc" xlink:arcrole="http://www.xbrl.org/2003/arcrole/concept-label" xlink:from="ResolutionOfShareholdersMeetingTextBlock" xlink:to="label_ResolutionOfShareholdersMeetingTextBlock_3"/>
    <link:loc xlink:type="locator" xlink:href="../jpcrp-esr_cor_2013-08-31.xsd#jpcrp-esr_cor_AmendmentOrRejectionByShareholdersMeetingTextBlock" xlink:label="AmendmentOrRejectionByShareholdersMeetingTextBlock"/>
    <link:label xlink:type="resource" xlink:label="label_AmendmentOrRejectionByShareholdersMeetingTextBlock" xlink:role="http://www.xbrl.org/2003/role/documentation" xml:lang="en" id="label_AmendmentOrRejectionByShareholdersMeetingTextBlock">Art 19 para 2 item 9-3</link:label>
    <link:labelArc xlink:type="arc" xlink:arcrole="http://www.xbrl.org/2003/arcrole/concept-label" xlink:from="AmendmentOrRejectionByShareholdersMeetingTextBlock" xlink:to="label_AmendmentOrRejectionByShareholdersMeetingTextBlock"/>
    <link:label xlink:type="resource" xlink:label="label_AmendmentOrRejectionByShareholdersMeetingTextBlock_2" xlink:role="http://www.xbrl.org/2003/role/label" xml:lang="en" id="label_AmendmentOrRejectionByShareholdersMeetingTextBlock_2">Amendment or rejection by shareholders' meeting</link:label>
    <link:labelArc xlink:type="arc" xlink:arcrole="http://www.xbrl.org/2003/arcrole/concept-label" xlink:from="AmendmentOrRejectionByShareholdersMeetingTextBlock" xlink:to="label_AmendmentOrRejectionByShareholdersMeetingTextBlock_2"/>
    <link:label xlink:type="resource" xlink:label="label_AmendmentOrRejectionByShareholdersMeetingTextBlock_3" xlink:role="http://www.xbrl.org/2003/role/verboseLabel" xml:lang="en" id="label_AmendmentOrRejectionByShareholdersMeetingTextBlock_3">Amendment or rejection by shareholders' meeting [text block]</link:label>
    <link:labelArc xlink:type="arc" xlink:arcrole="http://www.xbrl.org/2003/arcrole/concept-label" xlink:from="AmendmentOrRejectionByShareholdersMeetingTextBlock" xlink:to="label_AmendmentOrRejectionByShareholdersMeetingTextBlock_3"/>
    <link:loc xlink:type="locator" xlink:href="../jpcrp-esr_cor_2013-08-31.xsd#jpcrp-esr_cor_ChangeInIndependentAuditorsTextBlock" xlink:label="ChangeInIndependentAuditorsTextBlock"/>
    <link:label xlink:type="resource" xlink:label="label_ChangeInIndependentAuditorsTextBlock" xlink:role="http://www.xbrl.org/2003/role/documentation" xml:lang="en" id="label_ChangeInIndependentAuditorsTextBlock">Art 19 para 2 item 9-4</link:label>
    <link:labelArc xlink:type="arc" xlink:arcrole="http://www.xbrl.org/2003/arcrole/concept-label" xlink:from="ChangeInIndependentAuditorsTextBlock" xlink:to="label_ChangeInIndependentAuditorsTextBlock"/>
    <link:label xlink:type="resource" xlink:label="label_ChangeInIndependentAuditorsTextBlock_2" xlink:role="http://www.xbrl.org/2003/role/label" xml:lang="en" id="label_ChangeInIndependentAuditorsTextBlock_2">Change in independent auditors</link:label>
    <link:labelArc xlink:type="arc" xlink:arcrole="http://www.xbrl.org/2003/arcrole/concept-label" xlink:from="ChangeInIndependentAuditorsTextBlock" xlink:to="label_ChangeInIndependentAuditorsTextBlock_2"/>
    <link:label xlink:type="resource" xlink:label="label_ChangeInIndependentAuditorsTextBlock_3" xlink:role="http://www.xbrl.org/2003/role/verboseLabel" xml:lang="en" id="label_ChangeInIndependentAuditorsTextBlock_3">Change in independent auditors [text block]</link:label>
    <link:labelArc xlink:type="arc" xlink:arcrole="http://www.xbrl.org/2003/arcrole/concept-label" xlink:from="ChangeInIndependentAuditorsTextBlock" xlink:to="label_ChangeInIndependentAuditorsTextBlock_3"/>
    <link:loc xlink:type="locator" xlink:href="../jpcrp-esr_cor_2013-08-31.xsd#jpcrp-esr_cor_PetitionEtcForCommencementOfBankruptcyProceedingsTextBlock" xlink:label="PetitionEtcForCommencementOfBankruptcyProceedingsTextBlock"/>
    <link:label xlink:type="resource" xlink:label="label_PetitionEtcForCommencementOfBankruptcyProceedingsTextBlock" xlink:role="http://www.xbrl.org/2003/role/documentation" xml:lang="en" id="label_PetitionEtcForCommencementOfBankruptcyProceedingsTextBlock">Art 19 para 2 item 10</link:label>
    <link:labelArc xlink:type="arc" xlink:arcrole="http://www.xbrl.org/2003/arcrole/concept-label" xlink:from="PetitionEtcForCommencementOfBankruptcyProceedingsTextBlock" xlink:to="label_PetitionEtcForCommencementOfBankruptcyProceedingsTextBlock"/>
    <link:label xlink:type="resource" xlink:label="label_PetitionEtcForCommencementOfBankruptcyProceedingsTextBlock_2" xlink:role="http://www.xbrl.org/2003/role/label" xml:lang="en" id="label_PetitionEtcForCommencementOfBankruptcyProceedingsTextBlock_2">Petition, etc. for commencement of bankruptcy proceedings</link:label>
    <link:labelArc xlink:type="arc" xlink:arcrole="http://www.xbrl.org/2003/arcrole/concept-label" xlink:from="PetitionEtcForCommencementOfBankruptcyProceedingsTextBlock" xlink:to="label_PetitionEtcForCommencementOfBankruptcyProceedingsTextBlock_2"/>
    <link:label xlink:type="resource" xlink:label="label_PetitionEtcForCommencementOfBankruptcyProceedingsTextBlock_3" xlink:role="http://www.xbrl.org/2003/role/verboseLabel" xml:lang="en" id="label_PetitionEtcForCommencementOfBankruptcyProceedingsTextBlock_3">Petition, etc. for commencement of bankruptcy proceedings [text block]</link:label>
    <link:labelArc xlink:type="arc" xlink:arcrole="http://www.xbrl.org/2003/arcrole/concept-label" xlink:from="PetitionEtcForCommencementOfBankruptcyProceedingsTextBlock" xlink:to="label_PetitionEtcForCommencementOfBankruptcyProceedingsTextBlock_3"/>
    <link:loc xlink:type="locator" xlink:href="../jpcrp-esr_cor_2013-08-31.xsd#jpcrp-esr_cor_LikelihoodOfUncollectibleOrDelinquentAccountsTextBlock" xlink:label="LikelihoodOfUncollectibleOrDelinquentAccountsTextBlock"/>
    <link:label xlink:type="resource" xlink:label="label_LikelihoodOfUncollectibleOrDelinquentAccountsTextBlock" xlink:role="http://www.xbrl.org/2003/role/documentation" xml:lang="en" id="label_LikelihoodOfUncollectibleOrDelinquentAccountsTextBlock">Art 19 para 2 item 11</link:label>
    <link:labelArc xlink:type="arc" xlink:arcrole="http://www.xbrl.org/2003/arcrole/concept-label" xlink:from="LikelihoodOfUncollectibleOrDelinquentAccountsTextBlock" xlink:to="label_LikelihoodOfUncollectibleOrDelinquentAccountsTextBlock"/>
    <link:label xlink:type="resource" xlink:label="label_LikelihoodOfUncollectibleOrDelinquentAccountsTextBlock_2" xlink:role="http://www.xbrl.org/2003/role/label" xml:lang="en" id="label_LikelihoodOfUncollectibleOrDelinquentAccountsTextBlock_2">Likelihood of uncollectible or delinquent accounts</link:label>
    <link:labelArc xlink:type="arc" xlink:arcrole="http://www.xbrl.org/2003/arcrole/concept-label" xlink:from="LikelihoodOfUncollectibleOrDelinquentAccountsTextBlock" xlink:to="label_LikelihoodOfUncollectibleOrDelinquentAccountsTextBlock_2"/>
    <link:label xlink:type="resource" xlink:label="label_LikelihoodOfUncollectibleOrDelinquentAccountsTextBlock_3" xlink:role="http://www.xbrl.org/2003/role/verboseLabel" xml:lang="en" id="label_LikelihoodOfUncollectibleOrDelinquentAccountsTextBlock_3">Likelihood of uncollectible or delinquent accounts [text block]</link:label>
    <link:labelArc xlink:type="arc" xlink:arcrole="http://www.xbrl.org/2003/arcrole/concept-label" xlink:from="LikelihoodOfUncollectibleOrDelinquentAccountsTextBlock" xlink:to="label_LikelihoodOfUncollectibleOrDelinquentAccountsTextBlock_3"/>
    <link:loc xlink:type="locator" xlink:href="../jpcrp-esr_cor_2013-08-31.xsd#jpcrp-esr_cor_EventWithSignificantEffectsOnFinancialPositionBusinessPerformanceAndCashFlowsTextBlock" xlink:label="EventWithSignificantEffectsOnFinancialPositionBusinessPerformanceAndCashFlowsTextBlock"/>
    <link:label xlink:type="resource" xlink:label="label_EventWithSignificantEffectsOnFinancialPositionBusinessPerformanceAndCashFlowsTextBlock" xlink:role="http://www.xbrl.org/2003/role/documentation" xml:lang="en" id="label_EventWithSignificantEffectsOnFinancialPositionBusinessPerformanceAndCashFlowsTextBlock">Art 19 para 2 item 12</link:label>
    <link:labelArc xlink:type="arc" xlink:arcrole="http://www.xbrl.org/2003/arcrole/concept-label" xlink:from="EventWithSignificantEffectsOnFinancialPositionBusinessPerformanceAndCashFlowsTextBlock" xlink:to="label_EventWithSignificantEffectsOnFinancialPositionBusinessPerformanceAndCashFlowsTextBlock"/>
    <link:label xlink:type="resource" xlink:label="label_EventWithSignificantEffectsOnFinancialPositionBusinessPerformanceAndCashFlowsTextBlock_2" xlink:role="http://www.xbrl.org/2003/role/label" xml:lang="en" id="label_EventWithSignificantEffectsOnFinancialPositionBusinessPerformanceAndCashFlowsTextBlock_2">Event with significant effects on financial position, business performance, and cash flows</link:label>
    <link:labelArc xlink:type="arc" xlink:arcrole="http://www.xbrl.org/2003/arcrole/concept-label" xlink:from="EventWithSignificantEffectsOnFinancialPositionBusinessPerformanceAndCashFlowsTextBlock" xlink:to="label_EventWithSignificantEffectsOnFinancialPositionBusinessPerformanceAndCashFlowsTextBlock_2"/>
    <link:label xlink:type="resource" xlink:label="label_EventWithSignificantEffectsOnFinancialPositionBusinessPerformanceAndCashFlowsTextBlock_3" xlink:role="http://www.xbrl.org/2003/role/verboseLabel" xml:lang="en" id="label_EventWithSignificantEffectsOnFinancialPositionBusinessPerformanceAndCashFlowsTextBlock_3">Event with significant effects on financial position, business performance, and cash flows [text block]</link:label>
    <link:labelArc xlink:type="arc" xlink:arcrole="http://www.xbrl.org/2003/arcrole/concept-label" xlink:from="EventWithSignificantEffectsOnFinancialPositionBusinessPerformanceAndCashFlowsTextBlock" xlink:to="label_EventWithSignificantEffectsOnFinancialPositionBusinessPerformanceAndCashFlowsTextBlock_3"/>
    <link:loc xlink:type="locator" xlink:href="../jpcrp-esr_cor_2013-08-31.xsd#jpcrp-esr_cor_SignificantDisasterAffectingConsolidatedSubsidiaryTextBlock" xlink:label="SignificantDisasterAffectingConsolidatedSubsidiaryTextBlock"/>
    <link:label xlink:type="resource" xlink:label="label_SignificantDisasterAffectingConsolidatedSubsidiaryTextBlock" xlink:role="http://www.xbrl.org/2003/role/documentation" xml:lang="en" id="label_SignificantDisasterAffectingConsolidatedSubsidiaryTextBlock">Art 19 para 2 item 13</link:label>
    <link:labelArc xlink:type="arc" xlink:arcrole="http://www.xbrl.org/2003/arcrole/concept-label" xlink:from="SignificantDisasterAffectingConsolidatedSubsidiaryTextBlock" xlink:to="label_SignificantDisasterAffectingConsolidatedSubsidiaryTextBlock"/>
    <link:label xlink:type="resource" xlink:label="label_SignificantDisasterAffectingConsolidatedSubsidiaryTextBlock_2" xlink:role="http://www.xbrl.org/2003/role/label" xml:lang="en" id="label_SignificantDisasterAffectingConsolidatedSubsidiaryTextBlock_2">Significant disaster affecting consolidated subsidiary</link:label>
    <link:labelArc xlink:type="arc" xlink:arcrole="http://www.xbrl.org/2003/arcrole/concept-label" xlink:from="SignificantDisasterAffectingConsolidatedSubsidiaryTextBlock" xlink:to="label_SignificantDisasterAffectingConsolidatedSubsidiaryTextBlock_2"/>
    <link:label xlink:type="resource" xlink:label="label_SignificantDisasterAffectingConsolidatedSubsidiaryTextBlock_3" xlink:role="http://www.xbrl.org/2003/role/verboseLabel" xml:lang="en" id="label_SignificantDisasterAffectingConsolidatedSubsidiaryTextBlock_3">Significant disaster affecting consolidated subsidiary [text block]</link:label>
    <link:labelArc xlink:type="arc" xlink:arcrole="http://www.xbrl.org/2003/arcrole/concept-label" xlink:from="SignificantDisasterAffectingConsolidatedSubsidiaryTextBlock" xlink:to="label_SignificantDisasterAffectingConsolidatedSubsidiaryTextBlock_3"/>
    <link:loc xlink:type="locator" xlink:href="../jpcrp-esr_cor_2013-08-31.xsd#jpcrp-esr_cor_CommencementOrResolutionOfLitigationAgainstConsolidatedSubsidiaryTextBlock" xlink:label="CommencementOrResolutionOfLitigationAgainstConsolidatedSubsidiaryTextBlock"/>
    <link:label xlink:type="resource" xlink:label="label_CommencementOrResolutionOfLitigationAgainstConsolidatedSubsidiaryTextBlock" xlink:role="http://www.xbrl.org/2003/role/documentation" xml:lang="en" id="label_CommencementOrResolutionOfLitigationAgainstConsolidatedSubsidiaryTextBlock">Art 19 para 2 item 14</link:label>
    <link:labelArc xlink:type="arc" xlink:arcrole="http://www.xbrl.org/2003/arcrole/concept-label" xlink:from="CommencementOrResolutionOfLitigationAgainstConsolidatedSubsidiaryTextBlock" xlink:to="label_CommencementOrResolutionOfLitigationAgainstConsolidatedSubsidiaryTextBlock"/>
    <link:label xlink:type="resource" xlink:label="label_CommencementOrResolutionOfLitigationAgainstConsolidatedSubsidiaryTextBlock_2" xlink:role="http://www.xbrl.org/2003/role/label" xml:lang="en" id="label_CommencementOrResolutionOfLitigationAgainstConsolidatedSubsidiaryTextBlock_2">Commencement or resolution of litigation against consolidated subsidiary</link:label>
    <link:labelArc xlink:type="arc" xlink:arcrole="http://www.xbrl.org/2003/arcrole/concept-label" xlink:from="CommencementOrResolutionOfLitigationAgainstConsolidatedSubsidiaryTextBlock" xlink:to="label_CommencementOrResolutionOfLitigationAgainstConsolidatedSubsidiaryTextBlock_2"/>
    <link:label xlink:type="resource" xlink:label="label_CommencementOrResolutionOfLitigationAgainstConsolidatedSubsidiaryTextBlock_3" xlink:role="http://www.xbrl.org/2003/role/verboseLabel" xml:lang="en" id="label_CommencementOrResolutionOfLitigationAgainstConsolidatedSubsidiaryTextBlock_3">Commencement or resolution of litigation against consolidated subsidiary [text block]</link:label>
    <link:labelArc xlink:type="arc" xlink:arcrole="http://www.xbrl.org/2003/arcrole/concept-label" xlink:from="CommencementOrResolutionOfLitigationAgainstConsolidatedSubsidiaryTextBlock" xlink:to="label_CommencementOrResolutionOfLitigationAgainstConsolidatedSubsidiaryTextBlock_3"/>
    <link:loc xlink:type="locator" xlink:href="../jpcrp-esr_cor_2013-08-31.xsd#jpcrp-esr_cor_DecisionOnShareExchangeOfConsolidatedSubsidiaryTextBlock" xlink:label="DecisionOnShareExchangeOfConsolidatedSubsidiaryTextBlock"/>
    <link:label xlink:type="resource" xlink:label="label_DecisionOnShareExchangeOfConsolidatedSubsidiaryTextBlock" xlink:role="http://www.xbrl.org/2003/role/documentation" xml:lang="en" id="label_DecisionOnShareExchangeOfConsolidatedSubsidiaryTextBlock">Art 19 para 2 item 14-2</link:label>
    <link:labelArc xlink:type="arc" xlink:arcrole="http://www.xbrl.org/2003/arcrole/concept-label" xlink:from="DecisionOnShareExchangeOfConsolidatedSubsidiaryTextBlock" xlink:to="label_DecisionOnShareExchangeOfConsolidatedSubsidiaryTextBlock"/>
    <link:label xlink:type="resource" xlink:label="label_DecisionOnShareExchangeOfConsolidatedSubsidiaryTextBlock_2" xlink:role="http://www.xbrl.org/2003/role/label" xml:lang="en" id="label_DecisionOnShareExchangeOfConsolidatedSubsidiaryTextBlock_2">Decision on share exchange of consolidated subsidiary</link:label>
    <link:labelArc xlink:type="arc" xlink:arcrole="http://www.xbrl.org/2003/arcrole/concept-label" xlink:from="DecisionOnShareExchangeOfConsolidatedSubsidiaryTextBlock" xlink:to="label_DecisionOnShareExchangeOfConsolidatedSubsidiaryTextBlock_2"/>
    <link:label xlink:type="resource" xlink:label="label_DecisionOnShareExchangeOfConsolidatedSubsidiaryTextBlock_3" xlink:role="http://www.xbrl.org/2003/role/verboseLabel" xml:lang="en" id="label_DecisionOnShareExchangeOfConsolidatedSubsidiaryTextBlock_3">Decision on share exchange of consolidated subsidiary [text block]</link:label>
    <link:labelArc xlink:type="arc" xlink:arcrole="http://www.xbrl.org/2003/arcrole/concept-label" xlink:from="DecisionOnShareExchangeOfConsolidatedSubsidiaryTextBlock" xlink:to="label_DecisionOnShareExchangeOfConsolidatedSubsidiaryTextBlock_3"/>
    <link:loc xlink:type="locator" xlink:href="../jpcrp-esr_cor_2013-08-31.xsd#jpcrp-esr_cor_DecisionOnShareTransferOfConsolidatedSubsidiaryTextBlock" xlink:label="DecisionOnShareTransferOfConsolidatedSubsidiaryTextBlock"/>
    <link:label xlink:type="resource" xlink:label="label_DecisionOnShareTransferOfConsolidatedSubsidiaryTextBlock" xlink:role="http://www.xbrl.org/2003/role/documentation" xml:lang="en" id="label_DecisionOnShareTransferOfConsolidatedSubsidiaryTextBlock">Art 19 para 2 item 14-3</link:label>
    <link:labelArc xlink:type="arc" xlink:arcrole="http://www.xbrl.org/2003/arcrole/concept-label" xlink:from="DecisionOnShareTransferOfConsolidatedSubsidiaryTextBlock" xlink:to="label_DecisionOnShareTransferOfConsolidatedSubsidiaryTextBlock"/>
    <link:label xlink:type="resource" xlink:label="label_DecisionOnShareTransferOfConsolidatedSubsidiaryTextBlock_2" xlink:role="http://www.xbrl.org/2003/role/label" xml:lang="en" id="label_DecisionOnShareTransferOfConsolidatedSubsidiaryTextBlock_2">Decision on share transfer of consolidated subsidiary</link:label>
    <link:labelArc xlink:type="arc" xlink:arcrole="http://www.xbrl.org/2003/arcrole/concept-label" xlink:from="DecisionOnShareTransferOfConsolidatedSubsidiaryTextBlock" xlink:to="label_DecisionOnShareTransferOfConsolidatedSubsidiaryTextBlock_2"/>
    <link:label xlink:type="resource" xlink:label="label_DecisionOnShareTransferOfConsolidatedSubsidiaryTextBlock_3" xlink:role="http://www.xbrl.org/2003/role/verboseLabel" xml:lang="en" id="label_DecisionOnShareTransferOfConsolidatedSubsidiaryTextBlock_3">Decision on share transfer of consolidated subsidiary [text block]</link:label>
    <link:labelArc xlink:type="arc" xlink:arcrole="http://www.xbrl.org/2003/arcrole/concept-label" xlink:from="DecisionOnShareTransferOfConsolidatedSubsidiaryTextBlock" xlink:to="label_DecisionOnShareTransferOfConsolidatedSubsidiaryTextBlock_3"/>
    <link:loc xlink:type="locator" xlink:href="../jpcrp-esr_cor_2013-08-31.xsd#jpcrp-esr_cor_DecisionOnAbsorptionTypeSplitOfConsolidatedSubsidiaryTextBlock" xlink:label="DecisionOnAbsorptionTypeSplitOfConsolidatedSubsidiaryTextBlock"/>
    <link:label xlink:type="resource" xlink:label="label_DecisionOnAbsorptionTypeSplitOfConsolidatedSubsidiaryTextBlock" xlink:role="http://www.xbrl.org/2003/role/documentation" xml:lang="en" id="label_DecisionOnAbsorptionTypeSplitOfConsolidatedSubsidiaryTextBlock">Art 19 para 2 item 15</link:label>
    <link:labelArc xlink:type="arc" xlink:arcrole="http://www.xbrl.org/2003/arcrole/concept-label" xlink:from="DecisionOnAbsorptionTypeSplitOfConsolidatedSubsidiaryTextBlock" xlink:to="label_DecisionOnAbsorptionTypeSplitOfConsolidatedSubsidiaryTextBlock"/>
    <link:label xlink:type="resource" xlink:label="label_DecisionOnAbsorptionTypeSplitOfConsolidatedSubsidiaryTextBlock_2" xlink:role="http://www.xbrl.org/2003/role/label" xml:lang="en" id="label_DecisionOnAbsorptionTypeSplitOfConsolidatedSubsidiaryTextBlock_2">Decision on absorption-type split of consolidated subsidiary</link:label>
    <link:labelArc xlink:type="arc" xlink:arcrole="http://www.xbrl.org/2003/arcrole/concept-label" xlink:from="DecisionOnAbsorptionTypeSplitOfConsolidatedSubsidiaryTextBlock" xlink:to="label_DecisionOnAbsorptionTypeSplitOfConsolidatedSubsidiaryTextBlock_2"/>
    <link:label xlink:type="resource" xlink:label="label_DecisionOnAbsorptionTypeSplitOfConsolidatedSubsidiaryTextBlock_3" xlink:role="http://www.xbrl.org/2003/role/verboseLabel" xml:lang="en" id="label_DecisionOnAbsorptionTypeSplitOfConsolidatedSubsidiaryTextBlock_3">Decision on absorption-type split of consolidated subsidiary [text block]</link:label>
    <link:labelArc xlink:type="arc" xlink:arcrole="http://www.xbrl.org/2003/arcrole/concept-label" xlink:from="DecisionOnAbsorptionTypeSplitOfConsolidatedSubsidiaryTextBlock" xlink:to="label_DecisionOnAbsorptionTypeSplitOfConsolidatedSubsidiaryTextBlock_3"/>
    <link:loc xlink:type="locator" xlink:href="../jpcrp-esr_cor_2013-08-31.xsd#jpcrp-esr_cor_DecisionOnIncorporationTypeSplitOfConsolidatedSubsidiaryTextBlock" xlink:label="DecisionOnIncorporationTypeSplitOfConsolidatedSubsidiaryTextBlock"/>
    <link:label xlink:type="resource" xlink:label="label_DecisionOnIncorporationTypeSplitOfConsolidatedSubsidiaryTextBlock" xlink:role="http://www.xbrl.org/2003/role/documentation" xml:lang="en" id="label_DecisionOnIncorporationTypeSplitOfConsolidatedSubsidiaryTextBlock">Art 19 para 2 item 15-2</link:label>
    <link:labelArc xlink:type="arc" xlink:arcrole="http://www.xbrl.org/2003/arcrole/concept-label" xlink:from="DecisionOnIncorporationTypeSplitOfConsolidatedSubsidiaryTextBlock" xlink:to="label_DecisionOnIncorporationTypeSplitOfConsolidatedSubsidiaryTextBlock"/>
    <link:label xlink:type="resource" xlink:label="label_DecisionOnIncorporationTypeSplitOfConsolidatedSubsidiaryTextBlock_2" xlink:role="http://www.xbrl.org/2003/role/label" xml:lang="en" id="label_DecisionOnIncorporationTypeSplitOfConsolidatedSubsidiaryTextBlock_2">Decision on incorporation-type split of consolidated subsidiary</link:label>
    <link:labelArc xlink:type="arc" xlink:arcrole="http://www.xbrl.org/2003/arcrole/concept-label" xlink:from="DecisionOnIncorporationTypeSplitOfConsolidatedSubsidiaryTextBlock" xlink:to="label_DecisionOnIncorporationTypeSplitOfConsolidatedSubsidiaryTextBlock_2"/>
    <link:label xlink:type="resource" xlink:label="label_DecisionOnIncorporationTypeSplitOfConsolidatedSubsidiaryTextBlock_3" xlink:role="http://www.xbrl.org/2003/role/verboseLabel" xml:lang="en" id="label_DecisionOnIncorporationTypeSplitOfConsolidatedSubsidiaryTextBlock_3">Decision on incorporation-type split of consolidated subsidiary [text block]</link:label>
    <link:labelArc xlink:type="arc" xlink:arcrole="http://www.xbrl.org/2003/arcrole/concept-label" xlink:from="DecisionOnIncorporationTypeSplitOfConsolidatedSubsidiaryTextBlock" xlink:to="label_DecisionOnIncorporationTypeSplitOfConsolidatedSubsidiaryTextBlock_3"/>
    <link:loc xlink:type="locator" xlink:href="../jpcrp-esr_cor_2013-08-31.xsd#jpcrp-esr_cor_DecisionOnAbsorptionTypeMergerOfConsolidatedSubsidiaryTextBlock" xlink:label="DecisionOnAbsorptionTypeMergerOfConsolidatedSubsidiaryTextBlock"/>
    <link:label xlink:type="resource" xlink:label="label_DecisionOnAbsorptionTypeMergerOfConsolidatedSubsidiaryTextBlock" xlink:role="http://www.xbrl.org/2003/role/documentation" xml:lang="en" id="label_DecisionOnAbsorptionTypeMergerOfConsolidatedSubsidiaryTextBlock">Art 19 para 2 item 15-3</link:label>
    <link:labelArc xlink:type="arc" xlink:arcrole="http://www.xbrl.org/2003/arcrole/concept-label" xlink:from="DecisionOnAbsorptionTypeMergerOfConsolidatedSubsidiaryTextBlock" xlink:to="label_DecisionOnAbsorptionTypeMergerOfConsolidatedSubsidiaryTextBlock"/>
    <link:label xlink:type="resource" xlink:label="label_DecisionOnAbsorptionTypeMergerOfConsolidatedSubsidiaryTextBlock_2" xlink:role="http://www.xbrl.org/2003/role/label" xml:lang="en" id="label_DecisionOnAbsorptionTypeMergerOfConsolidatedSubsidiaryTextBlock_2">Decision on absorption-type merger of consolidated subsidiary</link:label>
    <link:labelArc xlink:type="arc" xlink:arcrole="http://www.xbrl.org/2003/arcrole/concept-label" xlink:from="DecisionOnAbsorptionTypeMergerOfConsolidatedSubsidiaryTextBlock" xlink:to="label_DecisionOnAbsorptionTypeMergerOfConsolidatedSubsidiaryTextBlock_2"/>
    <link:label xlink:type="resource" xlink:label="label_DecisionOnAbsorptionTypeMergerOfConsolidatedSubsidiaryTextBlock_3" xlink:role="http://www.xbrl.org/2003/role/verboseLabel" xml:lang="en" id="label_DecisionOnAbsorptionTypeMergerOfConsolidatedSubsidiaryTextBlock_3">Decision on absorption-type merger of consolidated subsidiary [text block]</link:label>
    <link:labelArc xlink:type="arc" xlink:arcrole="http://www.xbrl.org/2003/arcrole/concept-label" xlink:from="DecisionOnAbsorptionTypeMergerOfConsolidatedSubsidiaryTextBlock" xlink:to="label_DecisionOnAbsorptionTypeMergerOfConsolidatedSubsidiaryTextBlock_3"/>
    <link:loc xlink:type="locator" xlink:href="../jpcrp-esr_cor_2013-08-31.xsd#jpcrp-esr_cor_DecisionOnConsolidationTypeMergerOfConsolidatedSubsidiaryTextBlock" xlink:label="DecisionOnConsolidationTypeMergerOfConsolidatedSubsidiaryTextBlock"/>
    <link:label xlink:type="resource" xlink:label="label_DecisionOnConsolidationTypeMergerOfConsolidatedSubsidiaryTextBlock" xlink:role="http://www.xbrl.org/2003/role/documentation" xml:lang="en" id="label_DecisionOnConsolidationTypeMergerOfConsolidatedSubsidiaryTextBlock">Art 19 para 2 item 15-4</link:label>
    <link:labelArc xlink:type="arc" xlink:arcrole="http://www.xbrl.org/2003/arcrole/concept-label" xlink:from="DecisionOnConsolidationTypeMergerOfConsolidatedSubsidiaryTextBlock" xlink:to="label_DecisionOnConsolidationTypeMergerOfConsolidatedSubsidiaryTextBlock"/>
    <link:label xlink:type="resource" xlink:label="label_DecisionOnConsolidationTypeMergerOfConsolidatedSubsidiaryTextBlock_2" xlink:role="http://www.xbrl.org/2003/role/label" xml:lang="en" id="label_DecisionOnConsolidationTypeMergerOfConsolidatedSubsidiaryTextBlock_2">Decision on consolidation-type merger of consolidated subsidiary</link:label>
    <link:labelArc xlink:type="arc" xlink:arcrole="http://www.xbrl.org/2003/arcrole/concept-label" xlink:from="DecisionOnConsolidationTypeMergerOfConsolidatedSubsidiaryTextBlock" xlink:to="label_DecisionOnConsolidationTypeMergerOfConsolidatedSubsidiaryTextBlock_2"/>
    <link:label xlink:type="resource" xlink:label="label_DecisionOnConsolidationTypeMergerOfConsolidatedSubsidiaryTextBlock_3" xlink:role="http://www.xbrl.org/2003/role/verboseLabel" xml:lang="en" id="label_DecisionOnConsolidationTypeMergerOfConsolidatedSubsidiaryTextBlock_3">Decision on consolidation-type merger of consolidated subsidiary [text block]</link:label>
    <link:labelArc xlink:type="arc" xlink:arcrole="http://www.xbrl.org/2003/arcrole/concept-label" xlink:from="DecisionOnConsolidationTypeMergerOfConsolidatedSubsidiaryTextBlock" xlink:to="label_DecisionOnConsolidationTypeMergerOfConsolidatedSubsidiaryTextBlock_3"/>
    <link:loc xlink:type="locator" xlink:href="../jpcrp-esr_cor_2013-08-31.xsd#jpcrp-esr_cor_DecisionOnTransferOrAcquisitionOfBusinessOfConsolidatedSubsidiaryTextBlock" xlink:label="DecisionOnTransferOrAcquisitionOfBusinessOfConsolidatedSubsidiaryTextBlock"/>
    <link:label xlink:type="resource" xlink:label="label_DecisionOnTransferOrAcquisitionOfBusinessOfConsolidatedSubsidiaryTextBlock" xlink:role="http://www.xbrl.org/2003/role/documentation" xml:lang="en" id="label_DecisionOnTransferOrAcquisitionOfBusinessOfConsolidatedSubsidiaryTextBlock">Art 19 para 2 item 16</link:label>
    <link:labelArc xlink:type="arc" xlink:arcrole="http://www.xbrl.org/2003/arcrole/concept-label" xlink:from="DecisionOnTransferOrAcquisitionOfBusinessOfConsolidatedSubsidiaryTextBlock" xlink:to="label_DecisionOnTransferOrAcquisitionOfBusinessOfConsolidatedSubsidiaryTextBlock"/>
    <link:label xlink:type="resource" xlink:label="label_DecisionOnTransferOrAcquisitionOfBusinessOfConsolidatedSubsidiaryTextBlock_2" xlink:role="http://www.xbrl.org/2003/role/label" xml:lang="en" id="label_DecisionOnTransferOrAcquisitionOfBusinessOfConsolidatedSubsidiaryTextBlock_2">Decision on transfer or acquisition of business of consolidated subsidiary</link:label>
    <link:labelArc xlink:type="arc" xlink:arcrole="http://www.xbrl.org/2003/arcrole/concept-label" xlink:from="DecisionOnTransferOrAcquisitionOfBusinessOfConsolidatedSubsidiaryTextBlock" xlink:to="label_DecisionOnTransferOrAcquisitionOfBusinessOfConsolidatedSubsidiaryTextBlock_2"/>
    <link:label xlink:type="resource" xlink:label="label_DecisionOnTransferOrAcquisitionOfBusinessOfConsolidatedSubsidiaryTextBlock_3" xlink:role="http://www.xbrl.org/2003/role/verboseLabel" xml:lang="en" id="label_DecisionOnTransferOrAcquisitionOfBusinessOfConsolidatedSubsidiaryTextBlock_3">Decision on transfer or acquisition of business of consolidated subsidiary [text block]</link:label>
    <link:labelArc xlink:type="arc" xlink:arcrole="http://www.xbrl.org/2003/arcrole/concept-label" xlink:from="DecisionOnTransferOrAcquisitionOfBusinessOfConsolidatedSubsidiaryTextBlock" xlink:to="label_DecisionOnTransferOrAcquisitionOfBusinessOfConsolidatedSubsidiaryTextBlock_3"/>
    <link:loc xlink:type="locator" xlink:href="../jpcrp-esr_cor_2013-08-31.xsd#jpcrp-esr_cor_DecisionOnAcquisitionOfSubsidiaryByConsolidatedSubsidiaryTextBlock" xlink:label="DecisionOnAcquisitionOfSubsidiaryByConsolidatedSubsidiaryTextBlock"/>
    <link:label xlink:type="resource" xlink:label="label_DecisionOnAcquisitionOfSubsidiaryByConsolidatedSubsidiaryTextBlock" xlink:role="http://www.xbrl.org/2003/role/documentation" xml:lang="en" id="label_DecisionOnAcquisitionOfSubsidiaryByConsolidatedSubsidiaryTextBlock">Art 19 para 2 item 16-2</link:label>
    <link:labelArc xlink:type="arc" xlink:arcrole="http://www.xbrl.org/2003/arcrole/concept-label" xlink:from="DecisionOnAcquisitionOfSubsidiaryByConsolidatedSubsidiaryTextBlock" xlink:to="label_DecisionOnAcquisitionOfSubsidiaryByConsolidatedSubsidiaryTextBlock"/>
    <link:label xlink:type="resource" xlink:label="label_DecisionOnAcquisitionOfSubsidiaryByConsolidatedSubsidiaryTextBlock_2" xlink:role="http://www.xbrl.org/2003/role/label" xml:lang="en" id="label_DecisionOnAcquisitionOfSubsidiaryByConsolidatedSubsidiaryTextBlock_2">Decision on acquisition of subsidiary by consolidated subsidiary</link:label>
    <link:labelArc xlink:type="arc" xlink:arcrole="http://www.xbrl.org/2003/arcrole/concept-label" xlink:from="DecisionOnAcquisitionOfSubsidiaryByConsolidatedSubsidiaryTextBlock" xlink:to="label_DecisionOnAcquisitionOfSubsidiaryByConsolidatedSubsidiaryTextBlock_2"/>
    <link:label xlink:type="resource" xlink:label="label_DecisionOnAcquisitionOfSubsidiaryByConsolidatedSubsidiaryTextBlock_3" xlink:role="http://www.xbrl.org/2003/role/verboseLabel" xml:lang="en" id="label_DecisionOnAcquisitionOfSubsidiaryByConsolidatedSubsidiaryTextBlock_3">Decision on acquisition of subsidiary by consolidated subsidiary [text block]</link:label>
    <link:labelArc xlink:type="arc" xlink:arcrole="http://www.xbrl.org/2003/arcrole/concept-label" xlink:from="DecisionOnAcquisitionOfSubsidiaryByConsolidatedSubsidiaryTextBlock" xlink:to="label_DecisionOnAcquisitionOfSubsidiaryByConsolidatedSubsidiaryTextBlock_3"/>
    <link:loc xlink:type="locator" xlink:href="../jpcrp-esr_cor_2013-08-31.xsd#jpcrp-esr_cor_PetitionForCommencementOfBankruptcyProceedingsAgainstConsolidatedSubsidiaryTextBlock" xlink:label="PetitionForCommencementOfBankruptcyProceedingsAgainstConsolidatedSubsidiaryTextBlock"/>
    <link:label xlink:type="resource" xlink:label="label_PetitionForCommencementOfBankruptcyProceedingsAgainstConsolidatedSubsidiaryTextBlock" xlink:role="http://www.xbrl.org/2003/role/documentation" xml:lang="en" id="label_PetitionForCommencementOfBankruptcyProceedingsAgainstConsolidatedSubsidiaryTextBlock">Art 19 para 2 item 17</link:label>
    <link:labelArc xlink:type="arc" xlink:arcrole="http://www.xbrl.org/2003/arcrole/concept-label" xlink:from="PetitionForCommencementOfBankruptcyProceedingsAgainstConsolidatedSubsidiaryTextBlock" xlink:to="label_PetitionForCommencementOfBankruptcyProceedingsAgainstConsolidatedSubsidiaryTextBlock"/>
    <link:label xlink:type="resource" xlink:label="label_PetitionForCommencementOfBankruptcyProceedingsAgainstConsolidatedSubsidiaryTextBlock_2" xlink:role="http://www.xbrl.org/2003/role/label" xml:lang="en" id="label_PetitionForCommencementOfBankruptcyProceedingsAgainstConsolidatedSubsidiaryTextBlock_2">Petition for commencement of bankruptcy proceedings against consolidated subsidiary</link:label>
    <link:labelArc xlink:type="arc" xlink:arcrole="http://www.xbrl.org/2003/arcrole/concept-label" xlink:from="PetitionForCommencementOfBankruptcyProceedingsAgainstConsolidatedSubsidiaryTextBlock" xlink:to="label_PetitionForCommencementOfBankruptcyProceedingsAgainstConsolidatedSubsidiaryTextBlock_2"/>
    <link:label xlink:type="resource" xlink:label="label_PetitionForCommencementOfBankruptcyProceedingsAgainstConsolidatedSubsidiaryTextBlock_3" xlink:role="http://www.xbrl.org/2003/role/verboseLabel" xml:lang="en" id="label_PetitionForCommencementOfBankruptcyProceedingsAgainstConsolidatedSubsidiaryTextBlock_3">Petition for commencement of bankruptcy proceedings against consolidated subsidiary [text block]</link:label>
    <link:labelArc xlink:type="arc" xlink:arcrole="http://www.xbrl.org/2003/arcrole/concept-label" xlink:from="PetitionForCommencementOfBankruptcyProceedingsAgainstConsolidatedSubsidiaryTextBlock" xlink:to="label_PetitionForCommencementOfBankruptcyProceedingsAgainstConsolidatedSubsidiaryTextBlock_3"/>
    <link:loc xlink:type="locator" xlink:href="../jpcrp-esr_cor_2013-08-31.xsd#jpcrp-esr_cor_LikelihoodOfUncollectibleOrDelinquentAccountsOfConsolidatedSubsidiaryTextBlock" xlink:label="LikelihoodOfUncollectibleOrDelinquentAccountsOfConsolidatedSubsidiaryTextBlock"/>
    <link:label xlink:type="resource" xlink:label="label_LikelihoodOfUncollectibleOrDelinquentAccountsOfConsolidatedSubsidiaryTextBlock" xlink:role="http://www.xbrl.org/2003/role/documentation" xml:lang="en" id="label_LikelihoodOfUncollectibleOrDelinquentAccountsOfConsolidatedSubsidiaryTextBlock">Art 19 para 2 item 18</link:label>
    <link:labelArc xlink:type="arc" xlink:arcrole="http://www.xbrl.org/2003/arcrole/concept-label" xlink:from="LikelihoodOfUncollectibleOrDelinquentAccountsOfConsolidatedSubsidiaryTextBlock" xlink:to="label_LikelihoodOfUncollectibleOrDelinquentAccountsOfConsolidatedSubsidiaryTextBlock"/>
    <link:label xlink:type="resource" xlink:label="label_LikelihoodOfUncollectibleOrDelinquentAccountsOfConsolidatedSubsidiaryTextBlock_2" xlink:role="http://www.xbrl.org/2003/role/label" xml:lang="en" id="label_LikelihoodOfUncollectibleOrDelinquentAccountsOfConsolidatedSubsidiaryTextBlock_2">Likelihood of uncollectible or delinquent accounts of consolidated subsidiary</link:label>
    <link:labelArc xlink:type="arc" xlink:arcrole="http://www.xbrl.org/2003/arcrole/concept-label" xlink:from="LikelihoodOfUncollectibleOrDelinquentAccountsOfConsolidatedSubsidiaryTextBlock" xlink:to="label_LikelihoodOfUncollectibleOrDelinquentAccountsOfConsolidatedSubsidiaryTextBlock_2"/>
    <link:label xlink:type="resource" xlink:label="label_LikelihoodOfUncollectibleOrDelinquentAccountsOfConsolidatedSubsidiaryTextBlock_3" xlink:role="http://www.xbrl.org/2003/role/verboseLabel" xml:lang="en" id="label_LikelihoodOfUncollectibleOrDelinquentAccountsOfConsolidatedSubsidiaryTextBlock_3">Likelihood of uncollectible or delinquent accounts of consolidated subsidiary [text block]</link:label>
    <link:labelArc xlink:type="arc" xlink:arcrole="http://www.xbrl.org/2003/arcrole/concept-label" xlink:from="LikelihoodOfUncollectibleOrDelinquentAccountsOfConsolidatedSubsidiaryTextBlock" xlink:to="label_LikelihoodOfUncollectibleOrDelinquentAccountsOfConsolidatedSubsidiaryTextBlock_3"/>
    <link:loc xlink:type="locator" xlink:href="../jpcrp-esr_cor_2013-08-31.xsd#jpcrp-esr_cor_EventWithSignificantEffectsOnFinancialPositionBusinessPerformanceAndCashFlowsOfGroupTextBlock" xlink:label="EventWithSignificantEffectsOnFinancialPositionBusinessPerformanceAndCashFlowsOfGroupTextBlock"/>
    <link:label xlink:type="resource" xlink:label="label_EventWithSignificantEffectsOnFinancialPositionBusinessPerformanceAndCashFlowsOfGroupTextBlock" xlink:role="http://www.xbrl.org/2003/role/documentation" xml:lang="en" id="label_EventWithSignificantEffectsOnFinancialPositionBusinessPerformanceAndCashFlowsOfGroupTextBlock">Art 19 para 2 item 19</link:label>
    <link:labelArc xlink:type="arc" xlink:arcrole="http://www.xbrl.org/2003/arcrole/concept-label" xlink:from="EventWithSignificantEffectsOnFinancialPositionBusinessPerformanceAndCashFlowsOfGroupTextBlock" xlink:to="label_EventWithSignificantEffectsOnFinancialPositionBusinessPerformanceAndCashFlowsOfGroupTextBlock"/>
    <link:label xlink:type="resource" xlink:label="label_EventWithSignificantEffectsOnFinancialPositionBusinessPerformanceAndCashFlowsOfGroupTextBlock_2" xlink:role="http://www.xbrl.org/2003/role/label" xml:lang="en" id="label_EventWithSignificantEffectsOnFinancialPositionBusinessPerformanceAndCashFlowsOfGroupTextBlock_2">Event with significant effects on financial position, business performance, and cash flows of group</link:label>
    <link:labelArc xlink:type="arc" xlink:arcrole="http://www.xbrl.org/2003/arcrole/concept-label" xlink:from="EventWithSignificantEffectsOnFinancialPositionBusinessPerformanceAndCashFlowsOfGroupTextBlock" xlink:to="label_EventWithSignificantEffectsOnFinancialPositionBusinessPerformanceAndCashFlowsOfGroupTextBlock_2"/>
    <link:label xlink:type="resource" xlink:label="label_EventWithSignificantEffectsOnFinancialPositionBusinessPerformanceAndCashFlowsOfGroupTextBlock_3" xlink:role="http://www.xbrl.org/2003/role/verboseLabel" xml:lang="en" id="label_EventWithSignificantEffectsOnFinancialPositionBusinessPerformanceAndCashFlowsOfGroupTextBlock_3">Event with significant effects on financial position, business performance, and cash flows of group [text block]</link:label>
    <link:labelArc xlink:type="arc" xlink:arcrole="http://www.xbrl.org/2003/arcrole/concept-label" xlink:from="EventWithSignificantEffectsOnFinancialPositionBusinessPerformanceAndCashFlowsOfGroupTextBlock" xlink:to="label_EventWithSignificantEffectsOnFinancialPositionBusinessPerformanceAndCashFlowsOfGroupTextBlock_3"/>
    <link:loc xlink:type="locator" xlink:href="../jpcrp-esr_cor_2013-08-31.xsd#jpcrp-esr_cor_NewMattersOrChangesInPublicOfferingInformationThroughToLastDayBeforeIPOTextBlock" xlink:label="NewMattersOrChangesInPublicOfferingInformationThroughToLastDayBeforeIPOTextBlock"/>
    <link:label xlink:type="resource" xlink:label="label_NewMattersOrChangesInPublicOfferingInformationThroughToLastDayBeforeIPOTextBlock" xlink:role="http://www.xbrl.org/2003/role/documentation" xml:lang="en" id="label_NewMattersOrChangesInPublicOfferingInformationThroughToLastDayBeforeIPOTextBlock">Art 19-2</link:label>
    <link:labelArc xlink:type="arc" xlink:arcrole="http://www.xbrl.org/2003/arcrole/concept-label" xlink:from="NewMattersOrChangesInPublicOfferingInformationThroughToLastDayBeforeIPOTextBlock" xlink:to="label_NewMattersOrChangesInPublicOfferingInformationThroughToLastDayBeforeIPOTextBlock"/>
    <link:label xlink:type="resource" xlink:label="label_NewMattersOrChangesInPublicOfferingInformationThroughToLastDayBeforeIPOTextBlock_2" xlink:role="http://www.xbrl.org/2003/role/label" xml:lang="en" id="label_NewMattersOrChangesInPublicOfferingInformationThroughToLastDayBeforeIPOTextBlock_2">New matters or changes in public offering information through to last day before IPO</link:label>
    <link:labelArc xlink:type="arc" xlink:arcrole="http://www.xbrl.org/2003/arcrole/concept-label" xlink:from="NewMattersOrChangesInPublicOfferingInformationThroughToLastDayBeforeIPOTextBlock" xlink:to="label_NewMattersOrChangesInPublicOfferingInformationThroughToLastDayBeforeIPOTextBlock_2"/>
    <link:label xlink:type="resource" xlink:label="label_NewMattersOrChangesInPublicOfferingInformationThroughToLastDayBeforeIPOTextBlock_3" xlink:role="http://www.xbrl.org/2003/role/verboseLabel" xml:lang="en" id="label_NewMattersOrChangesInPublicOfferingInformationThroughToLastDayBeforeIPOTextBlock_3">New matters or changes in public offering information through to last day before IPO [text block]</link:label>
    <link:labelArc xlink:type="arc" xlink:arcrole="http://www.xbrl.org/2003/arcrole/concept-label" xlink:from="NewMattersOrChangesInPublicOfferingInformationThroughToLastDayBeforeIPOTextBlock" xlink:to="label_NewMattersOrChangesInPublicOfferingInformationThroughToLastDayBeforeIPOTextBlock_3"/>
    <link:loc xlink:type="locator" xlink:href="../jpcrp-esr_cor_2013-08-31.xsd#jpcrp-esr_cor_DocumentTitleCoverPage" xlink:label="DocumentTitleCoverPage"/>
    <link:label xlink:type="resource" xlink:label="label_DocumentTitleCoverPage" xlink:role="http://www.xbrl.org/2003/role/label" xml:lang="en" id="label_DocumentTitleCoverPage">Document title</link:label>
    <link:labelArc xlink:type="arc" xlink:arcrole="http://www.xbrl.org/2003/arcrole/concept-label" xlink:from="DocumentTitleCoverPage" xlink:to="label_DocumentTitleCoverPage"/>
    <link:label xlink:type="resource" xlink:label="label_DocumentTitleCoverPage_2" xlink:role="http://www.xbrl.org/2003/role/verboseLabel" xml:lang="en" id="label_DocumentTitleCoverPage_2">Document title, Cover page</link:label>
    <link:labelArc xlink:type="arc" xlink:arcrole="http://www.xbrl.org/2003/arcrole/concept-label" xlink:from="DocumentTitleCoverPage" xlink:to="label_DocumentTitleCoverPage_2"/>
    <link:loc xlink:type="locator" xlink:href="../jpcrp-esr_cor_2013-08-31.xsd#jpcrp-esr_cor_PlaceOfFilingCoverPage" xlink:label="PlaceOfFilingCoverPage"/>
    <link:label xlink:type="resource" xlink:label="label_PlaceOfFilingCoverPage" xlink:role="http://www.xbrl.org/2003/role/label" xml:lang="en" id="label_PlaceOfFilingCoverPage">Place of filing</link:label>
    <link:labelArc xlink:type="arc" xlink:arcrole="http://www.xbrl.org/2003/arcrole/concept-label" xlink:from="PlaceOfFilingCoverPage" xlink:to="label_PlaceOfFilingCoverPage"/>
    <link:label xlink:type="resource" xlink:label="label_PlaceOfFilingCoverPage_2" xlink:role="http://www.xbrl.org/2003/role/verboseLabel" xml:lang="en" id="label_PlaceOfFilingCoverPage_2">Place of filing, Cover page</link:label>
    <link:labelArc xlink:type="arc" xlink:arcrole="http://www.xbrl.org/2003/arcrole/concept-label" xlink:from="PlaceOfFilingCoverPage" xlink:to="label_PlaceOfFilingCoverPage_2"/>
    <link:loc xlink:type="locator" xlink:href="../jpcrp-esr_cor_2013-08-31.xsd#jpcrp-esr_cor_FilingDateCoverPage" xlink:label="FilingDateCoverPage"/>
    <link:label xlink:type="resource" xlink:label="label_FilingDateCoverPage" xlink:role="http://www.xbrl.org/2003/role/label" xml:lang="en" id="label_FilingDateCoverPage">Filing date</link:label>
    <link:labelArc xlink:type="arc" xlink:arcrole="http://www.xbrl.org/2003/arcrole/concept-label" xlink:from="FilingDateCoverPage" xlink:to="label_FilingDateCoverPage"/>
    <link:label xlink:type="resource" xlink:label="label_FilingDateCoverPage_2" xlink:role="http://www.xbrl.org/2003/role/verboseLabel" xml:lang="en" id="label_FilingDateCoverPage_2">Filing date, Cover page</link:label>
    <link:labelArc xlink:type="arc" xlink:arcrole="http://www.xbrl.org/2003/arcrole/concept-label" xlink:from="FilingDateCoverPage" xlink:to="label_FilingDateCoverPage_2"/>
    <link:loc xlink:type="locator" xlink:href="../jpcrp-esr_cor_2013-08-31.xsd#jpcrp-esr_cor_CompanyNameCoverPage" xlink:label="CompanyNameCoverPage"/>
    <link:label xlink:type="resource" xlink:label="label_CompanyNameCoverPage" xlink:role="http://www.xbrl.org/2003/role/label" xml:lang="en" id="label_CompanyNameCoverPage">Company name</link:label>
    <link:labelArc xlink:type="arc" xlink:arcrole="http://www.xbrl.org/2003/arcrole/concept-label" xlink:from="CompanyNameCoverPage" xlink:to="label_CompanyNameCoverPage"/>
    <link:label xlink:type="resource" xlink:label="label_CompanyNameCoverPage_2" xlink:role="http://www.xbrl.org/2003/role/verboseLabel" xml:lang="en" id="label_CompanyNameCoverPage_2">Company name, Cover page</link:label>
    <link:labelArc xlink:type="arc" xlink:arcrole="http://www.xbrl.org/2003/arcrole/concept-label" xlink:from="CompanyNameCoverPage" xlink:to="label_CompanyNameCoverPage_2"/>
    <link:loc xlink:type="locator" xlink:href="../jpcrp-esr_cor_2013-08-31.xsd#jpcrp-esr_cor_CompanyNameInEnglishCoverPage" xlink:label="CompanyNameInEnglishCoverPage"/>
    <link:label xlink:type="resource" xlink:label="label_CompanyNameInEnglishCoverPage" xlink:role="http://www.xbrl.org/2003/role/label" xml:lang="en" id="label_CompanyNameInEnglishCoverPage">Company name in English</link:label>
    <link:labelArc xlink:type="arc" xlink:arcrole="http://www.xbrl.org/2003/arcrole/concept-label" xlink:from="CompanyNameInEnglishCoverPage" xlink:to="label_CompanyNameInEnglishCoverPage"/>
    <link:label xlink:type="resource" xlink:label="label_CompanyNameInEnglishCoverPage_2" xlink:role="http://www.xbrl.org/2003/role/verboseLabel" xml:lang="en" id="label_CompanyNameInEnglishCoverPage_2">Company name in English, Cover page</link:label>
    <link:labelArc xlink:type="arc" xlink:arcrole="http://www.xbrl.org/2003/arcrole/concept-label" xlink:from="CompanyNameInEnglishCoverPage" xlink:to="label_CompanyNameInEnglishCoverPage_2"/>
    <link:loc xlink:type="locator" xlink:href="../jpcrp-esr_cor_2013-08-31.xsd#jpcrp-esr_cor_TitleAndNameOfRepresentativeCoverPage" xlink:label="TitleAndNameOfRepresentativeCoverPage"/>
    <link:label xlink:type="resource" xlink:label="label_TitleAndNameOfRepresentativeCoverPage" xlink:role="http://www.xbrl.org/2003/role/label" xml:lang="en" id="label_TitleAndNameOfRepresentativeCoverPage">Title and name of representative</link:label>
    <link:labelArc xlink:type="arc" xlink:arcrole="http://www.xbrl.org/2003/arcrole/concept-label" xlink:from="TitleAndNameOfRepresentativeCoverPage" xlink:to="label_TitleAndNameOfRepresentativeCoverPage"/>
    <link:label xlink:type="resource" xlink:label="label_TitleAndNameOfRepresentativeCoverPage_2" xlink:role="http://www.xbrl.org/2003/role/verboseLabel" xml:lang="en" id="label_TitleAndNameOfRepresentativeCoverPage_2">Title and name of representative, Cover page</link:label>
    <link:labelArc xlink:type="arc" xlink:arcrole="http://www.xbrl.org/2003/arcrole/concept-label" xlink:from="TitleAndNameOfRepresentativeCoverPage" xlink:to="label_TitleAndNameOfRepresentativeCoverPage_2"/>
    <link:loc xlink:type="locator" xlink:href="../jpcrp-esr_cor_2013-08-31.xsd#jpcrp-esr_cor_AddressOfRegisteredHeadquarterCoverPage" xlink:label="AddressOfRegisteredHeadquarterCoverPage"/>
    <link:label xlink:type="resource" xlink:label="label_AddressOfRegisteredHeadquarterCoverPage" xlink:role="http://www.xbrl.org/2003/role/label" xml:lang="en" id="label_AddressOfRegisteredHeadquarterCoverPage">Address of registered headquarter</link:label>
    <link:labelArc xlink:type="arc" xlink:arcrole="http://www.xbrl.org/2003/arcrole/concept-label" xlink:from="AddressOfRegisteredHeadquarterCoverPage" xlink:to="label_AddressOfRegisteredHeadquarterCoverPage"/>
    <link:label xlink:type="resource" xlink:label="label_AddressOfRegisteredHeadquarterCoverPage_2" xlink:role="http://www.xbrl.org/2003/role/verboseLabel" xml:lang="en" id="label_AddressOfRegisteredHeadquarterCoverPage_2">Address of registered headquarter, Cover page</link:label>
    <link:labelArc xlink:type="arc" xlink:arcrole="http://www.xbrl.org/2003/arcrole/concept-label" xlink:from="AddressOfRegisteredHeadquarterCoverPage" xlink:to="label_AddressOfRegisteredHeadquarterCoverPage_2"/>
    <link:loc xlink:type="locator" xlink:href="../jpcrp-esr_cor_2013-08-31.xsd#jpcrp-esr_cor_TelephoneNumberCoverPage" xlink:label="TelephoneNumberCoverPage"/>
    <link:label xlink:type="resource" xlink:label="label_TelephoneNumberCoverPage" xlink:role="http://www.xbrl.org/2003/role/label" xml:lang="en" id="label_TelephoneNumberCoverPage">Telephone number</link:label>
    <link:labelArc xlink:type="arc" xlink:arcrole="http://www.xbrl.org/2003/arcrole/concept-label" xlink:from="TelephoneNumberCoverPage" xlink:to="label_TelephoneNumberCoverPage"/>
    <link:label xlink:type="resource" xlink:label="label_TelephoneNumberCoverPage_2" xlink:role="http://www.xbrl.org/2003/role/verboseLabel" xml:lang="en" id="label_TelephoneNumberCoverPage_2">Telephone number, Cover page</link:label>
    <link:labelArc xlink:type="arc" xlink:arcrole="http://www.xbrl.org/2003/arcrole/concept-label" xlink:from="TelephoneNumberCoverPage" xlink:to="label_TelephoneNumberCoverPage_2"/>
    <link:loc xlink:type="locator" xlink:href="../jpcrp-esr_cor_2013-08-31.xsd#jpcrp-esr_cor_NameOfContactPersonCoverPage" xlink:label="NameOfContactPersonCoverPage"/>
    <link:label xlink:type="resource" xlink:label="label_NameOfContactPersonCoverPage" xlink:role="http://www.xbrl.org/2003/role/label" xml:lang="en" id="label_NameOfContactPersonCoverPage">Name of contact person</link:label>
    <link:labelArc xlink:type="arc" xlink:arcrole="http://www.xbrl.org/2003/arcrole/concept-label" xlink:from="NameOfContactPersonCoverPage" xlink:to="label_NameOfContactPersonCoverPage"/>
    <link:label xlink:type="resource" xlink:label="label_NameOfContactPersonCoverPage_2" xlink:role="http://www.xbrl.org/2003/role/verboseLabel" xml:lang="en" id="label_NameOfContactPersonCoverPage_2">Name of contact person, Cover page</link:label>
    <link:labelArc xlink:type="arc" xlink:arcrole="http://www.xbrl.org/2003/arcrole/concept-label" xlink:from="NameOfContactPersonCoverPage" xlink:to="label_NameOfContactPersonCoverPage_2"/>
    <link:loc xlink:type="locator" xlink:href="../jpcrp-esr_cor_2013-08-31.xsd#jpcrp-esr_cor_NearestPlaceOfContactCoverPage" xlink:label="NearestPlaceOfContactCoverPage"/>
    <link:label xlink:type="resource" xlink:label="label_NearestPlaceOfContactCoverPage" xlink:role="http://www.xbrl.org/2003/role/label" xml:lang="en" id="label_NearestPlaceOfContactCoverPage">Nearest place of contact</link:label>
    <link:labelArc xlink:type="arc" xlink:arcrole="http://www.xbrl.org/2003/arcrole/concept-label" xlink:from="NearestPlaceOfContactCoverPage" xlink:to="label_NearestPlaceOfContactCoverPage"/>
    <link:label xlink:type="resource" xlink:label="label_NearestPlaceOfContactCoverPage_2" xlink:role="http://www.xbrl.org/2003/role/verboseLabel" xml:lang="en" id="label_NearestPlaceOfContactCoverPage_2">Nearest place of contact, Cover page</link:label>
    <link:labelArc xlink:type="arc" xlink:arcrole="http://www.xbrl.org/2003/arcrole/concept-label" xlink:from="NearestPlaceOfContactCoverPage" xlink:to="label_NearestPlaceOfContactCoverPage_2"/>
    <link:loc xlink:type="locator" xlink:href="../jpcrp-esr_cor_2013-08-31.xsd#jpcrp-esr_cor_TelephoneNumberNearestPlaceOfContactCoverPage" xlink:label="TelephoneNumberNearestPlaceOfContactCoverPage"/>
    <link:label xlink:type="resource" xlink:label="label_TelephoneNumberNearestPlaceOfContactCoverPage" xlink:role="http://www.xbrl.org/2003/role/label" xml:lang="en" id="label_TelephoneNumberNearestPlaceOfContactCoverPage">Telephone number</link:label>
    <link:labelArc xlink:type="arc" xlink:arcrole="http://www.xbrl.org/2003/arcrole/concept-label" xlink:from="TelephoneNumberNearestPlaceOfContactCoverPage" xlink:to="label_TelephoneNumberNearestPlaceOfContactCoverPage"/>
    <link:label xlink:type="resource" xlink:label="label_TelephoneNumberNearestPlaceOfContactCoverPage_2" xlink:role="http://www.xbrl.org/2003/role/verboseLabel" xml:lang="en" id="label_TelephoneNumberNearestPlaceOfContactCoverPage_2">Telephone number, Nearest place of contact, Cover page</link:label>
    <link:labelArc xlink:type="arc" xlink:arcrole="http://www.xbrl.org/2003/arcrole/concept-label" xlink:from="TelephoneNumberNearestPlaceOfContactCoverPage" xlink:to="label_TelephoneNumberNearestPlaceOfContactCoverPage_2"/>
    <link:loc xlink:type="locator" xlink:href="../jpcrp-esr_cor_2013-08-31.xsd#jpcrp-esr_cor_NameOfContactPersonNearestPlaceOfContactCoverPage" xlink:label="NameOfContactPersonNearestPlaceOfContactCoverPage"/>
    <link:label xlink:type="resource" xlink:label="label_NameOfContactPersonNearestPlaceOfContactCoverPage" xlink:role="http://www.xbrl.org/2003/role/label" xml:lang="en" id="label_NameOfContactPersonNearestPlaceOfContactCoverPage">Name of contact person</link:label>
    <link:labelArc xlink:type="arc" xlink:arcrole="http://www.xbrl.org/2003/arcrole/concept-label" xlink:from="NameOfContactPersonNearestPlaceOfContactCoverPage" xlink:to="label_NameOfContactPersonNearestPlaceOfContactCoverPage"/>
    <link:label xlink:type="resource" xlink:label="label_NameOfContactPersonNearestPlaceOfContactCoverPage_2" xlink:role="http://www.xbrl.org/2003/role/verboseLabel" xml:lang="en" id="label_NameOfContactPersonNearestPlaceOfContactCoverPage_2">Name of contact person, Nearest place of contact, Cover page</link:label>
    <link:labelArc xlink:type="arc" xlink:arcrole="http://www.xbrl.org/2003/arcrole/concept-label" xlink:from="NameOfContactPersonNearestPlaceOfContactCoverPage" xlink:to="label_NameOfContactPersonNearestPlaceOfContactCoverPage_2"/>
    <link:loc xlink:type="locator" xlink:href="../jpcrp-esr_cor_2013-08-31.xsd#jpcrp-esr_cor_PlaceForPublicInspectionCoverPageTextBlock" xlink:label="PlaceForPublicInspectionCoverPageTextBlock"/>
    <link:label xlink:type="resource" xlink:label="label_PlaceForPublicInspectionCoverPageTextBlock" xlink:role="http://www.xbrl.org/2003/role/label" xml:lang="en" id="label_PlaceForPublicInspectionCoverPageTextBlock">Place for public inspection</link:label>
    <link:labelArc xlink:type="arc" xlink:arcrole="http://www.xbrl.org/2003/arcrole/concept-label" xlink:from="PlaceForPublicInspectionCoverPageTextBlock" xlink:to="label_PlaceForPublicInspectionCoverPageTextBlock"/>
    <link:label xlink:type="resource" xlink:label="label_PlaceForPublicInspectionCoverPageTextBlock_2" xlink:role="http://www.xbrl.org/2003/role/verboseLabel" xml:lang="en" id="label_PlaceForPublicInspectionCoverPageTextBlock_2">Place for public inspection, Cover page [text block]</link:label>
    <link:labelArc xlink:type="arc" xlink:arcrole="http://www.xbrl.org/2003/arcrole/concept-label" xlink:from="PlaceForPublicInspectionCoverPageTextBlock" xlink:to="label_PlaceForPublicInspectionCoverPageTextBlock_2"/>
    <link:loc xlink:type="locator" xlink:href="../jpcrp-esr_cor_2013-08-31.xsd#jpcrp-esr_cor_PlaceForPublicInspectionCoverPageNA" xlink:label="PlaceForPublicInspectionCoverPageNA"/>
    <link:label xlink:type="resource" xlink:label="label_PlaceForPublicInspectionCoverPageNA" xlink:role="http://www.xbrl.org/2003/role/label" xml:lang="en" id="label_PlaceForPublicInspectionCoverPageNA">Place for public inspection (N/A)</link:label>
    <link:labelArc xlink:type="arc" xlink:arcrole="http://www.xbrl.org/2003/arcrole/concept-label" xlink:from="PlaceForPublicInspectionCoverPageNA" xlink:to="label_PlaceForPublicInspectionCoverPageNA"/>
    <link:label xlink:type="resource" xlink:label="label_PlaceForPublicInspectionCoverPageNA_2" xlink:role="http://www.xbrl.org/2003/role/verboseLabel" xml:lang="en" id="label_PlaceForPublicInspectionCoverPageNA_2">Place for public inspection, Cover page (N/A)</link:label>
    <link:labelArc xlink:type="arc" xlink:arcrole="http://www.xbrl.org/2003/arcrole/concept-label" xlink:from="PlaceForPublicInspectionCoverPageNA" xlink:to="label_PlaceForPublicInspectionCoverPageNA_2"/>
  </link:labelLink>
</link:linkbase>
