<?xml version="1.0" encoding="UTF-8"?>
<!--  (c) Financial Services Agency, The Japanese Government.
      All Rights Reserved.
      For intellectual property policy and authorized uses of EDINET Taxonomy,
      refer to “EDINET Taxonomy Legal Statement” at http://www.fsa.go.jp/search/EDINET_Taxonomy_Legal_Statement.html
-->
<link:linkbase xmlns:link="http://www.xbrl.org/2003/linkbase" xmlns:xsi="http://www.w3.org/2001/XMLSchema-instance" xmlns:xlink="http://www.w3.org/1999/xlink" xmlns:xbrli="http://www.xbrl.org/2003/instance">
  <link:roleRef roleURI="http://disclosure.edinet-fsa.go.jp/role/jpcrp/rol_std_NotesQuarterlyConsolidatedStatementOfIncome" xlink:type="simple" xlink:href="../jpcrp_rt_2016-02-29.xsd#rol_std_NotesQuarterlyConsolidatedStatementOfIncome"/>
  <link:presentationLink xlink:type="extended" xlink:role="http://disclosure.edinet-fsa.go.jp/role/jpcrp/rol_std_NotesQuarterlyConsolidatedStatementOfIncome">
    <link:loc xlink:type="locator" xlink:href="../../../jppfs/2016-02-29/jppfs_cor_2016-02-29.xsd#jppfs_cor_ConsolidatedOrNonConsolidatedAxis" xlink:label="ConsolidatedOrNonConsolidatedAxis"/>
    <link:loc xlink:type="locator" xlink:href="../../../jppfs/2016-02-29/jppfs_cor_2016-02-29.xsd#jppfs_cor_ConsolidatedMember" xlink:label="ConsolidatedMember"/>
    <link:presentationArc xlink:type="arc" xlink:arcrole="http://www.xbrl.org/2003/arcrole/parent-child" xlink:from="ConsolidatedOrNonConsolidatedAxis" xlink:to="ConsolidatedMember" order="1.0"/>
    <link:loc xlink:type="locator" xlink:href="../jpcrp_cor_2016-02-29.xsd#jpcrp_cor_MajorComponentsOfSellingGeneralAndAdministrativeExpensesTextBlock" xlink:label="MajorComponentsOfSellingGeneralAndAdministrativeExpensesTextBlock"/>
    <link:loc xlink:type="locator" xlink:href="../../../jppfs/2016-02-29/jppfs_cor_2016-02-29.xsd#jppfs_cor_DepreciationSGA" xlink:label="DepreciationSGA"/>
    <link:presentationArc xlink:type="arc" xlink:arcrole="http://www.xbrl.org/2003/arcrole/parent-child" xlink:from="MajorComponentsOfSellingGeneralAndAdministrativeExpensesTextBlock" xlink:to="DepreciationSGA" order="1.0"/>
    <link:loc xlink:type="locator" xlink:href="../../../jppfs/2016-02-29/jppfs_cor_2016-02-29.xsd#jppfs_cor_ProvisionOfAllowanceForDoubtfulAccountsSGA" xlink:label="ProvisionOfAllowanceForDoubtfulAccountsSGA"/>
    <link:presentationArc xlink:type="arc" xlink:arcrole="http://www.xbrl.org/2003/arcrole/parent-child" xlink:from="MajorComponentsOfSellingGeneralAndAdministrativeExpensesTextBlock" xlink:to="ProvisionOfAllowanceForDoubtfulAccountsSGA" order="2.0"/>
    <link:loc xlink:type="locator" xlink:href="../jpcrp_cor_2016-02-29.xsd#jpcrp_cor_NotesQuarterlyConsolidatedStatementOfIncomeHeading" xlink:label="NotesQuarterlyConsolidatedStatementOfIncomeHeading"/>
    <link:loc xlink:type="locator" xlink:href="../jpcrp_cor_2016-02-29.xsd#jpcrp_cor_NotesQuarterlyConsolidatedStatementOfIncomeTable" xlink:label="NotesQuarterlyConsolidatedStatementOfIncomeTable"/>
    <link:presentationArc xlink:type="arc" xlink:arcrole="http://www.xbrl.org/2003/arcrole/parent-child" xlink:from="NotesQuarterlyConsolidatedStatementOfIncomeHeading" xlink:to="NotesQuarterlyConsolidatedStatementOfIncomeTable" order="1.0"/>
    <link:presentationArc xlink:type="arc" xlink:arcrole="http://www.xbrl.org/2003/arcrole/parent-child" xlink:from="NotesQuarterlyConsolidatedStatementOfIncomeTable" xlink:to="ConsolidatedOrNonConsolidatedAxis" order="1.0"/>
    <link:loc xlink:type="locator" xlink:href="../jpcrp_cor_2016-02-29.xsd#jpcrp_cor_NotesQuarterlyConsolidatedStatementOfIncomeLineItems" xlink:label="NotesQuarterlyConsolidatedStatementOfIncomeLineItems"/>
    <link:presentationArc xlink:type="arc" xlink:arcrole="http://www.xbrl.org/2003/arcrole/parent-child" xlink:from="NotesQuarterlyConsolidatedStatementOfIncomeHeading" xlink:to="NotesQuarterlyConsolidatedStatementOfIncomeLineItems" order="2.0"/>
    <link:presentationArc xlink:type="arc" xlink:arcrole="http://www.xbrl.org/2003/arcrole/parent-child" xlink:from="NotesQuarterlyConsolidatedStatementOfIncomeLineItems" xlink:to="MajorComponentsOfSellingGeneralAndAdministrativeExpensesTextBlock" order="1.0"/>
    <link:loc xlink:type="locator" xlink:href="../jpcrp_cor_2016-02-29.xsd#jpcrp_cor_NotesWhenThereIsSignificantSeasonalFluctuationInSalesOrOperatingExpensesTextBlock" xlink:label="NotesWhenThereIsSignificantSeasonalFluctuationInSalesOrOperatingExpensesTextBlock"/>
    <link:presentationArc xlink:type="arc" xlink:arcrole="http://www.xbrl.org/2003/arcrole/parent-child" xlink:from="NotesQuarterlyConsolidatedStatementOfIncomeLineItems" xlink:to="NotesWhenThereIsSignificantSeasonalFluctuationInSalesOrOperatingExpensesTextBlock" order="2.0"/>
  </link:presentationLink>
</link:linkbase>
