<?xml version="1.0" encoding="UTF-8"?>
<!--  (c) Financial Services Agency, The Japanese Government.
      All Rights Reserved.
      For intellectual property policy and authorized uses of EDINET Taxonomy,
      refer to “EDINET Taxonomy Legal Statement” at http://www.fsa.go.jp/search/EDINET_Taxonomy_Legal_Statement.html
-->
<link:linkbase xmlns:link="http://www.xbrl.org/2003/linkbase" xmlns:xsi="http://www.w3.org/2001/XMLSchema-instance" xmlns:xbrldt="http://xbrl.org/2005/xbrldt" xmlns:xlink="http://www.w3.org/1999/xlink" xmlns:xbrli="http://www.xbrl.org/2003/instance">
  <link:roleRef roleURI="http://disclosure.edinet-fsa.go.jp/role/jpcrp/rol_std_NotesQuarterlyBalanceSheet" xlink:type="simple" xlink:href="../jpcrp_rt_2016-02-29.xsd#rol_std_NotesQuarterlyBalanceSheet"/>
  <link:arcroleRef arcroleURI="http://xbrl.org/int/dim/arcrole/all" xlink:type="simple" xlink:href="http://www.xbrl.org/2005/xbrldt-2005.xsd#all"/>
  <link:arcroleRef arcroleURI="http://xbrl.org/int/dim/arcrole/dimension-domain" xlink:type="simple" xlink:href="http://www.xbrl.org/2005/xbrldt-2005.xsd#dimension-domain"/>
  <link:arcroleRef arcroleURI="http://xbrl.org/int/dim/arcrole/domain-member" xlink:type="simple" xlink:href="http://www.xbrl.org/2005/xbrldt-2005.xsd#domain-member"/>
  <link:arcroleRef arcroleURI="http://xbrl.org/int/dim/arcrole/hypercube-dimension" xlink:type="simple" xlink:href="http://www.xbrl.org/2005/xbrldt-2005.xsd#hypercube-dimension"/>
  <link:definitionLink xlink:type="extended" xlink:role="http://disclosure.edinet-fsa.go.jp/role/jpcrp/rol_std_NotesQuarterlyBalanceSheet">
    <link:loc xlink:type="locator" xlink:href="../../../jppfs/2016-02-29/jppfs_cor_2016-02-29.xsd#jppfs_cor_ConsolidatedOrNonConsolidatedAxis" xlink:label="ConsolidatedOrNonConsolidatedAxis"/>
    <link:loc xlink:type="locator" xlink:href="../../../jppfs/2016-02-29/jppfs_cor_2016-02-29.xsd#jppfs_cor_NonConsolidatedMember" xlink:label="NonConsolidatedMember"/>
    <link:definitionArc xlink:type="arc" xlink:arcrole="http://xbrl.org/int/dim/arcrole/dimension-domain" xlink:from="ConsolidatedOrNonConsolidatedAxis" xlink:to="NonConsolidatedMember" order="1.0"/>
    <link:loc xlink:type="locator" xlink:href="../jpcrp_cor_2016-02-29.xsd#jpcrp_cor_NotesRegardingInventoriesTextBlock" xlink:label="NotesRegardingInventoriesTextBlock"/>
    <link:loc xlink:type="locator" xlink:href="../../../jppfs/2016-02-29/jppfs_cor_2016-02-29.xsd#jppfs_cor_MerchandiseAndFinishedGoods" xlink:label="MerchandiseAndFinishedGoods"/>
    <link:definitionArc xlink:type="arc" xlink:arcrole="http://xbrl.org/int/dim/arcrole/domain-member" xlink:from="NotesRegardingInventoriesTextBlock" xlink:to="MerchandiseAndFinishedGoods" order="1.0"/>
    <link:loc xlink:type="locator" xlink:href="../../../jppfs/2016-02-29/jppfs_cor_2016-02-29.xsd#jppfs_cor_WorkInProcess" xlink:label="WorkInProcess"/>
    <link:definitionArc xlink:type="arc" xlink:arcrole="http://xbrl.org/int/dim/arcrole/domain-member" xlink:from="NotesRegardingInventoriesTextBlock" xlink:to="WorkInProcess" order="2.0"/>
    <link:loc xlink:type="locator" xlink:href="../../../jppfs/2016-02-29/jppfs_cor_2016-02-29.xsd#jppfs_cor_RawMaterialsAndSupplies" xlink:label="RawMaterialsAndSupplies"/>
    <link:definitionArc xlink:type="arc" xlink:arcrole="http://xbrl.org/int/dim/arcrole/domain-member" xlink:from="NotesRegardingInventoriesTextBlock" xlink:to="RawMaterialsAndSupplies" order="3.0"/>
    <link:loc xlink:type="locator" xlink:href="../../../jppfs/2016-02-29/jppfs_cor_2016-02-29.xsd#jppfs_cor_Inventories" xlink:label="Inventories"/>
    <link:definitionArc xlink:type="arc" xlink:arcrole="http://xbrl.org/int/dim/arcrole/domain-member" xlink:from="NotesRegardingInventoriesTextBlock" xlink:to="Inventories" order="4.0"/>
    <link:loc xlink:type="locator" xlink:href="../jpcrp_cor_2016-02-29.xsd#jpcrp_cor_NotesRegardingAllowancesDirectlyDeductedFromBalancesOfAssetsTextBlock" xlink:label="NotesRegardingAllowancesDirectlyDeductedFromBalancesOfAssetsTextBlock"/>
    <link:loc xlink:type="locator" xlink:href="../../../jppfs/2016-02-29/jppfs_cor_2016-02-29.xsd#jppfs_cor_AllowanceForDoubtfulAccountsCA" xlink:label="AllowanceForDoubtfulAccountsCA"/>
    <link:definitionArc xlink:type="arc" xlink:arcrole="http://xbrl.org/int/dim/arcrole/domain-member" xlink:from="NotesRegardingAllowancesDirectlyDeductedFromBalancesOfAssetsTextBlock" xlink:to="AllowanceForDoubtfulAccountsCA" order="1.0"/>
    <link:loc xlink:type="locator" xlink:href="../../../jppfs/2016-02-29/jppfs_cor_2016-02-29.xsd#jppfs_cor_AllowanceForDoubtfulAccountsIOAByGroup" xlink:label="AllowanceForDoubtfulAccountsIOAByGroup"/>
    <link:definitionArc xlink:type="arc" xlink:arcrole="http://xbrl.org/int/dim/arcrole/domain-member" xlink:from="NotesRegardingAllowancesDirectlyDeductedFromBalancesOfAssetsTextBlock" xlink:to="AllowanceForDoubtfulAccountsIOAByGroup" order="2.0"/>
    <link:loc xlink:type="locator" xlink:href="../../../jppfs/2016-02-29/jppfs_cor_2016-02-29.xsd#jppfs_cor_AllowanceForDoubtfulAccountsAccountsReceivableTrade" xlink:label="AllowanceForDoubtfulAccountsAccountsReceivableTrade"/>
    <link:definitionArc xlink:type="arc" xlink:arcrole="http://xbrl.org/int/dim/arcrole/domain-member" xlink:from="NotesRegardingAllowancesDirectlyDeductedFromBalancesOfAssetsTextBlock" xlink:to="AllowanceForDoubtfulAccountsAccountsReceivableTrade" order="3.0"/>
    <link:loc xlink:type="locator" xlink:href="../../../jppfs/2016-02-29/jppfs_cor_2016-02-29.xsd#jppfs_cor_AllowanceForDoubtfulAccountsLongTermLoansReceivable" xlink:label="AllowanceForDoubtfulAccountsLongTermLoansReceivable"/>
    <link:definitionArc xlink:type="arc" xlink:arcrole="http://xbrl.org/int/dim/arcrole/domain-member" xlink:from="NotesRegardingAllowancesDirectlyDeductedFromBalancesOfAssetsTextBlock" xlink:to="AllowanceForDoubtfulAccountsLongTermLoansReceivable" order="4.0"/>
    <link:loc xlink:type="locator" xlink:href="../../../jppfs/2016-02-29/jppfs_cor_2016-02-29.xsd#jppfs_cor_AllowanceForDoubtfulAccountsClaimsInBankruptcyReorganizationClaimsAndOther" xlink:label="AllowanceForDoubtfulAccountsClaimsInBankruptcyReorganizationClaimsAndOther"/>
    <link:definitionArc xlink:type="arc" xlink:arcrole="http://xbrl.org/int/dim/arcrole/domain-member" xlink:from="NotesRegardingAllowancesDirectlyDeductedFromBalancesOfAssetsTextBlock" xlink:to="AllowanceForDoubtfulAccountsClaimsInBankruptcyReorganizationClaimsAndOther" order="5.0"/>
    <link:loc xlink:type="locator" xlink:href="../jpcrp_cor_2016-02-29.xsd#jpcrp_cor_NotesRegardingTradeNotesReceivableDiscountedOrTransferredByEndorsementTextBlock" xlink:label="NotesRegardingTradeNotesReceivableDiscountedOrTransferredByEndorsementTextBlock"/>
    <link:loc xlink:type="locator" xlink:href="../jpcrp_cor_2016-02-29.xsd#jpcrp_cor_DiscountedTradeNotesReceivable" xlink:label="DiscountedTradeNotesReceivable"/>
    <link:definitionArc xlink:type="arc" xlink:arcrole="http://xbrl.org/int/dim/arcrole/domain-member" xlink:from="NotesRegardingTradeNotesReceivableDiscountedOrTransferredByEndorsementTextBlock" xlink:to="DiscountedTradeNotesReceivable" order="1.0"/>
    <link:loc xlink:type="locator" xlink:href="../jpcrp_cor_2016-02-29.xsd#jpcrp_cor_TradeNotesReceivableTransferredByEndorsement" xlink:label="TradeNotesReceivableTransferredByEndorsement"/>
    <link:definitionArc xlink:type="arc" xlink:arcrole="http://xbrl.org/int/dim/arcrole/domain-member" xlink:from="NotesRegardingTradeNotesReceivableDiscountedOrTransferredByEndorsementTextBlock" xlink:to="TradeNotesReceivableTransferredByEndorsement" order="2.0"/>
    <link:loc xlink:type="locator" xlink:href="../jpcrp_cor_2016-02-29.xsd#jpcrp_cor_NotesQuarterlyBalanceSheetHeading" xlink:label="NotesQuarterlyBalanceSheetHeading"/>
    <link:loc xlink:type="locator" xlink:href="../jpcrp_cor_2016-02-29.xsd#jpcrp_cor_NotesQuarterlyBalanceSheetTable" xlink:label="NotesQuarterlyBalanceSheetTable"/>
    <link:definitionArc xlink:type="arc" xlink:arcrole="http://xbrl.org/int/dim/arcrole/all" xlink:from="NotesQuarterlyBalanceSheetHeading" xlink:to="NotesQuarterlyBalanceSheetTable" order="1.0" xbrldt:contextElement="scenario" xbrldt:closed="true"/>
    <link:definitionArc xlink:type="arc" xlink:arcrole="http://xbrl.org/int/dim/arcrole/hypercube-dimension" xlink:from="NotesQuarterlyBalanceSheetTable" xlink:to="ConsolidatedOrNonConsolidatedAxis" order="1.0"/>
    <link:loc xlink:type="locator" xlink:href="../jpcrp_cor_2016-02-29.xsd#jpcrp_cor_NotesQuarterlyBalanceSheetLineItems" xlink:label="NotesQuarterlyBalanceSheetLineItems"/>
    <link:definitionArc xlink:type="arc" xlink:arcrole="http://xbrl.org/int/dim/arcrole/domain-member" xlink:from="NotesQuarterlyBalanceSheetHeading" xlink:to="NotesQuarterlyBalanceSheetLineItems" order="1.0"/>
    <link:definitionArc xlink:type="arc" xlink:arcrole="http://xbrl.org/int/dim/arcrole/domain-member" xlink:from="NotesQuarterlyBalanceSheetLineItems" xlink:to="NotesRegardingInventoriesTextBlock" order="1.0"/>
    <link:definitionArc xlink:type="arc" xlink:arcrole="http://xbrl.org/int/dim/arcrole/domain-member" xlink:from="NotesQuarterlyBalanceSheetLineItems" xlink:to="NotesRegardingAllowancesDirectlyDeductedFromBalancesOfAssetsTextBlock" order="2.0"/>
    <link:loc xlink:type="locator" xlink:href="../jpcrp_cor_2016-02-29.xsd#jpcrp_cor_NotesRegardingGuaranteeObligationsTextBlock" xlink:label="NotesRegardingGuaranteeObligationsTextBlock"/>
    <link:definitionArc xlink:type="arc" xlink:arcrole="http://xbrl.org/int/dim/arcrole/domain-member" xlink:from="NotesQuarterlyBalanceSheetLineItems" xlink:to="NotesRegardingGuaranteeObligationsTextBlock" order="3.0"/>
    <link:definitionArc xlink:type="arc" xlink:arcrole="http://xbrl.org/int/dim/arcrole/domain-member" xlink:from="NotesQuarterlyBalanceSheetLineItems" xlink:to="NotesRegardingTradeNotesReceivableDiscountedOrTransferredByEndorsementTextBlock" order="4.0"/>
    <link:loc xlink:type="locator" xlink:href="../jpcrp_cor_2016-02-29.xsd#jpcrp_cor_NotesRegardingPresentationOfNetAssetsOfDesignatedCorporationTextBlock" xlink:label="NotesRegardingPresentationOfNetAssetsOfDesignatedCorporationTextBlock"/>
    <link:definitionArc xlink:type="arc" xlink:arcrole="http://xbrl.org/int/dim/arcrole/domain-member" xlink:from="NotesQuarterlyBalanceSheetLineItems" xlink:to="NotesRegardingPresentationOfNetAssetsOfDesignatedCorporationTextBlock" order="5.0"/>
    <link:loc xlink:type="locator" xlink:href="../jpcrp_cor_2016-02-29.xsd#jpcrp_cor_NotesRegardingPromissoryNotesDueOnBalanceSheetDateTextBlock" xlink:label="NotesRegardingPromissoryNotesDueOnBalanceSheetDateTextBlock"/>
    <link:definitionArc xlink:type="arc" xlink:arcrole="http://xbrl.org/int/dim/arcrole/domain-member" xlink:from="NotesQuarterlyBalanceSheetLineItems" xlink:to="NotesRegardingPromissoryNotesDueOnBalanceSheetDateTextBlock" order="6.0"/>
  </link:definitionLink>
</link:linkbase>
