<?xml version="1.0" encoding="UTF-8"?>
<!--  (c) Financial Services Agency, The Japanese Government.
      All Rights Reserved.
      For intellectual property policy and authorized uses of EDINET Taxonomy,
      refer to “EDINET Taxonomy Legal Statement” at http://www.fsa.go.jp/search/EDINET_Taxonomy_Legal_Statement.html
-->
<link:linkbase xmlns:link="http://www.xbrl.org/2003/linkbase" xmlns:xsi="http://www.w3.org/2001/XMLSchema-instance" xmlns:xlink="http://www.w3.org/1999/xlink" xmlns:xbrli="http://www.xbrl.org/2003/instance">
  <link:roleRef roleURI="http://disclosure.edinet-fsa.go.jp/role/jpcrp/rol_std_CabinetOfficeOrdinanceOnDisclosureOfCorporateInformationEtcFormNo52SemiannualSecuritiesReport" xlink:type="simple" xlink:href="../jpcrp_rt_2016-02-29.xsd#rol_std_CabinetOfficeOrdinanceOnDisclosureOfCorporateInformationEtcFormNo52SemiannualSecuritiesReport"/>
  <link:presentationLink xlink:type="extended" xlink:role="http://disclosure.edinet-fsa.go.jp/role/jpcrp/rol_std_CabinetOfficeOrdinanceOnDisclosureOfCorporateInformationEtcFormNo52SemiannualSecuritiesReport">
    <link:loc xlink:type="locator" xlink:href="../jpcrp_cor_2016-02-29.xsd#jpcrp_cor_CabinetOfficeOrdinanceOnDisclosureOfCorporateInformationEtcFormNo52SemiannualSecuritiesReportHeading" xlink:label="CabinetOfficeOrdinanceOnDisclosureOfCorporateInformationEtcFormNo52SemiannualSecuritiesReportHeading"/>
    <link:loc xlink:type="locator" xlink:href="../jpcrp_cor_2016-02-29.xsd#jpcrp_cor_CoverPageHeading" xlink:label="CoverPageHeading"/>
    <link:presentationArc xlink:type="arc" xlink:arcrole="http://www.xbrl.org/2003/arcrole/parent-child" xlink:from="CabinetOfficeOrdinanceOnDisclosureOfCorporateInformationEtcFormNo52SemiannualSecuritiesReportHeading" xlink:to="CoverPageHeading" order="1.0"/>
    <link:loc xlink:type="locator" xlink:href="../jpcrp_cor_2016-02-29.xsd#jpcrp_cor_CompanyInformationHeading" xlink:label="CompanyInformationHeading"/>
    <link:presentationArc xlink:type="arc" xlink:arcrole="http://www.xbrl.org/2003/arcrole/parent-child" xlink:from="CabinetOfficeOrdinanceOnDisclosureOfCorporateInformationEtcFormNo52SemiannualSecuritiesReportHeading" xlink:to="CompanyInformationHeading" order="2.0"/>
    <link:loc xlink:type="locator" xlink:href="../jpcrp_cor_2016-02-29.xsd#jpcrp_cor_OverviewOfCompanyHeading" xlink:label="OverviewOfCompanyHeading"/>
    <link:presentationArc xlink:type="arc" xlink:arcrole="http://www.xbrl.org/2003/arcrole/parent-child" xlink:from="CompanyInformationHeading" xlink:to="OverviewOfCompanyHeading" order="1.0"/>
    <link:loc xlink:type="locator" xlink:href="../jpcrp_cor_2016-02-29.xsd#jpcrp_cor_SummaryOfBusinessResultsHeading" xlink:label="SummaryOfBusinessResultsHeading"/>
    <link:presentationArc xlink:type="arc" xlink:arcrole="http://www.xbrl.org/2003/arcrole/parent-child" xlink:from="OverviewOfCompanyHeading" xlink:to="SummaryOfBusinessResultsHeading" order="1.0"/>
    <link:loc xlink:type="locator" xlink:href="../jpcrp_cor_2016-02-29.xsd#jpcrp_cor_BusinessResultsOfGroupHeading" xlink:label="BusinessResultsOfGroupHeading"/>
    <link:presentationArc xlink:type="arc" xlink:arcrole="http://www.xbrl.org/2003/arcrole/parent-child" xlink:from="SummaryOfBusinessResultsHeading" xlink:to="BusinessResultsOfGroupHeading" order="1.0"/>
    <link:loc xlink:type="locator" xlink:href="../jpcrp_cor_2016-02-29.xsd#jpcrp_cor_BusinessResultsOfGroupTextBlock" xlink:label="BusinessResultsOfGroupTextBlock"/>
    <link:presentationArc xlink:type="arc" xlink:arcrole="http://www.xbrl.org/2003/arcrole/parent-child" xlink:from="BusinessResultsOfGroupHeading" xlink:to="BusinessResultsOfGroupTextBlock" order="1.0"/>
    <link:loc xlink:type="locator" xlink:href="../jpcrp_cor_2016-02-29.xsd#jpcrp_cor_BusinessResultsOfReportingCompanyHeading" xlink:label="BusinessResultsOfReportingCompanyHeading"/>
    <link:presentationArc xlink:type="arc" xlink:arcrole="http://www.xbrl.org/2003/arcrole/parent-child" xlink:from="SummaryOfBusinessResultsHeading" xlink:to="BusinessResultsOfReportingCompanyHeading" order="2.0"/>
    <link:loc xlink:type="locator" xlink:href="../jpcrp_cor_2016-02-29.xsd#jpcrp_cor_BusinessResultsOfReportingCompanyTextBlock" xlink:label="BusinessResultsOfReportingCompanyTextBlock"/>
    <link:presentationArc xlink:type="arc" xlink:arcrole="http://www.xbrl.org/2003/arcrole/parent-child" xlink:from="BusinessResultsOfReportingCompanyHeading" xlink:to="BusinessResultsOfReportingCompanyTextBlock" order="1.0"/>
    <link:loc xlink:type="locator" xlink:href="../jpcrp_cor_2016-02-29.xsd#jpcrp_cor_DescriptionOfBusinessHeading" xlink:label="DescriptionOfBusinessHeading"/>
    <link:presentationArc xlink:type="arc" xlink:arcrole="http://www.xbrl.org/2003/arcrole/parent-child" xlink:from="OverviewOfCompanyHeading" xlink:to="DescriptionOfBusinessHeading" order="2.0"/>
    <link:loc xlink:type="locator" xlink:href="../jpcrp_cor_2016-02-29.xsd#jpcrp_cor_DescriptionOfBusinessTextBlock" xlink:label="DescriptionOfBusinessTextBlock"/>
    <link:presentationArc xlink:type="arc" xlink:arcrole="http://www.xbrl.org/2003/arcrole/parent-child" xlink:from="DescriptionOfBusinessHeading" xlink:to="DescriptionOfBusinessTextBlock" order="1.0"/>
    <link:loc xlink:type="locator" xlink:href="../jpcrp_cor_2016-02-29.xsd#jpcrp_cor_DescriptionOfFactThatThereWasNoSignificantChangeInYearToQuarterEndPeriodOrSemiAnnualPeriodDescriptionOfBusiness" xlink:label="DescriptionOfFactThatThereWasNoSignificantChangeInYearToQuarterEndPeriodOrSemiAnnualPeriodDescriptionOfBusiness"/>
    <link:presentationArc xlink:type="arc" xlink:arcrole="http://www.xbrl.org/2003/arcrole/parent-child" xlink:from="DescriptionOfBusinessHeading" xlink:to="DescriptionOfFactThatThereWasNoSignificantChangeInYearToQuarterEndPeriodOrSemiAnnualPeriodDescriptionOfBusiness" order="2.0"/>
    <link:loc xlink:type="locator" xlink:href="../jpcrp_cor_2016-02-29.xsd#jpcrp_cor_InformationAboutSharesEtcHeading" xlink:label="InformationAboutSharesEtcHeading"/>
    <link:presentationArc xlink:type="arc" xlink:arcrole="http://www.xbrl.org/2003/arcrole/parent-child" xlink:from="OverviewOfCompanyHeading" xlink:to="InformationAboutSharesEtcHeading" order="3.0"/>
    <link:loc xlink:type="locator" xlink:href="../jpcrp_cor_2016-02-29.xsd#jpcrp_cor_TotalNumberOfSharesEtcHeading" xlink:label="TotalNumberOfSharesEtcHeading"/>
    <link:presentationArc xlink:type="arc" xlink:arcrole="http://www.xbrl.org/2003/arcrole/parent-child" xlink:from="InformationAboutSharesEtcHeading" xlink:to="TotalNumberOfSharesEtcHeading" order="1.0"/>
    <link:loc xlink:type="locator" xlink:href="../jpcrp_cor_2016-02-29.xsd#jpcrp_cor_TotalNumberOfSharesHeading" xlink:label="TotalNumberOfSharesHeading"/>
    <link:presentationArc xlink:type="arc" xlink:arcrole="http://www.xbrl.org/2003/arcrole/parent-child" xlink:from="TotalNumberOfSharesEtcHeading" xlink:to="TotalNumberOfSharesHeading" order="1.0"/>
    <link:loc xlink:type="locator" xlink:href="../jpcrp_cor_2016-02-29.xsd#jpcrp_cor_TotalNumberOfSharesTextBlock" xlink:label="TotalNumberOfSharesTextBlock"/>
    <link:presentationArc xlink:type="arc" xlink:arcrole="http://www.xbrl.org/2003/arcrole/parent-child" xlink:from="TotalNumberOfSharesHeading" xlink:to="TotalNumberOfSharesTextBlock" order="1.0"/>
    <link:loc xlink:type="locator" xlink:href="../jpcrp_cor_2016-02-29.xsd#jpcrp_cor_IssuedSharesTotalNumberOfSharesEtcHeading" xlink:label="IssuedSharesTotalNumberOfSharesEtcHeading"/>
    <link:presentationArc xlink:type="arc" xlink:arcrole="http://www.xbrl.org/2003/arcrole/parent-child" xlink:from="TotalNumberOfSharesEtcHeading" xlink:to="IssuedSharesTotalNumberOfSharesEtcHeading" order="2.0"/>
    <link:loc xlink:type="locator" xlink:href="../jpcrp_cor_2016-02-29.xsd#jpcrp_cor_IssuedSharesTotalNumberOfSharesEtcTextBlock" xlink:label="IssuedSharesTotalNumberOfSharesEtcTextBlock"/>
    <link:presentationArc xlink:type="arc" xlink:arcrole="http://www.xbrl.org/2003/arcrole/parent-child" xlink:from="IssuedSharesTotalNumberOfSharesEtcHeading" xlink:to="IssuedSharesTotalNumberOfSharesEtcTextBlock" order="1.0"/>
    <link:loc xlink:type="locator" xlink:href="../jpcrp_cor_2016-02-29.xsd#jpcrp_cor_SubscriptionRightsToSharesEtcHeading" xlink:label="SubscriptionRightsToSharesEtcHeading"/>
    <link:presentationArc xlink:type="arc" xlink:arcrole="http://www.xbrl.org/2003/arcrole/parent-child" xlink:from="InformationAboutSharesEtcHeading" xlink:to="SubscriptionRightsToSharesEtcHeading" order="2.0"/>
    <link:loc xlink:type="locator" xlink:href="../jpcrp_cor_2016-02-29.xsd#jpcrp_cor_SubscriptionRightsToSharesEtcTextBlock" xlink:label="SubscriptionRightsToSharesEtcTextBlock"/>
    <link:presentationArc xlink:type="arc" xlink:arcrole="http://www.xbrl.org/2003/arcrole/parent-child" xlink:from="SubscriptionRightsToSharesEtcHeading" xlink:to="SubscriptionRightsToSharesEtcTextBlock" order="1.0"/>
    <link:loc xlink:type="locator" xlink:href="../jpcrp_cor_2016-02-29.xsd#jpcrp_cor_SubscriptionRightsToSharesEtcNATextBlock" xlink:label="SubscriptionRightsToSharesEtcNATextBlock"/>
    <link:presentationArc xlink:type="arc" xlink:arcrole="http://www.xbrl.org/2003/arcrole/parent-child" xlink:from="SubscriptionRightsToSharesEtcHeading" xlink:to="SubscriptionRightsToSharesEtcNATextBlock" order="2.0"/>
    <link:loc xlink:type="locator" xlink:href="../jpcrp_cor_2016-02-29.xsd#jpcrp_cor_ExercisesEtcOfMovingStrikeConvertibleBondsEtcHeading" xlink:label="ExercisesEtcOfMovingStrikeConvertibleBondsEtcHeading"/>
    <link:presentationArc xlink:type="arc" xlink:arcrole="http://www.xbrl.org/2003/arcrole/parent-child" xlink:from="InformationAboutSharesEtcHeading" xlink:to="ExercisesEtcOfMovingStrikeConvertibleBondsEtcHeading" order="3.0"/>
    <link:loc xlink:type="locator" xlink:href="../jpcrp_cor_2016-02-29.xsd#jpcrp_cor_ExercisesEtcOfMovingStrikeConvertibleBondsEtcTextBlock" xlink:label="ExercisesEtcOfMovingStrikeConvertibleBondsEtcTextBlock"/>
    <link:presentationArc xlink:type="arc" xlink:arcrole="http://www.xbrl.org/2003/arcrole/parent-child" xlink:from="ExercisesEtcOfMovingStrikeConvertibleBondsEtcHeading" xlink:to="ExercisesEtcOfMovingStrikeConvertibleBondsEtcTextBlock" order="1.0"/>
    <link:loc xlink:type="locator" xlink:href="../jpcrp_cor_2016-02-29.xsd#jpcrp_cor_ExercisesEtcOfMovingStrikeConvertibleBondsEtcNATextBlock" xlink:label="ExercisesEtcOfMovingStrikeConvertibleBondsEtcNATextBlock"/>
    <link:presentationArc xlink:type="arc" xlink:arcrole="http://www.xbrl.org/2003/arcrole/parent-child" xlink:from="ExercisesEtcOfMovingStrikeConvertibleBondsEtcHeading" xlink:to="ExercisesEtcOfMovingStrikeConvertibleBondsEtcNATextBlock" order="2.0"/>
    <link:loc xlink:type="locator" xlink:href="../jpcrp_cor_2016-02-29.xsd#jpcrp_cor_DescriptionOfRightsPlanHeading" xlink:label="DescriptionOfRightsPlanHeading"/>
    <link:presentationArc xlink:type="arc" xlink:arcrole="http://www.xbrl.org/2003/arcrole/parent-child" xlink:from="InformationAboutSharesEtcHeading" xlink:to="DescriptionOfRightsPlanHeading" order="4.0"/>
    <link:loc xlink:type="locator" xlink:href="../jpcrp_cor_2016-02-29.xsd#jpcrp_cor_DescriptionOfRightsPlanTextBlock" xlink:label="DescriptionOfRightsPlanTextBlock"/>
    <link:presentationArc xlink:type="arc" xlink:arcrole="http://www.xbrl.org/2003/arcrole/parent-child" xlink:from="DescriptionOfRightsPlanHeading" xlink:to="DescriptionOfRightsPlanTextBlock" order="1.0"/>
    <link:loc xlink:type="locator" xlink:href="../jpcrp_cor_2016-02-29.xsd#jpcrp_cor_DescriptionOfRightsPlanNATextBlock" xlink:label="DescriptionOfRightsPlanNATextBlock"/>
    <link:presentationArc xlink:type="arc" xlink:arcrole="http://www.xbrl.org/2003/arcrole/parent-child" xlink:from="DescriptionOfRightsPlanHeading" xlink:to="DescriptionOfRightsPlanNATextBlock" order="2.0"/>
    <link:loc xlink:type="locator" xlink:href="../jpcrp_cor_2016-02-29.xsd#jpcrp_cor_ChangesInNumberOfIssuedSharesStatedCapitalEtcHeading" xlink:label="ChangesInNumberOfIssuedSharesStatedCapitalEtcHeading"/>
    <link:presentationArc xlink:type="arc" xlink:arcrole="http://www.xbrl.org/2003/arcrole/parent-child" xlink:from="InformationAboutSharesEtcHeading" xlink:to="ChangesInNumberOfIssuedSharesStatedCapitalEtcHeading" order="5.0"/>
    <link:loc xlink:type="locator" xlink:href="../jpcrp_cor_2016-02-29.xsd#jpcrp_cor_ChangesInNumberOfIssuedSharesStatedCapitalEtcTextBlock" xlink:label="ChangesInNumberOfIssuedSharesStatedCapitalEtcTextBlock"/>
    <link:presentationArc xlink:type="arc" xlink:arcrole="http://www.xbrl.org/2003/arcrole/parent-child" xlink:from="ChangesInNumberOfIssuedSharesStatedCapitalEtcHeading" xlink:to="ChangesInNumberOfIssuedSharesStatedCapitalEtcTextBlock" order="1.0"/>
    <link:loc xlink:type="locator" xlink:href="../jpcrp_cor_2016-02-29.xsd#jpcrp_cor_MajorShareholdersHeading" xlink:label="MajorShareholdersHeading"/>
    <link:presentationArc xlink:type="arc" xlink:arcrole="http://www.xbrl.org/2003/arcrole/parent-child" xlink:from="InformationAboutSharesEtcHeading" xlink:to="MajorShareholdersHeading" order="6.0"/>
    <link:loc xlink:type="locator" xlink:href="../jpcrp_cor_2016-02-29.xsd#jpcrp_cor_MajorShareholdersTextBlock" xlink:label="MajorShareholdersTextBlock"/>
    <link:presentationArc xlink:type="arc" xlink:arcrole="http://www.xbrl.org/2003/arcrole/parent-child" xlink:from="MajorShareholdersHeading" xlink:to="MajorShareholdersTextBlock" order="1.0"/>
    <link:loc xlink:type="locator" xlink:href="../jpcrp_cor_2016-02-29.xsd#jpcrp_cor_VotingRightsHeading" xlink:label="VotingRightsHeading"/>
    <link:presentationArc xlink:type="arc" xlink:arcrole="http://www.xbrl.org/2003/arcrole/parent-child" xlink:from="InformationAboutSharesEtcHeading" xlink:to="VotingRightsHeading" order="7.0"/>
    <link:loc xlink:type="locator" xlink:href="../jpcrp_cor_2016-02-29.xsd#jpcrp_cor_CommentsAtBeginningAboutVotingRightsTextBlock" xlink:label="CommentsAtBeginningAboutVotingRightsTextBlock"/>
    <link:presentationArc xlink:type="arc" xlink:arcrole="http://www.xbrl.org/2003/arcrole/parent-child" xlink:from="VotingRightsHeading" xlink:to="CommentsAtBeginningAboutVotingRightsTextBlock" order="1.0"/>
    <link:loc xlink:type="locator" xlink:href="../jpcrp_cor_2016-02-29.xsd#jpcrp_cor_IssuedSharesVotingRightsHeading" xlink:label="IssuedSharesVotingRightsHeading"/>
    <link:presentationArc xlink:type="arc" xlink:arcrole="http://www.xbrl.org/2003/arcrole/parent-child" xlink:from="VotingRightsHeading" xlink:to="IssuedSharesVotingRightsHeading" order="2.0"/>
    <link:loc xlink:type="locator" xlink:href="../jpcrp_cor_2016-02-29.xsd#jpcrp_cor_IssuedSharesVotingRightsTextBlock" xlink:label="IssuedSharesVotingRightsTextBlock"/>
    <link:presentationArc xlink:type="arc" xlink:arcrole="http://www.xbrl.org/2003/arcrole/parent-child" xlink:from="IssuedSharesVotingRightsHeading" xlink:to="IssuedSharesVotingRightsTextBlock" order="1.0"/>
    <link:loc xlink:type="locator" xlink:href="../jpcrp_cor_2016-02-29.xsd#jpcrp_cor_TreasurySharesEtcHeading" xlink:label="TreasurySharesEtcHeading"/>
    <link:presentationArc xlink:type="arc" xlink:arcrole="http://www.xbrl.org/2003/arcrole/parent-child" xlink:from="VotingRightsHeading" xlink:to="TreasurySharesEtcHeading" order="3.0"/>
    <link:loc xlink:type="locator" xlink:href="../jpcrp_cor_2016-02-29.xsd#jpcrp_cor_TreasurySharesEtcTextBlock" xlink:label="TreasurySharesEtcTextBlock"/>
    <link:presentationArc xlink:type="arc" xlink:arcrole="http://www.xbrl.org/2003/arcrole/parent-child" xlink:from="TreasurySharesEtcHeading" xlink:to="TreasurySharesEtcTextBlock" order="1.0"/>
    <link:loc xlink:type="locator" xlink:href="../jpcrp_cor_2016-02-29.xsd#jpcrp_cor_TreasurySharesEtcNATextBlock" xlink:label="TreasurySharesEtcNATextBlock"/>
    <link:presentationArc xlink:type="arc" xlink:arcrole="http://www.xbrl.org/2003/arcrole/parent-child" xlink:from="TreasurySharesEtcHeading" xlink:to="TreasurySharesEtcNATextBlock" order="2.0"/>
    <link:loc xlink:type="locator" xlink:href="../jpcrp_cor_2016-02-29.xsd#jpcrp_cor_HistoricalRecordsOfSharePriceHeading" xlink:label="HistoricalRecordsOfSharePriceHeading"/>
    <link:presentationArc xlink:type="arc" xlink:arcrole="http://www.xbrl.org/2003/arcrole/parent-child" xlink:from="OverviewOfCompanyHeading" xlink:to="HistoricalRecordsOfSharePriceHeading" order="4.0"/>
    <link:loc xlink:type="locator" xlink:href="../jpcrp_cor_2016-02-29.xsd#jpcrp_cor_HistoricalRecordsOfSharePriceNATextBlock" xlink:label="HistoricalRecordsOfSharePriceNATextBlock"/>
    <link:presentationArc xlink:type="arc" xlink:arcrole="http://www.xbrl.org/2003/arcrole/parent-child" xlink:from="HistoricalRecordsOfSharePriceHeading" xlink:to="HistoricalRecordsOfSharePriceNATextBlock" order="1.0"/>
    <link:loc xlink:type="locator" xlink:href="../jpcrp_cor_2016-02-29.xsd#jpcrp_cor_HighestAndLowestSharePriceOfEachMonthInSaidSemiAnnualAccountingPeriodHeading" xlink:label="HighestAndLowestSharePriceOfEachMonthInSaidSemiAnnualAccountingPeriodHeading"/>
    <link:presentationArc xlink:type="arc" xlink:arcrole="http://www.xbrl.org/2003/arcrole/parent-child" xlink:from="HistoricalRecordsOfSharePriceHeading" xlink:to="HighestAndLowestSharePriceOfEachMonthInSaidSemiAnnualAccountingPeriodHeading" order="2.0"/>
    <link:loc xlink:type="locator" xlink:href="../jpcrp_cor_2016-02-29.xsd#jpcrp_cor_HighestAndLowestSharePriceOfEachMonthInSaidSemiAnnualAccountingPeriodTextBlock" xlink:label="HighestAndLowestSharePriceOfEachMonthInSaidSemiAnnualAccountingPeriodTextBlock"/>
    <link:presentationArc xlink:type="arc" xlink:arcrole="http://www.xbrl.org/2003/arcrole/parent-child" xlink:from="HighestAndLowestSharePriceOfEachMonthInSaidSemiAnnualAccountingPeriodHeading" xlink:to="HighestAndLowestSharePriceOfEachMonthInSaidSemiAnnualAccountingPeriodTextBlock" order="1.0"/>
    <link:loc xlink:type="locator" xlink:href="../jpcrp_cor_2016-02-29.xsd#jpcrp_cor_InformationAboutOfficersHeading" xlink:label="InformationAboutOfficersHeading"/>
    <link:presentationArc xlink:type="arc" xlink:arcrole="http://www.xbrl.org/2003/arcrole/parent-child" xlink:from="OverviewOfCompanyHeading" xlink:to="InformationAboutOfficersHeading" order="5.0"/>
    <link:loc xlink:type="locator" xlink:href="../jpcrp_cor_2016-02-29.xsd#jpcrp_cor_InformationAboutOfficersTextBlock" xlink:label="InformationAboutOfficersTextBlock"/>
    <link:presentationArc xlink:type="arc" xlink:arcrole="http://www.xbrl.org/2003/arcrole/parent-child" xlink:from="InformationAboutOfficersHeading" xlink:to="InformationAboutOfficersTextBlock" order="1.0"/>
    <link:loc xlink:type="locator" xlink:href="../jpcrp_cor_2016-02-29.xsd#jpcrp_cor_InformationAboutOfficersNATextBlock" xlink:label="InformationAboutOfficersNATextBlock"/>
    <link:presentationArc xlink:type="arc" xlink:arcrole="http://www.xbrl.org/2003/arcrole/parent-child" xlink:from="InformationAboutOfficersHeading" xlink:to="InformationAboutOfficersNATextBlock" order="2.0"/>
    <link:loc xlink:type="locator" xlink:href="../jpcrp_cor_2016-02-29.xsd#jpcrp_cor_DescriptionOfFactThatThereWasNoChangeInYearToQuarterEndPeriodOrSemiAnnualPeriodInformationAboutOfficers" xlink:label="DescriptionOfFactThatThereWasNoChangeInYearToQuarterEndPeriodOrSemiAnnualPeriodInformationAboutOfficers"/>
    <link:presentationArc xlink:type="arc" xlink:arcrole="http://www.xbrl.org/2003/arcrole/parent-child" xlink:from="InformationAboutOfficersHeading" xlink:to="DescriptionOfFactThatThereWasNoChangeInYearToQuarterEndPeriodOrSemiAnnualPeriodInformationAboutOfficers" order="3.0"/>
    <link:loc xlink:type="locator" xlink:href="../jpcrp_cor_2016-02-29.xsd#jpcrp_cor_InformationAboutEmployeesHeading" xlink:label="InformationAboutEmployeesHeading"/>
    <link:presentationArc xlink:type="arc" xlink:arcrole="http://www.xbrl.org/2003/arcrole/parent-child" xlink:from="OverviewOfCompanyHeading" xlink:to="InformationAboutEmployeesHeading" order="6.0"/>
    <link:loc xlink:type="locator" xlink:href="../jpcrp_cor_2016-02-29.xsd#jpcrp_cor_InformationAboutEmployeesTextBlock" xlink:label="InformationAboutEmployeesTextBlock"/>
    <link:presentationArc xlink:type="arc" xlink:arcrole="http://www.xbrl.org/2003/arcrole/parent-child" xlink:from="InformationAboutEmployeesHeading" xlink:to="InformationAboutEmployeesTextBlock" order="1.0"/>
    <link:loc xlink:type="locator" xlink:href="../jpcrp_cor_2016-02-29.xsd#jpcrp_cor_OverviewOfBusinessHeading" xlink:label="OverviewOfBusinessHeading"/>
    <link:presentationArc xlink:type="arc" xlink:arcrole="http://www.xbrl.org/2003/arcrole/parent-child" xlink:from="CompanyInformationHeading" xlink:to="OverviewOfBusinessHeading" order="2.0"/>
    <link:loc xlink:type="locator" xlink:href="../jpcrp_cor_2016-02-29.xsd#jpcrp_cor_OverviewOfBusinessResultsHeading" xlink:label="OverviewOfBusinessResultsHeading"/>
    <link:presentationArc xlink:type="arc" xlink:arcrole="http://www.xbrl.org/2003/arcrole/parent-child" xlink:from="OverviewOfBusinessHeading" xlink:to="OverviewOfBusinessResultsHeading" order="1.0"/>
    <link:loc xlink:type="locator" xlink:href="../jpcrp_cor_2016-02-29.xsd#jpcrp_cor_OverviewOfBusinessResultsTextBlock" xlink:label="OverviewOfBusinessResultsTextBlock"/>
    <link:presentationArc xlink:type="arc" xlink:arcrole="http://www.xbrl.org/2003/arcrole/parent-child" xlink:from="OverviewOfBusinessResultsHeading" xlink:to="OverviewOfBusinessResultsTextBlock" order="1.0"/>
    <link:loc xlink:type="locator" xlink:href="../jpcrp_cor_2016-02-29.xsd#jpcrp_cor_OverviewOfProductionOrdersReceivedAndSalesHeading" xlink:label="OverviewOfProductionOrdersReceivedAndSalesHeading"/>
    <link:presentationArc xlink:type="arc" xlink:arcrole="http://www.xbrl.org/2003/arcrole/parent-child" xlink:from="OverviewOfBusinessHeading" xlink:to="OverviewOfProductionOrdersReceivedAndSalesHeading" order="2.0"/>
    <link:loc xlink:type="locator" xlink:href="../jpcrp_cor_2016-02-29.xsd#jpcrp_cor_OverviewOfProductionOrdersReceivedAndSalesTextBlock" xlink:label="OverviewOfProductionOrdersReceivedAndSalesTextBlock"/>
    <link:presentationArc xlink:type="arc" xlink:arcrole="http://www.xbrl.org/2003/arcrole/parent-child" xlink:from="OverviewOfProductionOrdersReceivedAndSalesHeading" xlink:to="OverviewOfProductionOrdersReceivedAndSalesTextBlock" order="1.0"/>
    <link:loc xlink:type="locator" xlink:href="../jpcrp_cor_2016-02-29.xsd#jpcrp_cor_IssuesToAddressHeading" xlink:label="IssuesToAddressHeading"/>
    <link:presentationArc xlink:type="arc" xlink:arcrole="http://www.xbrl.org/2003/arcrole/parent-child" xlink:from="OverviewOfBusinessHeading" xlink:to="IssuesToAddressHeading" order="3.0"/>
    <link:loc xlink:type="locator" xlink:href="../jpcrp_cor_2016-02-29.xsd#jpcrp_cor_IssuesToAddressTextBlock" xlink:label="IssuesToAddressTextBlock"/>
    <link:presentationArc xlink:type="arc" xlink:arcrole="http://www.xbrl.org/2003/arcrole/parent-child" xlink:from="IssuesToAddressHeading" xlink:to="IssuesToAddressTextBlock" order="1.0"/>
    <link:loc xlink:type="locator" xlink:href="../jpcrp_cor_2016-02-29.xsd#jpcrp_cor_CriticalContractsForOperationHeading" xlink:label="CriticalContractsForOperationHeading"/>
    <link:presentationArc xlink:type="arc" xlink:arcrole="http://www.xbrl.org/2003/arcrole/parent-child" xlink:from="OverviewOfBusinessHeading" xlink:to="CriticalContractsForOperationHeading" order="4.0"/>
    <link:loc xlink:type="locator" xlink:href="../jpcrp_cor_2016-02-29.xsd#jpcrp_cor_CriticalContractsForOperationTextBlock" xlink:label="CriticalContractsForOperationTextBlock"/>
    <link:presentationArc xlink:type="arc" xlink:arcrole="http://www.xbrl.org/2003/arcrole/parent-child" xlink:from="CriticalContractsForOperationHeading" xlink:to="CriticalContractsForOperationTextBlock" order="1.0"/>
    <link:loc xlink:type="locator" xlink:href="../jpcrp_cor_2016-02-29.xsd#jpcrp_cor_CriticalContractsForOperationNATextBlock" xlink:label="CriticalContractsForOperationNATextBlock"/>
    <link:presentationArc xlink:type="arc" xlink:arcrole="http://www.xbrl.org/2003/arcrole/parent-child" xlink:from="CriticalContractsForOperationHeading" xlink:to="CriticalContractsForOperationNATextBlock" order="2.0"/>
    <link:loc xlink:type="locator" xlink:href="../jpcrp_cor_2016-02-29.xsd#jpcrp_cor_ResearchAndDevelopmentActivitiesHeading" xlink:label="ResearchAndDevelopmentActivitiesHeading"/>
    <link:presentationArc xlink:type="arc" xlink:arcrole="http://www.xbrl.org/2003/arcrole/parent-child" xlink:from="OverviewOfBusinessHeading" xlink:to="ResearchAndDevelopmentActivitiesHeading" order="5.0"/>
    <link:loc xlink:type="locator" xlink:href="../jpcrp_cor_2016-02-29.xsd#jpcrp_cor_ResearchAndDevelopmentActivitiesTextBlock" xlink:label="ResearchAndDevelopmentActivitiesTextBlock"/>
    <link:presentationArc xlink:type="arc" xlink:arcrole="http://www.xbrl.org/2003/arcrole/parent-child" xlink:from="ResearchAndDevelopmentActivitiesHeading" xlink:to="ResearchAndDevelopmentActivitiesTextBlock" order="1.0"/>
    <link:loc xlink:type="locator" xlink:href="../jpcrp_cor_2016-02-29.xsd#jpcrp_cor_ResearchAndDevelopmentActivitiesNATextBlock" xlink:label="ResearchAndDevelopmentActivitiesNATextBlock"/>
    <link:presentationArc xlink:type="arc" xlink:arcrole="http://www.xbrl.org/2003/arcrole/parent-child" xlink:from="ResearchAndDevelopmentActivitiesHeading" xlink:to="ResearchAndDevelopmentActivitiesNATextBlock" order="2.0"/>
    <link:loc xlink:type="locator" xlink:href="../jpcrp_cor_2016-02-29.xsd#jpcrp_cor_InformationAboutFacilitiesHeading" xlink:label="InformationAboutFacilitiesHeading"/>
    <link:presentationArc xlink:type="arc" xlink:arcrole="http://www.xbrl.org/2003/arcrole/parent-child" xlink:from="CompanyInformationHeading" xlink:to="InformationAboutFacilitiesHeading" order="3.0"/>
    <link:loc xlink:type="locator" xlink:href="../jpcrp_cor_2016-02-29.xsd#jpcrp_cor_MajorFacilitiesHeading" xlink:label="MajorFacilitiesHeading"/>
    <link:presentationArc xlink:type="arc" xlink:arcrole="http://www.xbrl.org/2003/arcrole/parent-child" xlink:from="InformationAboutFacilitiesHeading" xlink:to="MajorFacilitiesHeading" order="1.0"/>
    <link:loc xlink:type="locator" xlink:href="../jpcrp_cor_2016-02-29.xsd#jpcrp_cor_MajorFacilitiesTextBlock" xlink:label="MajorFacilitiesTextBlock"/>
    <link:presentationArc xlink:type="arc" xlink:arcrole="http://www.xbrl.org/2003/arcrole/parent-child" xlink:from="MajorFacilitiesHeading" xlink:to="MajorFacilitiesTextBlock" order="1.0"/>
    <link:loc xlink:type="locator" xlink:href="../jpcrp_cor_2016-02-29.xsd#jpcrp_cor_PlannedAdditionsRetirementsEtcOfFacilitiesHeading" xlink:label="PlannedAdditionsRetirementsEtcOfFacilitiesHeading"/>
    <link:presentationArc xlink:type="arc" xlink:arcrole="http://www.xbrl.org/2003/arcrole/parent-child" xlink:from="InformationAboutFacilitiesHeading" xlink:to="PlannedAdditionsRetirementsEtcOfFacilitiesHeading" order="2.0"/>
    <link:loc xlink:type="locator" xlink:href="../jpcrp_cor_2016-02-29.xsd#jpcrp_cor_PlannedAdditionsRetirementsEtcOfFacilitiesTextBlock" xlink:label="PlannedAdditionsRetirementsEtcOfFacilitiesTextBlock"/>
    <link:presentationArc xlink:type="arc" xlink:arcrole="http://www.xbrl.org/2003/arcrole/parent-child" xlink:from="PlannedAdditionsRetirementsEtcOfFacilitiesHeading" xlink:to="PlannedAdditionsRetirementsEtcOfFacilitiesTextBlock" order="1.0"/>
    <link:loc xlink:type="locator" xlink:href="../jpcrp_cor_2016-02-29.xsd#jpcrp_cor_PlannedAdditionsRetirementsEtcOfFacilitiesNATextBlock" xlink:label="PlannedAdditionsRetirementsEtcOfFacilitiesNATextBlock"/>
    <link:presentationArc xlink:type="arc" xlink:arcrole="http://www.xbrl.org/2003/arcrole/parent-child" xlink:from="PlannedAdditionsRetirementsEtcOfFacilitiesHeading" xlink:to="PlannedAdditionsRetirementsEtcOfFacilitiesNATextBlock" order="2.0"/>
    <link:loc xlink:type="locator" xlink:href="../jpcrp_cor_2016-02-29.xsd#jpcrp_cor_FinancialInformationHeading" xlink:label="FinancialInformationHeading"/>
    <link:presentationArc xlink:type="arc" xlink:arcrole="http://www.xbrl.org/2003/arcrole/parent-child" xlink:from="CompanyInformationHeading" xlink:to="FinancialInformationHeading" order="4.0"/>
    <link:loc xlink:type="locator" xlink:href="../jpcrp_cor_2016-02-29.xsd#jpcrp_cor_SemiAnnualFinancialStatementsHeading" xlink:label="SemiAnnualFinancialStatementsHeading"/>
    <link:presentationArc xlink:type="arc" xlink:arcrole="http://www.xbrl.org/2003/arcrole/parent-child" xlink:from="FinancialInformationHeading" xlink:to="SemiAnnualFinancialStatementsHeading" order="1.0"/>
    <link:loc xlink:type="locator" xlink:href="../../../jppfs/2016-02-29/jppfs_cor_2016-02-29.xsd#jppfs_cor_SemiAnnualBalanceSheetHeading" xlink:label="SemiAnnualBalanceSheetHeading"/>
    <link:presentationArc xlink:type="arc" xlink:arcrole="http://www.xbrl.org/2003/arcrole/parent-child" xlink:from="SemiAnnualFinancialStatementsHeading" xlink:to="SemiAnnualBalanceSheetHeading" order="1.0"/>
    <link:loc xlink:type="locator" xlink:href="../jpcrp_cor_2016-02-29.xsd#jpcrp_cor_SemiAnnualBalanceSheetTextBlock" xlink:label="SemiAnnualBalanceSheetTextBlock"/>
    <link:presentationArc xlink:type="arc" xlink:arcrole="http://www.xbrl.org/2003/arcrole/parent-child" xlink:from="SemiAnnualBalanceSheetHeading" xlink:to="SemiAnnualBalanceSheetTextBlock" order="1.0"/>
    <link:loc xlink:type="locator" xlink:href="../jpcrp_cor_2016-02-29.xsd#jpcrp_cor_FootnotesToSemiAnnualBalanceSheetTextBlock" xlink:label="FootnotesToSemiAnnualBalanceSheetTextBlock"/>
    <link:presentationArc xlink:type="arc" xlink:arcrole="http://www.xbrl.org/2003/arcrole/parent-child" xlink:from="SemiAnnualBalanceSheetHeading" xlink:to="FootnotesToSemiAnnualBalanceSheetTextBlock" order="2.0"/>
    <link:loc xlink:type="locator" xlink:href="../../../jppfs/2016-02-29/jppfs_cor_2016-02-29.xsd#jppfs_cor_SemiAnnualStatementOfIncomeHeading" xlink:label="SemiAnnualStatementOfIncomeHeading"/>
    <link:presentationArc xlink:type="arc" xlink:arcrole="http://www.xbrl.org/2003/arcrole/parent-child" xlink:from="SemiAnnualFinancialStatementsHeading" xlink:to="SemiAnnualStatementOfIncomeHeading" order="2.0"/>
    <link:loc xlink:type="locator" xlink:href="../jpcrp_cor_2016-02-29.xsd#jpcrp_cor_SemiAnnualStatementOfIncomeTextBlock" xlink:label="SemiAnnualStatementOfIncomeTextBlock"/>
    <link:presentationArc xlink:type="arc" xlink:arcrole="http://www.xbrl.org/2003/arcrole/parent-child" xlink:from="SemiAnnualStatementOfIncomeHeading" xlink:to="SemiAnnualStatementOfIncomeTextBlock" order="1.0"/>
    <link:loc xlink:type="locator" xlink:href="../jpcrp_cor_2016-02-29.xsd#jpcrp_cor_FootnotesToSemiAnnualStatementOfIncomeTextBlock" xlink:label="FootnotesToSemiAnnualStatementOfIncomeTextBlock"/>
    <link:presentationArc xlink:type="arc" xlink:arcrole="http://www.xbrl.org/2003/arcrole/parent-child" xlink:from="SemiAnnualStatementOfIncomeHeading" xlink:to="FootnotesToSemiAnnualStatementOfIncomeTextBlock" order="2.0"/>
    <link:loc xlink:type="locator" xlink:href="../../../jppfs/2016-02-29/jppfs_cor_2016-02-29.xsd#jppfs_cor_SemiAnnualStatementOfChangesInEquityHeading" xlink:label="SemiAnnualStatementOfChangesInEquityHeading"/>
    <link:presentationArc xlink:type="arc" xlink:arcrole="http://www.xbrl.org/2003/arcrole/parent-child" xlink:from="SemiAnnualFinancialStatementsHeading" xlink:to="SemiAnnualStatementOfChangesInEquityHeading" order="3.0"/>
    <link:loc xlink:type="locator" xlink:href="../jpcrp_cor_2016-02-29.xsd#jpcrp_cor_SemiAnnualStatementOfChangesInEquityTextBlock" xlink:label="SemiAnnualStatementOfChangesInEquityTextBlock"/>
    <link:presentationArc xlink:type="arc" xlink:arcrole="http://www.xbrl.org/2003/arcrole/parent-child" xlink:from="SemiAnnualStatementOfChangesInEquityHeading" xlink:to="SemiAnnualStatementOfChangesInEquityTextBlock" order="1.0"/>
    <link:loc xlink:type="locator" xlink:href="../jpcrp_cor_2016-02-29.xsd#jpcrp_cor_FootnotesToSemiAnnualStatementOfChangesInEquityTextBlock" xlink:label="FootnotesToSemiAnnualStatementOfChangesInEquityTextBlock"/>
    <link:presentationArc xlink:type="arc" xlink:arcrole="http://www.xbrl.org/2003/arcrole/parent-child" xlink:from="SemiAnnualStatementOfChangesInEquityHeading" xlink:to="FootnotesToSemiAnnualStatementOfChangesInEquityTextBlock" order="2.0"/>
    <link:loc xlink:type="locator" xlink:href="../../../jppfs/2016-02-29/jppfs_cor_2016-02-29.xsd#jppfs_cor_SemiAnnualStatementOfCashFlowsHeading" xlink:label="SemiAnnualStatementOfCashFlowsHeading"/>
    <link:presentationArc xlink:type="arc" xlink:arcrole="http://www.xbrl.org/2003/arcrole/parent-child" xlink:from="SemiAnnualFinancialStatementsHeading" xlink:to="SemiAnnualStatementOfCashFlowsHeading" order="4.0"/>
    <link:loc xlink:type="locator" xlink:href="../jpcrp_cor_2016-02-29.xsd#jpcrp_cor_SemiAnnualStatementOfCashFlowsTextBlock" xlink:label="SemiAnnualStatementOfCashFlowsTextBlock"/>
    <link:presentationArc xlink:type="arc" xlink:arcrole="http://www.xbrl.org/2003/arcrole/parent-child" xlink:from="SemiAnnualStatementOfCashFlowsHeading" xlink:to="SemiAnnualStatementOfCashFlowsTextBlock" order="1.0"/>
    <link:loc xlink:type="locator" xlink:href="../jpcrp_cor_2016-02-29.xsd#jpcrp_cor_FootnotesToSemiAnnualStatementOfCashFlowsTextBlock" xlink:label="FootnotesToSemiAnnualStatementOfCashFlowsTextBlock"/>
    <link:presentationArc xlink:type="arc" xlink:arcrole="http://www.xbrl.org/2003/arcrole/parent-child" xlink:from="SemiAnnualStatementOfCashFlowsHeading" xlink:to="FootnotesToSemiAnnualStatementOfCashFlowsTextBlock" order="2.0"/>
    <link:loc xlink:type="locator" xlink:href="../jpcrp_cor_2016-02-29.xsd#jpcrp_cor_NotesSemiAnnualFinancialStatementsHeading" xlink:label="NotesSemiAnnualFinancialStatementsHeading"/>
    <link:presentationArc xlink:type="arc" xlink:arcrole="http://www.xbrl.org/2003/arcrole/parent-child" xlink:from="SemiAnnualFinancialStatementsHeading" xlink:to="NotesSemiAnnualFinancialStatementsHeading" order="5.0"/>
    <link:loc xlink:type="locator" xlink:href="../jpcrp_cor_2016-02-29.xsd#jpcrp_cor_NotesUncertaintiesOfEntitysAbilityToContinueAsGoingConcernSemiAnnualFinancialStatementsHeading" xlink:label="NotesUncertaintiesOfEntitysAbilityToContinueAsGoingConcernSemiAnnualFinancialStatementsHeading"/>
    <link:presentationArc xlink:type="arc" xlink:arcrole="http://www.xbrl.org/2003/arcrole/parent-child" xlink:from="NotesSemiAnnualFinancialStatementsHeading" xlink:to="NotesUncertaintiesOfEntitysAbilityToContinueAsGoingConcernSemiAnnualFinancialStatementsHeading" order="1.0"/>
    <link:loc xlink:type="locator" xlink:href="../jpcrp_cor_2016-02-29.xsd#jpcrp_cor_NotesUncertaintiesOfEntitysAbilityToContinueAsGoingConcernSemiAnnualFinancialStatementsTextBlock" xlink:label="NotesUncertaintiesOfEntitysAbilityToContinueAsGoingConcernSemiAnnualFinancialStatementsTextBlock"/>
    <link:presentationArc xlink:type="arc" xlink:arcrole="http://www.xbrl.org/2003/arcrole/parent-child" xlink:from="NotesUncertaintiesOfEntitysAbilityToContinueAsGoingConcernSemiAnnualFinancialStatementsHeading" xlink:to="NotesUncertaintiesOfEntitysAbilityToContinueAsGoingConcernSemiAnnualFinancialStatementsTextBlock" order="1.0"/>
    <link:loc xlink:type="locator" xlink:href="../jpcrp_cor_2016-02-29.xsd#jpcrp_cor_NotesUncertaintiesOfEntitysAbilityToContinueAsGoingConcernSemiAnnualFinancialStatementsNATextBlock" xlink:label="NotesUncertaintiesOfEntitysAbilityToContinueAsGoingConcernSemiAnnualFinancialStatementsNATextBlock"/>
    <link:presentationArc xlink:type="arc" xlink:arcrole="http://www.xbrl.org/2003/arcrole/parent-child" xlink:from="NotesUncertaintiesOfEntitysAbilityToContinueAsGoingConcernSemiAnnualFinancialStatementsHeading" xlink:to="NotesUncertaintiesOfEntitysAbilityToContinueAsGoingConcernSemiAnnualFinancialStatementsNATextBlock" order="2.0"/>
    <link:loc xlink:type="locator" xlink:href="../jpcrp_cor_2016-02-29.xsd#jpcrp_cor_NotesSignificantAccountingPoliciesSemiAnnualFinancialStatementsHeading" xlink:label="NotesSignificantAccountingPoliciesSemiAnnualFinancialStatementsHeading"/>
    <link:presentationArc xlink:type="arc" xlink:arcrole="http://www.xbrl.org/2003/arcrole/parent-child" xlink:from="NotesSemiAnnualFinancialStatementsHeading" xlink:to="NotesSignificantAccountingPoliciesSemiAnnualFinancialStatementsHeading" order="2.0"/>
    <link:loc xlink:type="locator" xlink:href="../jpcrp_cor_2016-02-29.xsd#jpcrp_cor_NotesSignificantAccountingPoliciesSemiAnnualFinancialStatementsTextBlock" xlink:label="NotesSignificantAccountingPoliciesSemiAnnualFinancialStatementsTextBlock"/>
    <link:presentationArc xlink:type="arc" xlink:arcrole="http://www.xbrl.org/2003/arcrole/parent-child" xlink:from="NotesSignificantAccountingPoliciesSemiAnnualFinancialStatementsHeading" xlink:to="NotesSignificantAccountingPoliciesSemiAnnualFinancialStatementsTextBlock" order="1.0"/>
    <link:loc xlink:type="locator" xlink:href="../jpcrp_cor_2016-02-29.xsd#jpcrp_cor_NotesChangesInAccountingPoliciesSemiAnnualFinancialStatementsHeading" xlink:label="NotesChangesInAccountingPoliciesSemiAnnualFinancialStatementsHeading"/>
    <link:presentationArc xlink:type="arc" xlink:arcrole="http://www.xbrl.org/2003/arcrole/parent-child" xlink:from="NotesSemiAnnualFinancialStatementsHeading" xlink:to="NotesChangesInAccountingPoliciesSemiAnnualFinancialStatementsHeading" order="3.0"/>
    <link:loc xlink:type="locator" xlink:href="../jpcrp_cor_2016-02-29.xsd#jpcrp_cor_NotesChangesInAccountingPoliciesInAccordanceWithChangesInAccountingStandardsEtcSemiAnnualFinancialStatementsTextBlock" xlink:label="NotesChangesInAccountingPoliciesInAccordanceWithChangesInAccountingStandardsEtcSemiAnnualFinancialStatementsTextBlock"/>
    <link:presentationArc xlink:type="arc" xlink:arcrole="http://www.xbrl.org/2003/arcrole/parent-child" xlink:from="NotesChangesInAccountingPoliciesSemiAnnualFinancialStatementsHeading" xlink:to="NotesChangesInAccountingPoliciesInAccordanceWithChangesInAccountingStandardsEtcSemiAnnualFinancialStatementsTextBlock" order="1.0"/>
    <link:loc xlink:type="locator" xlink:href="../jpcrp_cor_2016-02-29.xsd#jpcrp_cor_NotesVoluntaryChangesInAccountingPoliciesSemiAnnualFinancialStatementsTextBlock" xlink:label="NotesVoluntaryChangesInAccountingPoliciesSemiAnnualFinancialStatementsTextBlock"/>
    <link:presentationArc xlink:type="arc" xlink:arcrole="http://www.xbrl.org/2003/arcrole/parent-child" xlink:from="NotesChangesInAccountingPoliciesSemiAnnualFinancialStatementsHeading" xlink:to="NotesVoluntaryChangesInAccountingPoliciesSemiAnnualFinancialStatementsTextBlock" order="2.0"/>
    <link:loc xlink:type="locator" xlink:href="../jpcrp_cor_2016-02-29.xsd#jpcrp_cor_NotesChangesInAccountingPoliciesWhichAreDifficultToDistinguishFromChangesInAccountingEstimatesSemiAnnualFinancialStatementsTextBlock" xlink:label="NotesChangesInAccountingPoliciesWhichAreDifficultToDistinguishFromChangesInAccountingEstimatesSemiAnnualFinancialStatementsTextBlock"/>
    <link:presentationArc xlink:type="arc" xlink:arcrole="http://www.xbrl.org/2003/arcrole/parent-child" xlink:from="NotesChangesInAccountingPoliciesSemiAnnualFinancialStatementsHeading" xlink:to="NotesChangesInAccountingPoliciesWhichAreDifficultToDistinguishFromChangesInAccountingEstimatesSemiAnnualFinancialStatementsTextBlock" order="3.0"/>
    <link:loc xlink:type="locator" xlink:href="../jpcrp_cor_2016-02-29.xsd#jpcrp_cor_NotesChangesInPresentationSemiAnnualFinancialStatementsHeading" xlink:label="NotesChangesInPresentationSemiAnnualFinancialStatementsHeading"/>
    <link:presentationArc xlink:type="arc" xlink:arcrole="http://www.xbrl.org/2003/arcrole/parent-child" xlink:from="NotesSemiAnnualFinancialStatementsHeading" xlink:to="NotesChangesInPresentationSemiAnnualFinancialStatementsHeading" order="4.0"/>
    <link:loc xlink:type="locator" xlink:href="../jpcrp_cor_2016-02-29.xsd#jpcrp_cor_NotesChangesInPresentationSemiAnnualFinancialStatementsTextBlock" xlink:label="NotesChangesInPresentationSemiAnnualFinancialStatementsTextBlock"/>
    <link:presentationArc xlink:type="arc" xlink:arcrole="http://www.xbrl.org/2003/arcrole/parent-child" xlink:from="NotesChangesInPresentationSemiAnnualFinancialStatementsHeading" xlink:to="NotesChangesInPresentationSemiAnnualFinancialStatementsTextBlock" order="1.0"/>
    <link:loc xlink:type="locator" xlink:href="../jpcrp_cor_2016-02-29.xsd#jpcrp_cor_NotesChangesInAccountingEstimatesSemiAnnualFinancialStatementsHeading" xlink:label="NotesChangesInAccountingEstimatesSemiAnnualFinancialStatementsHeading"/>
    <link:presentationArc xlink:type="arc" xlink:arcrole="http://www.xbrl.org/2003/arcrole/parent-child" xlink:from="NotesSemiAnnualFinancialStatementsHeading" xlink:to="NotesChangesInAccountingEstimatesSemiAnnualFinancialStatementsHeading" order="5.0"/>
    <link:loc xlink:type="locator" xlink:href="../jpcrp_cor_2016-02-29.xsd#jpcrp_cor_NotesChangesInAccountingEstimatesSemiAnnualFinancialStatementsTextBlock" xlink:label="NotesChangesInAccountingEstimatesSemiAnnualFinancialStatementsTextBlock"/>
    <link:presentationArc xlink:type="arc" xlink:arcrole="http://www.xbrl.org/2003/arcrole/parent-child" xlink:from="NotesChangesInAccountingEstimatesSemiAnnualFinancialStatementsHeading" xlink:to="NotesChangesInAccountingEstimatesSemiAnnualFinancialStatementsTextBlock" order="1.0"/>
    <link:loc xlink:type="locator" xlink:href="../jpcrp_cor_2016-02-29.xsd#jpcrp_cor_NotesRestatementSemiAnnualFinancialStatementsHeading" xlink:label="NotesRestatementSemiAnnualFinancialStatementsHeading"/>
    <link:presentationArc xlink:type="arc" xlink:arcrole="http://www.xbrl.org/2003/arcrole/parent-child" xlink:from="NotesSemiAnnualFinancialStatementsHeading" xlink:to="NotesRestatementSemiAnnualFinancialStatementsHeading" order="6.0"/>
    <link:loc xlink:type="locator" xlink:href="../jpcrp_cor_2016-02-29.xsd#jpcrp_cor_NotesRestatementSemiAnnualFinancialStatementsTextBlock" xlink:label="NotesRestatementSemiAnnualFinancialStatementsTextBlock"/>
    <link:presentationArc xlink:type="arc" xlink:arcrole="http://www.xbrl.org/2003/arcrole/parent-child" xlink:from="NotesRestatementSemiAnnualFinancialStatementsHeading" xlink:to="NotesRestatementSemiAnnualFinancialStatementsTextBlock" order="1.0"/>
    <link:loc xlink:type="locator" xlink:href="../jpcrp_cor_2016-02-29.xsd#jpcrp_cor_NotesAdditionalInformationSemiAnnualFinancialStatementsHeading" xlink:label="NotesAdditionalInformationSemiAnnualFinancialStatementsHeading"/>
    <link:presentationArc xlink:type="arc" xlink:arcrole="http://www.xbrl.org/2003/arcrole/parent-child" xlink:from="NotesSemiAnnualFinancialStatementsHeading" xlink:to="NotesAdditionalInformationSemiAnnualFinancialStatementsHeading" order="7.0"/>
    <link:loc xlink:type="locator" xlink:href="../jpcrp_cor_2016-02-29.xsd#jpcrp_cor_NotesAdditionalInformationSemiAnnualFinancialStatementsTextBlock" xlink:label="NotesAdditionalInformationSemiAnnualFinancialStatementsTextBlock"/>
    <link:presentationArc xlink:type="arc" xlink:arcrole="http://www.xbrl.org/2003/arcrole/parent-child" xlink:from="NotesAdditionalInformationSemiAnnualFinancialStatementsHeading" xlink:to="NotesAdditionalInformationSemiAnnualFinancialStatementsTextBlock" order="1.0"/>
    <link:loc xlink:type="locator" xlink:href="../jpcrp_cor_2016-02-29.xsd#jpcrp_cor_NotesSemiAnnualBalanceSheetHeading" xlink:label="NotesSemiAnnualBalanceSheetHeading"/>
    <link:presentationArc xlink:type="arc" xlink:arcrole="http://www.xbrl.org/2003/arcrole/parent-child" xlink:from="NotesSemiAnnualFinancialStatementsHeading" xlink:to="NotesSemiAnnualBalanceSheetHeading" order="8.0"/>
    <link:loc xlink:type="locator" xlink:href="../jpcrp_cor_2016-02-29.xsd#jpcrp_cor_NotesSemiAnnualStatementOfIncomeHeading" xlink:label="NotesSemiAnnualStatementOfIncomeHeading"/>
    <link:presentationArc xlink:type="arc" xlink:arcrole="http://www.xbrl.org/2003/arcrole/parent-child" xlink:from="NotesSemiAnnualFinancialStatementsHeading" xlink:to="NotesSemiAnnualStatementOfIncomeHeading" order="9.0"/>
    <link:loc xlink:type="locator" xlink:href="../jpcrp_cor_2016-02-29.xsd#jpcrp_cor_NotesSemiAnnualStatementOfChangesInEquityHeading" xlink:label="NotesSemiAnnualStatementOfChangesInEquityHeading"/>
    <link:presentationArc xlink:type="arc" xlink:arcrole="http://www.xbrl.org/2003/arcrole/parent-child" xlink:from="NotesSemiAnnualFinancialStatementsHeading" xlink:to="NotesSemiAnnualStatementOfChangesInEquityHeading" order="10.0"/>
    <link:loc xlink:type="locator" xlink:href="../jpcrp_cor_2016-02-29.xsd#jpcrp_cor_NotesSemiAnnualStatementOfCashFlowsHeading" xlink:label="NotesSemiAnnualStatementOfCashFlowsHeading"/>
    <link:presentationArc xlink:type="arc" xlink:arcrole="http://www.xbrl.org/2003/arcrole/parent-child" xlink:from="NotesSemiAnnualFinancialStatementsHeading" xlink:to="NotesSemiAnnualStatementOfCashFlowsHeading" order="11.0"/>
    <link:loc xlink:type="locator" xlink:href="../jpcrp_cor_2016-02-29.xsd#jpcrp_cor_NotesLeasesSemiAnnualFinancialStatementsHeading" xlink:label="NotesLeasesSemiAnnualFinancialStatementsHeading"/>
    <link:presentationArc xlink:type="arc" xlink:arcrole="http://www.xbrl.org/2003/arcrole/parent-child" xlink:from="NotesSemiAnnualFinancialStatementsHeading" xlink:to="NotesLeasesSemiAnnualFinancialStatementsHeading" order="12.0"/>
    <link:loc xlink:type="locator" xlink:href="../jpcrp_cor_2016-02-29.xsd#jpcrp_cor_NotesLeasesSemiAnnualFinancialStatementsTextBlock" xlink:label="NotesLeasesSemiAnnualFinancialStatementsTextBlock"/>
    <link:presentationArc xlink:type="arc" xlink:arcrole="http://www.xbrl.org/2003/arcrole/parent-child" xlink:from="NotesLeasesSemiAnnualFinancialStatementsHeading" xlink:to="NotesLeasesSemiAnnualFinancialStatementsTextBlock" order="1.0"/>
    <link:loc xlink:type="locator" xlink:href="../jpcrp_cor_2016-02-29.xsd#jpcrp_cor_NotesFinancialInstrumentsSemiAnnualFinancialStatementsHeading" xlink:label="NotesFinancialInstrumentsSemiAnnualFinancialStatementsHeading"/>
    <link:presentationArc xlink:type="arc" xlink:arcrole="http://www.xbrl.org/2003/arcrole/parent-child" xlink:from="NotesSemiAnnualFinancialStatementsHeading" xlink:to="NotesFinancialInstrumentsSemiAnnualFinancialStatementsHeading" order="13.0"/>
    <link:loc xlink:type="locator" xlink:href="../jpcrp_cor_2016-02-29.xsd#jpcrp_cor_NotesFinancialInstrumentsSemiAnnualFinancialStatementsTextBlock" xlink:label="NotesFinancialInstrumentsSemiAnnualFinancialStatementsTextBlock"/>
    <link:presentationArc xlink:type="arc" xlink:arcrole="http://www.xbrl.org/2003/arcrole/parent-child" xlink:from="NotesFinancialInstrumentsSemiAnnualFinancialStatementsHeading" xlink:to="NotesFinancialInstrumentsSemiAnnualFinancialStatementsTextBlock" order="1.0"/>
    <link:loc xlink:type="locator" xlink:href="../jpcrp_cor_2016-02-29.xsd#jpcrp_cor_NotesSecuritiesSemiAnnualFinancialStatementsHeading" xlink:label="NotesSecuritiesSemiAnnualFinancialStatementsHeading"/>
    <link:presentationArc xlink:type="arc" xlink:arcrole="http://www.xbrl.org/2003/arcrole/parent-child" xlink:from="NotesSemiAnnualFinancialStatementsHeading" xlink:to="NotesSecuritiesSemiAnnualFinancialStatementsHeading" order="14.0"/>
    <link:loc xlink:type="locator" xlink:href="../jpcrp_cor_2016-02-29.xsd#jpcrp_cor_NotesSecuritiesSemiAnnualFinancialStatementsTextBlock" xlink:label="NotesSecuritiesSemiAnnualFinancialStatementsTextBlock"/>
    <link:presentationArc xlink:type="arc" xlink:arcrole="http://www.xbrl.org/2003/arcrole/parent-child" xlink:from="NotesSecuritiesSemiAnnualFinancialStatementsHeading" xlink:to="NotesSecuritiesSemiAnnualFinancialStatementsTextBlock" order="1.0"/>
    <link:loc xlink:type="locator" xlink:href="../jpcrp_cor_2016-02-29.xsd#jpcrp_cor_NotesMoneyHeldInTrustSemiAnnualFinancialStatementsHeading" xlink:label="NotesMoneyHeldInTrustSemiAnnualFinancialStatementsHeading"/>
    <link:presentationArc xlink:type="arc" xlink:arcrole="http://www.xbrl.org/2003/arcrole/parent-child" xlink:from="NotesSemiAnnualFinancialStatementsHeading" xlink:to="NotesMoneyHeldInTrustSemiAnnualFinancialStatementsHeading" order="15.0"/>
    <link:loc xlink:type="locator" xlink:href="../jpcrp_cor_2016-02-29.xsd#jpcrp_cor_NotesMoneyHeldInTrustSemiAnnualFinancialStatementsTextBlock" xlink:label="NotesMoneyHeldInTrustSemiAnnualFinancialStatementsTextBlock"/>
    <link:presentationArc xlink:type="arc" xlink:arcrole="http://www.xbrl.org/2003/arcrole/parent-child" xlink:from="NotesMoneyHeldInTrustSemiAnnualFinancialStatementsHeading" xlink:to="NotesMoneyHeldInTrustSemiAnnualFinancialStatementsTextBlock" order="1.0"/>
    <link:loc xlink:type="locator" xlink:href="../jpcrp_cor_2016-02-29.xsd#jpcrp_cor_NotesValuationDifferenceOnAvailableForSaleSecuritiesSemiAnnualFinancialStatementsHeading" xlink:label="NotesValuationDifferenceOnAvailableForSaleSecuritiesSemiAnnualFinancialStatementsHeading"/>
    <link:presentationArc xlink:type="arc" xlink:arcrole="http://www.xbrl.org/2003/arcrole/parent-child" xlink:from="NotesSemiAnnualFinancialStatementsHeading" xlink:to="NotesValuationDifferenceOnAvailableForSaleSecuritiesSemiAnnualFinancialStatementsHeading" order="16.0"/>
    <link:loc xlink:type="locator" xlink:href="../jpcrp_cor_2016-02-29.xsd#jpcrp_cor_NotesValuationDifferenceOnAvailableForSaleSecuritiesSemiAnnualFinancialStatementsTextBlock" xlink:label="NotesValuationDifferenceOnAvailableForSaleSecuritiesSemiAnnualFinancialStatementsTextBlock"/>
    <link:presentationArc xlink:type="arc" xlink:arcrole="http://www.xbrl.org/2003/arcrole/parent-child" xlink:from="NotesValuationDifferenceOnAvailableForSaleSecuritiesSemiAnnualFinancialStatementsHeading" xlink:to="NotesValuationDifferenceOnAvailableForSaleSecuritiesSemiAnnualFinancialStatementsTextBlock" order="1.0"/>
    <link:loc xlink:type="locator" xlink:href="../jpcrp_cor_2016-02-29.xsd#jpcrp_cor_NotesDerivativesSemiAnnualFinancialStatementsHeading" xlink:label="NotesDerivativesSemiAnnualFinancialStatementsHeading"/>
    <link:presentationArc xlink:type="arc" xlink:arcrole="http://www.xbrl.org/2003/arcrole/parent-child" xlink:from="NotesSemiAnnualFinancialStatementsHeading" xlink:to="NotesDerivativesSemiAnnualFinancialStatementsHeading" order="17.0"/>
    <link:loc xlink:type="locator" xlink:href="../jpcrp_cor_2016-02-29.xsd#jpcrp_cor_NotesDerivativesSemiAnnualFinancialStatementsTextBlock" xlink:label="NotesDerivativesSemiAnnualFinancialStatementsTextBlock"/>
    <link:presentationArc xlink:type="arc" xlink:arcrole="http://www.xbrl.org/2003/arcrole/parent-child" xlink:from="NotesDerivativesSemiAnnualFinancialStatementsHeading" xlink:to="NotesDerivativesSemiAnnualFinancialStatementsTextBlock" order="1.0"/>
    <link:loc xlink:type="locator" xlink:href="../jpcrp_cor_2016-02-29.xsd#jpcrp_cor_NotesShareOptionsEtcSemiAnnualFinancialStatementsHeading" xlink:label="NotesShareOptionsEtcSemiAnnualFinancialStatementsHeading"/>
    <link:presentationArc xlink:type="arc" xlink:arcrole="http://www.xbrl.org/2003/arcrole/parent-child" xlink:from="NotesSemiAnnualFinancialStatementsHeading" xlink:to="NotesShareOptionsEtcSemiAnnualFinancialStatementsHeading" order="18.0"/>
    <link:loc xlink:type="locator" xlink:href="../jpcrp_cor_2016-02-29.xsd#jpcrp_cor_NotesShareOptionsEtcSemiAnnualFinancialStatementsTextBlock" xlink:label="NotesShareOptionsEtcSemiAnnualFinancialStatementsTextBlock"/>
    <link:presentationArc xlink:type="arc" xlink:arcrole="http://www.xbrl.org/2003/arcrole/parent-child" xlink:from="NotesShareOptionsEtcSemiAnnualFinancialStatementsHeading" xlink:to="NotesShareOptionsEtcSemiAnnualFinancialStatementsTextBlock" order="1.0"/>
    <link:loc xlink:type="locator" xlink:href="../jpcrp_cor_2016-02-29.xsd#jpcrp_cor_NotesBusinessCombinationsSemiAnnualFinancialStatementsHeading" xlink:label="NotesBusinessCombinationsSemiAnnualFinancialStatementsHeading"/>
    <link:presentationArc xlink:type="arc" xlink:arcrole="http://www.xbrl.org/2003/arcrole/parent-child" xlink:from="NotesSemiAnnualFinancialStatementsHeading" xlink:to="NotesBusinessCombinationsSemiAnnualFinancialStatementsHeading" order="19.0"/>
    <link:loc xlink:type="locator" xlink:href="../jpcrp_cor_2016-02-29.xsd#jpcrp_cor_NotesBusinessCombinationsSemiAnnualFinancialStatementsTextBlock" xlink:label="NotesBusinessCombinationsSemiAnnualFinancialStatementsTextBlock"/>
    <link:presentationArc xlink:type="arc" xlink:arcrole="http://www.xbrl.org/2003/arcrole/parent-child" xlink:from="NotesBusinessCombinationsSemiAnnualFinancialStatementsHeading" xlink:to="NotesBusinessCombinationsSemiAnnualFinancialStatementsTextBlock" order="1.0"/>
    <link:loc xlink:type="locator" xlink:href="../jpcrp_cor_2016-02-29.xsd#jpcrp_cor_NotesAssetRetirementObligationsSemiAnnualFinancialStatementsHeading" xlink:label="NotesAssetRetirementObligationsSemiAnnualFinancialStatementsHeading"/>
    <link:presentationArc xlink:type="arc" xlink:arcrole="http://www.xbrl.org/2003/arcrole/parent-child" xlink:from="NotesSemiAnnualFinancialStatementsHeading" xlink:to="NotesAssetRetirementObligationsSemiAnnualFinancialStatementsHeading" order="20.0"/>
    <link:loc xlink:type="locator" xlink:href="../jpcrp_cor_2016-02-29.xsd#jpcrp_cor_NotesAssetRetirementObligationsSemiAnnualFinancialStatementsTextBlock" xlink:label="NotesAssetRetirementObligationsSemiAnnualFinancialStatementsTextBlock"/>
    <link:presentationArc xlink:type="arc" xlink:arcrole="http://www.xbrl.org/2003/arcrole/parent-child" xlink:from="NotesAssetRetirementObligationsSemiAnnualFinancialStatementsHeading" xlink:to="NotesAssetRetirementObligationsSemiAnnualFinancialStatementsTextBlock" order="1.0"/>
    <link:loc xlink:type="locator" xlink:href="../jpcrp_cor_2016-02-29.xsd#jpcrp_cor_NotesRealEstateForLeaseEtcSemiAnnualFinancialStatementsHeading" xlink:label="NotesRealEstateForLeaseEtcSemiAnnualFinancialStatementsHeading"/>
    <link:presentationArc xlink:type="arc" xlink:arcrole="http://www.xbrl.org/2003/arcrole/parent-child" xlink:from="NotesSemiAnnualFinancialStatementsHeading" xlink:to="NotesRealEstateForLeaseEtcSemiAnnualFinancialStatementsHeading" order="21.0"/>
    <link:loc xlink:type="locator" xlink:href="../jpcrp_cor_2016-02-29.xsd#jpcrp_cor_NotesRealEstateForLeaseEtcSemiAnnualFinancialStatementsTextBlock" xlink:label="NotesRealEstateForLeaseEtcSemiAnnualFinancialStatementsTextBlock"/>
    <link:presentationArc xlink:type="arc" xlink:arcrole="http://www.xbrl.org/2003/arcrole/parent-child" xlink:from="NotesRealEstateForLeaseEtcSemiAnnualFinancialStatementsHeading" xlink:to="NotesRealEstateForLeaseEtcSemiAnnualFinancialStatementsTextBlock" order="1.0"/>
    <link:loc xlink:type="locator" xlink:href="../jpcrp_cor_2016-02-29.xsd#jpcrp_cor_NotesSegmentInformationEtcSemiAnnualFinancialStatementsHeading" xlink:label="NotesSegmentInformationEtcSemiAnnualFinancialStatementsHeading"/>
    <link:presentationArc xlink:type="arc" xlink:arcrole="http://www.xbrl.org/2003/arcrole/parent-child" xlink:from="NotesSemiAnnualFinancialStatementsHeading" xlink:to="NotesSegmentInformationEtcSemiAnnualFinancialStatementsHeading" order="22.0"/>
    <link:loc xlink:type="locator" xlink:href="../jpcrp_cor_2016-02-29.xsd#jpcrp_cor_NotesSegmentInformationEtcSemiAnnualFinancialStatementsTextBlock" xlink:label="NotesSegmentInformationEtcSemiAnnualFinancialStatementsTextBlock"/>
    <link:presentationArc xlink:type="arc" xlink:arcrole="http://www.xbrl.org/2003/arcrole/parent-child" xlink:from="NotesSegmentInformationEtcSemiAnnualFinancialStatementsHeading" xlink:to="NotesSegmentInformationEtcSemiAnnualFinancialStatementsTextBlock" order="1.0"/>
    <link:loc xlink:type="locator" xlink:href="../jpcrp_cor_2016-02-29.xsd#jpcrp_cor_NotesEquityInEarningsLossesOfAffiliatesIfEquityMethodIsAppliedSemiAnnualFinancialStatementsHeading" xlink:label="NotesEquityInEarningsLossesOfAffiliatesIfEquityMethodIsAppliedSemiAnnualFinancialStatementsHeading"/>
    <link:presentationArc xlink:type="arc" xlink:arcrole="http://www.xbrl.org/2003/arcrole/parent-child" xlink:from="NotesSemiAnnualFinancialStatementsHeading" xlink:to="NotesEquityInEarningsLossesOfAffiliatesIfEquityMethodIsAppliedSemiAnnualFinancialStatementsHeading" order="23.0"/>
    <link:loc xlink:type="locator" xlink:href="../jpcrp_cor_2016-02-29.xsd#jpcrp_cor_NotesEquityInEarningsLossesOfAffiliatesIfEquityMethodIsAppliedSemiAnnualFinancialStatementsTextBlock" xlink:label="NotesEquityInEarningsLossesOfAffiliatesIfEquityMethodIsAppliedSemiAnnualFinancialStatementsTextBlock"/>
    <link:presentationArc xlink:type="arc" xlink:arcrole="http://www.xbrl.org/2003/arcrole/parent-child" xlink:from="NotesEquityInEarningsLossesOfAffiliatesIfEquityMethodIsAppliedSemiAnnualFinancialStatementsHeading" xlink:to="NotesEquityInEarningsLossesOfAffiliatesIfEquityMethodIsAppliedSemiAnnualFinancialStatementsTextBlock" order="1.0"/>
    <link:loc xlink:type="locator" xlink:href="../jpcrp_cor_2016-02-29.xsd#jpcrp_cor_NotesSpecialPurposeEntitiesSubjectToDisclosureSemiAnnualFinancialStatementsHeading" xlink:label="NotesSpecialPurposeEntitiesSubjectToDisclosureSemiAnnualFinancialStatementsHeading"/>
    <link:presentationArc xlink:type="arc" xlink:arcrole="http://www.xbrl.org/2003/arcrole/parent-child" xlink:from="NotesSemiAnnualFinancialStatementsHeading" xlink:to="NotesSpecialPurposeEntitiesSubjectToDisclosureSemiAnnualFinancialStatementsHeading" order="24.0"/>
    <link:loc xlink:type="locator" xlink:href="../jpcrp_cor_2016-02-29.xsd#jpcrp_cor_NotesSpecialPurposeEntitiesSubjectToDisclosureSemiAnnualFinancialStatementsTextBlock" xlink:label="NotesSpecialPurposeEntitiesSubjectToDisclosureSemiAnnualFinancialStatementsTextBlock"/>
    <link:presentationArc xlink:type="arc" xlink:arcrole="http://www.xbrl.org/2003/arcrole/parent-child" xlink:from="NotesSpecialPurposeEntitiesSubjectToDisclosureSemiAnnualFinancialStatementsHeading" xlink:to="NotesSpecialPurposeEntitiesSubjectToDisclosureSemiAnnualFinancialStatementsTextBlock" order="1.0"/>
    <link:loc xlink:type="locator" xlink:href="../jpcrp_cor_2016-02-29.xsd#jpcrp_cor_NotesPerShareInformationSemiAnnualFinancialStatementsHeading" xlink:label="NotesPerShareInformationSemiAnnualFinancialStatementsHeading"/>
    <link:presentationArc xlink:type="arc" xlink:arcrole="http://www.xbrl.org/2003/arcrole/parent-child" xlink:from="NotesSemiAnnualFinancialStatementsHeading" xlink:to="NotesPerShareInformationSemiAnnualFinancialStatementsHeading" order="25.0"/>
    <link:loc xlink:type="locator" xlink:href="../jpcrp_cor_2016-02-29.xsd#jpcrp_cor_NotesPerShareInformationSemiAnnualFinancialStatementsTextBlock" xlink:label="NotesPerShareInformationSemiAnnualFinancialStatementsTextBlock"/>
    <link:presentationArc xlink:type="arc" xlink:arcrole="http://www.xbrl.org/2003/arcrole/parent-child" xlink:from="NotesPerShareInformationSemiAnnualFinancialStatementsHeading" xlink:to="NotesPerShareInformationSemiAnnualFinancialStatementsTextBlock" order="1.0"/>
    <link:loc xlink:type="locator" xlink:href="../jpcrp_cor_2016-02-29.xsd#jpcrp_cor_NotesSignificantEventsAfterReportingPeriodSemiAnnualFinancialStatementsHeading" xlink:label="NotesSignificantEventsAfterReportingPeriodSemiAnnualFinancialStatementsHeading"/>
    <link:presentationArc xlink:type="arc" xlink:arcrole="http://www.xbrl.org/2003/arcrole/parent-child" xlink:from="NotesSemiAnnualFinancialStatementsHeading" xlink:to="NotesSignificantEventsAfterReportingPeriodSemiAnnualFinancialStatementsHeading" order="26.0"/>
    <link:loc xlink:type="locator" xlink:href="../jpcrp_cor_2016-02-29.xsd#jpcrp_cor_NotesSignificantEventsAfterReportingPeriodSemiAnnualFinancialStatementsTextBlock" xlink:label="NotesSignificantEventsAfterReportingPeriodSemiAnnualFinancialStatementsTextBlock"/>
    <link:presentationArc xlink:type="arc" xlink:arcrole="http://www.xbrl.org/2003/arcrole/parent-child" xlink:from="NotesSignificantEventsAfterReportingPeriodSemiAnnualFinancialStatementsHeading" xlink:to="NotesSignificantEventsAfterReportingPeriodSemiAnnualFinancialStatementsTextBlock" order="1.0"/>
    <link:loc xlink:type="locator" xlink:href="../jpcrp_cor_2016-02-29.xsd#jpcrp_cor_NotesSignificantEventsAfterReportingPeriodSemiAnnualFinancialStatementsNATextBlock" xlink:label="NotesSignificantEventsAfterReportingPeriodSemiAnnualFinancialStatementsNATextBlock"/>
    <link:presentationArc xlink:type="arc" xlink:arcrole="http://www.xbrl.org/2003/arcrole/parent-child" xlink:from="NotesSignificantEventsAfterReportingPeriodSemiAnnualFinancialStatementsHeading" xlink:to="NotesSignificantEventsAfterReportingPeriodSemiAnnualFinancialStatementsNATextBlock" order="2.0"/>
    <link:loc xlink:type="locator" xlink:href="../jpcrp_cor_2016-02-29.xsd#jpcrp_cor_OtherInformationFinancialStatementsEtcHeading" xlink:label="OtherInformationFinancialStatementsEtcHeading"/>
    <link:presentationArc xlink:type="arc" xlink:arcrole="http://www.xbrl.org/2003/arcrole/parent-child" xlink:from="FinancialInformationHeading" xlink:to="OtherInformationFinancialStatementsEtcHeading" order="2.0"/>
    <link:loc xlink:type="locator" xlink:href="../jpcrp_cor_2016-02-29.xsd#jpcrp_cor_OtherInformationFinancialStatementsEtcTextBlock" xlink:label="OtherInformationFinancialStatementsEtcTextBlock"/>
    <link:presentationArc xlink:type="arc" xlink:arcrole="http://www.xbrl.org/2003/arcrole/parent-child" xlink:from="OtherInformationFinancialStatementsEtcHeading" xlink:to="OtherInformationFinancialStatementsEtcTextBlock" order="1.0"/>
    <link:loc xlink:type="locator" xlink:href="../jpcrp_cor_2016-02-29.xsd#jpcrp_cor_OtherInformationFinancialStatementsEtcNATextBlock" xlink:label="OtherInformationFinancialStatementsEtcNATextBlock"/>
    <link:presentationArc xlink:type="arc" xlink:arcrole="http://www.xbrl.org/2003/arcrole/parent-child" xlink:from="OtherInformationFinancialStatementsEtcHeading" xlink:to="OtherInformationFinancialStatementsEtcNATextBlock" order="2.0"/>
    <link:loc xlink:type="locator" xlink:href="../jpcrp_cor_2016-02-29.xsd#jpcrp_cor_ReferenceInformationOfReportingCompanyHeading" xlink:label="ReferenceInformationOfReportingCompanyHeading"/>
    <link:presentationArc xlink:type="arc" xlink:arcrole="http://www.xbrl.org/2003/arcrole/parent-child" xlink:from="CompanyInformationHeading" xlink:to="ReferenceInformationOfReportingCompanyHeading" order="5.0"/>
    <link:loc xlink:type="locator" xlink:href="../jpcrp_cor_2016-02-29.xsd#jpcrp_cor_ReferenceInformationOfReportingCompanyTextBlock" xlink:label="ReferenceInformationOfReportingCompanyTextBlock"/>
    <link:presentationArc xlink:type="arc" xlink:arcrole="http://www.xbrl.org/2003/arcrole/parent-child" xlink:from="ReferenceInformationOfReportingCompanyHeading" xlink:to="ReferenceInformationOfReportingCompanyTextBlock" order="1.0"/>
    <link:loc xlink:type="locator" xlink:href="../jpcrp_cor_2016-02-29.xsd#jpcrp_cor_InformationAboutAffiliatedEntitiesHeading" xlink:label="InformationAboutAffiliatedEntitiesHeading"/>
    <link:presentationArc xlink:type="arc" xlink:arcrole="http://www.xbrl.org/2003/arcrole/parent-child" xlink:from="CabinetOfficeOrdinanceOnDisclosureOfCorporateInformationEtcFormNo52SemiannualSecuritiesReportHeading" xlink:to="InformationAboutAffiliatedEntitiesHeading" order="3.0"/>
    <link:loc xlink:type="locator" xlink:href="../jpcrp_cor_2016-02-29.xsd#jpcrp_cor_InformationAboutAffiliatedEntitiesTextBlock" xlink:label="InformationAboutAffiliatedEntitiesTextBlock"/>
    <link:presentationArc xlink:type="arc" xlink:arcrole="http://www.xbrl.org/2003/arcrole/parent-child" xlink:from="InformationAboutAffiliatedEntitiesHeading" xlink:to="InformationAboutAffiliatedEntitiesTextBlock" order="1.0"/>
    <link:loc xlink:type="locator" xlink:href="../jpcrp_cor_2016-02-29.xsd#jpcrp_cor_InformationAboutCompanyWhichProvidesGuaranteeToReportingCompanyHeading" xlink:label="InformationAboutCompanyWhichProvidesGuaranteeToReportingCompanyHeading"/>
    <link:presentationArc xlink:type="arc" xlink:arcrole="http://www.xbrl.org/2003/arcrole/parent-child" xlink:from="CabinetOfficeOrdinanceOnDisclosureOfCorporateInformationEtcFormNo52SemiannualSecuritiesReportHeading" xlink:to="InformationAboutCompanyWhichProvidesGuaranteeToReportingCompanyHeading" order="4.0"/>
    <link:loc xlink:type="locator" xlink:href="../jpcrp_cor_2016-02-29.xsd#jpcrp_cor_InformationAboutCompanyWhichProvidesGuaranteeToReportingCompanyNATextBlock" xlink:label="InformationAboutCompanyWhichProvidesGuaranteeToReportingCompanyNATextBlock"/>
    <link:presentationArc xlink:type="arc" xlink:arcrole="http://www.xbrl.org/2003/arcrole/parent-child" xlink:from="InformationAboutCompanyWhichProvidesGuaranteeToReportingCompanyHeading" xlink:to="InformationAboutCompanyWhichProvidesGuaranteeToReportingCompanyNATextBlock" order="1.0"/>
    <link:loc xlink:type="locator" xlink:href="../jpcrp_cor_2016-02-29.xsd#jpcrp_cor_InformationAboutGuaranteeCompanyHeading" xlink:label="InformationAboutGuaranteeCompanyHeading"/>
    <link:presentationArc xlink:type="arc" xlink:arcrole="http://www.xbrl.org/2003/arcrole/parent-child" xlink:from="InformationAboutCompanyWhichProvidesGuaranteeToReportingCompanyHeading" xlink:to="InformationAboutGuaranteeCompanyHeading" order="2.0"/>
    <link:loc xlink:type="locator" xlink:href="../jpcrp_cor_2016-02-29.xsd#jpcrp_cor_InformationAboutGuaranteeCompanyNATextBlock" xlink:label="InformationAboutGuaranteeCompanyNATextBlock"/>
    <link:presentationArc xlink:type="arc" xlink:arcrole="http://www.xbrl.org/2003/arcrole/parent-child" xlink:from="InformationAboutGuaranteeCompanyHeading" xlink:to="InformationAboutGuaranteeCompanyNATextBlock" order="1.0"/>
    <link:loc xlink:type="locator" xlink:href="../jpcrp_cor_2016-02-29.xsd#jpcrp_cor_CorporateBondsUnderGuaranteeHeading" xlink:label="CorporateBondsUnderGuaranteeHeading"/>
    <link:presentationArc xlink:type="arc" xlink:arcrole="http://www.xbrl.org/2003/arcrole/parent-child" xlink:from="InformationAboutGuaranteeCompanyHeading" xlink:to="CorporateBondsUnderGuaranteeHeading" order="2.0"/>
    <link:loc xlink:type="locator" xlink:href="../jpcrp_cor_2016-02-29.xsd#jpcrp_cor_CorporateBondsUnderGuaranteeTextBlock" xlink:label="CorporateBondsUnderGuaranteeTextBlock"/>
    <link:presentationArc xlink:type="arc" xlink:arcrole="http://www.xbrl.org/2003/arcrole/parent-child" xlink:from="CorporateBondsUnderGuaranteeHeading" xlink:to="CorporateBondsUnderGuaranteeTextBlock" order="1.0"/>
    <link:loc xlink:type="locator" xlink:href="../jpcrp_cor_2016-02-29.xsd#jpcrp_cor_InformationAboutGuaranteeCompanySubjectToOngoingDisclosureHeading" xlink:label="InformationAboutGuaranteeCompanySubjectToOngoingDisclosureHeading"/>
    <link:presentationArc xlink:type="arc" xlink:arcrole="http://www.xbrl.org/2003/arcrole/parent-child" xlink:from="InformationAboutGuaranteeCompanyHeading" xlink:to="InformationAboutGuaranteeCompanySubjectToOngoingDisclosureHeading" order="3.0"/>
    <link:loc xlink:type="locator" xlink:href="../jpcrp_cor_2016-02-29.xsd#jpcrp_cor_InformationAboutGuaranteeCompanySubjectToOngoingDisclosureNATextBlock" xlink:label="InformationAboutGuaranteeCompanySubjectToOngoingDisclosureNATextBlock"/>
    <link:presentationArc xlink:type="arc" xlink:arcrole="http://www.xbrl.org/2003/arcrole/parent-child" xlink:from="InformationAboutGuaranteeCompanySubjectToOngoingDisclosureHeading" xlink:to="InformationAboutGuaranteeCompanySubjectToOngoingDisclosureNATextBlock" order="1.0"/>
    <link:loc xlink:type="locator" xlink:href="../jpcrp_cor_2016-02-29.xsd#jpcrp_cor_DocumentsSubmittedByGuaranteeCompanyHeading" xlink:label="DocumentsSubmittedByGuaranteeCompanyHeading"/>
    <link:presentationArc xlink:type="arc" xlink:arcrole="http://www.xbrl.org/2003/arcrole/parent-child" xlink:from="InformationAboutGuaranteeCompanySubjectToOngoingDisclosureHeading" xlink:to="DocumentsSubmittedByGuaranteeCompanyHeading" order="2.0"/>
    <link:loc xlink:type="locator" xlink:href="../jpcrp_cor_2016-02-29.xsd#jpcrp_cor_AnnualSecuritiesReportAndAttachedDocumentsQuarterlySecuritiesReportOrSemiAnnualSecuritiesReportDocumentsSubmittedByGuaranteeCompanyHeading" xlink:label="AnnualSecuritiesReportAndAttachedDocumentsQuarterlySecuritiesReportOrSemiAnnualSecuritiesReportDocumentsSubmittedByGuaranteeCompanyHeading"/>
    <link:presentationArc xlink:type="arc" xlink:arcrole="http://www.xbrl.org/2003/arcrole/parent-child" xlink:from="DocumentsSubmittedByGuaranteeCompanyHeading" xlink:to="AnnualSecuritiesReportAndAttachedDocumentsQuarterlySecuritiesReportOrSemiAnnualSecuritiesReportDocumentsSubmittedByGuaranteeCompanyHeading" order="1.0"/>
    <link:loc xlink:type="locator" xlink:href="../jpcrp_cor_2016-02-29.xsd#jpcrp_cor_AnnualSecuritiesReportAndAttachedDocumentsQuarterlySecuritiesReportOrSemiAnnualSecuritiesReportDocumentsSubmittedByGuaranteeCompanyTextBlock" xlink:label="AnnualSecuritiesReportAndAttachedDocumentsQuarterlySecuritiesReportOrSemiAnnualSecuritiesReportDocumentsSubmittedByGuaranteeCompanyTextBlock"/>
    <link:presentationArc xlink:type="arc" xlink:arcrole="http://www.xbrl.org/2003/arcrole/parent-child" xlink:from="AnnualSecuritiesReportAndAttachedDocumentsQuarterlySecuritiesReportOrSemiAnnualSecuritiesReportDocumentsSubmittedByGuaranteeCompanyHeading" xlink:to="AnnualSecuritiesReportAndAttachedDocumentsQuarterlySecuritiesReportOrSemiAnnualSecuritiesReportDocumentsSubmittedByGuaranteeCompanyTextBlock" order="1.0"/>
    <link:loc xlink:type="locator" xlink:href="../jpcrp_cor_2016-02-29.xsd#jpcrp_cor_ExtraordinarySecuritiesReportDocumentsSubmittedByGuaranteeCompanyHeading" xlink:label="ExtraordinarySecuritiesReportDocumentsSubmittedByGuaranteeCompanyHeading"/>
    <link:presentationArc xlink:type="arc" xlink:arcrole="http://www.xbrl.org/2003/arcrole/parent-child" xlink:from="DocumentsSubmittedByGuaranteeCompanyHeading" xlink:to="ExtraordinarySecuritiesReportDocumentsSubmittedByGuaranteeCompanyHeading" order="2.0"/>
    <link:loc xlink:type="locator" xlink:href="../jpcrp_cor_2016-02-29.xsd#jpcrp_cor_ExtraordinarySecuritiesReportDocumentsSubmittedByGuaranteeCompanyTextBlock" xlink:label="ExtraordinarySecuritiesReportDocumentsSubmittedByGuaranteeCompanyTextBlock"/>
    <link:presentationArc xlink:type="arc" xlink:arcrole="http://www.xbrl.org/2003/arcrole/parent-child" xlink:from="ExtraordinarySecuritiesReportDocumentsSubmittedByGuaranteeCompanyHeading" xlink:to="ExtraordinarySecuritiesReportDocumentsSubmittedByGuaranteeCompanyTextBlock" order="1.0"/>
    <link:loc xlink:type="locator" xlink:href="../jpcrp_cor_2016-02-29.xsd#jpcrp_cor_AmendmentReportDocumentsSubmittedByGuaranteeCompanyHeading" xlink:label="AmendmentReportDocumentsSubmittedByGuaranteeCompanyHeading"/>
    <link:presentationArc xlink:type="arc" xlink:arcrole="http://www.xbrl.org/2003/arcrole/parent-child" xlink:from="DocumentsSubmittedByGuaranteeCompanyHeading" xlink:to="AmendmentReportDocumentsSubmittedByGuaranteeCompanyHeading" order="3.0"/>
    <link:loc xlink:type="locator" xlink:href="../jpcrp_cor_2016-02-29.xsd#jpcrp_cor_AmendmentReportDocumentsSubmittedByGuaranteeCompanyTextBlock" xlink:label="AmendmentReportDocumentsSubmittedByGuaranteeCompanyTextBlock"/>
    <link:presentationArc xlink:type="arc" xlink:arcrole="http://www.xbrl.org/2003/arcrole/parent-child" xlink:from="AmendmentReportDocumentsSubmittedByGuaranteeCompanyHeading" xlink:to="AmendmentReportDocumentsSubmittedByGuaranteeCompanyTextBlock" order="1.0"/>
    <link:loc xlink:type="locator" xlink:href="../jpcrp_cor_2016-02-29.xsd#jpcrp_cor_PlaceForPublicInspectionDocumentsSubmittedByGuaranteeCompanyHeading" xlink:label="PlaceForPublicInspectionDocumentsSubmittedByGuaranteeCompanyHeading"/>
    <link:presentationArc xlink:type="arc" xlink:arcrole="http://www.xbrl.org/2003/arcrole/parent-child" xlink:from="InformationAboutGuaranteeCompanySubjectToOngoingDisclosureHeading" xlink:to="PlaceForPublicInspectionDocumentsSubmittedByGuaranteeCompanyHeading" order="3.0"/>
    <link:loc xlink:type="locator" xlink:href="../jpcrp_cor_2016-02-29.xsd#jpcrp_cor_PlaceForPublicInspectionDocumentsSubmittedByGuaranteeCompanyTextBlock" xlink:label="PlaceForPublicInspectionDocumentsSubmittedByGuaranteeCompanyTextBlock"/>
    <link:presentationArc xlink:type="arc" xlink:arcrole="http://www.xbrl.org/2003/arcrole/parent-child" xlink:from="PlaceForPublicInspectionDocumentsSubmittedByGuaranteeCompanyHeading" xlink:to="PlaceForPublicInspectionDocumentsSubmittedByGuaranteeCompanyTextBlock" order="1.0"/>
    <link:loc xlink:type="locator" xlink:href="../jpcrp_cor_2016-02-29.xsd#jpcrp_cor_InformationAboutGuaranteeCompanyNotSubjectToOngoingDisclosureHeading" xlink:label="InformationAboutGuaranteeCompanyNotSubjectToOngoingDisclosureHeading"/>
    <link:presentationArc xlink:type="arc" xlink:arcrole="http://www.xbrl.org/2003/arcrole/parent-child" xlink:from="InformationAboutGuaranteeCompanyHeading" xlink:to="InformationAboutGuaranteeCompanyNotSubjectToOngoingDisclosureHeading" order="4.0"/>
    <link:loc xlink:type="locator" xlink:href="../jpcrp_cor_2016-02-29.xsd#jpcrp_cor_InformationAboutGuaranteeCompanyNotSubjectToOngoingDisclosureNATextBlock" xlink:label="InformationAboutGuaranteeCompanyNotSubjectToOngoingDisclosureNATextBlock"/>
    <link:presentationArc xlink:type="arc" xlink:arcrole="http://www.xbrl.org/2003/arcrole/parent-child" xlink:from="InformationAboutGuaranteeCompanyNotSubjectToOngoingDisclosureHeading" xlink:to="InformationAboutGuaranteeCompanyNotSubjectToOngoingDisclosureNATextBlock" order="1.0"/>
    <link:loc xlink:type="locator" xlink:href="../jpcrp_cor_2016-02-29.xsd#jpcrp_cor_CompanyNameTitleAndNameOfRepresentativeAndAddressOfRegisteredHeadquarterHeading" xlink:label="CompanyNameTitleAndNameOfRepresentativeAndAddressOfRegisteredHeadquarterHeading"/>
    <link:presentationArc xlink:type="arc" xlink:arcrole="http://www.xbrl.org/2003/arcrole/parent-child" xlink:from="InformationAboutGuaranteeCompanyNotSubjectToOngoingDisclosureHeading" xlink:to="CompanyNameTitleAndNameOfRepresentativeAndAddressOfRegisteredHeadquarterHeading" order="2.0"/>
    <link:loc xlink:type="locator" xlink:href="../jpcrp_cor_2016-02-29.xsd#jpcrp_cor_CompanyNameTitleAndNameOfRepresentativeAndAddressOfRegisteredHeadquarterTextBlock" xlink:label="CompanyNameTitleAndNameOfRepresentativeAndAddressOfRegisteredHeadquarterTextBlock"/>
    <link:presentationArc xlink:type="arc" xlink:arcrole="http://www.xbrl.org/2003/arcrole/parent-child" xlink:from="CompanyNameTitleAndNameOfRepresentativeAndAddressOfRegisteredHeadquarterHeading" xlink:to="CompanyNameTitleAndNameOfRepresentativeAndAddressOfRegisteredHeadquarterTextBlock" order="1.0"/>
    <link:loc xlink:type="locator" xlink:href="../jpcrp_cor_2016-02-29.xsd#jpcrp_cor_OverviewOfCompanyInformationAboutGuaranteeCompanyNotSubjectToOngoingDisclosureHeading" xlink:label="OverviewOfCompanyInformationAboutGuaranteeCompanyNotSubjectToOngoingDisclosureHeading"/>
    <link:presentationArc xlink:type="arc" xlink:arcrole="http://www.xbrl.org/2003/arcrole/parent-child" xlink:from="InformationAboutGuaranteeCompanyNotSubjectToOngoingDisclosureHeading" xlink:to="OverviewOfCompanyInformationAboutGuaranteeCompanyNotSubjectToOngoingDisclosureHeading" order="3.0"/>
    <link:loc xlink:type="locator" xlink:href="../jpcrp_cor_2016-02-29.xsd#jpcrp_cor_OverviewOfCompanyInformationAboutGuaranteeCompanyNotSubjectToOngoingDisclosureTextBlock" xlink:label="OverviewOfCompanyInformationAboutGuaranteeCompanyNotSubjectToOngoingDisclosureTextBlock"/>
    <link:presentationArc xlink:type="arc" xlink:arcrole="http://www.xbrl.org/2003/arcrole/parent-child" xlink:from="OverviewOfCompanyInformationAboutGuaranteeCompanyNotSubjectToOngoingDisclosureHeading" xlink:to="OverviewOfCompanyInformationAboutGuaranteeCompanyNotSubjectToOngoingDisclosureTextBlock" order="1.0"/>
    <link:loc xlink:type="locator" xlink:href="../jpcrp_cor_2016-02-29.xsd#jpcrp_cor_OverviewOfBusinessInformationAboutGuaranteeCompanyNotSubjectToOngoingDisclosureHeading" xlink:label="OverviewOfBusinessInformationAboutGuaranteeCompanyNotSubjectToOngoingDisclosureHeading"/>
    <link:presentationArc xlink:type="arc" xlink:arcrole="http://www.xbrl.org/2003/arcrole/parent-child" xlink:from="InformationAboutGuaranteeCompanyNotSubjectToOngoingDisclosureHeading" xlink:to="OverviewOfBusinessInformationAboutGuaranteeCompanyNotSubjectToOngoingDisclosureHeading" order="4.0"/>
    <link:loc xlink:type="locator" xlink:href="../jpcrp_cor_2016-02-29.xsd#jpcrp_cor_OverviewOfBusinessInformationAboutGuaranteeCompanyNotSubjectToOngoingDisclosureTextBlock" xlink:label="OverviewOfBusinessInformationAboutGuaranteeCompanyNotSubjectToOngoingDisclosureTextBlock"/>
    <link:presentationArc xlink:type="arc" xlink:arcrole="http://www.xbrl.org/2003/arcrole/parent-child" xlink:from="OverviewOfBusinessInformationAboutGuaranteeCompanyNotSubjectToOngoingDisclosureHeading" xlink:to="OverviewOfBusinessInformationAboutGuaranteeCompanyNotSubjectToOngoingDisclosureTextBlock" order="1.0"/>
    <link:loc xlink:type="locator" xlink:href="../jpcrp_cor_2016-02-29.xsd#jpcrp_cor_InformationAboutFacilitiesInformationAboutGuaranteeCompanyNotSubjectToOngoingDisclosureHeading" xlink:label="InformationAboutFacilitiesInformationAboutGuaranteeCompanyNotSubjectToOngoingDisclosureHeading"/>
    <link:presentationArc xlink:type="arc" xlink:arcrole="http://www.xbrl.org/2003/arcrole/parent-child" xlink:from="InformationAboutGuaranteeCompanyNotSubjectToOngoingDisclosureHeading" xlink:to="InformationAboutFacilitiesInformationAboutGuaranteeCompanyNotSubjectToOngoingDisclosureHeading" order="5.0"/>
    <link:loc xlink:type="locator" xlink:href="../jpcrp_cor_2016-02-29.xsd#jpcrp_cor_InformationAboutFacilitiesInformationAboutGuaranteeCompanyNotSubjectToOngoingDisclosureTextBlock" xlink:label="InformationAboutFacilitiesInformationAboutGuaranteeCompanyNotSubjectToOngoingDisclosureTextBlock"/>
    <link:presentationArc xlink:type="arc" xlink:arcrole="http://www.xbrl.org/2003/arcrole/parent-child" xlink:from="InformationAboutFacilitiesInformationAboutGuaranteeCompanyNotSubjectToOngoingDisclosureHeading" xlink:to="InformationAboutFacilitiesInformationAboutGuaranteeCompanyNotSubjectToOngoingDisclosureTextBlock" order="1.0"/>
    <link:loc xlink:type="locator" xlink:href="../jpcrp_cor_2016-02-29.xsd#jpcrp_cor_GuaranteeCompanyInformationAboutGuaranteeCompanyNotSubjectToOngoingDisclosureHeading" xlink:label="GuaranteeCompanyInformationAboutGuaranteeCompanyNotSubjectToOngoingDisclosureHeading"/>
    <link:presentationArc xlink:type="arc" xlink:arcrole="http://www.xbrl.org/2003/arcrole/parent-child" xlink:from="InformationAboutGuaranteeCompanyNotSubjectToOngoingDisclosureHeading" xlink:to="GuaranteeCompanyInformationAboutGuaranteeCompanyNotSubjectToOngoingDisclosureHeading" order="6.0"/>
    <link:loc xlink:type="locator" xlink:href="../jpcrp_cor_2016-02-29.xsd#jpcrp_cor_GuaranteeCompanyInformationAboutGuaranteeCompanyNotSubjectToOngoingDisclosureTextBlock" xlink:label="GuaranteeCompanyInformationAboutGuaranteeCompanyNotSubjectToOngoingDisclosureTextBlock"/>
    <link:presentationArc xlink:type="arc" xlink:arcrole="http://www.xbrl.org/2003/arcrole/parent-child" xlink:from="GuaranteeCompanyInformationAboutGuaranteeCompanyNotSubjectToOngoingDisclosureHeading" xlink:to="GuaranteeCompanyInformationAboutGuaranteeCompanyNotSubjectToOngoingDisclosureTextBlock" order="1.0"/>
    <link:loc xlink:type="locator" xlink:href="../jpcrp_cor_2016-02-29.xsd#jpcrp_cor_FinancialInformationInformationAboutGuaranteeCompanyNotSubjectToOngoingDisclosureHeading" xlink:label="FinancialInformationInformationAboutGuaranteeCompanyNotSubjectToOngoingDisclosureHeading"/>
    <link:presentationArc xlink:type="arc" xlink:arcrole="http://www.xbrl.org/2003/arcrole/parent-child" xlink:from="InformationAboutGuaranteeCompanyNotSubjectToOngoingDisclosureHeading" xlink:to="FinancialInformationInformationAboutGuaranteeCompanyNotSubjectToOngoingDisclosureHeading" order="7.0"/>
    <link:loc xlink:type="locator" xlink:href="../jpcrp_cor_2016-02-29.xsd#jpcrp_cor_FinancialInformationInformationAboutGuaranteeCompanyNotSubjectToOngoingDisclosureTextBlock" xlink:label="FinancialInformationInformationAboutGuaranteeCompanyNotSubjectToOngoingDisclosureTextBlock"/>
    <link:presentationArc xlink:type="arc" xlink:arcrole="http://www.xbrl.org/2003/arcrole/parent-child" xlink:from="FinancialInformationInformationAboutGuaranteeCompanyNotSubjectToOngoingDisclosureHeading" xlink:to="FinancialInformationInformationAboutGuaranteeCompanyNotSubjectToOngoingDisclosureTextBlock" order="1.0"/>
    <link:loc xlink:type="locator" xlink:href="../jpcrp_cor_2016-02-29.xsd#jpcrp_cor_InformationAboutCompaniesOtherThanGuaranteeCompanyHeading" xlink:label="InformationAboutCompaniesOtherThanGuaranteeCompanyHeading"/>
    <link:presentationArc xlink:type="arc" xlink:arcrole="http://www.xbrl.org/2003/arcrole/parent-child" xlink:from="InformationAboutCompanyWhichProvidesGuaranteeToReportingCompanyHeading" xlink:to="InformationAboutCompaniesOtherThanGuaranteeCompanyHeading" order="3.0"/>
    <link:loc xlink:type="locator" xlink:href="../jpcrp_cor_2016-02-29.xsd#jpcrp_cor_InformationAboutCompaniesOtherThanGuaranteeCompanyNATextBlock" xlink:label="InformationAboutCompaniesOtherThanGuaranteeCompanyNATextBlock"/>
    <link:presentationArc xlink:type="arc" xlink:arcrole="http://www.xbrl.org/2003/arcrole/parent-child" xlink:from="InformationAboutCompaniesOtherThanGuaranteeCompanyHeading" xlink:to="InformationAboutCompaniesOtherThanGuaranteeCompanyNATextBlock" order="1.0"/>
    <link:loc xlink:type="locator" xlink:href="../jpcrp_cor_2016-02-29.xsd#jpcrp_cor_ReasonForDisclosureOfInformationOfCompanyConcernedHeading" xlink:label="ReasonForDisclosureOfInformationOfCompanyConcernedHeading"/>
    <link:presentationArc xlink:type="arc" xlink:arcrole="http://www.xbrl.org/2003/arcrole/parent-child" xlink:from="InformationAboutCompaniesOtherThanGuaranteeCompanyHeading" xlink:to="ReasonForDisclosureOfInformationOfCompanyConcernedHeading" order="2.0"/>
    <link:loc xlink:type="locator" xlink:href="../jpcrp_cor_2016-02-29.xsd#jpcrp_cor_ReasonForDisclosureOfInformationOfCompanyConcernedTextBlock" xlink:label="ReasonForDisclosureOfInformationOfCompanyConcernedTextBlock"/>
    <link:presentationArc xlink:type="arc" xlink:arcrole="http://www.xbrl.org/2003/arcrole/parent-child" xlink:from="ReasonForDisclosureOfInformationOfCompanyConcernedHeading" xlink:to="ReasonForDisclosureOfInformationOfCompanyConcernedTextBlock" order="1.0"/>
    <link:loc xlink:type="locator" xlink:href="../jpcrp_cor_2016-02-29.xsd#jpcrp_cor_InformationAboutCompanyConcernedSubjectToOngoingDisclosureHeading" xlink:label="InformationAboutCompanyConcernedSubjectToOngoingDisclosureHeading"/>
    <link:presentationArc xlink:type="arc" xlink:arcrole="http://www.xbrl.org/2003/arcrole/parent-child" xlink:from="InformationAboutCompaniesOtherThanGuaranteeCompanyHeading" xlink:to="InformationAboutCompanyConcernedSubjectToOngoingDisclosureHeading" order="3.0"/>
    <link:loc xlink:type="locator" xlink:href="../jpcrp_cor_2016-02-29.xsd#jpcrp_cor_InformationAboutCompanyConcernedSubjectToOngoingDisclosureTextBlock" xlink:label="InformationAboutCompanyConcernedSubjectToOngoingDisclosureTextBlock"/>
    <link:presentationArc xlink:type="arc" xlink:arcrole="http://www.xbrl.org/2003/arcrole/parent-child" xlink:from="InformationAboutCompanyConcernedSubjectToOngoingDisclosureHeading" xlink:to="InformationAboutCompanyConcernedSubjectToOngoingDisclosureTextBlock" order="1.0"/>
    <link:loc xlink:type="locator" xlink:href="../jpcrp_cor_2016-02-29.xsd#jpcrp_cor_InformationAboutCompanyConcernedNotSubjectToOngoingDisclosureHeading" xlink:label="InformationAboutCompanyConcernedNotSubjectToOngoingDisclosureHeading"/>
    <link:presentationArc xlink:type="arc" xlink:arcrole="http://www.xbrl.org/2003/arcrole/parent-child" xlink:from="InformationAboutCompaniesOtherThanGuaranteeCompanyHeading" xlink:to="InformationAboutCompanyConcernedNotSubjectToOngoingDisclosureHeading" order="4.0"/>
    <link:loc xlink:type="locator" xlink:href="../jpcrp_cor_2016-02-29.xsd#jpcrp_cor_InformationAboutCompanyConcernedNotSubjectToOngoingDisclosureTextBlock" xlink:label="InformationAboutCompanyConcernedNotSubjectToOngoingDisclosureTextBlock"/>
    <link:presentationArc xlink:type="arc" xlink:arcrole="http://www.xbrl.org/2003/arcrole/parent-child" xlink:from="InformationAboutCompanyConcernedNotSubjectToOngoingDisclosureHeading" xlink:to="InformationAboutCompanyConcernedNotSubjectToOngoingDisclosureTextBlock" order="1.0"/>
    <link:loc xlink:type="locator" xlink:href="../jpcrp_cor_2016-02-29.xsd#jpcrp_cor_InformationAboutIndexEtcHeading" xlink:label="InformationAboutIndexEtcHeading"/>
    <link:presentationArc xlink:type="arc" xlink:arcrole="http://www.xbrl.org/2003/arcrole/parent-child" xlink:from="InformationAboutCompanyWhichProvidesGuaranteeToReportingCompanyHeading" xlink:to="InformationAboutIndexEtcHeading" order="4.0"/>
    <link:loc xlink:type="locator" xlink:href="../jpcrp_cor_2016-02-29.xsd#jpcrp_cor_InformationAboutIndexEtcNATextBlock" xlink:label="InformationAboutIndexEtcNATextBlock"/>
    <link:presentationArc xlink:type="arc" xlink:arcrole="http://www.xbrl.org/2003/arcrole/parent-child" xlink:from="InformationAboutIndexEtcHeading" xlink:to="InformationAboutIndexEtcNATextBlock" order="1.0"/>
    <link:loc xlink:type="locator" xlink:href="../jpcrp_cor_2016-02-29.xsd#jpcrp_cor_ReasonForDisclosureOfSaidIndexEtcHeading" xlink:label="ReasonForDisclosureOfSaidIndexEtcHeading"/>
    <link:presentationArc xlink:type="arc" xlink:arcrole="http://www.xbrl.org/2003/arcrole/parent-child" xlink:from="InformationAboutIndexEtcHeading" xlink:to="ReasonForDisclosureOfSaidIndexEtcHeading" order="2.0"/>
    <link:loc xlink:type="locator" xlink:href="../jpcrp_cor_2016-02-29.xsd#jpcrp_cor_ReasonForDisclosureOfSaidIndexEtcTextBlock" xlink:label="ReasonForDisclosureOfSaidIndexEtcTextBlock"/>
    <link:presentationArc xlink:type="arc" xlink:arcrole="http://www.xbrl.org/2003/arcrole/parent-child" xlink:from="ReasonForDisclosureOfSaidIndexEtcHeading" xlink:to="ReasonForDisclosureOfSaidIndexEtcTextBlock" order="1.0"/>
    <link:loc xlink:type="locator" xlink:href="../jpcrp_cor_2016-02-29.xsd#jpcrp_cor_HistoricalRecordsOfIndexEtcHeading" xlink:label="HistoricalRecordsOfIndexEtcHeading"/>
    <link:presentationArc xlink:type="arc" xlink:arcrole="http://www.xbrl.org/2003/arcrole/parent-child" xlink:from="InformationAboutIndexEtcHeading" xlink:to="HistoricalRecordsOfIndexEtcHeading" order="3.0"/>
    <link:loc xlink:type="locator" xlink:href="../jpcrp_cor_2016-02-29.xsd#jpcrp_cor_HistoricalRecordsOfIndexEtcTextBlock" xlink:label="HistoricalRecordsOfIndexEtcTextBlock"/>
    <link:presentationArc xlink:type="arc" xlink:arcrole="http://www.xbrl.org/2003/arcrole/parent-child" xlink:from="HistoricalRecordsOfIndexEtcHeading" xlink:to="HistoricalRecordsOfIndexEtcTextBlock" order="1.0"/>
    <link:loc xlink:type="locator" xlink:href="../jpcrp_cor_2016-02-29.xsd#jpcrp_cor_IndependentAuditorsReportHeading" xlink:label="IndependentAuditorsReportHeading"/>
    <link:presentationArc xlink:type="arc" xlink:arcrole="http://www.xbrl.org/2003/arcrole/parent-child" xlink:from="CabinetOfficeOrdinanceOnDisclosureOfCorporateInformationEtcFormNo52SemiannualSecuritiesReportHeading" xlink:to="IndependentAuditorsReportHeading" order="5.0"/>
    <link:loc xlink:type="locator" xlink:href="../jpcrp_cor_2016-02-29.xsd#jpcrp_cor_IndependentAuditorsReportConsolidatedTextBlock" xlink:label="IndependentAuditorsReportConsolidatedTextBlock"/>
    <link:presentationArc xlink:type="arc" xlink:arcrole="http://www.xbrl.org/2003/arcrole/parent-child" xlink:from="IndependentAuditorsReportHeading" xlink:to="IndependentAuditorsReportConsolidatedTextBlock" order="1.0"/>
    <link:loc xlink:type="locator" xlink:href="../jpcrp_cor_2016-02-29.xsd#jpcrp_cor_IndependentAuditorsReportNonConsolidatedTextBlock" xlink:label="IndependentAuditorsReportNonConsolidatedTextBlock"/>
    <link:presentationArc xlink:type="arc" xlink:arcrole="http://www.xbrl.org/2003/arcrole/parent-child" xlink:from="IndependentAuditorsReportHeading" xlink:to="IndependentAuditorsReportNonConsolidatedTextBlock" order="2.0"/>
  </link:presentationLink>
</link:linkbase>
