<?xml version="1.0" encoding="UTF-8"?>
<!--  (c) Financial Services Agency, The Japanese Government.
      All Rights Reserved.
      For intellectual property policy and authorized uses of EDINET Taxonomy,
      refer to “EDINET Taxonomy Legal Statement” at http://www.fsa.go.jp/search/EDINET_Taxonomy_Legal_Statement.html
-->
<link:linkbase xmlns:link="http://www.xbrl.org/2003/linkbase" xmlns:xsi="http://www.w3.org/2001/XMLSchema-instance" xmlns:xlink="http://www.w3.org/1999/xlink" xmlns:xbrli="http://www.xbrl.org/2003/instance">
  <link:labelLink xlink:type="extended" xlink:role="http://www.xbrl.org/2003/role/link">
    <link:loc xlink:type="locator" xlink:href="../jpctl_cor_2013-08-31.xsd#jpctl_cor_CabinetOfficeOrdinanceOnSystemForEnsuringAppropriatenessOfFinancialAndOtherDocumentsFormNo1InternalControlReportHeading" xlink:label="CabinetOfficeOrdinanceOnSystemForEnsuringAppropriatenessOfFinancialAndOtherDocumentsFormNo1InternalControlReportHeading"/>
    <link:label xlink:type="resource" xlink:label="label_CabinetOfficeOrdinanceOnSystemForEnsuringAppropriatenessOfFinancialAndOtherDocumentsFormNo1InternalControlReportHeading" xlink:role="http://www.xbrl.org/2003/role/label" xml:lang="ja" id="label_CabinetOfficeOrdinanceOnSystemForEnsuringAppropriatenessOfFinancialAndOtherDocumentsFormNo1InternalControlReportHeading">内部統制府令 第一号様式 内部統制報告書</link:label>
    <link:labelArc xlink:type="arc" xlink:arcrole="http://www.xbrl.org/2003/arcrole/concept-label" xlink:from="CabinetOfficeOrdinanceOnSystemForEnsuringAppropriatenessOfFinancialAndOtherDocumentsFormNo1InternalControlReportHeading" xlink:to="label_CabinetOfficeOrdinanceOnSystemForEnsuringAppropriatenessOfFinancialAndOtherDocumentsFormNo1InternalControlReportHeading"/>
    <link:label xlink:type="resource" xlink:label="label_CabinetOfficeOrdinanceOnSystemForEnsuringAppropriatenessOfFinancialAndOtherDocumentsFormNo1InternalControlReportHeading_2" xlink:role="http://www.xbrl.org/2003/role/verboseLabel" xml:lang="ja" id="label_CabinetOfficeOrdinanceOnSystemForEnsuringAppropriatenessOfFinancialAndOtherDocumentsFormNo1InternalControlReportHeading_2">財務計算に関する書類その他の情報の適正性を確保するための体制に関する内閣府令 第一号様式 内部統制報告書 [目次項目]</link:label>
    <link:labelArc xlink:type="arc" xlink:arcrole="http://www.xbrl.org/2003/arcrole/concept-label" xlink:from="CabinetOfficeOrdinanceOnSystemForEnsuringAppropriatenessOfFinancialAndOtherDocumentsFormNo1InternalControlReportHeading" xlink:to="label_CabinetOfficeOrdinanceOnSystemForEnsuringAppropriatenessOfFinancialAndOtherDocumentsFormNo1InternalControlReportHeading_2"/>
    <link:loc xlink:type="locator" xlink:href="../jpctl_cor_2013-08-31.xsd#jpctl_cor_CoverPageHeading" xlink:label="CoverPageHeading"/>
    <link:label xlink:type="resource" xlink:label="label_CoverPageHeading" xlink:role="http://www.xbrl.org/2003/role/label" xml:lang="ja" id="label_CoverPageHeading">表紙</link:label>
    <link:labelArc xlink:type="arc" xlink:arcrole="http://www.xbrl.org/2003/arcrole/concept-label" xlink:from="CoverPageHeading" xlink:to="label_CoverPageHeading"/>
    <link:label xlink:type="resource" xlink:label="label_CoverPageHeading_2" xlink:role="http://www.xbrl.org/2003/role/verboseLabel" xml:lang="ja" id="label_CoverPageHeading_2">表紙 [目次項目]</link:label>
    <link:labelArc xlink:type="arc" xlink:arcrole="http://www.xbrl.org/2003/arcrole/concept-label" xlink:from="CoverPageHeading" xlink:to="label_CoverPageHeading_2"/>
    <link:loc xlink:type="locator" xlink:href="../jpctl_cor_2013-08-31.xsd#jpctl_cor_BasicFrameworkOfInternalControlRelatedToFinancialReportingHeading" xlink:label="BasicFrameworkOfInternalControlRelatedToFinancialReportingHeading"/>
    <link:label xlink:type="resource" xlink:label="label_BasicFrameworkOfInternalControlRelatedToFinancialReportingHeading" xlink:role="http://www.xbrl.org/2003/role/label" xml:lang="ja" id="label_BasicFrameworkOfInternalControlRelatedToFinancialReportingHeading">財務報告に係る内部統制の基本的枠組みに関する事項</link:label>
    <link:labelArc xlink:type="arc" xlink:arcrole="http://www.xbrl.org/2003/arcrole/concept-label" xlink:from="BasicFrameworkOfInternalControlRelatedToFinancialReportingHeading" xlink:to="label_BasicFrameworkOfInternalControlRelatedToFinancialReportingHeading"/>
    <link:label xlink:type="resource" xlink:label="label_BasicFrameworkOfInternalControlRelatedToFinancialReportingHeading_2" xlink:role="http://www.xbrl.org/2003/role/verboseLabel" xml:lang="ja" id="label_BasicFrameworkOfInternalControlRelatedToFinancialReportingHeading_2">財務報告に係る内部統制の基本的枠組みに関する事項 [目次項目]</link:label>
    <link:labelArc xlink:type="arc" xlink:arcrole="http://www.xbrl.org/2003/arcrole/concept-label" xlink:from="BasicFrameworkOfInternalControlRelatedToFinancialReportingHeading" xlink:to="label_BasicFrameworkOfInternalControlRelatedToFinancialReportingHeading_2"/>
    <link:loc xlink:type="locator" xlink:href="../jpctl_cor_2013-08-31.xsd#jpctl_cor_BasicFrameworkOfInternalControlRelatedToFinancialReportingTextBlock" xlink:label="BasicFrameworkOfInternalControlRelatedToFinancialReportingTextBlock"/>
    <link:label xlink:type="resource" xlink:label="label_BasicFrameworkOfInternalControlRelatedToFinancialReportingTextBlock" xlink:role="http://www.xbrl.org/2003/role/label" xml:lang="ja" id="label_BasicFrameworkOfInternalControlRelatedToFinancialReportingTextBlock">財務報告に係る内部統制の基本的枠組みに関する事項</link:label>
    <link:labelArc xlink:type="arc" xlink:arcrole="http://www.xbrl.org/2003/arcrole/concept-label" xlink:from="BasicFrameworkOfInternalControlRelatedToFinancialReportingTextBlock" xlink:to="label_BasicFrameworkOfInternalControlRelatedToFinancialReportingTextBlock"/>
    <link:label xlink:type="resource" xlink:label="label_BasicFrameworkOfInternalControlRelatedToFinancialReportingTextBlock_2" xlink:role="http://www.xbrl.org/2003/role/verboseLabel" xml:lang="ja" id="label_BasicFrameworkOfInternalControlRelatedToFinancialReportingTextBlock_2">財務報告に係る内部統制の基本的枠組みに関する事項 [テキストブロック]</link:label>
    <link:labelArc xlink:type="arc" xlink:arcrole="http://www.xbrl.org/2003/arcrole/concept-label" xlink:from="BasicFrameworkOfInternalControlRelatedToFinancialReportingTextBlock" xlink:to="label_BasicFrameworkOfInternalControlRelatedToFinancialReportingTextBlock_2"/>
    <link:loc xlink:type="locator" xlink:href="../jpctl_cor_2013-08-31.xsd#jpctl_cor_ScopeDateAndProceduresForEvaluationHeading" xlink:label="ScopeDateAndProceduresForEvaluationHeading"/>
    <link:label xlink:type="resource" xlink:label="label_ScopeDateAndProceduresForEvaluationHeading" xlink:role="http://www.xbrl.org/2003/role/label" xml:lang="ja" id="label_ScopeDateAndProceduresForEvaluationHeading">評価の範囲、基準日及び評価手続に関する事項</link:label>
    <link:labelArc xlink:type="arc" xlink:arcrole="http://www.xbrl.org/2003/arcrole/concept-label" xlink:from="ScopeDateAndProceduresForEvaluationHeading" xlink:to="label_ScopeDateAndProceduresForEvaluationHeading"/>
    <link:label xlink:type="resource" xlink:label="label_ScopeDateAndProceduresForEvaluationHeading_2" xlink:role="http://www.xbrl.org/2003/role/verboseLabel" xml:lang="ja" id="label_ScopeDateAndProceduresForEvaluationHeading_2">評価の範囲、基準日及び評価手続に関する事項 [目次項目]</link:label>
    <link:labelArc xlink:type="arc" xlink:arcrole="http://www.xbrl.org/2003/arcrole/concept-label" xlink:from="ScopeDateAndProceduresForEvaluationHeading" xlink:to="label_ScopeDateAndProceduresForEvaluationHeading_2"/>
    <link:loc xlink:type="locator" xlink:href="../jpctl_cor_2013-08-31.xsd#jpctl_cor_ScopeDateAndProceduresForEvaluationTextBlock" xlink:label="ScopeDateAndProceduresForEvaluationTextBlock"/>
    <link:label xlink:type="resource" xlink:label="label_ScopeDateAndProceduresForEvaluationTextBlock" xlink:role="http://www.xbrl.org/2003/role/label" xml:lang="ja" id="label_ScopeDateAndProceduresForEvaluationTextBlock">評価の範囲、基準日及び評価手続に関する事項</link:label>
    <link:labelArc xlink:type="arc" xlink:arcrole="http://www.xbrl.org/2003/arcrole/concept-label" xlink:from="ScopeDateAndProceduresForEvaluationTextBlock" xlink:to="label_ScopeDateAndProceduresForEvaluationTextBlock"/>
    <link:label xlink:type="resource" xlink:label="label_ScopeDateAndProceduresForEvaluationTextBlock_2" xlink:role="http://www.xbrl.org/2003/role/verboseLabel" xml:lang="ja" id="label_ScopeDateAndProceduresForEvaluationTextBlock_2">評価の範囲、基準日及び評価手続に関する事項 [テキストブロック]</link:label>
    <link:labelArc xlink:type="arc" xlink:arcrole="http://www.xbrl.org/2003/arcrole/concept-label" xlink:from="ScopeDateAndProceduresForEvaluationTextBlock" xlink:to="label_ScopeDateAndProceduresForEvaluationTextBlock_2"/>
    <link:loc xlink:type="locator" xlink:href="../jpctl_cor_2013-08-31.xsd#jpctl_cor_ResultOfEvaluationHeading" xlink:label="ResultOfEvaluationHeading"/>
    <link:label xlink:type="resource" xlink:label="label_ResultOfEvaluationHeading" xlink:role="http://www.xbrl.org/2003/role/label" xml:lang="ja" id="label_ResultOfEvaluationHeading">評価結果に関する事項</link:label>
    <link:labelArc xlink:type="arc" xlink:arcrole="http://www.xbrl.org/2003/arcrole/concept-label" xlink:from="ResultOfEvaluationHeading" xlink:to="label_ResultOfEvaluationHeading"/>
    <link:label xlink:type="resource" xlink:label="label_ResultOfEvaluationHeading_2" xlink:role="http://www.xbrl.org/2003/role/verboseLabel" xml:lang="ja" id="label_ResultOfEvaluationHeading_2">評価結果に関する事項 [目次項目]</link:label>
    <link:labelArc xlink:type="arc" xlink:arcrole="http://www.xbrl.org/2003/arcrole/concept-label" xlink:from="ResultOfEvaluationHeading" xlink:to="label_ResultOfEvaluationHeading_2"/>
    <link:loc xlink:type="locator" xlink:href="../jpctl_cor_2013-08-31.xsd#jpctl_cor_ResultOfEvaluationTextBlock" xlink:label="ResultOfEvaluationTextBlock"/>
    <link:label xlink:type="resource" xlink:label="label_ResultOfEvaluationTextBlock" xlink:role="http://www.xbrl.org/2003/role/label" xml:lang="ja" id="label_ResultOfEvaluationTextBlock">評価結果に関する事項</link:label>
    <link:labelArc xlink:type="arc" xlink:arcrole="http://www.xbrl.org/2003/arcrole/concept-label" xlink:from="ResultOfEvaluationTextBlock" xlink:to="label_ResultOfEvaluationTextBlock"/>
    <link:label xlink:type="resource" xlink:label="label_ResultOfEvaluationTextBlock_2" xlink:role="http://www.xbrl.org/2003/role/verboseLabel" xml:lang="ja" id="label_ResultOfEvaluationTextBlock_2">評価結果に関する事項 [テキストブロック]</link:label>
    <link:labelArc xlink:type="arc" xlink:arcrole="http://www.xbrl.org/2003/arcrole/concept-label" xlink:from="ResultOfEvaluationTextBlock" xlink:to="label_ResultOfEvaluationTextBlock_2"/>
    <link:loc xlink:type="locator" xlink:href="../jpctl_cor_2013-08-31.xsd#jpctl_cor_SupplementaryInformationHeading" xlink:label="SupplementaryInformationHeading"/>
    <link:label xlink:type="resource" xlink:label="label_SupplementaryInformationHeading" xlink:role="http://www.xbrl.org/2003/role/label" xml:lang="ja" id="label_SupplementaryInformationHeading">付記事項</link:label>
    <link:labelArc xlink:type="arc" xlink:arcrole="http://www.xbrl.org/2003/arcrole/concept-label" xlink:from="SupplementaryInformationHeading" xlink:to="label_SupplementaryInformationHeading"/>
    <link:label xlink:type="resource" xlink:label="label_SupplementaryInformationHeading_2" xlink:role="http://www.xbrl.org/2003/role/verboseLabel" xml:lang="ja" id="label_SupplementaryInformationHeading_2">付記事項 [目次項目]</link:label>
    <link:labelArc xlink:type="arc" xlink:arcrole="http://www.xbrl.org/2003/arcrole/concept-label" xlink:from="SupplementaryInformationHeading" xlink:to="label_SupplementaryInformationHeading_2"/>
    <link:loc xlink:type="locator" xlink:href="../jpctl_cor_2013-08-31.xsd#jpctl_cor_SupplementaryInformationTextBlock" xlink:label="SupplementaryInformationTextBlock"/>
    <link:label xlink:type="resource" xlink:label="label_SupplementaryInformationTextBlock" xlink:role="http://www.xbrl.org/2003/role/label" xml:lang="ja" id="label_SupplementaryInformationTextBlock">付記事項</link:label>
    <link:labelArc xlink:type="arc" xlink:arcrole="http://www.xbrl.org/2003/arcrole/concept-label" xlink:from="SupplementaryInformationTextBlock" xlink:to="label_SupplementaryInformationTextBlock"/>
    <link:label xlink:type="resource" xlink:label="label_SupplementaryInformationTextBlock_2" xlink:role="http://www.xbrl.org/2003/role/verboseLabel" xml:lang="ja" id="label_SupplementaryInformationTextBlock_2">付記事項 [テキストブロック]</link:label>
    <link:labelArc xlink:type="arc" xlink:arcrole="http://www.xbrl.org/2003/arcrole/concept-label" xlink:from="SupplementaryInformationTextBlock" xlink:to="label_SupplementaryInformationTextBlock_2"/>
    <link:loc xlink:type="locator" xlink:href="../jpctl_cor_2013-08-31.xsd#jpctl_cor_SupplementaryInformationNA" xlink:label="SupplementaryInformationNA"/>
    <link:label xlink:type="resource" xlink:label="label_SupplementaryInformationNA" xlink:role="http://www.xbrl.org/2003/role/label" xml:lang="ja" id="label_SupplementaryInformationNA">付記事項（該当なし）</link:label>
    <link:labelArc xlink:type="arc" xlink:arcrole="http://www.xbrl.org/2003/arcrole/concept-label" xlink:from="SupplementaryInformationNA" xlink:to="label_SupplementaryInformationNA"/>
    <link:label xlink:type="resource" xlink:label="label_SupplementaryInformationNA_2" xlink:role="http://www.xbrl.org/2003/role/verboseLabel" xml:lang="ja" id="label_SupplementaryInformationNA_2">付記事項（該当なし）</link:label>
    <link:labelArc xlink:type="arc" xlink:arcrole="http://www.xbrl.org/2003/arcrole/concept-label" xlink:from="SupplementaryInformationNA" xlink:to="label_SupplementaryInformationNA_2"/>
    <link:loc xlink:type="locator" xlink:href="../jpctl_cor_2013-08-31.xsd#jpctl_cor_OtherInformationForSpecialAttentionHeading" xlink:label="OtherInformationForSpecialAttentionHeading"/>
    <link:label xlink:type="resource" xlink:label="label_OtherInformationForSpecialAttentionHeading" xlink:role="http://www.xbrl.org/2003/role/label" xml:lang="ja" id="label_OtherInformationForSpecialAttentionHeading">特記事項</link:label>
    <link:labelArc xlink:type="arc" xlink:arcrole="http://www.xbrl.org/2003/arcrole/concept-label" xlink:from="OtherInformationForSpecialAttentionHeading" xlink:to="label_OtherInformationForSpecialAttentionHeading"/>
    <link:label xlink:type="resource" xlink:label="label_OtherInformationForSpecialAttentionHeading_2" xlink:role="http://www.xbrl.org/2003/role/verboseLabel" xml:lang="ja" id="label_OtherInformationForSpecialAttentionHeading_2">特記事項 [目次項目]</link:label>
    <link:labelArc xlink:type="arc" xlink:arcrole="http://www.xbrl.org/2003/arcrole/concept-label" xlink:from="OtherInformationForSpecialAttentionHeading" xlink:to="label_OtherInformationForSpecialAttentionHeading_2"/>
    <link:loc xlink:type="locator" xlink:href="../jpctl_cor_2013-08-31.xsd#jpctl_cor_OtherInformationForSpecialAttentionTextBlock" xlink:label="OtherInformationForSpecialAttentionTextBlock"/>
    <link:label xlink:type="resource" xlink:label="label_OtherInformationForSpecialAttentionTextBlock" xlink:role="http://www.xbrl.org/2003/role/label" xml:lang="ja" id="label_OtherInformationForSpecialAttentionTextBlock">特記事項</link:label>
    <link:labelArc xlink:type="arc" xlink:arcrole="http://www.xbrl.org/2003/arcrole/concept-label" xlink:from="OtherInformationForSpecialAttentionTextBlock" xlink:to="label_OtherInformationForSpecialAttentionTextBlock"/>
    <link:label xlink:type="resource" xlink:label="label_OtherInformationForSpecialAttentionTextBlock_2" xlink:role="http://www.xbrl.org/2003/role/verboseLabel" xml:lang="ja" id="label_OtherInformationForSpecialAttentionTextBlock_2">特記事項 [テキストブロック]</link:label>
    <link:labelArc xlink:type="arc" xlink:arcrole="http://www.xbrl.org/2003/arcrole/concept-label" xlink:from="OtherInformationForSpecialAttentionTextBlock" xlink:to="label_OtherInformationForSpecialAttentionTextBlock_2"/>
    <link:loc xlink:type="locator" xlink:href="../jpctl_cor_2013-08-31.xsd#jpctl_cor_OtherInformationForSpecialAttentionNA" xlink:label="OtherInformationForSpecialAttentionNA"/>
    <link:label xlink:type="resource" xlink:label="label_OtherInformationForSpecialAttentionNA" xlink:role="http://www.xbrl.org/2003/role/label" xml:lang="ja" id="label_OtherInformationForSpecialAttentionNA">特記事項（該当なし）</link:label>
    <link:labelArc xlink:type="arc" xlink:arcrole="http://www.xbrl.org/2003/arcrole/concept-label" xlink:from="OtherInformationForSpecialAttentionNA" xlink:to="label_OtherInformationForSpecialAttentionNA"/>
    <link:label xlink:type="resource" xlink:label="label_OtherInformationForSpecialAttentionNA_2" xlink:role="http://www.xbrl.org/2003/role/verboseLabel" xml:lang="ja" id="label_OtherInformationForSpecialAttentionNA_2">特記事項（該当なし）</link:label>
    <link:labelArc xlink:type="arc" xlink:arcrole="http://www.xbrl.org/2003/arcrole/concept-label" xlink:from="OtherInformationForSpecialAttentionNA" xlink:to="label_OtherInformationForSpecialAttentionNA_2"/>
    <link:loc xlink:type="locator" xlink:href="../jpctl_cor_2013-08-31.xsd#jpctl_cor_IndependentAuditorsReportHeading" xlink:label="IndependentAuditorsReportHeading"/>
    <link:label xlink:type="resource" xlink:label="label_IndependentAuditorsReportHeading" xlink:role="http://www.xbrl.org/2003/role/label" xml:lang="ja" id="label_IndependentAuditorsReportHeading">独立監査人の報告書</link:label>
    <link:labelArc xlink:type="arc" xlink:arcrole="http://www.xbrl.org/2003/arcrole/concept-label" xlink:from="IndependentAuditorsReportHeading" xlink:to="label_IndependentAuditorsReportHeading"/>
    <link:label xlink:type="resource" xlink:label="label_IndependentAuditorsReportHeading_2" xlink:role="http://www.xbrl.org/2003/role/verboseLabel" xml:lang="ja" id="label_IndependentAuditorsReportHeading_2">独立監査人の報告書 [目次項目]</link:label>
    <link:labelArc xlink:type="arc" xlink:arcrole="http://www.xbrl.org/2003/arcrole/concept-label" xlink:from="IndependentAuditorsReportHeading" xlink:to="label_IndependentAuditorsReportHeading_2"/>
    <link:loc xlink:type="locator" xlink:href="../jpctl_cor_2013-08-31.xsd#jpctl_cor_IndependentAuditorsReportTextBlock" xlink:label="IndependentAuditorsReportTextBlock"/>
    <link:label xlink:type="resource" xlink:label="label_IndependentAuditorsReportTextBlock" xlink:role="http://www.xbrl.org/2003/role/label" xml:lang="ja" id="label_IndependentAuditorsReportTextBlock">独立監査人の報告書</link:label>
    <link:labelArc xlink:type="arc" xlink:arcrole="http://www.xbrl.org/2003/arcrole/concept-label" xlink:from="IndependentAuditorsReportTextBlock" xlink:to="label_IndependentAuditorsReportTextBlock"/>
    <link:label xlink:type="resource" xlink:label="label_IndependentAuditorsReportTextBlock_2" xlink:role="http://www.xbrl.org/2003/role/verboseLabel" xml:lang="ja" id="label_IndependentAuditorsReportTextBlock_2">独立監査人の報告書 [テキストブロック]</link:label>
    <link:labelArc xlink:type="arc" xlink:arcrole="http://www.xbrl.org/2003/arcrole/concept-label" xlink:from="IndependentAuditorsReportTextBlock" xlink:to="label_IndependentAuditorsReportTextBlock_2"/>
    <link:loc xlink:type="locator" xlink:href="../jpctl_cor_2013-08-31.xsd#jpctl_cor_DocumentTitleCoverPage" xlink:label="DocumentTitleCoverPage"/>
    <link:label xlink:type="resource" xlink:label="label_DocumentTitleCoverPage" xlink:role="http://www.xbrl.org/2003/role/label" xml:lang="ja" id="label_DocumentTitleCoverPage">提出書類</link:label>
    <link:labelArc xlink:type="arc" xlink:arcrole="http://www.xbrl.org/2003/arcrole/concept-label" xlink:from="DocumentTitleCoverPage" xlink:to="label_DocumentTitleCoverPage"/>
    <link:label xlink:type="resource" xlink:label="label_DocumentTitleCoverPage_2" xlink:role="http://www.xbrl.org/2003/role/verboseLabel" xml:lang="ja" id="label_DocumentTitleCoverPage_2">提出書類、表紙</link:label>
    <link:labelArc xlink:type="arc" xlink:arcrole="http://www.xbrl.org/2003/arcrole/concept-label" xlink:from="DocumentTitleCoverPage" xlink:to="label_DocumentTitleCoverPage_2"/>
    <link:loc xlink:type="locator" xlink:href="../jpctl_cor_2013-08-31.xsd#jpctl_cor_ClauseOfStipulationCoverPage" xlink:label="ClauseOfStipulationCoverPage"/>
    <link:label xlink:type="resource" xlink:label="label_ClauseOfStipulationCoverPage" xlink:role="http://www.xbrl.org/2003/role/label" xml:lang="ja" id="label_ClauseOfStipulationCoverPage">根拠条文</link:label>
    <link:labelArc xlink:type="arc" xlink:arcrole="http://www.xbrl.org/2003/arcrole/concept-label" xlink:from="ClauseOfStipulationCoverPage" xlink:to="label_ClauseOfStipulationCoverPage"/>
    <link:label xlink:type="resource" xlink:label="label_ClauseOfStipulationCoverPage_2" xlink:role="http://www.xbrl.org/2003/role/verboseLabel" xml:lang="ja" id="label_ClauseOfStipulationCoverPage_2">根拠条文、表紙</link:label>
    <link:labelArc xlink:type="arc" xlink:arcrole="http://www.xbrl.org/2003/arcrole/concept-label" xlink:from="ClauseOfStipulationCoverPage" xlink:to="label_ClauseOfStipulationCoverPage_2"/>
    <link:loc xlink:type="locator" xlink:href="../jpctl_cor_2013-08-31.xsd#jpctl_cor_PlaceOfFilingCoverPage" xlink:label="PlaceOfFilingCoverPage"/>
    <link:label xlink:type="resource" xlink:label="label_PlaceOfFilingCoverPage" xlink:role="http://www.xbrl.org/2003/role/label" xml:lang="ja" id="label_PlaceOfFilingCoverPage">提出先</link:label>
    <link:labelArc xlink:type="arc" xlink:arcrole="http://www.xbrl.org/2003/arcrole/concept-label" xlink:from="PlaceOfFilingCoverPage" xlink:to="label_PlaceOfFilingCoverPage"/>
    <link:label xlink:type="resource" xlink:label="label_PlaceOfFilingCoverPage_2" xlink:role="http://www.xbrl.org/2003/role/verboseLabel" xml:lang="ja" id="label_PlaceOfFilingCoverPage_2">提出先、表紙</link:label>
    <link:labelArc xlink:type="arc" xlink:arcrole="http://www.xbrl.org/2003/arcrole/concept-label" xlink:from="PlaceOfFilingCoverPage" xlink:to="label_PlaceOfFilingCoverPage_2"/>
    <link:loc xlink:type="locator" xlink:href="../jpctl_cor_2013-08-31.xsd#jpctl_cor_FilingDateCoverPage" xlink:label="FilingDateCoverPage"/>
    <link:label xlink:type="resource" xlink:label="label_FilingDateCoverPage" xlink:role="http://www.xbrl.org/2003/role/label" xml:lang="ja" id="label_FilingDateCoverPage">提出日</link:label>
    <link:labelArc xlink:type="arc" xlink:arcrole="http://www.xbrl.org/2003/arcrole/concept-label" xlink:from="FilingDateCoverPage" xlink:to="label_FilingDateCoverPage"/>
    <link:label xlink:type="resource" xlink:label="label_FilingDateCoverPage_2" xlink:role="http://www.xbrl.org/2003/role/verboseLabel" xml:lang="ja" id="label_FilingDateCoverPage_2">提出日、表紙</link:label>
    <link:labelArc xlink:type="arc" xlink:arcrole="http://www.xbrl.org/2003/arcrole/concept-label" xlink:from="FilingDateCoverPage" xlink:to="label_FilingDateCoverPage_2"/>
    <link:loc xlink:type="locator" xlink:href="../jpctl_cor_2013-08-31.xsd#jpctl_cor_CompanyNameCoverPage" xlink:label="CompanyNameCoverPage"/>
    <link:label xlink:type="resource" xlink:label="label_CompanyNameCoverPage" xlink:role="http://www.xbrl.org/2003/role/label" xml:lang="ja" id="label_CompanyNameCoverPage">会社名</link:label>
    <link:labelArc xlink:type="arc" xlink:arcrole="http://www.xbrl.org/2003/arcrole/concept-label" xlink:from="CompanyNameCoverPage" xlink:to="label_CompanyNameCoverPage"/>
    <link:label xlink:type="resource" xlink:label="label_CompanyNameCoverPage_2" xlink:role="http://www.xbrl.org/2003/role/verboseLabel" xml:lang="ja" id="label_CompanyNameCoverPage_2">会社名、表紙</link:label>
    <link:labelArc xlink:type="arc" xlink:arcrole="http://www.xbrl.org/2003/arcrole/concept-label" xlink:from="CompanyNameCoverPage" xlink:to="label_CompanyNameCoverPage_2"/>
    <link:loc xlink:type="locator" xlink:href="../jpctl_cor_2013-08-31.xsd#jpctl_cor_CompanyNameInEnglishCoverPage" xlink:label="CompanyNameInEnglishCoverPage"/>
    <link:label xlink:type="resource" xlink:label="label_CompanyNameInEnglishCoverPage" xlink:role="http://www.xbrl.org/2003/role/label" xml:lang="ja" id="label_CompanyNameInEnglishCoverPage">英訳名</link:label>
    <link:labelArc xlink:type="arc" xlink:arcrole="http://www.xbrl.org/2003/arcrole/concept-label" xlink:from="CompanyNameInEnglishCoverPage" xlink:to="label_CompanyNameInEnglishCoverPage"/>
    <link:label xlink:type="resource" xlink:label="label_CompanyNameInEnglishCoverPage_2" xlink:role="http://www.xbrl.org/2003/role/verboseLabel" xml:lang="ja" id="label_CompanyNameInEnglishCoverPage_2">英訳名、表紙</link:label>
    <link:labelArc xlink:type="arc" xlink:arcrole="http://www.xbrl.org/2003/arcrole/concept-label" xlink:from="CompanyNameInEnglishCoverPage" xlink:to="label_CompanyNameInEnglishCoverPage_2"/>
    <link:loc xlink:type="locator" xlink:href="../jpctl_cor_2013-08-31.xsd#jpctl_cor_TitleAndNameOfRepresentativeCoverPage" xlink:label="TitleAndNameOfRepresentativeCoverPage"/>
    <link:label xlink:type="resource" xlink:label="label_TitleAndNameOfRepresentativeCoverPage" xlink:role="http://www.xbrl.org/2003/role/label" xml:lang="ja" id="label_TitleAndNameOfRepresentativeCoverPage">代表者の役職氏名</link:label>
    <link:labelArc xlink:type="arc" xlink:arcrole="http://www.xbrl.org/2003/arcrole/concept-label" xlink:from="TitleAndNameOfRepresentativeCoverPage" xlink:to="label_TitleAndNameOfRepresentativeCoverPage"/>
    <link:label xlink:type="resource" xlink:label="label_TitleAndNameOfRepresentativeCoverPage_2" xlink:role="http://www.xbrl.org/2003/role/verboseLabel" xml:lang="ja" id="label_TitleAndNameOfRepresentativeCoverPage_2">代表者の役職氏名、表紙</link:label>
    <link:labelArc xlink:type="arc" xlink:arcrole="http://www.xbrl.org/2003/arcrole/concept-label" xlink:from="TitleAndNameOfRepresentativeCoverPage" xlink:to="label_TitleAndNameOfRepresentativeCoverPage_2"/>
    <link:loc xlink:type="locator" xlink:href="../jpctl_cor_2013-08-31.xsd#jpctl_cor_TitleAndNameOfChiefFinancialOfficerCoverPage" xlink:label="TitleAndNameOfChiefFinancialOfficerCoverPage"/>
    <link:label xlink:type="resource" xlink:label="label_TitleAndNameOfChiefFinancialOfficerCoverPage" xlink:role="http://www.xbrl.org/2003/role/label" xml:lang="ja" id="label_TitleAndNameOfChiefFinancialOfficerCoverPage">最高財務責任者の役職氏名</link:label>
    <link:labelArc xlink:type="arc" xlink:arcrole="http://www.xbrl.org/2003/arcrole/concept-label" xlink:from="TitleAndNameOfChiefFinancialOfficerCoverPage" xlink:to="label_TitleAndNameOfChiefFinancialOfficerCoverPage"/>
    <link:label xlink:type="resource" xlink:label="label_TitleAndNameOfChiefFinancialOfficerCoverPage_2" xlink:role="http://www.xbrl.org/2003/role/verboseLabel" xml:lang="ja" id="label_TitleAndNameOfChiefFinancialOfficerCoverPage_2">最高財務責任者の役職氏名、表紙</link:label>
    <link:labelArc xlink:type="arc" xlink:arcrole="http://www.xbrl.org/2003/arcrole/concept-label" xlink:from="TitleAndNameOfChiefFinancialOfficerCoverPage" xlink:to="label_TitleAndNameOfChiefFinancialOfficerCoverPage_2"/>
    <link:loc xlink:type="locator" xlink:href="../jpctl_cor_2013-08-31.xsd#jpctl_cor_TitleAndNameOfChiefFinancialOfficerCoverPageNA" xlink:label="TitleAndNameOfChiefFinancialOfficerCoverPageNA"/>
    <link:label xlink:type="resource" xlink:label="label_TitleAndNameOfChiefFinancialOfficerCoverPageNA" xlink:role="http://www.xbrl.org/2003/role/label" xml:lang="ja" id="label_TitleAndNameOfChiefFinancialOfficerCoverPageNA">最高財務責任者の役職氏名（該当なし）</link:label>
    <link:labelArc xlink:type="arc" xlink:arcrole="http://www.xbrl.org/2003/arcrole/concept-label" xlink:from="TitleAndNameOfChiefFinancialOfficerCoverPageNA" xlink:to="label_TitleAndNameOfChiefFinancialOfficerCoverPageNA"/>
    <link:label xlink:type="resource" xlink:label="label_TitleAndNameOfChiefFinancialOfficerCoverPageNA_2" xlink:role="http://www.xbrl.org/2003/role/verboseLabel" xml:lang="ja" id="label_TitleAndNameOfChiefFinancialOfficerCoverPageNA_2">最高財務責任者の役職氏名、表紙（該当なし）</link:label>
    <link:labelArc xlink:type="arc" xlink:arcrole="http://www.xbrl.org/2003/arcrole/concept-label" xlink:from="TitleAndNameOfChiefFinancialOfficerCoverPageNA" xlink:to="label_TitleAndNameOfChiefFinancialOfficerCoverPageNA_2"/>
    <link:loc xlink:type="locator" xlink:href="../jpctl_cor_2013-08-31.xsd#jpctl_cor_AddressOfRegisteredHeadquarterCoverPage" xlink:label="AddressOfRegisteredHeadquarterCoverPage"/>
    <link:label xlink:type="resource" xlink:label="label_AddressOfRegisteredHeadquarterCoverPage" xlink:role="http://www.xbrl.org/2003/role/label" xml:lang="ja" id="label_AddressOfRegisteredHeadquarterCoverPage">本店の所在の場所</link:label>
    <link:labelArc xlink:type="arc" xlink:arcrole="http://www.xbrl.org/2003/arcrole/concept-label" xlink:from="AddressOfRegisteredHeadquarterCoverPage" xlink:to="label_AddressOfRegisteredHeadquarterCoverPage"/>
    <link:label xlink:type="resource" xlink:label="label_AddressOfRegisteredHeadquarterCoverPage_2" xlink:role="http://www.xbrl.org/2003/role/verboseLabel" xml:lang="ja" id="label_AddressOfRegisteredHeadquarterCoverPage_2">本店の所在の場所、表紙</link:label>
    <link:labelArc xlink:type="arc" xlink:arcrole="http://www.xbrl.org/2003/arcrole/concept-label" xlink:from="AddressOfRegisteredHeadquarterCoverPage" xlink:to="label_AddressOfRegisteredHeadquarterCoverPage_2"/>
    <link:loc xlink:type="locator" xlink:href="../jpctl_cor_2013-08-31.xsd#jpctl_cor_PlaceForPublicInspectionCoverPageTextBlock" xlink:label="PlaceForPublicInspectionCoverPageTextBlock"/>
    <link:label xlink:type="resource" xlink:label="label_PlaceForPublicInspectionCoverPageTextBlock" xlink:role="http://www.xbrl.org/2003/role/label" xml:lang="ja" id="label_PlaceForPublicInspectionCoverPageTextBlock">縦覧に供する場所</link:label>
    <link:labelArc xlink:type="arc" xlink:arcrole="http://www.xbrl.org/2003/arcrole/concept-label" xlink:from="PlaceForPublicInspectionCoverPageTextBlock" xlink:to="label_PlaceForPublicInspectionCoverPageTextBlock"/>
    <link:label xlink:type="resource" xlink:label="label_PlaceForPublicInspectionCoverPageTextBlock_2" xlink:role="http://www.xbrl.org/2003/role/verboseLabel" xml:lang="ja" id="label_PlaceForPublicInspectionCoverPageTextBlock_2">縦覧に供する場所、表紙 [テキストブロック]</link:label>
    <link:labelArc xlink:type="arc" xlink:arcrole="http://www.xbrl.org/2003/arcrole/concept-label" xlink:from="PlaceForPublicInspectionCoverPageTextBlock" xlink:to="label_PlaceForPublicInspectionCoverPageTextBlock_2"/>
    <link:loc xlink:type="locator" xlink:href="../jpctl_cor_2013-08-31.xsd#jpctl_cor_PlaceForPublicInspectionCoverPageNA" xlink:label="PlaceForPublicInspectionCoverPageNA"/>
    <link:label xlink:type="resource" xlink:label="label_PlaceForPublicInspectionCoverPageNA" xlink:role="http://www.xbrl.org/2003/role/label" xml:lang="ja" id="label_PlaceForPublicInspectionCoverPageNA">縦覧に供する場所（該当なし）</link:label>
    <link:labelArc xlink:type="arc" xlink:arcrole="http://www.xbrl.org/2003/arcrole/concept-label" xlink:from="PlaceForPublicInspectionCoverPageNA" xlink:to="label_PlaceForPublicInspectionCoverPageNA"/>
    <link:label xlink:type="resource" xlink:label="label_PlaceForPublicInspectionCoverPageNA_2" xlink:role="http://www.xbrl.org/2003/role/verboseLabel" xml:lang="ja" id="label_PlaceForPublicInspectionCoverPageNA_2">縦覧に供する場所、表紙（該当なし）</link:label>
    <link:labelArc xlink:type="arc" xlink:arcrole="http://www.xbrl.org/2003/arcrole/concept-label" xlink:from="PlaceForPublicInspectionCoverPageNA" xlink:to="label_PlaceForPublicInspectionCoverPageNA_2"/>
  </link:labelLink>
</link:linkbase>
