<?xml version="1.0" encoding="UTF-8"?>
<!--  (c) Financial Services Agency, The Japanese Government.
      All Rights Reserved.
      For intellectual property policy and authorized uses of EDINET Taxonomy,
      refer to “EDINET Taxonomy Legal Statement” at http://www.fsa.go.jp/search/EDINET_Taxonomy_Legal_Statement.html
-->
<link:linkbase xmlns:link="http://www.xbrl.org/2003/linkbase" xmlns:xsi="http://www.w3.org/2001/XMLSchema-instance" xmlns:xlink="http://www.w3.org/1999/xlink" xmlns:xbrli="http://www.xbrl.org/2003/instance">
  <link:roleRef roleURI="http://disclosure.edinet-fsa.go.jp/role/jpigp/rol_std_NotesGoodwillAndIntangibleAssetsConsolidatedFinancialStatementsIFRS" xlink:type="simple" xlink:href="../jpigp_rt_2025-11-01.xsd#rol_std_NotesGoodwillAndIntangibleAssetsConsolidatedFinancialStatementsIFRS"/>
  <link:presentationLink xlink:type="extended" xlink:role="http://disclosure.edinet-fsa.go.jp/role/jpigp/rol_std_NotesGoodwillAndIntangibleAssetsConsolidatedFinancialStatementsIFRS">
    <link:loc xlink:type="locator" xlink:href="../../../jppfs/2025-11-01/jppfs_cor_2025-11-01.xsd#jppfs_cor_ConsolidatedOrNonConsolidatedAxis" xlink:label="ConsolidatedOrNonConsolidatedAxis"/>
    <link:loc xlink:type="locator" xlink:href="../../../jppfs/2025-11-01/jppfs_cor_2025-11-01.xsd#jppfs_cor_ConsolidatedMember" xlink:label="ConsolidatedMember"/>
    <link:presentationArc xlink:type="arc" xlink:arcrole="http://www.xbrl.org/2003/arcrole/parent-child" xlink:from="ConsolidatedOrNonConsolidatedAxis" xlink:to="ConsolidatedMember" order="1.0"/>
    <link:loc xlink:type="locator" xlink:href="../jpigp_cor_2025-11-01.xsd#jpigp_cor_NotesGoodwillAndIntangibleAssetsConsolidatedFinancialStatementsIFRSHeading" xlink:label="NotesGoodwillAndIntangibleAssetsConsolidatedFinancialStatementsIFRSHeading"/>
    <link:loc xlink:type="locator" xlink:href="../jpigp_cor_2025-11-01.xsd#jpigp_cor_ComponentsOfGoodwillAndIntangibleAssetsIFRSTable" xlink:label="ComponentsOfGoodwillAndIntangibleAssetsIFRSTable"/>
    <link:presentationArc xlink:type="arc" xlink:arcrole="http://www.xbrl.org/2003/arcrole/parent-child" xlink:from="NotesGoodwillAndIntangibleAssetsConsolidatedFinancialStatementsIFRSHeading" xlink:to="ComponentsOfGoodwillAndIntangibleAssetsIFRSTable" order="1.0"/>
    <link:presentationArc xlink:type="arc" xlink:arcrole="http://www.xbrl.org/2003/arcrole/parent-child" xlink:from="ComponentsOfGoodwillAndIntangibleAssetsIFRSTable" xlink:to="ConsolidatedOrNonConsolidatedAxis" order="1.0"/>
    <link:loc xlink:type="locator" xlink:href="../jpigp_cor_2025-11-01.xsd#jpigp_cor_ComponentsOfGoodwillAndIntangibleAssetsIFRSLineItems" xlink:label="ComponentsOfGoodwillAndIntangibleAssetsIFRSLineItems"/>
    <link:presentationArc xlink:type="arc" xlink:arcrole="http://www.xbrl.org/2003/arcrole/parent-child" xlink:from="NotesGoodwillAndIntangibleAssetsConsolidatedFinancialStatementsIFRSHeading" xlink:to="ComponentsOfGoodwillAndIntangibleAssetsIFRSLineItems" order="2.0"/>
    <link:loc xlink:type="locator" xlink:href="../jpigp_cor_2025-11-01.xsd#jpigp_cor_AcquisitionCostComponentsOfGoodwillAndIntangibleAssetsIFRSAbstract" xlink:label="AcquisitionCostComponentsOfGoodwillAndIntangibleAssetsIFRSAbstract"/>
    <link:presentationArc xlink:type="arc" xlink:arcrole="http://www.xbrl.org/2003/arcrole/parent-child" xlink:from="ComponentsOfGoodwillAndIntangibleAssetsIFRSLineItems" xlink:to="AcquisitionCostComponentsOfGoodwillAndIntangibleAssetsIFRSAbstract" order="1.0"/>
    <link:loc xlink:type="locator" xlink:href="../jpigp_cor_2025-11-01.xsd#jpigp_cor_GoodwillAcquisitionCostIFRS" xlink:label="GoodwillAcquisitionCostIFRS"/>
    <link:presentationArc xlink:type="arc" xlink:arcrole="http://www.xbrl.org/2003/arcrole/parent-child" xlink:from="AcquisitionCostComponentsOfGoodwillAndIntangibleAssetsIFRSAbstract" xlink:to="GoodwillAcquisitionCostIFRS" order="1.0"/>
    <link:loc xlink:type="locator" xlink:href="../jpigp_cor_2025-11-01.xsd#jpigp_cor_PatentsAcquisitionCostIFRS" xlink:label="PatentsAcquisitionCostIFRS"/>
    <link:presentationArc xlink:type="arc" xlink:arcrole="http://www.xbrl.org/2003/arcrole/parent-child" xlink:from="AcquisitionCostComponentsOfGoodwillAndIntangibleAssetsIFRSAbstract" xlink:to="PatentsAcquisitionCostIFRS" order="2.0"/>
    <link:loc xlink:type="locator" xlink:href="../jpigp_cor_2025-11-01.xsd#jpigp_cor_CustomerRelationshipsAcquisitionCostIFRS" xlink:label="CustomerRelationshipsAcquisitionCostIFRS"/>
    <link:presentationArc xlink:type="arc" xlink:arcrole="http://www.xbrl.org/2003/arcrole/parent-child" xlink:from="AcquisitionCostComponentsOfGoodwillAndIntangibleAssetsIFRSAbstract" xlink:to="CustomerRelationshipsAcquisitionCostIFRS" order="3.0"/>
    <link:loc xlink:type="locator" xlink:href="../jpigp_cor_2025-11-01.xsd#jpigp_cor_SoftwareAcquisitionCostIFRS" xlink:label="SoftwareAcquisitionCostIFRS"/>
    <link:presentationArc xlink:type="arc" xlink:arcrole="http://www.xbrl.org/2003/arcrole/parent-child" xlink:from="AcquisitionCostComponentsOfGoodwillAndIntangibleAssetsIFRSAbstract" xlink:to="SoftwareAcquisitionCostIFRS" order="4.0"/>
    <link:loc xlink:type="locator" xlink:href="../jpigp_cor_2025-11-01.xsd#jpigp_cor_OtherComponentsOfIntangibleAssetsAcquisitionCostIFRS" xlink:label="OtherComponentsOfIntangibleAssetsAcquisitionCostIFRS"/>
    <link:presentationArc xlink:type="arc" xlink:arcrole="http://www.xbrl.org/2003/arcrole/parent-child" xlink:from="AcquisitionCostComponentsOfGoodwillAndIntangibleAssetsIFRSAbstract" xlink:to="OtherComponentsOfIntangibleAssetsAcquisitionCostIFRS" order="5.0"/>
    <link:loc xlink:type="locator" xlink:href="../jpigp_cor_2025-11-01.xsd#jpigp_cor_GoodwillAndIntangibleAssetsAcquisitionCostIFRS" xlink:label="GoodwillAndIntangibleAssetsAcquisitionCostIFRS"/>
    <link:presentationArc xlink:type="arc" xlink:arcrole="http://www.xbrl.org/2003/arcrole/parent-child" xlink:from="AcquisitionCostComponentsOfGoodwillAndIntangibleAssetsIFRSAbstract" xlink:to="GoodwillAndIntangibleAssetsAcquisitionCostIFRS" order="6.0" preferredLabel="http://www.xbrl.org/2003/role/totalLabel"/>
    <link:loc xlink:type="locator" xlink:href="../jpigp_cor_2025-11-01.xsd#jpigp_cor_AccumulatedAmortizationAndImpairmentLossesComponentsOfGoodwillAndIntangibleAssetsIFRSAbstract" xlink:label="AccumulatedAmortizationAndImpairmentLossesComponentsOfGoodwillAndIntangibleAssetsIFRSAbstract"/>
    <link:presentationArc xlink:type="arc" xlink:arcrole="http://www.xbrl.org/2003/arcrole/parent-child" xlink:from="ComponentsOfGoodwillAndIntangibleAssetsIFRSLineItems" xlink:to="AccumulatedAmortizationAndImpairmentLossesComponentsOfGoodwillAndIntangibleAssetsIFRSAbstract" order="2.0"/>
    <link:loc xlink:type="locator" xlink:href="../jpigp_cor_2025-11-01.xsd#jpigp_cor_GoodwillAccumulatedImpairmentLossesIFRS" xlink:label="GoodwillAccumulatedImpairmentLossesIFRS"/>
    <link:presentationArc xlink:type="arc" xlink:arcrole="http://www.xbrl.org/2003/arcrole/parent-child" xlink:from="AccumulatedAmortizationAndImpairmentLossesComponentsOfGoodwillAndIntangibleAssetsIFRSAbstract" xlink:to="GoodwillAccumulatedImpairmentLossesIFRS" order="1.0"/>
    <link:loc xlink:type="locator" xlink:href="../jpigp_cor_2025-11-01.xsd#jpigp_cor_PatentsAccumulatedAmortizationAndImpairmentLossesIFRS" xlink:label="PatentsAccumulatedAmortizationAndImpairmentLossesIFRS"/>
    <link:presentationArc xlink:type="arc" xlink:arcrole="http://www.xbrl.org/2003/arcrole/parent-child" xlink:from="AccumulatedAmortizationAndImpairmentLossesComponentsOfGoodwillAndIntangibleAssetsIFRSAbstract" xlink:to="PatentsAccumulatedAmortizationAndImpairmentLossesIFRS" order="2.0"/>
    <link:loc xlink:type="locator" xlink:href="../jpigp_cor_2025-11-01.xsd#jpigp_cor_CustomerRelationshipsAccumulatedAmortizationAndImpairmentLossesIFRS" xlink:label="CustomerRelationshipsAccumulatedAmortizationAndImpairmentLossesIFRS"/>
    <link:presentationArc xlink:type="arc" xlink:arcrole="http://www.xbrl.org/2003/arcrole/parent-child" xlink:from="AccumulatedAmortizationAndImpairmentLossesComponentsOfGoodwillAndIntangibleAssetsIFRSAbstract" xlink:to="CustomerRelationshipsAccumulatedAmortizationAndImpairmentLossesIFRS" order="3.0"/>
    <link:loc xlink:type="locator" xlink:href="../jpigp_cor_2025-11-01.xsd#jpigp_cor_SoftwareAccumulatedAmortizationAndImpairmentLossesIFRS" xlink:label="SoftwareAccumulatedAmortizationAndImpairmentLossesIFRS"/>
    <link:presentationArc xlink:type="arc" xlink:arcrole="http://www.xbrl.org/2003/arcrole/parent-child" xlink:from="AccumulatedAmortizationAndImpairmentLossesComponentsOfGoodwillAndIntangibleAssetsIFRSAbstract" xlink:to="SoftwareAccumulatedAmortizationAndImpairmentLossesIFRS" order="4.0"/>
    <link:loc xlink:type="locator" xlink:href="../jpigp_cor_2025-11-01.xsd#jpigp_cor_OtherComponentsOfIntangibleAssetsAccumulatedAmortizationAndImpairmentLossesIFRS" xlink:label="OtherComponentsOfIntangibleAssetsAccumulatedAmortizationAndImpairmentLossesIFRS"/>
    <link:presentationArc xlink:type="arc" xlink:arcrole="http://www.xbrl.org/2003/arcrole/parent-child" xlink:from="AccumulatedAmortizationAndImpairmentLossesComponentsOfGoodwillAndIntangibleAssetsIFRSAbstract" xlink:to="OtherComponentsOfIntangibleAssetsAccumulatedAmortizationAndImpairmentLossesIFRS" order="5.0"/>
    <link:loc xlink:type="locator" xlink:href="../jpigp_cor_2025-11-01.xsd#jpigp_cor_GoodwillAndIntangibleAssetsAccumulatedAmortizationAndImpairmentLossesIFRS" xlink:label="GoodwillAndIntangibleAssetsAccumulatedAmortizationAndImpairmentLossesIFRS"/>
    <link:presentationArc xlink:type="arc" xlink:arcrole="http://www.xbrl.org/2003/arcrole/parent-child" xlink:from="AccumulatedAmortizationAndImpairmentLossesComponentsOfGoodwillAndIntangibleAssetsIFRSAbstract" xlink:to="GoodwillAndIntangibleAssetsAccumulatedAmortizationAndImpairmentLossesIFRS" order="6.0" preferredLabel="http://www.xbrl.org/2003/role/totalLabel"/>
    <link:loc xlink:type="locator" xlink:href="../jpigp_cor_2025-11-01.xsd#jpigp_cor_CarryingAmountComponentsOfGoodwillAndIntangibleAssetsIFRSAbstract" xlink:label="CarryingAmountComponentsOfGoodwillAndIntangibleAssetsIFRSAbstract"/>
    <link:presentationArc xlink:type="arc" xlink:arcrole="http://www.xbrl.org/2003/arcrole/parent-child" xlink:from="ComponentsOfGoodwillAndIntangibleAssetsIFRSLineItems" xlink:to="CarryingAmountComponentsOfGoodwillAndIntangibleAssetsIFRSAbstract" order="3.0"/>
    <link:loc xlink:type="locator" xlink:href="../jpigp_cor_2025-11-01.xsd#jpigp_cor_GoodwillIFRS" xlink:label="GoodwillIFRS"/>
    <link:presentationArc xlink:type="arc" xlink:arcrole="http://www.xbrl.org/2003/arcrole/parent-child" xlink:from="CarryingAmountComponentsOfGoodwillAndIntangibleAssetsIFRSAbstract" xlink:to="GoodwillIFRS" order="1.0"/>
    <link:loc xlink:type="locator" xlink:href="../jpigp_cor_2025-11-01.xsd#jpigp_cor_PatentsIFRS" xlink:label="PatentsIFRS"/>
    <link:presentationArc xlink:type="arc" xlink:arcrole="http://www.xbrl.org/2003/arcrole/parent-child" xlink:from="CarryingAmountComponentsOfGoodwillAndIntangibleAssetsIFRSAbstract" xlink:to="PatentsIFRS" order="2.0"/>
    <link:loc xlink:type="locator" xlink:href="../jpigp_cor_2025-11-01.xsd#jpigp_cor_CustomerRelationshipsIFRS" xlink:label="CustomerRelationshipsIFRS"/>
    <link:presentationArc xlink:type="arc" xlink:arcrole="http://www.xbrl.org/2003/arcrole/parent-child" xlink:from="CarryingAmountComponentsOfGoodwillAndIntangibleAssetsIFRSAbstract" xlink:to="CustomerRelationshipsIFRS" order="3.0"/>
    <link:loc xlink:type="locator" xlink:href="../jpigp_cor_2025-11-01.xsd#jpigp_cor_SoftwareIFRS" xlink:label="SoftwareIFRS"/>
    <link:presentationArc xlink:type="arc" xlink:arcrole="http://www.xbrl.org/2003/arcrole/parent-child" xlink:from="CarryingAmountComponentsOfGoodwillAndIntangibleAssetsIFRSAbstract" xlink:to="SoftwareIFRS" order="4.0"/>
    <link:loc xlink:type="locator" xlink:href="../jpigp_cor_2025-11-01.xsd#jpigp_cor_OtherComponentsOfIntangibleAssetsIFRS" xlink:label="OtherComponentsOfIntangibleAssetsIFRS"/>
    <link:presentationArc xlink:type="arc" xlink:arcrole="http://www.xbrl.org/2003/arcrole/parent-child" xlink:from="CarryingAmountComponentsOfGoodwillAndIntangibleAssetsIFRSAbstract" xlink:to="OtherComponentsOfIntangibleAssetsIFRS" order="5.0"/>
    <link:loc xlink:type="locator" xlink:href="../jpigp_cor_2025-11-01.xsd#jpigp_cor_GoodwillAndIntangibleAssetsIFRS" xlink:label="GoodwillAndIntangibleAssetsIFRS"/>
    <link:presentationArc xlink:type="arc" xlink:arcrole="http://www.xbrl.org/2003/arcrole/parent-child" xlink:from="CarryingAmountComponentsOfGoodwillAndIntangibleAssetsIFRSAbstract" xlink:to="GoodwillAndIntangibleAssetsIFRS" order="6.0" preferredLabel="http://www.xbrl.org/2003/role/totalLabel"/>
  </link:presentationLink>
</link:linkbase>
