<?xml version="1.0" encoding="UTF-8"?>
<!--  (c) Financial Services Agency, The Japanese Government.
      All Rights Reserved.
      For intellectual property policy and authorized uses of EDINET Taxonomy,
      refer to “EDINET Taxonomy Legal Statement” at http://www.fsa.go.jp/search/EDINET_Taxonomy_Legal_Statement.html
-->
<link:linkbase xmlns:link="http://www.xbrl.org/2003/linkbase" xmlns:xsi="http://www.w3.org/2001/XMLSchema-instance" xmlns:xlink="http://www.w3.org/1999/xlink" xmlns:xbrli="http://www.xbrl.org/2003/instance">
  <link:roleRef roleURI="http://disclosure.edinet-fsa.go.jp/role/jppfs/rol_bk1_BalanceSheet-ListOfAccounts" xlink:type="simple" xlink:href="../../jppfs_rt_2020-11-01.xsd#rol_bk1_BalanceSheet-ListOfAccounts"/>
  <link:definitionLink xlink:type="extended" xlink:role="http://disclosure.edinet-fsa.go.jp/role/jppfs/rol_bk1_BalanceSheet-ListOfAccounts">
    <link:loc xlink:type="locator" xlink:href="../../jppfs_cor_2020-11-01.xsd#jppfs_cor_BalanceSheetLineItems" xlink:label="BalanceSheetLineItems"/>
    <link:loc xlink:type="locator" xlink:href="../../jppfs_cor_2020-11-01.xsd#jppfs_cor_AssetsAbstract" xlink:label="AssetsAbstract"/>
    <link:definitionArc xlink:type="arc" xlink:arcrole="http://www.xbrl.org/2003/arcrole/general-special" xlink:from="BalanceSheetLineItems" xlink:to="AssetsAbstract" order="1.0"/>
    <link:loc xlink:type="locator" xlink:href="../../jppfs_cor_2020-11-01.xsd#jppfs_cor_CashAndDueFromBanksAssetsBNK" xlink:label="CashAndDueFromBanksAssetsBNK"/>
    <link:definitionArc xlink:type="arc" xlink:arcrole="http://www.xbrl.org/2003/arcrole/general-special" xlink:from="AssetsAbstract" xlink:to="CashAndDueFromBanksAssetsBNK" order="1.0"/>
    <link:loc xlink:type="locator" xlink:href="../../jppfs_cor_2020-11-01.xsd#jppfs_cor_CashAssetsBNK" xlink:label="CashAssetsBNK"/>
    <link:definitionArc xlink:type="arc" xlink:arcrole="http://www.xbrl.org/2003/arcrole/general-special" xlink:from="CashAndDueFromBanksAssetsBNK" xlink:to="CashAssetsBNK" order="1.0"/>
    <link:loc xlink:type="locator" xlink:href="../../jppfs_cor_2020-11-01.xsd#jppfs_cor_DueFromBanksAssetsBNK" xlink:label="DueFromBanksAssetsBNK"/>
    <link:definitionArc xlink:type="arc" xlink:arcrole="http://www.xbrl.org/2003/arcrole/general-special" xlink:from="CashAndDueFromBanksAssetsBNK" xlink:to="DueFromBanksAssetsBNK" order="2.0"/>
    <link:loc xlink:type="locator" xlink:href="../../jppfs_cor_2020-11-01.xsd#jppfs_cor_CallLoansAndBillsBoughtAssetsBNK" xlink:label="CallLoansAndBillsBoughtAssetsBNK"/>
    <link:definitionArc xlink:type="arc" xlink:arcrole="http://www.xbrl.org/2003/arcrole/general-special" xlink:from="AssetsAbstract" xlink:to="CallLoansAndBillsBoughtAssetsBNK" order="2.0"/>
    <link:loc xlink:type="locator" xlink:href="../../jppfs_cor_2020-11-01.xsd#jppfs_cor_CallLoansAssetsBNK" xlink:label="CallLoansAssetsBNK"/>
    <link:definitionArc xlink:type="arc" xlink:arcrole="http://www.xbrl.org/2003/arcrole/general-special" xlink:from="CallLoansAndBillsBoughtAssetsBNK" xlink:to="CallLoansAssetsBNK" order="1.0"/>
    <link:loc xlink:type="locator" xlink:href="../../jppfs_cor_2020-11-01.xsd#jppfs_cor_BillsBoughtAssetsBNK" xlink:label="BillsBoughtAssetsBNK"/>
    <link:definitionArc xlink:type="arc" xlink:arcrole="http://www.xbrl.org/2003/arcrole/general-special" xlink:from="CallLoansAndBillsBoughtAssetsBNK" xlink:to="BillsBoughtAssetsBNK" order="2.0"/>
    <link:loc xlink:type="locator" xlink:href="../../jppfs_cor_2020-11-01.xsd#jppfs_cor_ReceivablesUnderResaleAgreementsAssetsBNK" xlink:label="ReceivablesUnderResaleAgreementsAssetsBNK"/>
    <link:definitionArc xlink:type="arc" xlink:arcrole="http://www.xbrl.org/2003/arcrole/general-special" xlink:from="AssetsAbstract" xlink:to="ReceivablesUnderResaleAgreementsAssetsBNK" order="3.0"/>
    <link:loc xlink:type="locator" xlink:href="../../jppfs_cor_2020-11-01.xsd#jppfs_cor_ReceivablesUnderSecuritiesBorrowingTransactionsAssetsBNK" xlink:label="ReceivablesUnderSecuritiesBorrowingTransactionsAssetsBNK"/>
    <link:definitionArc xlink:type="arc" xlink:arcrole="http://www.xbrl.org/2003/arcrole/general-special" xlink:from="AssetsAbstract" xlink:to="ReceivablesUnderSecuritiesBorrowingTransactionsAssetsBNK" order="4.0"/>
    <link:loc xlink:type="locator" xlink:href="../../jppfs_cor_2020-11-01.xsd#jppfs_cor_MonetaryClaimsBoughtAssetsBNK" xlink:label="MonetaryClaimsBoughtAssetsBNK"/>
    <link:definitionArc xlink:type="arc" xlink:arcrole="http://www.xbrl.org/2003/arcrole/general-special" xlink:from="AssetsAbstract" xlink:to="MonetaryClaimsBoughtAssetsBNK" order="5.0"/>
    <link:loc xlink:type="locator" xlink:href="../../jppfs_cor_2020-11-01.xsd#jppfs_cor_TradingAccountSecuritiesAssetsBNK" xlink:label="TradingAccountSecuritiesAssetsBNK"/>
    <link:definitionArc xlink:type="arc" xlink:arcrole="http://www.xbrl.org/2003/arcrole/general-special" xlink:from="AssetsAbstract" xlink:to="TradingAccountSecuritiesAssetsBNK" order="6.0"/>
    <link:loc xlink:type="locator" xlink:href="../../jppfs_cor_2020-11-01.xsd#jppfs_cor_TradingGovernmentBondsTradingAccountSecuritiesAssetsBNK" xlink:label="TradingGovernmentBondsTradingAccountSecuritiesAssetsBNK"/>
    <link:definitionArc xlink:type="arc" xlink:arcrole="http://www.xbrl.org/2003/arcrole/general-special" xlink:from="TradingAccountSecuritiesAssetsBNK" xlink:to="TradingGovernmentBondsTradingAccountSecuritiesAssetsBNK" order="1.0"/>
    <link:loc xlink:type="locator" xlink:href="../../jppfs_cor_2020-11-01.xsd#jppfs_cor_TradingLocalGovernmentBondsTradingAccountSecuritiesAssetsBNK" xlink:label="TradingLocalGovernmentBondsTradingAccountSecuritiesAssetsBNK"/>
    <link:definitionArc xlink:type="arc" xlink:arcrole="http://www.xbrl.org/2003/arcrole/general-special" xlink:from="TradingAccountSecuritiesAssetsBNK" xlink:to="TradingLocalGovernmentBondsTradingAccountSecuritiesAssetsBNK" order="2.0"/>
    <link:loc xlink:type="locator" xlink:href="../../jppfs_cor_2020-11-01.xsd#jppfs_cor_TradingGovernmentGuaranteedBondsTradingAccountSecuritiesAssetsBNK" xlink:label="TradingGovernmentGuaranteedBondsTradingAccountSecuritiesAssetsBNK"/>
    <link:definitionArc xlink:type="arc" xlink:arcrole="http://www.xbrl.org/2003/arcrole/general-special" xlink:from="TradingAccountSecuritiesAssetsBNK" xlink:to="TradingGovernmentGuaranteedBondsTradingAccountSecuritiesAssetsBNK" order="3.0"/>
    <link:loc xlink:type="locator" xlink:href="../../jppfs_cor_2020-11-01.xsd#jppfs_cor_OtherTradingAccountSecuritiesTradingAccountSecuritiesAssetsBNK" xlink:label="OtherTradingAccountSecuritiesTradingAccountSecuritiesAssetsBNK"/>
    <link:definitionArc xlink:type="arc" xlink:arcrole="http://www.xbrl.org/2003/arcrole/general-special" xlink:from="TradingAccountSecuritiesAssetsBNK" xlink:to="OtherTradingAccountSecuritiesTradingAccountSecuritiesAssetsBNK" order="4.0"/>
    <link:loc xlink:type="locator" xlink:href="../../jppfs_cor_2020-11-01.xsd#jppfs_cor_MoneyHeldInTrustAssetsBNK" xlink:label="MoneyHeldInTrustAssetsBNK"/>
    <link:definitionArc xlink:type="arc" xlink:arcrole="http://www.xbrl.org/2003/arcrole/general-special" xlink:from="AssetsAbstract" xlink:to="MoneyHeldInTrustAssetsBNK" order="7.0"/>
    <link:loc xlink:type="locator" xlink:href="../../jppfs_cor_2020-11-01.xsd#jppfs_cor_SecuritiesAssetsBNK" xlink:label="SecuritiesAssetsBNK"/>
    <link:definitionArc xlink:type="arc" xlink:arcrole="http://www.xbrl.org/2003/arcrole/general-special" xlink:from="AssetsAbstract" xlink:to="SecuritiesAssetsBNK" order="8.0"/>
    <link:loc xlink:type="locator" xlink:href="../../jppfs_cor_2020-11-01.xsd#jppfs_cor_GovernmentBondsInvestmentSecuritiesAssetsBNK" xlink:label="GovernmentBondsInvestmentSecuritiesAssetsBNK"/>
    <link:definitionArc xlink:type="arc" xlink:arcrole="http://www.xbrl.org/2003/arcrole/general-special" xlink:from="SecuritiesAssetsBNK" xlink:to="GovernmentBondsInvestmentSecuritiesAssetsBNK" order="1.0"/>
    <link:loc xlink:type="locator" xlink:href="../../jppfs_cor_2020-11-01.xsd#jppfs_cor_LocalGovernmentBondsInvestmentSecuritiesAssetsBNK" xlink:label="LocalGovernmentBondsInvestmentSecuritiesAssetsBNK"/>
    <link:definitionArc xlink:type="arc" xlink:arcrole="http://www.xbrl.org/2003/arcrole/general-special" xlink:from="SecuritiesAssetsBNK" xlink:to="LocalGovernmentBondsInvestmentSecuritiesAssetsBNK" order="2.0"/>
    <link:loc xlink:type="locator" xlink:href="../../jppfs_cor_2020-11-01.xsd#jppfs_cor_ShortTermCorporateBondsInvestmentSecuritiesAssetsBNK" xlink:label="ShortTermCorporateBondsInvestmentSecuritiesAssetsBNK"/>
    <link:definitionArc xlink:type="arc" xlink:arcrole="http://www.xbrl.org/2003/arcrole/general-special" xlink:from="SecuritiesAssetsBNK" xlink:to="ShortTermCorporateBondsInvestmentSecuritiesAssetsBNK" order="3.0"/>
    <link:loc xlink:type="locator" xlink:href="../../jppfs_cor_2020-11-01.xsd#jppfs_cor_CorporateBondsInvestmentSecuritiesAssetsBNK" xlink:label="CorporateBondsInvestmentSecuritiesAssetsBNK"/>
    <link:definitionArc xlink:type="arc" xlink:arcrole="http://www.xbrl.org/2003/arcrole/general-special" xlink:from="SecuritiesAssetsBNK" xlink:to="CorporateBondsInvestmentSecuritiesAssetsBNK" order="4.0"/>
    <link:loc xlink:type="locator" xlink:href="../../jppfs_cor_2020-11-01.xsd#jppfs_cor_StocksAssetsInvestmentSecuritiesBNK" xlink:label="StocksAssetsInvestmentSecuritiesBNK"/>
    <link:definitionArc xlink:type="arc" xlink:arcrole="http://www.xbrl.org/2003/arcrole/general-special" xlink:from="SecuritiesAssetsBNK" xlink:to="StocksAssetsInvestmentSecuritiesBNK" order="5.0"/>
    <link:loc xlink:type="locator" xlink:href="../../jppfs_cor_2020-11-01.xsd#jppfs_cor_OtherSecuritiesInvestmentSecuritiesAssetsBNK" xlink:label="OtherSecuritiesInvestmentSecuritiesAssetsBNK"/>
    <link:definitionArc xlink:type="arc" xlink:arcrole="http://www.xbrl.org/2003/arcrole/general-special" xlink:from="SecuritiesAssetsBNK" xlink:to="OtherSecuritiesInvestmentSecuritiesAssetsBNK" order="6.0"/>
    <link:loc xlink:type="locator" xlink:href="../../jppfs_cor_2020-11-01.xsd#jppfs_cor_LoansAndBillsDiscountedAssetsBNK" xlink:label="LoansAndBillsDiscountedAssetsBNK"/>
    <link:definitionArc xlink:type="arc" xlink:arcrole="http://www.xbrl.org/2003/arcrole/general-special" xlink:from="AssetsAbstract" xlink:to="LoansAndBillsDiscountedAssetsBNK" order="9.0"/>
    <link:loc xlink:type="locator" xlink:href="../../jppfs_cor_2020-11-01.xsd#jppfs_cor_BillsDiscountedLoansAndBillsDiscountedAssetsBNK" xlink:label="BillsDiscountedLoansAndBillsDiscountedAssetsBNK"/>
    <link:definitionArc xlink:type="arc" xlink:arcrole="http://www.xbrl.org/2003/arcrole/general-special" xlink:from="LoansAndBillsDiscountedAssetsBNK" xlink:to="BillsDiscountedLoansAndBillsDiscountedAssetsBNK" order="1.0"/>
    <link:loc xlink:type="locator" xlink:href="../../jppfs_cor_2020-11-01.xsd#jppfs_cor_LoansOnBillsLoansAndBillsDiscountedAssetsBNK" xlink:label="LoansOnBillsLoansAndBillsDiscountedAssetsBNK"/>
    <link:definitionArc xlink:type="arc" xlink:arcrole="http://www.xbrl.org/2003/arcrole/general-special" xlink:from="LoansAndBillsDiscountedAssetsBNK" xlink:to="LoansOnBillsLoansAndBillsDiscountedAssetsBNK" order="2.0"/>
    <link:loc xlink:type="locator" xlink:href="../../jppfs_cor_2020-11-01.xsd#jppfs_cor_LoansOnDeedsLoansAndBillsDiscountedAssetsBNK" xlink:label="LoansOnDeedsLoansAndBillsDiscountedAssetsBNK"/>
    <link:definitionArc xlink:type="arc" xlink:arcrole="http://www.xbrl.org/2003/arcrole/general-special" xlink:from="LoansAndBillsDiscountedAssetsBNK" xlink:to="LoansOnDeedsLoansAndBillsDiscountedAssetsBNK" order="3.0"/>
    <link:loc xlink:type="locator" xlink:href="../../jppfs_cor_2020-11-01.xsd#jppfs_cor_OverdraftsLoansAndBillsDiscountedAssetsBNK" xlink:label="OverdraftsLoansAndBillsDiscountedAssetsBNK"/>
    <link:definitionArc xlink:type="arc" xlink:arcrole="http://www.xbrl.org/2003/arcrole/general-special" xlink:from="LoansAndBillsDiscountedAssetsBNK" xlink:to="OverdraftsLoansAndBillsDiscountedAssetsBNK" order="4.0"/>
    <link:loc xlink:type="locator" xlink:href="../../jppfs_cor_2020-11-01.xsd#jppfs_cor_AgencyLoanLoansAndBillsDiscountedAssetsBNK" xlink:label="AgencyLoanLoansAndBillsDiscountedAssetsBNK"/>
    <link:definitionArc xlink:type="arc" xlink:arcrole="http://www.xbrl.org/2003/arcrole/general-special" xlink:from="LoansAndBillsDiscountedAssetsBNK" xlink:to="AgencyLoanLoansAndBillsDiscountedAssetsBNK" order="5.0"/>
    <link:loc xlink:type="locator" xlink:href="../../jppfs_cor_2020-11-01.xsd#jppfs_cor_ForeignExchangesAssetsBNK" xlink:label="ForeignExchangesAssetsBNK"/>
    <link:definitionArc xlink:type="arc" xlink:arcrole="http://www.xbrl.org/2003/arcrole/general-special" xlink:from="AssetsAbstract" xlink:to="ForeignExchangesAssetsBNK" order="10.0"/>
    <link:loc xlink:type="locator" xlink:href="../../jppfs_cor_2020-11-01.xsd#jppfs_cor_DueFromForeignBanksOurAccountsForeignExchangesAssetsBNK" xlink:label="DueFromForeignBanksOurAccountsForeignExchangesAssetsBNK"/>
    <link:definitionArc xlink:type="arc" xlink:arcrole="http://www.xbrl.org/2003/arcrole/general-special" xlink:from="ForeignExchangesAssetsBNK" xlink:to="DueFromForeignBanksOurAccountsForeignExchangesAssetsBNK" order="1.0"/>
    <link:loc xlink:type="locator" xlink:href="../../jppfs_cor_2020-11-01.xsd#jppfs_cor_DueFromForeignBanksTheirAccountsForeignExchangesAssetsBNK" xlink:label="DueFromForeignBanksTheirAccountsForeignExchangesAssetsBNK"/>
    <link:definitionArc xlink:type="arc" xlink:arcrole="http://www.xbrl.org/2003/arcrole/general-special" xlink:from="ForeignExchangesAssetsBNK" xlink:to="DueFromForeignBanksTheirAccountsForeignExchangesAssetsBNK" order="2.0"/>
    <link:loc xlink:type="locator" xlink:href="../../jppfs_cor_2020-11-01.xsd#jppfs_cor_ForeignBillsBoughtForeignExchangesAssetsBNK" xlink:label="ForeignBillsBoughtForeignExchangesAssetsBNK"/>
    <link:definitionArc xlink:type="arc" xlink:arcrole="http://www.xbrl.org/2003/arcrole/general-special" xlink:from="ForeignExchangesAssetsBNK" xlink:to="ForeignBillsBoughtForeignExchangesAssetsBNK" order="3.0"/>
    <link:loc xlink:type="locator" xlink:href="../../jppfs_cor_2020-11-01.xsd#jppfs_cor_ForeignBillsReceivableForeignExchangesAssetsBNK" xlink:label="ForeignBillsReceivableForeignExchangesAssetsBNK"/>
    <link:definitionArc xlink:type="arc" xlink:arcrole="http://www.xbrl.org/2003/arcrole/general-special" xlink:from="ForeignExchangesAssetsBNK" xlink:to="ForeignBillsReceivableForeignExchangesAssetsBNK" order="4.0"/>
    <link:loc xlink:type="locator" xlink:href="../../jppfs_cor_2020-11-01.xsd#jppfs_cor_OtherAssetsAssetsBNK" xlink:label="OtherAssetsAssetsBNK"/>
    <link:definitionArc xlink:type="arc" xlink:arcrole="http://www.xbrl.org/2003/arcrole/general-special" xlink:from="AssetsAbstract" xlink:to="OtherAssetsAssetsBNK" order="11.0"/>
    <link:loc xlink:type="locator" xlink:href="../../jppfs_cor_2020-11-01.xsd#jppfs_cor_DomesticExchangeSettlementAccountDebitOtherAssetsAssetsBNK" xlink:label="DomesticExchangeSettlementAccountDebitOtherAssetsAssetsBNK"/>
    <link:definitionArc xlink:type="arc" xlink:arcrole="http://www.xbrl.org/2003/arcrole/general-special" xlink:from="OtherAssetsAssetsBNK" xlink:to="DomesticExchangeSettlementAccountDebitOtherAssetsAssetsBNK" order="1.0"/>
    <link:loc xlink:type="locator" xlink:href="../../jppfs_cor_2020-11-01.xsd#jppfs_cor_PrepaidExpenses" xlink:label="PrepaidExpenses"/>
    <link:definitionArc xlink:type="arc" xlink:arcrole="http://www.xbrl.org/2003/arcrole/general-special" xlink:from="OtherAssetsAssetsBNK" xlink:to="PrepaidExpenses" order="2.0"/>
    <link:loc xlink:type="locator" xlink:href="../../jppfs_cor_2020-11-01.xsd#jppfs_cor_AccruedIncome" xlink:label="AccruedIncome"/>
    <link:definitionArc xlink:type="arc" xlink:arcrole="http://www.xbrl.org/2003/arcrole/general-special" xlink:from="OtherAssetsAssetsBNK" xlink:to="AccruedIncome" order="3.0"/>
    <link:loc xlink:type="locator" xlink:href="../../jppfs_cor_2020-11-01.xsd#jppfs_cor_InitialMarginsOfFuturesMarketsOtherAssetsAssetsBNK" xlink:label="InitialMarginsOfFuturesMarketsOtherAssetsAssetsBNK"/>
    <link:definitionArc xlink:type="arc" xlink:arcrole="http://www.xbrl.org/2003/arcrole/general-special" xlink:from="OtherAssetsAssetsBNK" xlink:to="InitialMarginsOfFuturesMarketsOtherAssetsAssetsBNK" order="4.0"/>
    <link:loc xlink:type="locator" xlink:href="../../jppfs_cor_2020-11-01.xsd#jppfs_cor_VariationMarginsOfFuturesMarketsOtherAssetsAssetsBNK" xlink:label="VariationMarginsOfFuturesMarketsOtherAssetsAssetsBNK"/>
    <link:definitionArc xlink:type="arc" xlink:arcrole="http://www.xbrl.org/2003/arcrole/general-special" xlink:from="OtherAssetsAssetsBNK" xlink:to="VariationMarginsOfFuturesMarketsOtherAssetsAssetsBNK" order="5.0"/>
    <link:loc xlink:type="locator" xlink:href="../../jppfs_cor_2020-11-01.xsd#jppfs_cor_SecuritiesInCustodyAssetsBNK" xlink:label="SecuritiesInCustodyAssetsBNK"/>
    <link:definitionArc xlink:type="arc" xlink:arcrole="http://www.xbrl.org/2003/arcrole/general-special" xlink:from="OtherAssetsAssetsBNK" xlink:to="SecuritiesInCustodyAssetsBNK" order="6.0"/>
    <link:loc xlink:type="locator" xlink:href="../../jppfs_cor_2020-11-01.xsd#jppfs_cor_DerivativesOtherThanForTradingAssetsOtherAssetsBNK" xlink:label="DerivativesOtherThanForTradingAssetsOtherAssetsBNK"/>
    <link:definitionArc xlink:type="arc" xlink:arcrole="http://www.xbrl.org/2003/arcrole/general-special" xlink:from="OtherAssetsAssetsBNK" xlink:to="DerivativesOtherThanForTradingAssetsOtherAssetsBNK" order="7.0"/>
    <link:loc xlink:type="locator" xlink:href="../../jppfs_cor_2020-11-01.xsd#jppfs_cor_CashCollateralPaidForFinancialInstrumentsAssets" xlink:label="CashCollateralPaidForFinancialInstrumentsAssets"/>
    <link:definitionArc xlink:type="arc" xlink:arcrole="http://www.xbrl.org/2003/arcrole/general-special" xlink:from="OtherAssetsAssetsBNK" xlink:to="CashCollateralPaidForFinancialInstrumentsAssets" order="8.0"/>
    <link:loc xlink:type="locator" xlink:href="../../jppfs_cor_2020-11-01.xsd#jppfs_cor_BondIssuanceCostDA" xlink:label="BondIssuanceCostDA"/>
    <link:definitionArc xlink:type="arc" xlink:arcrole="http://www.xbrl.org/2003/arcrole/general-special" xlink:from="OtherAssetsAssetsBNK" xlink:to="BondIssuanceCostDA" order="9.0"/>
    <link:loc xlink:type="locator" xlink:href="../../jppfs_cor_2020-11-01.xsd#jppfs_cor_LeaseInvestmentAssetsAssets" xlink:label="LeaseInvestmentAssetsAssets"/>
    <link:definitionArc xlink:type="arc" xlink:arcrole="http://www.xbrl.org/2003/arcrole/general-special" xlink:from="OtherAssetsAssetsBNK" xlink:to="LeaseInvestmentAssetsAssets" order="10.0"/>
    <link:loc xlink:type="locator" xlink:href="../../jppfs_cor_2020-11-01.xsd#jppfs_cor_AccountsReceivableSecuritiesTradingAccountOtherAssetsAssetsBNK" xlink:label="AccountsReceivableSecuritiesTradingAccountOtherAssetsAssetsBNK"/>
    <link:definitionArc xlink:type="arc" xlink:arcrole="http://www.xbrl.org/2003/arcrole/general-special" xlink:from="OtherAssetsAssetsBNK" xlink:to="AccountsReceivableSecuritiesTradingAccountOtherAssetsAssetsBNK" order="11.0"/>
    <link:loc xlink:type="locator" xlink:href="../../jppfs_cor_2020-11-01.xsd#jppfs_cor_OtherOtherAssetsAssetsBNK" xlink:label="OtherOtherAssetsAssetsBNK"/>
    <link:definitionArc xlink:type="arc" xlink:arcrole="http://www.xbrl.org/2003/arcrole/general-special" xlink:from="OtherAssetsAssetsBNK" xlink:to="OtherOtherAssetsAssetsBNK" order="12.0"/>
    <link:loc xlink:type="locator" xlink:href="../../jppfs_cor_2020-11-01.xsd#jppfs_cor_PropertyPlantAndEquipment" xlink:label="PropertyPlantAndEquipment"/>
    <link:definitionArc xlink:type="arc" xlink:arcrole="http://www.xbrl.org/2003/arcrole/general-special" xlink:from="AssetsAbstract" xlink:to="PropertyPlantAndEquipment" order="12.0"/>
    <link:loc xlink:type="locator" xlink:href="../../jppfs_cor_2020-11-01.xsd#jppfs_cor_BuildingsNet" xlink:label="BuildingsNet"/>
    <link:definitionArc xlink:type="arc" xlink:arcrole="http://www.xbrl.org/2003/arcrole/general-special" xlink:from="PropertyPlantAndEquipment" xlink:to="BuildingsNet" order="1.0"/>
    <link:loc xlink:type="locator" xlink:href="../../jppfs_cor_2020-11-01.xsd#jppfs_cor_Land" xlink:label="Land"/>
    <link:definitionArc xlink:type="arc" xlink:arcrole="http://www.xbrl.org/2003/arcrole/general-special" xlink:from="PropertyPlantAndEquipment" xlink:to="Land" order="2.0"/>
    <link:loc xlink:type="locator" xlink:href="../../jppfs_cor_2020-11-01.xsd#jppfs_cor_LeaseAssetsNetPPE" xlink:label="LeaseAssetsNetPPE"/>
    <link:definitionArc xlink:type="arc" xlink:arcrole="http://www.xbrl.org/2003/arcrole/general-special" xlink:from="PropertyPlantAndEquipment" xlink:to="LeaseAssetsNetPPE" order="3.0"/>
    <link:loc xlink:type="locator" xlink:href="../../jppfs_cor_2020-11-01.xsd#jppfs_cor_ConstructionInProgress" xlink:label="ConstructionInProgress"/>
    <link:definitionArc xlink:type="arc" xlink:arcrole="http://www.xbrl.org/2003/arcrole/general-special" xlink:from="PropertyPlantAndEquipment" xlink:to="ConstructionInProgress" order="4.0"/>
    <link:loc xlink:type="locator" xlink:href="../../jppfs_cor_2020-11-01.xsd#jppfs_cor_OtherNetPPE" xlink:label="OtherNetPPE"/>
    <link:definitionArc xlink:type="arc" xlink:arcrole="http://www.xbrl.org/2003/arcrole/general-special" xlink:from="PropertyPlantAndEquipment" xlink:to="OtherNetPPE" order="5.0"/>
    <link:loc xlink:type="locator" xlink:href="../../jppfs_cor_2020-11-01.xsd#jppfs_cor_IntangibleAssets" xlink:label="IntangibleAssets"/>
    <link:definitionArc xlink:type="arc" xlink:arcrole="http://www.xbrl.org/2003/arcrole/general-special" xlink:from="AssetsAbstract" xlink:to="IntangibleAssets" order="13.0"/>
    <link:loc xlink:type="locator" xlink:href="../../jppfs_cor_2020-11-01.xsd#jppfs_cor_Software" xlink:label="Software"/>
    <link:definitionArc xlink:type="arc" xlink:arcrole="http://www.xbrl.org/2003/arcrole/general-special" xlink:from="IntangibleAssets" xlink:to="Software" order="1.0"/>
    <link:loc xlink:type="locator" xlink:href="../../jppfs_cor_2020-11-01.xsd#jppfs_cor_Goodwill" xlink:label="Goodwill"/>
    <link:definitionArc xlink:type="arc" xlink:arcrole="http://www.xbrl.org/2003/arcrole/general-special" xlink:from="IntangibleAssets" xlink:to="Goodwill" order="2.0"/>
    <link:loc xlink:type="locator" xlink:href="../../jppfs_cor_2020-11-01.xsd#jppfs_cor_LeaseAssetsIA" xlink:label="LeaseAssetsIA"/>
    <link:definitionArc xlink:type="arc" xlink:arcrole="http://www.xbrl.org/2003/arcrole/general-special" xlink:from="IntangibleAssets" xlink:to="LeaseAssetsIA" order="3.0"/>
    <link:loc xlink:type="locator" xlink:href="../../jppfs_cor_2020-11-01.xsd#jppfs_cor_OtherIA" xlink:label="OtherIA"/>
    <link:definitionArc xlink:type="arc" xlink:arcrole="http://www.xbrl.org/2003/arcrole/general-special" xlink:from="IntangibleAssets" xlink:to="OtherIA" order="4.0"/>
    <link:loc xlink:type="locator" xlink:href="../../jppfs_cor_2020-11-01.xsd#jppfs_cor_DeferredDebentureDiscountsAssetsBNK" xlink:label="DeferredDebentureDiscountsAssetsBNK"/>
    <link:definitionArc xlink:type="arc" xlink:arcrole="http://www.xbrl.org/2003/arcrole/general-special" xlink:from="AssetsAbstract" xlink:to="DeferredDebentureDiscountsAssetsBNK" order="14.0"/>
    <link:loc xlink:type="locator" xlink:href="../../jppfs_cor_2020-11-01.xsd#jppfs_cor_DebentureIssuanceCostAssetsBNK" xlink:label="DebentureIssuanceCostAssetsBNK"/>
    <link:definitionArc xlink:type="arc" xlink:arcrole="http://www.xbrl.org/2003/arcrole/general-special" xlink:from="DeferredDebentureDiscountsAssetsBNK" xlink:to="DebentureIssuanceCostAssetsBNK" order="1.0"/>
    <link:loc xlink:type="locator" xlink:href="../../jppfs_cor_2020-11-01.xsd#jppfs_cor_PrepaidPensionCostAssets" xlink:label="PrepaidPensionCostAssets"/>
    <link:definitionArc xlink:type="arc" xlink:arcrole="http://www.xbrl.org/2003/arcrole/general-special" xlink:from="AssetsAbstract" xlink:to="PrepaidPensionCostAssets" order="15.0"/>
    <link:loc xlink:type="locator" xlink:href="../../jppfs_cor_2020-11-01.xsd#jppfs_cor_DeferredTaxAssets" xlink:label="DeferredTaxAssets"/>
    <link:definitionArc xlink:type="arc" xlink:arcrole="http://www.xbrl.org/2003/arcrole/general-special" xlink:from="AssetsAbstract" xlink:to="DeferredTaxAssets" order="16.0"/>
    <link:loc xlink:type="locator" xlink:href="../../jppfs_cor_2020-11-01.xsd#jppfs_cor_DeferredTaxAssetsForLandRevaluation" xlink:label="DeferredTaxAssetsForLandRevaluation"/>
    <link:definitionArc xlink:type="arc" xlink:arcrole="http://www.xbrl.org/2003/arcrole/general-special" xlink:from="AssetsAbstract" xlink:to="DeferredTaxAssetsForLandRevaluation" order="17.0"/>
    <link:loc xlink:type="locator" xlink:href="../../jppfs_cor_2020-11-01.xsd#jppfs_cor_CustomersLiabilitiesForAcceptancesAndGuaranteesAssetsBNK" xlink:label="CustomersLiabilitiesForAcceptancesAndGuaranteesAssetsBNK"/>
    <link:definitionArc xlink:type="arc" xlink:arcrole="http://www.xbrl.org/2003/arcrole/general-special" xlink:from="AssetsAbstract" xlink:to="CustomersLiabilitiesForAcceptancesAndGuaranteesAssetsBNK" order="18.0"/>
    <link:loc xlink:type="locator" xlink:href="../../jppfs_cor_2020-11-01.xsd#jppfs_cor_GuaranteeOfObligationPerContraAssetsBNK" xlink:label="GuaranteeOfObligationPerContraAssetsBNK"/>
    <link:definitionArc xlink:type="arc" xlink:arcrole="http://www.xbrl.org/2003/arcrole/general-special" xlink:from="AssetsAbstract" xlink:to="GuaranteeOfObligationPerContraAssetsBNK" order="19.0"/>
    <link:loc xlink:type="locator" xlink:href="../../jppfs_cor_2020-11-01.xsd#jppfs_cor_AllowanceForInvestmentLossAssetsBNK" xlink:label="AllowanceForInvestmentLossAssetsBNK"/>
    <link:definitionArc xlink:type="arc" xlink:arcrole="http://www.xbrl.org/2003/arcrole/general-special" xlink:from="AssetsAbstract" xlink:to="AllowanceForInvestmentLossAssetsBNK" order="20.0"/>
    <link:loc xlink:type="locator" xlink:href="../../jppfs_cor_2020-11-01.xsd#jppfs_cor_AllowanceForLoanLossesAssetsBNK" xlink:label="AllowanceForLoanLossesAssetsBNK"/>
    <link:definitionArc xlink:type="arc" xlink:arcrole="http://www.xbrl.org/2003/arcrole/general-special" xlink:from="AssetsAbstract" xlink:to="AllowanceForLoanLossesAssetsBNK" order="21.0"/>
    <link:loc xlink:type="locator" xlink:href="../../jppfs_cor_2020-11-01.xsd#jppfs_cor_Assets" xlink:label="Assets"/>
    <link:definitionArc xlink:type="arc" xlink:arcrole="http://www.xbrl.org/2003/arcrole/general-special" xlink:from="AssetsAbstract" xlink:to="Assets" order="22.0"/>
    <link:loc xlink:type="locator" xlink:href="../../jppfs_cor_2020-11-01.xsd#jppfs_cor_LiabilitiesAbstract" xlink:label="LiabilitiesAbstract"/>
    <link:definitionArc xlink:type="arc" xlink:arcrole="http://www.xbrl.org/2003/arcrole/general-special" xlink:from="BalanceSheetLineItems" xlink:to="LiabilitiesAbstract" order="2.0"/>
    <link:loc xlink:type="locator" xlink:href="../../jppfs_cor_2020-11-01.xsd#jppfs_cor_DepositsLiabilitiesBNK" xlink:label="DepositsLiabilitiesBNK"/>
    <link:definitionArc xlink:type="arc" xlink:arcrole="http://www.xbrl.org/2003/arcrole/general-special" xlink:from="LiabilitiesAbstract" xlink:to="DepositsLiabilitiesBNK" order="1.0"/>
    <link:loc xlink:type="locator" xlink:href="../../jppfs_cor_2020-11-01.xsd#jppfs_cor_CurrentDepositsDepositsLiabilitiesBNK" xlink:label="CurrentDepositsDepositsLiabilitiesBNK"/>
    <link:definitionArc xlink:type="arc" xlink:arcrole="http://www.xbrl.org/2003/arcrole/general-special" xlink:from="DepositsLiabilitiesBNK" xlink:to="CurrentDepositsDepositsLiabilitiesBNK" order="1.0"/>
    <link:loc xlink:type="locator" xlink:href="../../jppfs_cor_2020-11-01.xsd#jppfs_cor_OrdinaryDepositsDepositsLiabilitiesBNK" xlink:label="OrdinaryDepositsDepositsLiabilitiesBNK"/>
    <link:definitionArc xlink:type="arc" xlink:arcrole="http://www.xbrl.org/2003/arcrole/general-special" xlink:from="DepositsLiabilitiesBNK" xlink:to="OrdinaryDepositsDepositsLiabilitiesBNK" order="2.0"/>
    <link:loc xlink:type="locator" xlink:href="../../jppfs_cor_2020-11-01.xsd#jppfs_cor_SavingDepositsDepositsLiabilitiesBNK" xlink:label="SavingDepositsDepositsLiabilitiesBNK"/>
    <link:definitionArc xlink:type="arc" xlink:arcrole="http://www.xbrl.org/2003/arcrole/general-special" xlink:from="DepositsLiabilitiesBNK" xlink:to="SavingDepositsDepositsLiabilitiesBNK" order="3.0"/>
    <link:loc xlink:type="locator" xlink:href="../../jppfs_cor_2020-11-01.xsd#jppfs_cor_DepositsAtNoticeDepositsLiabilitiesBNK" xlink:label="DepositsAtNoticeDepositsLiabilitiesBNK"/>
    <link:definitionArc xlink:type="arc" xlink:arcrole="http://www.xbrl.org/2003/arcrole/general-special" xlink:from="DepositsLiabilitiesBNK" xlink:to="DepositsAtNoticeDepositsLiabilitiesBNK" order="4.0"/>
    <link:loc xlink:type="locator" xlink:href="../../jppfs_cor_2020-11-01.xsd#jppfs_cor_TimeDepositsDepositsLiabilitiesBNK" xlink:label="TimeDepositsDepositsLiabilitiesBNK"/>
    <link:definitionArc xlink:type="arc" xlink:arcrole="http://www.xbrl.org/2003/arcrole/general-special" xlink:from="DepositsLiabilitiesBNK" xlink:to="TimeDepositsDepositsLiabilitiesBNK" order="5.0"/>
    <link:loc xlink:type="locator" xlink:href="../../jppfs_cor_2020-11-01.xsd#jppfs_cor_InstallmentSavingsDepositsLiabilitiesBNK" xlink:label="InstallmentSavingsDepositsLiabilitiesBNK"/>
    <link:definitionArc xlink:type="arc" xlink:arcrole="http://www.xbrl.org/2003/arcrole/general-special" xlink:from="DepositsLiabilitiesBNK" xlink:to="InstallmentSavingsDepositsLiabilitiesBNK" order="6.0"/>
    <link:loc xlink:type="locator" xlink:href="../../jppfs_cor_2020-11-01.xsd#jppfs_cor_OtherDepositsDepositsLiabilitiesBNK" xlink:label="OtherDepositsDepositsLiabilitiesBNK"/>
    <link:definitionArc xlink:type="arc" xlink:arcrole="http://www.xbrl.org/2003/arcrole/general-special" xlink:from="DepositsLiabilitiesBNK" xlink:to="OtherDepositsDepositsLiabilitiesBNK" order="7.0"/>
    <link:loc xlink:type="locator" xlink:href="../../jppfs_cor_2020-11-01.xsd#jppfs_cor_NegotiableCertificatesOfDepositLiabilitiesBNK" xlink:label="NegotiableCertificatesOfDepositLiabilitiesBNK"/>
    <link:definitionArc xlink:type="arc" xlink:arcrole="http://www.xbrl.org/2003/arcrole/general-special" xlink:from="LiabilitiesAbstract" xlink:to="NegotiableCertificatesOfDepositLiabilitiesBNK" order="2.0"/>
    <link:loc xlink:type="locator" xlink:href="../../jppfs_cor_2020-11-01.xsd#jppfs_cor_CallMoneyAndBillsSoldLiabilitiesBNK" xlink:label="CallMoneyAndBillsSoldLiabilitiesBNK"/>
    <link:definitionArc xlink:type="arc" xlink:arcrole="http://www.xbrl.org/2003/arcrole/general-special" xlink:from="LiabilitiesAbstract" xlink:to="CallMoneyAndBillsSoldLiabilitiesBNK" order="3.0"/>
    <link:loc xlink:type="locator" xlink:href="../../jppfs_cor_2020-11-01.xsd#jppfs_cor_CallMoneyLiabilitiesBNK" xlink:label="CallMoneyLiabilitiesBNK"/>
    <link:definitionArc xlink:type="arc" xlink:arcrole="http://www.xbrl.org/2003/arcrole/general-special" xlink:from="CallMoneyAndBillsSoldLiabilitiesBNK" xlink:to="CallMoneyLiabilitiesBNK" order="1.0"/>
    <link:loc xlink:type="locator" xlink:href="../../jppfs_cor_2020-11-01.xsd#jppfs_cor_BillsSoldLiabilitiesBNK" xlink:label="BillsSoldLiabilitiesBNK"/>
    <link:definitionArc xlink:type="arc" xlink:arcrole="http://www.xbrl.org/2003/arcrole/general-special" xlink:from="CallMoneyAndBillsSoldLiabilitiesBNK" xlink:to="BillsSoldLiabilitiesBNK" order="2.0"/>
    <link:loc xlink:type="locator" xlink:href="../../jppfs_cor_2020-11-01.xsd#jppfs_cor_PayablesUnderRepurchaseAgreementsLiabilitiesBNK" xlink:label="PayablesUnderRepurchaseAgreementsLiabilitiesBNK"/>
    <link:definitionArc xlink:type="arc" xlink:arcrole="http://www.xbrl.org/2003/arcrole/general-special" xlink:from="LiabilitiesAbstract" xlink:to="PayablesUnderRepurchaseAgreementsLiabilitiesBNK" order="4.0"/>
    <link:loc xlink:type="locator" xlink:href="../../jppfs_cor_2020-11-01.xsd#jppfs_cor_PayablesUnderSecuritiesLendingTransactionsLiabilitiesBNK" xlink:label="PayablesUnderSecuritiesLendingTransactionsLiabilitiesBNK"/>
    <link:definitionArc xlink:type="arc" xlink:arcrole="http://www.xbrl.org/2003/arcrole/general-special" xlink:from="LiabilitiesAbstract" xlink:to="PayablesUnderSecuritiesLendingTransactionsLiabilitiesBNK" order="5.0"/>
    <link:loc xlink:type="locator" xlink:href="../../jppfs_cor_2020-11-01.xsd#jppfs_cor_CommercialPapersLiabilities" xlink:label="CommercialPapersLiabilities"/>
    <link:definitionArc xlink:type="arc" xlink:arcrole="http://www.xbrl.org/2003/arcrole/general-special" xlink:from="LiabilitiesAbstract" xlink:to="CommercialPapersLiabilities" order="6.0"/>
    <link:loc xlink:type="locator" xlink:href="../../jppfs_cor_2020-11-01.xsd#jppfs_cor_BorrowedMoneyLiabilitiesBNK" xlink:label="BorrowedMoneyLiabilitiesBNK"/>
    <link:definitionArc xlink:type="arc" xlink:arcrole="http://www.xbrl.org/2003/arcrole/general-special" xlink:from="LiabilitiesAbstract" xlink:to="BorrowedMoneyLiabilitiesBNK" order="7.0"/>
    <link:loc xlink:type="locator" xlink:href="../../jppfs_cor_2020-11-01.xsd#jppfs_cor_BillsRediscountedBorrowedMoneyLiabilitiesBNK" xlink:label="BillsRediscountedBorrowedMoneyLiabilitiesBNK"/>
    <link:definitionArc xlink:type="arc" xlink:arcrole="http://www.xbrl.org/2003/arcrole/general-special" xlink:from="BorrowedMoneyLiabilitiesBNK" xlink:to="BillsRediscountedBorrowedMoneyLiabilitiesBNK" order="1.0"/>
    <link:loc xlink:type="locator" xlink:href="../../jppfs_cor_2020-11-01.xsd#jppfs_cor_BorrowingsFromOtherBanksBorrowedMoneyLiabilitiesBNK" xlink:label="BorrowingsFromOtherBanksBorrowedMoneyLiabilitiesBNK"/>
    <link:definitionArc xlink:type="arc" xlink:arcrole="http://www.xbrl.org/2003/arcrole/general-special" xlink:from="BorrowedMoneyLiabilitiesBNK" xlink:to="BorrowingsFromOtherBanksBorrowedMoneyLiabilitiesBNK" order="2.0"/>
    <link:loc xlink:type="locator" xlink:href="../../jppfs_cor_2020-11-01.xsd#jppfs_cor_ForeignExchangesLiabilitiesBNK" xlink:label="ForeignExchangesLiabilitiesBNK"/>
    <link:definitionArc xlink:type="arc" xlink:arcrole="http://www.xbrl.org/2003/arcrole/general-special" xlink:from="LiabilitiesAbstract" xlink:to="ForeignExchangesLiabilitiesBNK" order="8.0"/>
    <link:loc xlink:type="locator" xlink:href="../../jppfs_cor_2020-11-01.xsd#jppfs_cor_DueToForeignBanksTheirAccountsForeignExchangesLiabilitiesBNK" xlink:label="DueToForeignBanksTheirAccountsForeignExchangesLiabilitiesBNK"/>
    <link:definitionArc xlink:type="arc" xlink:arcrole="http://www.xbrl.org/2003/arcrole/general-special" xlink:from="ForeignExchangesLiabilitiesBNK" xlink:to="DueToForeignBanksTheirAccountsForeignExchangesLiabilitiesBNK" order="1.0"/>
    <link:loc xlink:type="locator" xlink:href="../../jppfs_cor_2020-11-01.xsd#jppfs_cor_DueToForeignBanksOurAccountsForeignExchangesLiabilitiesBNK" xlink:label="DueToForeignBanksOurAccountsForeignExchangesLiabilitiesBNK"/>
    <link:definitionArc xlink:type="arc" xlink:arcrole="http://www.xbrl.org/2003/arcrole/general-special" xlink:from="ForeignExchangesLiabilitiesBNK" xlink:to="DueToForeignBanksOurAccountsForeignExchangesLiabilitiesBNK" order="2.0"/>
    <link:loc xlink:type="locator" xlink:href="../../jppfs_cor_2020-11-01.xsd#jppfs_cor_ForeignBillsSoldForeignExchangesLiabilitiesBNK" xlink:label="ForeignBillsSoldForeignExchangesLiabilitiesBNK"/>
    <link:definitionArc xlink:type="arc" xlink:arcrole="http://www.xbrl.org/2003/arcrole/general-special" xlink:from="ForeignExchangesLiabilitiesBNK" xlink:to="ForeignBillsSoldForeignExchangesLiabilitiesBNK" order="3.0"/>
    <link:loc xlink:type="locator" xlink:href="../../jppfs_cor_2020-11-01.xsd#jppfs_cor_ForeignBillsPayableForeignExchangesLiabilitiesBNK" xlink:label="ForeignBillsPayableForeignExchangesLiabilitiesBNK"/>
    <link:definitionArc xlink:type="arc" xlink:arcrole="http://www.xbrl.org/2003/arcrole/general-special" xlink:from="ForeignExchangesLiabilitiesBNK" xlink:to="ForeignBillsPayableForeignExchangesLiabilitiesBNK" order="4.0"/>
    <link:loc xlink:type="locator" xlink:href="../../jppfs_cor_2020-11-01.xsd#jppfs_cor_ShortTermBondsPayable" xlink:label="ShortTermBondsPayable"/>
    <link:definitionArc xlink:type="arc" xlink:arcrole="http://www.xbrl.org/2003/arcrole/general-special" xlink:from="LiabilitiesAbstract" xlink:to="ShortTermBondsPayable" order="9.0"/>
    <link:loc xlink:type="locator" xlink:href="../../jppfs_cor_2020-11-01.xsd#jppfs_cor_BondsPayable" xlink:label="BondsPayable"/>
    <link:definitionArc xlink:type="arc" xlink:arcrole="http://www.xbrl.org/2003/arcrole/general-special" xlink:from="LiabilitiesAbstract" xlink:to="BondsPayable" order="10.0"/>
    <link:loc xlink:type="locator" xlink:href="../../jppfs_cor_2020-11-01.xsd#jppfs_cor_BondsWithSubscriptionRightsToSharesNCL" xlink:label="BondsWithSubscriptionRightsToSharesNCL"/>
    <link:definitionArc xlink:type="arc" xlink:arcrole="http://www.xbrl.org/2003/arcrole/general-special" xlink:from="LiabilitiesAbstract" xlink:to="BondsWithSubscriptionRightsToSharesNCL" order="11.0"/>
    <link:loc xlink:type="locator" xlink:href="../../jppfs_cor_2020-11-01.xsd#jppfs_cor_OtherLiabilitiesLiabilitiesBNK" xlink:label="OtherLiabilitiesLiabilitiesBNK"/>
    <link:definitionArc xlink:type="arc" xlink:arcrole="http://www.xbrl.org/2003/arcrole/general-special" xlink:from="LiabilitiesAbstract" xlink:to="OtherLiabilitiesLiabilitiesBNK" order="12.0"/>
    <link:loc xlink:type="locator" xlink:href="../../jppfs_cor_2020-11-01.xsd#jppfs_cor_DomesticExchangeSettlementAccountCreditOtherLiabilitiesLiabilitiesBNK" xlink:label="DomesticExchangeSettlementAccountCreditOtherLiabilitiesLiabilitiesBNK"/>
    <link:definitionArc xlink:type="arc" xlink:arcrole="http://www.xbrl.org/2003/arcrole/general-special" xlink:from="OtherLiabilitiesLiabilitiesBNK" xlink:to="DomesticExchangeSettlementAccountCreditOtherLiabilitiesLiabilitiesBNK" order="1.0"/>
    <link:loc xlink:type="locator" xlink:href="../../jppfs_cor_2020-11-01.xsd#jppfs_cor_IncomeTaxesPayable" xlink:label="IncomeTaxesPayable"/>
    <link:definitionArc xlink:type="arc" xlink:arcrole="http://www.xbrl.org/2003/arcrole/general-special" xlink:from="OtherLiabilitiesLiabilitiesBNK" xlink:to="IncomeTaxesPayable" order="2.0"/>
    <link:loc xlink:type="locator" xlink:href="../../jppfs_cor_2020-11-01.xsd#jppfs_cor_AccruedExpenses" xlink:label="AccruedExpenses"/>
    <link:definitionArc xlink:type="arc" xlink:arcrole="http://www.xbrl.org/2003/arcrole/general-special" xlink:from="OtherLiabilitiesLiabilitiesBNK" xlink:to="AccruedExpenses" order="3.0"/>
    <link:loc xlink:type="locator" xlink:href="../../jppfs_cor_2020-11-01.xsd#jppfs_cor_UnearnedRevenue" xlink:label="UnearnedRevenue"/>
    <link:definitionArc xlink:type="arc" xlink:arcrole="http://www.xbrl.org/2003/arcrole/general-special" xlink:from="OtherLiabilitiesLiabilitiesBNK" xlink:to="UnearnedRevenue" order="4.0"/>
    <link:loc xlink:type="locator" xlink:href="../../jppfs_cor_2020-11-01.xsd#jppfs_cor_DepositsReceivedFromEmployees" xlink:label="DepositsReceivedFromEmployees"/>
    <link:definitionArc xlink:type="arc" xlink:arcrole="http://www.xbrl.org/2003/arcrole/general-special" xlink:from="OtherLiabilitiesLiabilitiesBNK" xlink:to="DepositsReceivedFromEmployees" order="5.0"/>
    <link:loc xlink:type="locator" xlink:href="../../jppfs_cor_2020-11-01.xsd#jppfs_cor_ReserveForInterestOnInstallmentSavingsOtherLiabilitiesLiabilitiesBNK" xlink:label="ReserveForInterestOnInstallmentSavingsOtherLiabilitiesLiabilitiesBNK"/>
    <link:definitionArc xlink:type="arc" xlink:arcrole="http://www.xbrl.org/2003/arcrole/general-special" xlink:from="OtherLiabilitiesLiabilitiesBNK" xlink:to="ReserveForInterestOnInstallmentSavingsOtherLiabilitiesLiabilitiesBNK" order="6.0"/>
    <link:loc xlink:type="locator" xlink:href="../../jppfs_cor_2020-11-01.xsd#jppfs_cor_InitialMarginsOfFuturesMarketsLiabilitiesOtherLiabilitiesLiabilitiesBNK" xlink:label="InitialMarginsOfFuturesMarketsLiabilitiesOtherLiabilitiesLiabilitiesBNK"/>
    <link:definitionArc xlink:type="arc" xlink:arcrole="http://www.xbrl.org/2003/arcrole/general-special" xlink:from="OtherLiabilitiesLiabilitiesBNK" xlink:to="InitialMarginsOfFuturesMarketsLiabilitiesOtherLiabilitiesLiabilitiesBNK" order="7.0"/>
    <link:loc xlink:type="locator" xlink:href="../../jppfs_cor_2020-11-01.xsd#jppfs_cor_VariationMarginsOfFuturesMarketsOtherLiabilitiesLiabilitiesBNK" xlink:label="VariationMarginsOfFuturesMarketsOtherLiabilitiesLiabilitiesBNK"/>
    <link:definitionArc xlink:type="arc" xlink:arcrole="http://www.xbrl.org/2003/arcrole/general-special" xlink:from="OtherLiabilitiesLiabilitiesBNK" xlink:to="VariationMarginsOfFuturesMarketsOtherLiabilitiesLiabilitiesBNK" order="8.0"/>
    <link:loc xlink:type="locator" xlink:href="../../jppfs_cor_2020-11-01.xsd#jppfs_cor_TradingAccountSecuritiesBorrowedOtherLiabilitiesLiabilitiesBNK" xlink:label="TradingAccountSecuritiesBorrowedOtherLiabilitiesLiabilitiesBNK"/>
    <link:definitionArc xlink:type="arc" xlink:arcrole="http://www.xbrl.org/2003/arcrole/general-special" xlink:from="OtherLiabilitiesLiabilitiesBNK" xlink:to="TradingAccountSecuritiesBorrowedOtherLiabilitiesLiabilitiesBNK" order="9.0"/>
    <link:loc xlink:type="locator" xlink:href="../../jppfs_cor_2020-11-01.xsd#jppfs_cor_SecuritiesBorrowedOtherLiabilitiesLiabilitiesBNK" xlink:label="SecuritiesBorrowedOtherLiabilitiesLiabilitiesBNK"/>
    <link:definitionArc xlink:type="arc" xlink:arcrole="http://www.xbrl.org/2003/arcrole/general-special" xlink:from="OtherLiabilitiesLiabilitiesBNK" xlink:to="SecuritiesBorrowedOtherLiabilitiesLiabilitiesBNK" order="10.0"/>
    <link:loc xlink:type="locator" xlink:href="../../jppfs_cor_2020-11-01.xsd#jppfs_cor_TradingSecuritiesSoldForShortSalesLiabilitiesBNK" xlink:label="TradingSecuritiesSoldForShortSalesLiabilitiesBNK"/>
    <link:definitionArc xlink:type="arc" xlink:arcrole="http://www.xbrl.org/2003/arcrole/general-special" xlink:from="OtherLiabilitiesLiabilitiesBNK" xlink:to="TradingSecuritiesSoldForShortSalesLiabilitiesBNK" order="11.0"/>
    <link:loc xlink:type="locator" xlink:href="../../jppfs_cor_2020-11-01.xsd#jppfs_cor_BondsSoldOtherLiabilitiesLiabilitiesBNK" xlink:label="BondsSoldOtherLiabilitiesLiabilitiesBNK"/>
    <link:definitionArc xlink:type="arc" xlink:arcrole="http://www.xbrl.org/2003/arcrole/general-special" xlink:from="OtherLiabilitiesLiabilitiesBNK" xlink:to="BondsSoldOtherLiabilitiesLiabilitiesBNK" order="12.0"/>
    <link:loc xlink:type="locator" xlink:href="../../jppfs_cor_2020-11-01.xsd#jppfs_cor_DerivativesOtherThanForTradingLiabilitiesOtherLiabilitiesBNK" xlink:label="DerivativesOtherThanForTradingLiabilitiesOtherLiabilitiesBNK"/>
    <link:definitionArc xlink:type="arc" xlink:arcrole="http://www.xbrl.org/2003/arcrole/general-special" xlink:from="OtherLiabilitiesLiabilitiesBNK" xlink:to="DerivativesOtherThanForTradingLiabilitiesOtherLiabilitiesBNK" order="13.0"/>
    <link:loc xlink:type="locator" xlink:href="../../jppfs_cor_2020-11-01.xsd#jppfs_cor_CashCollateralReceivedForFinancialInstrumentsLiabilities" xlink:label="CashCollateralReceivedForFinancialInstrumentsLiabilities"/>
    <link:definitionArc xlink:type="arc" xlink:arcrole="http://www.xbrl.org/2003/arcrole/general-special" xlink:from="OtherLiabilitiesLiabilitiesBNK" xlink:to="CashCollateralReceivedForFinancialInstrumentsLiabilities" order="14.0"/>
    <link:loc xlink:type="locator" xlink:href="../../jppfs_cor_2020-11-01.xsd#jppfs_cor_LeaseObligationsLiabilities" xlink:label="LeaseObligationsLiabilities"/>
    <link:definitionArc xlink:type="arc" xlink:arcrole="http://www.xbrl.org/2003/arcrole/general-special" xlink:from="OtherLiabilitiesLiabilitiesBNK" xlink:to="LeaseObligationsLiabilities" order="15.0"/>
    <link:loc xlink:type="locator" xlink:href="../../jppfs_cor_2020-11-01.xsd#jppfs_cor_AssetRetirementObligationsLiabilities" xlink:label="AssetRetirementObligationsLiabilities"/>
    <link:definitionArc xlink:type="arc" xlink:arcrole="http://www.xbrl.org/2003/arcrole/general-special" xlink:from="OtherLiabilitiesLiabilitiesBNK" xlink:to="AssetRetirementObligationsLiabilities" order="16.0"/>
    <link:loc xlink:type="locator" xlink:href="../../jppfs_cor_2020-11-01.xsd#jppfs_cor_AccountsPayableSecuritiesTradingAccountOtherLiabilitiesLiabilitiesBNK" xlink:label="AccountsPayableSecuritiesTradingAccountOtherLiabilitiesLiabilitiesBNK"/>
    <link:definitionArc xlink:type="arc" xlink:arcrole="http://www.xbrl.org/2003/arcrole/general-special" xlink:from="OtherLiabilitiesLiabilitiesBNK" xlink:to="AccountsPayableSecuritiesTradingAccountOtherLiabilitiesLiabilitiesBNK" order="17.0"/>
    <link:loc xlink:type="locator" xlink:href="../../jppfs_cor_2020-11-01.xsd#jppfs_cor_OtherOtherLiabilitiesLiabilitiesBNK" xlink:label="OtherOtherLiabilitiesLiabilitiesBNK"/>
    <link:definitionArc xlink:type="arc" xlink:arcrole="http://www.xbrl.org/2003/arcrole/general-special" xlink:from="OtherLiabilitiesLiabilitiesBNK" xlink:to="OtherOtherLiabilitiesLiabilitiesBNK" order="18.0"/>
    <link:loc xlink:type="locator" xlink:href="../../jppfs_cor_2020-11-01.xsd#jppfs_cor_ProvisionForBonuses" xlink:label="ProvisionForBonuses"/>
    <link:definitionArc xlink:type="arc" xlink:arcrole="http://www.xbrl.org/2003/arcrole/general-special" xlink:from="LiabilitiesAbstract" xlink:to="ProvisionForBonuses" order="13.0"/>
    <link:loc xlink:type="locator" xlink:href="../../jppfs_cor_2020-11-01.xsd#jppfs_cor_ProvisionForDirectorsBonuses" xlink:label="ProvisionForDirectorsBonuses"/>
    <link:definitionArc xlink:type="arc" xlink:arcrole="http://www.xbrl.org/2003/arcrole/general-special" xlink:from="LiabilitiesAbstract" xlink:to="ProvisionForDirectorsBonuses" order="14.0"/>
    <link:loc xlink:type="locator" xlink:href="../../jppfs_cor_2020-11-01.xsd#jppfs_cor_ProvisionForRetirementBenefits" xlink:label="ProvisionForRetirementBenefits"/>
    <link:definitionArc xlink:type="arc" xlink:arcrole="http://www.xbrl.org/2003/arcrole/general-special" xlink:from="LiabilitiesAbstract" xlink:to="ProvisionForRetirementBenefits" order="15.0"/>
    <link:loc xlink:type="locator" xlink:href="../../jppfs_cor_2020-11-01.xsd#jppfs_cor_ProvisionForDirectorsRetirementBenefits" xlink:label="ProvisionForDirectorsRetirementBenefits"/>
    <link:definitionArc xlink:type="arc" xlink:arcrole="http://www.xbrl.org/2003/arcrole/general-special" xlink:from="LiabilitiesAbstract" xlink:to="ProvisionForDirectorsRetirementBenefits" order="16.0"/>
    <link:loc xlink:type="locator" xlink:href="../../jppfs_cor_2020-11-01.xsd#jppfs_cor_ProvisionForReimbursementOfDepositsLiabilitiesBNK" xlink:label="ProvisionForReimbursementOfDepositsLiabilitiesBNK"/>
    <link:definitionArc xlink:type="arc" xlink:arcrole="http://www.xbrl.org/2003/arcrole/general-special" xlink:from="LiabilitiesAbstract" xlink:to="ProvisionForReimbursementOfDepositsLiabilitiesBNK" order="17.0"/>
    <link:loc xlink:type="locator" xlink:href="../../jppfs_cor_2020-11-01.xsd#jppfs_cor_ReservesUnderTheSpecialLaws2" xlink:label="ReservesUnderTheSpecialLaws2"/>
    <link:definitionArc xlink:type="arc" xlink:arcrole="http://www.xbrl.org/2003/arcrole/general-special" xlink:from="LiabilitiesAbstract" xlink:to="ReservesUnderTheSpecialLaws2" order="18.0"/>
    <link:loc xlink:type="locator" xlink:href="../../jppfs_cor_2020-11-01.xsd#jppfs_cor_ReserveForFinancialProductsTransactionLiabilitiesReservesUnderTheSpecialLawsLiabilitiesBNK" xlink:label="ReserveForFinancialProductsTransactionLiabilitiesReservesUnderTheSpecialLawsLiabilitiesBNK"/>
    <link:definitionArc xlink:type="arc" xlink:arcrole="http://www.xbrl.org/2003/arcrole/general-special" xlink:from="ReservesUnderTheSpecialLaws2" xlink:to="ReserveForFinancialProductsTransactionLiabilitiesReservesUnderTheSpecialLawsLiabilitiesBNK" order="1.0"/>
    <link:loc xlink:type="locator" xlink:href="../../jppfs_cor_2020-11-01.xsd#jppfs_cor_DeferredTaxLiabilities" xlink:label="DeferredTaxLiabilities"/>
    <link:definitionArc xlink:type="arc" xlink:arcrole="http://www.xbrl.org/2003/arcrole/general-special" xlink:from="LiabilitiesAbstract" xlink:to="DeferredTaxLiabilities" order="19.0"/>
    <link:loc xlink:type="locator" xlink:href="../../jppfs_cor_2020-11-01.xsd#jppfs_cor_DeferredTaxLiabilitiesForLandRevaluation" xlink:label="DeferredTaxLiabilitiesForLandRevaluation"/>
    <link:definitionArc xlink:type="arc" xlink:arcrole="http://www.xbrl.org/2003/arcrole/general-special" xlink:from="LiabilitiesAbstract" xlink:to="DeferredTaxLiabilitiesForLandRevaluation" order="20.0"/>
    <link:loc xlink:type="locator" xlink:href="../../jppfs_cor_2020-11-01.xsd#jppfs_cor_NegativeGoodwill" xlink:label="NegativeGoodwill"/>
    <link:definitionArc xlink:type="arc" xlink:arcrole="http://www.xbrl.org/2003/arcrole/general-special" xlink:from="LiabilitiesAbstract" xlink:to="NegativeGoodwill" order="21.0"/>
    <link:loc xlink:type="locator" xlink:href="../../jppfs_cor_2020-11-01.xsd#jppfs_cor_AcceptancesAndGuaranteesLiabilitiesBNK" xlink:label="AcceptancesAndGuaranteesLiabilitiesBNK"/>
    <link:definitionArc xlink:type="arc" xlink:arcrole="http://www.xbrl.org/2003/arcrole/general-special" xlink:from="LiabilitiesAbstract" xlink:to="AcceptancesAndGuaranteesLiabilitiesBNK" order="22.0"/>
    <link:loc xlink:type="locator" xlink:href="../../jppfs_cor_2020-11-01.xsd#jppfs_cor_GuaranteeOfObligationLiabilitiesBNK" xlink:label="GuaranteeOfObligationLiabilitiesBNK"/>
    <link:definitionArc xlink:type="arc" xlink:arcrole="http://www.xbrl.org/2003/arcrole/general-special" xlink:from="LiabilitiesAbstract" xlink:to="GuaranteeOfObligationLiabilitiesBNK" order="23.0"/>
    <link:loc xlink:type="locator" xlink:href="../../jppfs_cor_2020-11-01.xsd#jppfs_cor_DebenturesLiabilitiesBNK" xlink:label="DebenturesLiabilitiesBNK"/>
    <link:definitionArc xlink:type="arc" xlink:arcrole="http://www.xbrl.org/2003/arcrole/general-special" xlink:from="LiabilitiesAbstract" xlink:to="DebenturesLiabilitiesBNK" order="24.0"/>
    <link:loc xlink:type="locator" xlink:href="../../jppfs_cor_2020-11-01.xsd#jppfs_cor_DebentureIssuanceLiabilitiesBNK" xlink:label="DebentureIssuanceLiabilitiesBNK"/>
    <link:definitionArc xlink:type="arc" xlink:arcrole="http://www.xbrl.org/2003/arcrole/general-special" xlink:from="DebenturesLiabilitiesBNK" xlink:to="DebentureIssuanceLiabilitiesBNK" order="1.0"/>
    <link:loc xlink:type="locator" xlink:href="../../jppfs_cor_2020-11-01.xsd#jppfs_cor_BorrowedMoneyFromTrustAccountLiabilitiesBNK" xlink:label="BorrowedMoneyFromTrustAccountLiabilitiesBNK"/>
    <link:definitionArc xlink:type="arc" xlink:arcrole="http://www.xbrl.org/2003/arcrole/general-special" xlink:from="LiabilitiesAbstract" xlink:to="BorrowedMoneyFromTrustAccountLiabilitiesBNK" order="25.0"/>
    <link:loc xlink:type="locator" xlink:href="../../jppfs_cor_2020-11-01.xsd#jppfs_cor_ProvisionForCompensationForTrustCapitalLiabilitiesBNK" xlink:label="ProvisionForCompensationForTrustCapitalLiabilitiesBNK"/>
    <link:definitionArc xlink:type="arc" xlink:arcrole="http://www.xbrl.org/2003/arcrole/general-special" xlink:from="LiabilitiesAbstract" xlink:to="ProvisionForCompensationForTrustCapitalLiabilitiesBNK" order="26.0"/>
    <link:loc xlink:type="locator" xlink:href="../../jppfs_cor_2020-11-01.xsd#jppfs_cor_ProvisionForPossibleLossOnSupportOfSpecificBorrowersLiabilitiesBNK" xlink:label="ProvisionForPossibleLossOnSupportOfSpecificBorrowersLiabilitiesBNK"/>
    <link:definitionArc xlink:type="arc" xlink:arcrole="http://www.xbrl.org/2003/arcrole/general-special" xlink:from="LiabilitiesAbstract" xlink:to="ProvisionForPossibleLossOnSupportOfSpecificBorrowersLiabilitiesBNK" order="27.0"/>
    <link:loc xlink:type="locator" xlink:href="../../jppfs_cor_2020-11-01.xsd#jppfs_cor_ProvisionForLossOnInterestRepaymentLiabilitiesBNK" xlink:label="ProvisionForLossOnInterestRepaymentLiabilitiesBNK"/>
    <link:definitionArc xlink:type="arc" xlink:arcrole="http://www.xbrl.org/2003/arcrole/general-special" xlink:from="LiabilitiesAbstract" xlink:to="ProvisionForLossOnInterestRepaymentLiabilitiesBNK" order="28.0"/>
    <link:loc xlink:type="locator" xlink:href="../../jppfs_cor_2020-11-01.xsd#jppfs_cor_ProvisionForContingentLossLiabilitiesBNK" xlink:label="ProvisionForContingentLossLiabilitiesBNK"/>
    <link:definitionArc xlink:type="arc" xlink:arcrole="http://www.xbrl.org/2003/arcrole/general-special" xlink:from="LiabilitiesAbstract" xlink:to="ProvisionForContingentLossLiabilitiesBNK" order="29.0"/>
    <link:loc xlink:type="locator" xlink:href="../../jppfs_cor_2020-11-01.xsd#jppfs_cor_Liabilities" xlink:label="Liabilities"/>
    <link:definitionArc xlink:type="arc" xlink:arcrole="http://www.xbrl.org/2003/arcrole/general-special" xlink:from="LiabilitiesAbstract" xlink:to="Liabilities" order="30.0"/>
    <link:loc xlink:type="locator" xlink:href="../../jppfs_cor_2020-11-01.xsd#jppfs_cor_NetAssetsAbstract" xlink:label="NetAssetsAbstract"/>
    <link:definitionArc xlink:type="arc" xlink:arcrole="http://www.xbrl.org/2003/arcrole/general-special" xlink:from="BalanceSheetLineItems" xlink:to="NetAssetsAbstract" order="3.0"/>
    <link:loc xlink:type="locator" xlink:href="../../jppfs_cor_2020-11-01.xsd#jppfs_cor_CapitalSurplus" xlink:label="CapitalSurplus"/>
    <link:loc xlink:type="locator" xlink:href="../../jppfs_cor_2020-11-01.xsd#jppfs_cor_LegalCapitalSurplus" xlink:label="LegalCapitalSurplus"/>
    <link:definitionArc xlink:type="arc" xlink:arcrole="http://www.xbrl.org/2003/arcrole/general-special" xlink:from="CapitalSurplus" xlink:to="LegalCapitalSurplus" order="1.0"/>
    <link:loc xlink:type="locator" xlink:href="../../jppfs_cor_2020-11-01.xsd#jppfs_cor_OtherCapitalSurplus" xlink:label="OtherCapitalSurplus"/>
    <link:definitionArc xlink:type="arc" xlink:arcrole="http://www.xbrl.org/2003/arcrole/general-special" xlink:from="CapitalSurplus" xlink:to="OtherCapitalSurplus" order="2.0"/>
    <link:loc xlink:type="locator" xlink:href="../../jppfs_cor_2020-11-01.xsd#jppfs_cor_RetainedEarnings" xlink:label="RetainedEarnings"/>
    <link:loc xlink:type="locator" xlink:href="../../jppfs_cor_2020-11-01.xsd#jppfs_cor_LegalRetainedEarnings" xlink:label="LegalRetainedEarnings"/>
    <link:definitionArc xlink:type="arc" xlink:arcrole="http://www.xbrl.org/2003/arcrole/general-special" xlink:from="RetainedEarnings" xlink:to="LegalRetainedEarnings" order="1.0"/>
    <link:loc xlink:type="locator" xlink:href="../../jppfs_cor_2020-11-01.xsd#jppfs_cor_OtherRetainedEarnings" xlink:label="OtherRetainedEarnings"/>
    <link:definitionArc xlink:type="arc" xlink:arcrole="http://www.xbrl.org/2003/arcrole/general-special" xlink:from="RetainedEarnings" xlink:to="OtherRetainedEarnings" order="2.0"/>
    <link:loc xlink:type="locator" xlink:href="../../jppfs_cor_2020-11-01.xsd#jppfs_cor_RetainedEarningsBroughtForward" xlink:label="RetainedEarningsBroughtForward"/>
    <link:definitionArc xlink:type="arc" xlink:arcrole="http://www.xbrl.org/2003/arcrole/general-special" xlink:from="OtherRetainedEarnings" xlink:to="RetainedEarningsBroughtForward" order="1.0"/>
    <link:loc xlink:type="locator" xlink:href="../../jppfs_cor_2020-11-01.xsd#jppfs_cor_SpecialReserveShinkinBNK" xlink:label="SpecialReserveShinkinBNK"/>
    <link:definitionArc xlink:type="arc" xlink:arcrole="http://www.xbrl.org/2003/arcrole/general-special" xlink:from="OtherRetainedEarnings" xlink:to="SpecialReserveShinkinBNK" order="2.0"/>
    <link:loc xlink:type="locator" xlink:href="../../jppfs_cor_2020-11-01.xsd#jppfs_cor_PromotionFundShinkinBNK" xlink:label="PromotionFundShinkinBNK"/>
    <link:definitionArc xlink:type="arc" xlink:arcrole="http://www.xbrl.org/2003/arcrole/general-special" xlink:from="OtherRetainedEarnings" xlink:to="PromotionFundShinkinBNK" order="3.0"/>
    <link:loc xlink:type="locator" xlink:href="../../jppfs_cor_2020-11-01.xsd#jppfs_cor_UnappropriatedRetainedEarningsShinkinBNK" xlink:label="UnappropriatedRetainedEarningsShinkinBNK"/>
    <link:definitionArc xlink:type="arc" xlink:arcrole="http://www.xbrl.org/2003/arcrole/general-special" xlink:from="OtherRetainedEarnings" xlink:to="UnappropriatedRetainedEarningsShinkinBNK" order="4.0"/>
    <link:loc xlink:type="locator" xlink:href="../../jppfs_cor_2020-11-01.xsd#jppfs_cor_ShareholdersEquity" xlink:label="ShareholdersEquity"/>
    <link:definitionArc xlink:type="arc" xlink:arcrole="http://www.xbrl.org/2003/arcrole/general-special" xlink:from="NetAssetsAbstract" xlink:to="ShareholdersEquity" order="1.0"/>
    <link:loc xlink:type="locator" xlink:href="../../jppfs_cor_2020-11-01.xsd#jppfs_cor_CapitalStock" xlink:label="CapitalStock"/>
    <link:definitionArc xlink:type="arc" xlink:arcrole="http://www.xbrl.org/2003/arcrole/general-special" xlink:from="ShareholdersEquity" xlink:to="CapitalStock" order="1.0"/>
    <link:loc xlink:type="locator" xlink:href="../../jppfs_cor_2020-11-01.xsd#jppfs_cor_CapitalStockShinkinBNK" xlink:label="CapitalStockShinkinBNK"/>
    <link:definitionArc xlink:type="arc" xlink:arcrole="http://www.xbrl.org/2003/arcrole/general-special" xlink:from="ShareholdersEquity" xlink:to="CapitalStockShinkinBNK" order="2.0"/>
    <link:loc xlink:type="locator" xlink:href="../../jppfs_cor_2020-11-01.xsd#jppfs_cor_CommonSharesShinkinBNK" xlink:label="CommonSharesShinkinBNK"/>
    <link:definitionArc xlink:type="arc" xlink:arcrole="http://www.xbrl.org/2003/arcrole/general-special" xlink:from="CapitalStockShinkinBNK" xlink:to="CommonSharesShinkinBNK" order="1.0"/>
    <link:loc xlink:type="locator" xlink:href="../../jppfs_cor_2020-11-01.xsd#jppfs_cor_PreferredSharesShinkinBNK" xlink:label="PreferredSharesShinkinBNK"/>
    <link:definitionArc xlink:type="arc" xlink:arcrole="http://www.xbrl.org/2003/arcrole/general-special" xlink:from="CapitalStockShinkinBNK" xlink:to="PreferredSharesShinkinBNK" order="2.0"/>
    <link:loc xlink:type="locator" xlink:href="../../jppfs_cor_2020-11-01.xsd#jppfs_cor_DepositForSubscriptionsToShares" xlink:label="DepositForSubscriptionsToShares"/>
    <link:definitionArc xlink:type="arc" xlink:arcrole="http://www.xbrl.org/2003/arcrole/general-special" xlink:from="ShareholdersEquity" xlink:to="DepositForSubscriptionsToShares" order="3.0"/>
    <link:definitionArc xlink:type="arc" xlink:arcrole="http://www.xbrl.org/2003/arcrole/general-special" xlink:from="ShareholdersEquity" xlink:to="CapitalSurplus" order="4.0"/>
    <link:definitionArc xlink:type="arc" xlink:arcrole="http://www.xbrl.org/2003/arcrole/general-special" xlink:from="ShareholdersEquity" xlink:to="RetainedEarnings" order="5.0"/>
    <link:loc xlink:type="locator" xlink:href="../../jppfs_cor_2020-11-01.xsd#jppfs_cor_TreasuryStock" xlink:label="TreasuryStock"/>
    <link:definitionArc xlink:type="arc" xlink:arcrole="http://www.xbrl.org/2003/arcrole/general-special" xlink:from="ShareholdersEquity" xlink:to="TreasuryStock" order="6.0"/>
    <link:loc xlink:type="locator" xlink:href="../../jppfs_cor_2020-11-01.xsd#jppfs_cor_DepositForSubscriptionsToTreasuryStock" xlink:label="DepositForSubscriptionsToTreasuryStock"/>
    <link:definitionArc xlink:type="arc" xlink:arcrole="http://www.xbrl.org/2003/arcrole/general-special" xlink:from="ShareholdersEquity" xlink:to="DepositForSubscriptionsToTreasuryStock" order="7.0"/>
    <link:loc xlink:type="locator" xlink:href="../../jppfs_cor_2020-11-01.xsd#jppfs_cor_ShareholdersEquityShinkinBNK" xlink:label="ShareholdersEquityShinkinBNK"/>
    <link:definitionArc xlink:type="arc" xlink:arcrole="http://www.xbrl.org/2003/arcrole/general-special" xlink:from="NetAssetsAbstract" xlink:to="ShareholdersEquityShinkinBNK" order="2.0"/>
    <link:loc xlink:type="locator" xlink:href="../../jppfs_cor_2020-11-01.xsd#jppfs_cor_ValuationAndTranslationAdjustments" xlink:label="ValuationAndTranslationAdjustments"/>
    <link:definitionArc xlink:type="arc" xlink:arcrole="http://www.xbrl.org/2003/arcrole/general-special" xlink:from="NetAssetsAbstract" xlink:to="ValuationAndTranslationAdjustments" order="3.0"/>
    <link:loc xlink:type="locator" xlink:href="../../jppfs_cor_2020-11-01.xsd#jppfs_cor_ValuationDifferenceOnAvailableForSaleSecurities" xlink:label="ValuationDifferenceOnAvailableForSaleSecurities"/>
    <link:definitionArc xlink:type="arc" xlink:arcrole="http://www.xbrl.org/2003/arcrole/general-special" xlink:from="ValuationAndTranslationAdjustments" xlink:to="ValuationDifferenceOnAvailableForSaleSecurities" order="1.0"/>
    <link:loc xlink:type="locator" xlink:href="../../jppfs_cor_2020-11-01.xsd#jppfs_cor_DeferredGainsOrLossesOnHedges" xlink:label="DeferredGainsOrLossesOnHedges"/>
    <link:definitionArc xlink:type="arc" xlink:arcrole="http://www.xbrl.org/2003/arcrole/general-special" xlink:from="ValuationAndTranslationAdjustments" xlink:to="DeferredGainsOrLossesOnHedges" order="2.0"/>
    <link:loc xlink:type="locator" xlink:href="../../jppfs_cor_2020-11-01.xsd#jppfs_cor_RevaluationReserveForLand" xlink:label="RevaluationReserveForLand"/>
    <link:definitionArc xlink:type="arc" xlink:arcrole="http://www.xbrl.org/2003/arcrole/general-special" xlink:from="ValuationAndTranslationAdjustments" xlink:to="RevaluationReserveForLand" order="3.0"/>
    <link:loc xlink:type="locator" xlink:href="../../jppfs_cor_2020-11-01.xsd#jppfs_cor_ForeignCurrencyTranslationAdjustment" xlink:label="ForeignCurrencyTranslationAdjustment"/>
    <link:definitionArc xlink:type="arc" xlink:arcrole="http://www.xbrl.org/2003/arcrole/general-special" xlink:from="ValuationAndTranslationAdjustments" xlink:to="ForeignCurrencyTranslationAdjustment" order="4.0"/>
    <link:loc xlink:type="locator" xlink:href="../../jppfs_cor_2020-11-01.xsd#jppfs_cor_SubscriptionRightsToShares" xlink:label="SubscriptionRightsToShares"/>
    <link:definitionArc xlink:type="arc" xlink:arcrole="http://www.xbrl.org/2003/arcrole/general-special" xlink:from="NetAssetsAbstract" xlink:to="SubscriptionRightsToShares" order="4.0"/>
    <link:loc xlink:type="locator" xlink:href="../../jppfs_cor_2020-11-01.xsd#jppfs_cor_NonControllingInterests" xlink:label="NonControllingInterests"/>
    <link:definitionArc xlink:type="arc" xlink:arcrole="http://www.xbrl.org/2003/arcrole/general-special" xlink:from="NetAssetsAbstract" xlink:to="NonControllingInterests" order="5.0"/>
    <link:loc xlink:type="locator" xlink:href="../../jppfs_cor_2020-11-01.xsd#jppfs_cor_NetAssets" xlink:label="NetAssets"/>
    <link:definitionArc xlink:type="arc" xlink:arcrole="http://www.xbrl.org/2003/arcrole/general-special" xlink:from="NetAssetsAbstract" xlink:to="NetAssets" order="6.0"/>
    <link:loc xlink:type="locator" xlink:href="../../jppfs_cor_2020-11-01.xsd#jppfs_cor_LiabilitiesAndNetAssets" xlink:label="LiabilitiesAndNetAssets"/>
    <link:definitionArc xlink:type="arc" xlink:arcrole="http://www.xbrl.org/2003/arcrole/general-special" xlink:from="BalanceSheetLineItems" xlink:to="LiabilitiesAndNetAssets" order="4.0"/>
    <link:loc xlink:type="locator" xlink:href="../../jppfs_cor_2020-11-01.xsd#jppfs_cor_BalanceSheetAbstract" xlink:label="BalanceSheetAbstract"/>
    <link:loc xlink:type="locator" xlink:href="../../jppfs_cor_2020-11-01.xsd#jppfs_cor_BalanceSheetTable" xlink:label="BalanceSheetTable"/>
    <link:definitionArc xlink:type="arc" xlink:arcrole="http://www.xbrl.org/2003/arcrole/general-special" xlink:from="BalanceSheetAbstract" xlink:to="BalanceSheetTable" order="1.0"/>
    <link:definitionArc xlink:type="arc" xlink:arcrole="http://www.xbrl.org/2003/arcrole/general-special" xlink:from="BalanceSheetAbstract" xlink:to="BalanceSheetLineItems" order="2.0"/>
  </link:definitionLink>
</link:linkbase>
