<?xml version="1.0" encoding="UTF-8"?>
<!--  (c) Financial Services Agency, The Japanese Government.
      All Rights Reserved.
      For intellectual property policy and authorized uses of EDINET Taxonomy,
      refer to “EDINET Taxonomy Legal Statement” at http://www.fsa.go.jp/search/EDINET_Taxonomy_Legal_Statement.html
-->
<link:linkbase xmlns:link="http://www.xbrl.org/2003/linkbase" xmlns:xsi="http://www.w3.org/2001/XMLSchema-instance" xmlns:xlink="http://www.w3.org/1999/xlink" xmlns:xbrli="http://www.xbrl.org/2003/instance">
  <link:roleRef roleURI="http://disclosure.edinet-fsa.go.jp/role/jpcrp/rol_std_IndependentAuditorsReport" xlink:type="simple" xlink:href="../jpcrp_rt_2025-11-01.xsd#rol_std_IndependentAuditorsReport"/>
  <link:presentationLink xlink:type="extended" xlink:role="http://disclosure.edinet-fsa.go.jp/role/jpcrp/rol_std_IndependentAuditorsReport">
    <link:loc xlink:type="locator" xlink:href="../jpcrp_cor_2025-11-01.xsd#jpcrp_cor_IndependentAuditorsReportHeading" xlink:label="IndependentAuditorsReportHeading"/>
    <link:loc xlink:type="locator" xlink:href="../jpcrp_cor_2025-11-01.xsd#jpcrp_cor_IndependentAuditorsReportConsolidatedTextBlock" xlink:label="IndependentAuditorsReportConsolidatedTextBlock"/>
    <link:presentationArc xlink:type="arc" xlink:arcrole="http://www.xbrl.org/2003/arcrole/parent-child" xlink:from="IndependentAuditorsReportHeading" xlink:to="IndependentAuditorsReportConsolidatedTextBlock" order="1.0"/>
    <link:loc xlink:type="locator" xlink:href="../jpcrp_cor_2025-11-01.xsd#jpcrp_cor_AuditFirm1Consolidated" xlink:label="AuditFirm1Consolidated"/>
    <link:presentationArc xlink:type="arc" xlink:arcrole="http://www.xbrl.org/2003/arcrole/parent-child" xlink:from="IndependentAuditorsReportConsolidatedTextBlock" xlink:to="AuditFirm1Consolidated" order="1.0"/>
    <link:loc xlink:type="locator" xlink:href="../jpcrp_cor_2025-11-01.xsd#jpcrp_cor_CPA1AuditFirm1Consolidated" xlink:label="CPA1AuditFirm1Consolidated"/>
    <link:presentationArc xlink:type="arc" xlink:arcrole="http://www.xbrl.org/2003/arcrole/parent-child" xlink:from="AuditFirm1Consolidated" xlink:to="CPA1AuditFirm1Consolidated" order="1.0"/>
    <link:loc xlink:type="locator" xlink:href="../jpcrp_cor_2025-11-01.xsd#jpcrp_cor_CPA2AuditFirm1Consolidated" xlink:label="CPA2AuditFirm1Consolidated"/>
    <link:presentationArc xlink:type="arc" xlink:arcrole="http://www.xbrl.org/2003/arcrole/parent-child" xlink:from="AuditFirm1Consolidated" xlink:to="CPA2AuditFirm1Consolidated" order="2.0"/>
    <link:loc xlink:type="locator" xlink:href="../jpcrp_cor_2025-11-01.xsd#jpcrp_cor_CPA3AuditFirm1Consolidated" xlink:label="CPA3AuditFirm1Consolidated"/>
    <link:presentationArc xlink:type="arc" xlink:arcrole="http://www.xbrl.org/2003/arcrole/parent-child" xlink:from="AuditFirm1Consolidated" xlink:to="CPA3AuditFirm1Consolidated" order="3.0"/>
    <link:loc xlink:type="locator" xlink:href="../jpcrp_cor_2025-11-01.xsd#jpcrp_cor_CPA4AuditFirm1Consolidated" xlink:label="CPA4AuditFirm1Consolidated"/>
    <link:presentationArc xlink:type="arc" xlink:arcrole="http://www.xbrl.org/2003/arcrole/parent-child" xlink:from="AuditFirm1Consolidated" xlink:to="CPA4AuditFirm1Consolidated" order="4.0"/>
    <link:loc xlink:type="locator" xlink:href="../jpcrp_cor_2025-11-01.xsd#jpcrp_cor_CPA5AuditFirm1Consolidated" xlink:label="CPA5AuditFirm1Consolidated"/>
    <link:presentationArc xlink:type="arc" xlink:arcrole="http://www.xbrl.org/2003/arcrole/parent-child" xlink:from="AuditFirm1Consolidated" xlink:to="CPA5AuditFirm1Consolidated" order="5.0"/>
    <link:loc xlink:type="locator" xlink:href="../jpcrp_cor_2025-11-01.xsd#jpcrp_cor_AuditFirm2Consolidated" xlink:label="AuditFirm2Consolidated"/>
    <link:presentationArc xlink:type="arc" xlink:arcrole="http://www.xbrl.org/2003/arcrole/parent-child" xlink:from="IndependentAuditorsReportConsolidatedTextBlock" xlink:to="AuditFirm2Consolidated" order="2.0"/>
    <link:loc xlink:type="locator" xlink:href="../jpcrp_cor_2025-11-01.xsd#jpcrp_cor_CPA1AuditFirm2Consolidated" xlink:label="CPA1AuditFirm2Consolidated"/>
    <link:presentationArc xlink:type="arc" xlink:arcrole="http://www.xbrl.org/2003/arcrole/parent-child" xlink:from="AuditFirm2Consolidated" xlink:to="CPA1AuditFirm2Consolidated" order="1.0"/>
    <link:loc xlink:type="locator" xlink:href="../jpcrp_cor_2025-11-01.xsd#jpcrp_cor_CPA2AuditFirm2Consolidated" xlink:label="CPA2AuditFirm2Consolidated"/>
    <link:presentationArc xlink:type="arc" xlink:arcrole="http://www.xbrl.org/2003/arcrole/parent-child" xlink:from="AuditFirm2Consolidated" xlink:to="CPA2AuditFirm2Consolidated" order="2.0"/>
    <link:loc xlink:type="locator" xlink:href="../jpcrp_cor_2025-11-01.xsd#jpcrp_cor_AuditOpinionConsolidatedTextBlock" xlink:label="AuditOpinionConsolidatedTextBlock"/>
    <link:presentationArc xlink:type="arc" xlink:arcrole="http://www.xbrl.org/2003/arcrole/parent-child" xlink:from="IndependentAuditorsReportConsolidatedTextBlock" xlink:to="AuditOpinionConsolidatedTextBlock" order="3.0"/>
    <link:loc xlink:type="locator" xlink:href="../jpcrp_cor_2025-11-01.xsd#jpcrp_cor_IndependentAuditorsReportNonConsolidatedTextBlock" xlink:label="IndependentAuditorsReportNonConsolidatedTextBlock"/>
    <link:presentationArc xlink:type="arc" xlink:arcrole="http://www.xbrl.org/2003/arcrole/parent-child" xlink:from="IndependentAuditorsReportHeading" xlink:to="IndependentAuditorsReportNonConsolidatedTextBlock" order="2.0"/>
    <link:loc xlink:type="locator" xlink:href="../jpcrp_cor_2025-11-01.xsd#jpcrp_cor_AuditFirm1NonConsolidated" xlink:label="AuditFirm1NonConsolidated"/>
    <link:presentationArc xlink:type="arc" xlink:arcrole="http://www.xbrl.org/2003/arcrole/parent-child" xlink:from="IndependentAuditorsReportNonConsolidatedTextBlock" xlink:to="AuditFirm1NonConsolidated" order="1.0"/>
    <link:loc xlink:type="locator" xlink:href="../jpcrp_cor_2025-11-01.xsd#jpcrp_cor_CPA1AuditFirm1NonConsolidated" xlink:label="CPA1AuditFirm1NonConsolidated"/>
    <link:presentationArc xlink:type="arc" xlink:arcrole="http://www.xbrl.org/2003/arcrole/parent-child" xlink:from="AuditFirm1NonConsolidated" xlink:to="CPA1AuditFirm1NonConsolidated" order="1.0"/>
    <link:loc xlink:type="locator" xlink:href="../jpcrp_cor_2025-11-01.xsd#jpcrp_cor_CPA2AuditFirm1NonConsolidated" xlink:label="CPA2AuditFirm1NonConsolidated"/>
    <link:presentationArc xlink:type="arc" xlink:arcrole="http://www.xbrl.org/2003/arcrole/parent-child" xlink:from="AuditFirm1NonConsolidated" xlink:to="CPA2AuditFirm1NonConsolidated" order="2.0"/>
    <link:loc xlink:type="locator" xlink:href="../jpcrp_cor_2025-11-01.xsd#jpcrp_cor_CPA3AuditFirm1NonConsolidated" xlink:label="CPA3AuditFirm1NonConsolidated"/>
    <link:presentationArc xlink:type="arc" xlink:arcrole="http://www.xbrl.org/2003/arcrole/parent-child" xlink:from="AuditFirm1NonConsolidated" xlink:to="CPA3AuditFirm1NonConsolidated" order="3.0"/>
    <link:loc xlink:type="locator" xlink:href="../jpcrp_cor_2025-11-01.xsd#jpcrp_cor_CPA4AuditFirm1NonConsolidated" xlink:label="CPA4AuditFirm1NonConsolidated"/>
    <link:presentationArc xlink:type="arc" xlink:arcrole="http://www.xbrl.org/2003/arcrole/parent-child" xlink:from="AuditFirm1NonConsolidated" xlink:to="CPA4AuditFirm1NonConsolidated" order="4.0"/>
    <link:loc xlink:type="locator" xlink:href="../jpcrp_cor_2025-11-01.xsd#jpcrp_cor_CPA5AuditFirm1NonConsolidated" xlink:label="CPA5AuditFirm1NonConsolidated"/>
    <link:presentationArc xlink:type="arc" xlink:arcrole="http://www.xbrl.org/2003/arcrole/parent-child" xlink:from="AuditFirm1NonConsolidated" xlink:to="CPA5AuditFirm1NonConsolidated" order="5.0"/>
    <link:loc xlink:type="locator" xlink:href="../jpcrp_cor_2025-11-01.xsd#jpcrp_cor_AuditFirm2NonConsolidated" xlink:label="AuditFirm2NonConsolidated"/>
    <link:presentationArc xlink:type="arc" xlink:arcrole="http://www.xbrl.org/2003/arcrole/parent-child" xlink:from="IndependentAuditorsReportNonConsolidatedTextBlock" xlink:to="AuditFirm2NonConsolidated" order="2.0"/>
    <link:loc xlink:type="locator" xlink:href="../jpcrp_cor_2025-11-01.xsd#jpcrp_cor_CPA1AuditFirm2NonConsolidated" xlink:label="CPA1AuditFirm2NonConsolidated"/>
    <link:presentationArc xlink:type="arc" xlink:arcrole="http://www.xbrl.org/2003/arcrole/parent-child" xlink:from="AuditFirm2NonConsolidated" xlink:to="CPA1AuditFirm2NonConsolidated" order="1.0"/>
    <link:loc xlink:type="locator" xlink:href="../jpcrp_cor_2025-11-01.xsd#jpcrp_cor_CPA2AuditFirm2NonConsolidated" xlink:label="CPA2AuditFirm2NonConsolidated"/>
    <link:presentationArc xlink:type="arc" xlink:arcrole="http://www.xbrl.org/2003/arcrole/parent-child" xlink:from="AuditFirm2NonConsolidated" xlink:to="CPA2AuditFirm2NonConsolidated" order="2.0"/>
    <link:loc xlink:type="locator" xlink:href="../jpcrp_cor_2025-11-01.xsd#jpcrp_cor_AuditOpinionNonConsolidatedTextBlock" xlink:label="AuditOpinionNonConsolidatedTextBlock"/>
    <link:presentationArc xlink:type="arc" xlink:arcrole="http://www.xbrl.org/2003/arcrole/parent-child" xlink:from="IndependentAuditorsReportNonConsolidatedTextBlock" xlink:to="AuditOpinionNonConsolidatedTextBlock" order="3.0"/>
  </link:presentationLink>
</link:linkbase>
