<?xml version="1.0" encoding="UTF-8"?>
<!--  (c) Financial Services Agency, The Japanese Government.
      All Rights Reserved.
      For intellectual property policy and authorized uses of EDINET Taxonomy,
      refer to “EDINET Taxonomy Legal Statement” at http://www.fsa.go.jp/search/EDINET_Taxonomy_Legal_Statement.html
-->
<link:linkbase xmlns:link="http://www.xbrl.org/2003/linkbase" xmlns:xsi="http://www.w3.org/2001/XMLSchema-instance" xmlns:xlink="http://www.w3.org/1999/xlink" xmlns:xbrli="http://www.xbrl.org/2003/instance">
  <link:roleRef roleURI="http://disclosure.edinet-fsa.go.jp/role/jpcrp/rol_std_InformationAboutOfficers-04" xlink:type="simple" xlink:href="../jpcrp_rt_2025-11-01.xsd#rol_std_InformationAboutOfficers-04"/>
  <link:presentationLink xlink:type="extended" xlink:role="http://disclosure.edinet-fsa.go.jp/role/jpcrp/rol_std_InformationAboutOfficers-04">
    <link:loc xlink:type="locator" xlink:href="../jpcrp_cor_2025-11-01.xsd#jpcrp_cor_DirectorsAndOtherOfficersAxis" xlink:label="DirectorsAndOtherOfficersAxis"/>
    <link:loc xlink:type="locator" xlink:href="../jpcrp_cor_2025-11-01.xsd#jpcrp_cor_DirectorsAndOtherOfficersMember" xlink:label="DirectorsAndOtherOfficersMember"/>
    <link:presentationArc xlink:type="arc" xlink:arcrole="http://www.xbrl.org/2003/arcrole/parent-child" xlink:from="DirectorsAndOtherOfficersAxis" xlink:to="DirectorsAndOtherOfficersMember" order="1.0"/>
    <link:loc xlink:type="locator" xlink:href="../jpcrp_cor_2025-11-01.xsd#jpcrp_cor_InformationAboutOfficersHeading" xlink:label="InformationAboutOfficersHeading"/>
    <link:loc xlink:type="locator" xlink:href="../jpcrp_cor_2025-11-01.xsd#jpcrp_cor_InformationAboutExecutiveDirectorsTable" xlink:label="InformationAboutExecutiveDirectorsTable"/>
    <link:presentationArc xlink:type="arc" xlink:arcrole="http://www.xbrl.org/2003/arcrole/parent-child" xlink:from="InformationAboutOfficersHeading" xlink:to="InformationAboutExecutiveDirectorsTable" order="1.0"/>
    <link:presentationArc xlink:type="arc" xlink:arcrole="http://www.xbrl.org/2003/arcrole/parent-child" xlink:from="InformationAboutExecutiveDirectorsTable" xlink:to="DirectorsAndOtherOfficersAxis" order="1.0"/>
    <link:loc xlink:type="locator" xlink:href="../jpcrp_cor_2025-11-01.xsd#jpcrp_cor_InformationAboutExecutiveDirectorsLineItems" xlink:label="InformationAboutExecutiveDirectorsLineItems"/>
    <link:presentationArc xlink:type="arc" xlink:arcrole="http://www.xbrl.org/2003/arcrole/parent-child" xlink:from="InformationAboutOfficersHeading" xlink:to="InformationAboutExecutiveDirectorsLineItems" order="2.0"/>
    <link:loc xlink:type="locator" xlink:href="../jpcrp_cor_2025-11-01.xsd#jpcrp_cor_OfficialTitleOrPositionInformationAboutExecutiveDirectors" xlink:label="OfficialTitleOrPositionInformationAboutExecutiveDirectors"/>
    <link:presentationArc xlink:type="arc" xlink:arcrole="http://www.xbrl.org/2003/arcrole/parent-child" xlink:from="InformationAboutExecutiveDirectorsLineItems" xlink:to="OfficialTitleOrPositionInformationAboutExecutiveDirectors" order="1.0"/>
    <link:loc xlink:type="locator" xlink:href="../jpcrp_cor_2025-11-01.xsd#jpcrp_cor_NameInformationAboutExecutiveDirectors" xlink:label="NameInformationAboutExecutiveDirectors"/>
    <link:presentationArc xlink:type="arc" xlink:arcrole="http://www.xbrl.org/2003/arcrole/parent-child" xlink:from="InformationAboutExecutiveDirectorsLineItems" xlink:to="NameInformationAboutExecutiveDirectors" order="2.0"/>
    <link:loc xlink:type="locator" xlink:href="../jpcrp_cor_2025-11-01.xsd#jpcrp_cor_DateOfBirthInformationAboutExecutiveDirectors" xlink:label="DateOfBirthInformationAboutExecutiveDirectors"/>
    <link:presentationArc xlink:type="arc" xlink:arcrole="http://www.xbrl.org/2003/arcrole/parent-child" xlink:from="InformationAboutExecutiveDirectorsLineItems" xlink:to="DateOfBirthInformationAboutExecutiveDirectors" order="3.0"/>
    <link:loc xlink:type="locator" xlink:href="../jpcrp_cor_2025-11-01.xsd#jpcrp_cor_CareerSummaryInformationAboutExecutiveDirectorsTextBlock" xlink:label="CareerSummaryInformationAboutExecutiveDirectorsTextBlock"/>
    <link:presentationArc xlink:type="arc" xlink:arcrole="http://www.xbrl.org/2003/arcrole/parent-child" xlink:from="InformationAboutExecutiveDirectorsLineItems" xlink:to="CareerSummaryInformationAboutExecutiveDirectorsTextBlock" order="4.0"/>
    <link:loc xlink:type="locator" xlink:href="../jpcrp_cor_2025-11-01.xsd#jpcrp_cor_TermOfOfficeInformationAboutExecutiveDirectors" xlink:label="TermOfOfficeInformationAboutExecutiveDirectors"/>
    <link:presentationArc xlink:type="arc" xlink:arcrole="http://www.xbrl.org/2003/arcrole/parent-child" xlink:from="InformationAboutExecutiveDirectorsLineItems" xlink:to="TermOfOfficeInformationAboutExecutiveDirectors" order="5.0"/>
    <link:loc xlink:type="locator" xlink:href="../jpcrp_cor_2025-11-01.xsd#jpcrp_cor_NumberOfSharesHeldOrdinarySharesInformationAboutExecutiveDirectors" xlink:label="NumberOfSharesHeldOrdinarySharesInformationAboutExecutiveDirectors"/>
    <link:presentationArc xlink:type="arc" xlink:arcrole="http://www.xbrl.org/2003/arcrole/parent-child" xlink:from="InformationAboutExecutiveDirectorsLineItems" xlink:to="NumberOfSharesHeldOrdinarySharesInformationAboutExecutiveDirectors" order="6.0"/>
    <link:loc xlink:type="locator" xlink:href="../jpcrp_cor_2025-11-01.xsd#jpcrp_cor_NumberOfSharesHeldOtherThanOrdinarySharesInformationAboutExecutiveDirectors" xlink:label="NumberOfSharesHeldOtherThanOrdinarySharesInformationAboutExecutiveDirectors"/>
    <link:presentationArc xlink:type="arc" xlink:arcrole="http://www.xbrl.org/2003/arcrole/parent-child" xlink:from="InformationAboutExecutiveDirectorsLineItems" xlink:to="NumberOfSharesHeldOtherThanOrdinarySharesInformationAboutExecutiveDirectors" order="7.0"/>
    <link:loc xlink:type="locator" xlink:href="../jpcrp_cor_2025-11-01.xsd#jpcrp_cor_NumberOfSharesScheduledToBeHeldInformationAboutExecutiveDirectors" xlink:label="NumberOfSharesScheduledToBeHeldInformationAboutExecutiveDirectors"/>
    <link:presentationArc xlink:type="arc" xlink:arcrole="http://www.xbrl.org/2003/arcrole/parent-child" xlink:from="InformationAboutExecutiveDirectorsLineItems" xlink:to="NumberOfSharesScheduledToBeHeldInformationAboutExecutiveDirectors" order="8.0"/>
  </link:presentationLink>
</link:linkbase>
