<?xml version="1.0" encoding="UTF-8"?>
<!--  (c) Financial Services Agency, The Japanese Government.
      All Rights Reserved.
      For intellectual property policy and authorized uses of EDINET Taxonomy,
      refer to “EDINET Taxonomy Legal Statement” at http://www.fsa.go.jp/search/EDINET_Taxonomy_Legal_Statement.html
-->
<link:linkbase xmlns:link="http://www.xbrl.org/2003/linkbase" xmlns:xsi="http://www.w3.org/2001/XMLSchema-instance" xmlns:xlink="http://www.w3.org/1999/xlink" xmlns:xbrli="http://www.xbrl.org/2003/instance">
  <link:roleRef roleURI="http://disclosure.edinet-fsa.go.jp/jpcrp/std/alt/role/label" xlink:type="simple" xlink:href="../jpcrp_rt_2025-11-01.xsd#rol_std_altLabel"/>
  <link:roleRef roleURI="http://disclosure.edinet-fsa.go.jp/role/jpcrp/rol_std_CabinetOfficeOrdinanceOnDisclosureOfCorporateInformationEtcFormNo74SecuritiesRegistrationStatement" xlink:type="simple" xlink:href="../jpcrp_rt_2025-11-01.xsd#rol_std_CabinetOfficeOrdinanceOnDisclosureOfCorporateInformationEtcFormNo74SecuritiesRegistrationStatement"/>
  <link:presentationLink xlink:type="extended" xlink:role="http://disclosure.edinet-fsa.go.jp/role/jpcrp/rol_std_CabinetOfficeOrdinanceOnDisclosureOfCorporateInformationEtcFormNo74SecuritiesRegistrationStatement">
    <link:loc xlink:type="locator" xlink:href="../jpcrp_cor_2025-11-01.xsd#jpcrp_cor_CabinetOfficeOrdinanceOnDisclosureOfCorporateInformationEtcFormNo74SecuritiesRegistrationStatementHeading" xlink:label="CabinetOfficeOrdinanceOnDisclosureOfCorporateInformationEtcFormNo74SecuritiesRegistrationStatementHeading"/>
    <link:loc xlink:type="locator" xlink:href="../jpcrp_cor_2025-11-01.xsd#jpcrp_cor_ConsolidatedFinancialStatementsEtcHeading" xlink:label="ConsolidatedFinancialStatementsEtcHeading"/>
    <link:presentationArc xlink:type="arc" xlink:arcrole="http://www.xbrl.org/2003/arcrole/parent-child" xlink:from="CabinetOfficeOrdinanceOnDisclosureOfCorporateInformationEtcFormNo74SecuritiesRegistrationStatementHeading" xlink:to="ConsolidatedFinancialStatementsEtcHeading" order="1.0"/>
    <link:loc xlink:type="locator" xlink:href="../jpcrp_cor_2025-11-01.xsd#jpcrp_cor_ConsolidatedFinancialStatementsHeading" xlink:label="ConsolidatedFinancialStatementsHeading"/>
    <link:presentationArc xlink:type="arc" xlink:arcrole="http://www.xbrl.org/2003/arcrole/parent-child" xlink:from="ConsolidatedFinancialStatementsEtcHeading" xlink:to="ConsolidatedFinancialStatementsHeading" order="1.0"/>
    <link:loc xlink:type="locator" xlink:href="../../../jppfs/2025-11-01/jppfs_cor_2025-11-01.xsd#jppfs_cor_ConsolidatedBalanceSheetHeading" xlink:label="ConsolidatedBalanceSheetHeading"/>
    <link:presentationArc xlink:type="arc" xlink:arcrole="http://www.xbrl.org/2003/arcrole/parent-child" xlink:from="ConsolidatedFinancialStatementsHeading" xlink:to="ConsolidatedBalanceSheetHeading" order="1.0"/>
    <link:loc xlink:type="locator" xlink:href="../jpcrp_cor_2025-11-01.xsd#jpcrp_cor_ConsolidatedBalanceSheetTextBlock" xlink:label="ConsolidatedBalanceSheetTextBlock"/>
    <link:presentationArc xlink:type="arc" xlink:arcrole="http://www.xbrl.org/2003/arcrole/parent-child" xlink:from="ConsolidatedBalanceSheetHeading" xlink:to="ConsolidatedBalanceSheetTextBlock" order="1.0"/>
    <link:loc xlink:type="locator" xlink:href="../jpcrp_cor_2025-11-01.xsd#jpcrp_cor_ConsolidatedBalanceSheetUSGAAPTextBlock" xlink:label="ConsolidatedBalanceSheetUSGAAPTextBlock"/>
    <link:presentationArc xlink:type="arc" xlink:arcrole="http://www.xbrl.org/2003/arcrole/parent-child" xlink:from="ConsolidatedBalanceSheetHeading" xlink:to="ConsolidatedBalanceSheetUSGAAPTextBlock" order="2.0"/>
    <link:loc xlink:type="locator" xlink:href="../../../jppfs/2025-11-01/jppfs_cor_2025-11-01.xsd#jppfs_cor_SemiAnnualConsolidatedBalanceSheetHeading" xlink:label="SemiAnnualConsolidatedBalanceSheetHeading"/>
    <link:presentationArc xlink:type="arc" xlink:arcrole="http://www.xbrl.org/2003/arcrole/parent-child" xlink:from="ConsolidatedBalanceSheetHeading" xlink:to="SemiAnnualConsolidatedBalanceSheetHeading" order="3.0"/>
    <link:loc xlink:type="locator" xlink:href="../jpcrp_cor_2025-11-01.xsd#jpcrp_cor_SemiAnnualConsolidatedBalanceSheetTextBlock" xlink:label="SemiAnnualConsolidatedBalanceSheetTextBlock"/>
    <link:presentationArc xlink:type="arc" xlink:arcrole="http://www.xbrl.org/2003/arcrole/parent-child" xlink:from="SemiAnnualConsolidatedBalanceSheetHeading" xlink:to="SemiAnnualConsolidatedBalanceSheetTextBlock" order="1.0"/>
    <link:loc xlink:type="locator" xlink:href="../../../jppfs/2025-11-01/jppfs_cor_2025-11-01.xsd#jppfs_cor_Type1SemiAnnualConsolidatedBalanceSheetHeading" xlink:label="Type1SemiAnnualConsolidatedBalanceSheetHeading"/>
    <link:presentationArc xlink:type="arc" xlink:arcrole="http://www.xbrl.org/2003/arcrole/parent-child" xlink:from="ConsolidatedBalanceSheetHeading" xlink:to="Type1SemiAnnualConsolidatedBalanceSheetHeading" order="4.0" preferredLabel="http://disclosure.edinet-fsa.go.jp/jpcrp/std/alt/role/label"/>
    <link:loc xlink:type="locator" xlink:href="../jpcrp_cor_2025-11-01.xsd#jpcrp_cor_Type1SemiAnnualConsolidatedBalanceSheetTextBlock" xlink:label="Type1SemiAnnualConsolidatedBalanceSheetTextBlock"/>
    <link:presentationArc xlink:type="arc" xlink:arcrole="http://www.xbrl.org/2003/arcrole/parent-child" xlink:from="Type1SemiAnnualConsolidatedBalanceSheetHeading" xlink:to="Type1SemiAnnualConsolidatedBalanceSheetTextBlock" order="1.0"/>
    <link:loc xlink:type="locator" xlink:href="../jpcrp_cor_2025-11-01.xsd#jpcrp_cor_SemiAnnualConsolidatedBalanceSheetUSGAAPTextBlock" xlink:label="SemiAnnualConsolidatedBalanceSheetUSGAAPTextBlock"/>
    <link:presentationArc xlink:type="arc" xlink:arcrole="http://www.xbrl.org/2003/arcrole/parent-child" xlink:from="Type1SemiAnnualConsolidatedBalanceSheetHeading" xlink:to="SemiAnnualConsolidatedBalanceSheetUSGAAPTextBlock" order="2.0"/>
    <link:loc xlink:type="locator" xlink:href="../../../jppfs/2025-11-01/jppfs_cor_2025-11-01.xsd#jppfs_cor_ConsolidatedStatementOfIncomeAndConsolidatedStatementOfComprehensiveIncomeHeading" xlink:label="ConsolidatedStatementOfIncomeAndConsolidatedStatementOfComprehensiveIncomeHeading"/>
    <link:presentationArc xlink:type="arc" xlink:arcrole="http://www.xbrl.org/2003/arcrole/parent-child" xlink:from="ConsolidatedFinancialStatementsHeading" xlink:to="ConsolidatedStatementOfIncomeAndConsolidatedStatementOfComprehensiveIncomeHeading" order="2.0"/>
    <link:loc xlink:type="locator" xlink:href="../../../jppfs/2025-11-01/jppfs_cor_2025-11-01.xsd#jppfs_cor_ConsolidatedStatementOfIncomeHeading" xlink:label="ConsolidatedStatementOfIncomeHeading"/>
    <link:presentationArc xlink:type="arc" xlink:arcrole="http://www.xbrl.org/2003/arcrole/parent-child" xlink:from="ConsolidatedStatementOfIncomeAndConsolidatedStatementOfComprehensiveIncomeHeading" xlink:to="ConsolidatedStatementOfIncomeHeading" order="1.0"/>
    <link:loc xlink:type="locator" xlink:href="../jpcrp_cor_2025-11-01.xsd#jpcrp_cor_ConsolidatedStatementOfIncomeTextBlock" xlink:label="ConsolidatedStatementOfIncomeTextBlock"/>
    <link:presentationArc xlink:type="arc" xlink:arcrole="http://www.xbrl.org/2003/arcrole/parent-child" xlink:from="ConsolidatedStatementOfIncomeHeading" xlink:to="ConsolidatedStatementOfIncomeTextBlock" order="1.0"/>
    <link:loc xlink:type="locator" xlink:href="../jpcrp_cor_2025-11-01.xsd#jpcrp_cor_ConsolidatedStatementOfIncomeUSGAAPTextBlock" xlink:label="ConsolidatedStatementOfIncomeUSGAAPTextBlock"/>
    <link:presentationArc xlink:type="arc" xlink:arcrole="http://www.xbrl.org/2003/arcrole/parent-child" xlink:from="ConsolidatedStatementOfIncomeHeading" xlink:to="ConsolidatedStatementOfIncomeUSGAAPTextBlock" order="2.0"/>
    <link:loc xlink:type="locator" xlink:href="../../../jppfs/2025-11-01/jppfs_cor_2025-11-01.xsd#jppfs_cor_ConsolidatedStatementOfComprehensiveIncomeHeading" xlink:label="ConsolidatedStatementOfComprehensiveIncomeHeading"/>
    <link:presentationArc xlink:type="arc" xlink:arcrole="http://www.xbrl.org/2003/arcrole/parent-child" xlink:from="ConsolidatedStatementOfIncomeAndConsolidatedStatementOfComprehensiveIncomeHeading" xlink:to="ConsolidatedStatementOfComprehensiveIncomeHeading" order="2.0"/>
    <link:loc xlink:type="locator" xlink:href="../jpcrp_cor_2025-11-01.xsd#jpcrp_cor_ConsolidatedStatementOfComprehensiveIncomeTextBlock" xlink:label="ConsolidatedStatementOfComprehensiveIncomeTextBlock"/>
    <link:presentationArc xlink:type="arc" xlink:arcrole="http://www.xbrl.org/2003/arcrole/parent-child" xlink:from="ConsolidatedStatementOfComprehensiveIncomeHeading" xlink:to="ConsolidatedStatementOfComprehensiveIncomeTextBlock" order="1.0"/>
    <link:loc xlink:type="locator" xlink:href="../jpcrp_cor_2025-11-01.xsd#jpcrp_cor_ConsolidatedStatementOfComprehensiveIncomeUSGAAPTextBlock" xlink:label="ConsolidatedStatementOfComprehensiveIncomeUSGAAPTextBlock"/>
    <link:presentationArc xlink:type="arc" xlink:arcrole="http://www.xbrl.org/2003/arcrole/parent-child" xlink:from="ConsolidatedStatementOfComprehensiveIncomeHeading" xlink:to="ConsolidatedStatementOfComprehensiveIncomeUSGAAPTextBlock" order="2.0"/>
    <link:loc xlink:type="locator" xlink:href="../../../jppfs/2025-11-01/jppfs_cor_2025-11-01.xsd#jppfs_cor_SemiAnnualConsolidatedStatementOfIncomeAndConsolidatedStatementOfComprehensiveIncomeHeading" xlink:label="SemiAnnualConsolidatedStatementOfIncomeAndConsolidatedStatementOfComprehensiveIncomeHeading"/>
    <link:presentationArc xlink:type="arc" xlink:arcrole="http://www.xbrl.org/2003/arcrole/parent-child" xlink:from="ConsolidatedStatementOfIncomeAndConsolidatedStatementOfComprehensiveIncomeHeading" xlink:to="SemiAnnualConsolidatedStatementOfIncomeAndConsolidatedStatementOfComprehensiveIncomeHeading" order="3.0"/>
    <link:loc xlink:type="locator" xlink:href="../../../jppfs/2025-11-01/jppfs_cor_2025-11-01.xsd#jppfs_cor_SemiAnnualConsolidatedStatementOfIncomeHeading" xlink:label="SemiAnnualConsolidatedStatementOfIncomeHeading"/>
    <link:presentationArc xlink:type="arc" xlink:arcrole="http://www.xbrl.org/2003/arcrole/parent-child" xlink:from="SemiAnnualConsolidatedStatementOfIncomeAndConsolidatedStatementOfComprehensiveIncomeHeading" xlink:to="SemiAnnualConsolidatedStatementOfIncomeHeading" order="1.0"/>
    <link:loc xlink:type="locator" xlink:href="../jpcrp_cor_2025-11-01.xsd#jpcrp_cor_SemiAnnualConsolidatedStatementOfIncomeTextBlock" xlink:label="SemiAnnualConsolidatedStatementOfIncomeTextBlock"/>
    <link:presentationArc xlink:type="arc" xlink:arcrole="http://www.xbrl.org/2003/arcrole/parent-child" xlink:from="SemiAnnualConsolidatedStatementOfIncomeHeading" xlink:to="SemiAnnualConsolidatedStatementOfIncomeTextBlock" order="1.0"/>
    <link:loc xlink:type="locator" xlink:href="../../../jppfs/2025-11-01/jppfs_cor_2025-11-01.xsd#jppfs_cor_SemiAnnualConsolidatedStatementOfComprehensiveIncomeHeading" xlink:label="SemiAnnualConsolidatedStatementOfComprehensiveIncomeHeading"/>
    <link:presentationArc xlink:type="arc" xlink:arcrole="http://www.xbrl.org/2003/arcrole/parent-child" xlink:from="SemiAnnualConsolidatedStatementOfIncomeAndConsolidatedStatementOfComprehensiveIncomeHeading" xlink:to="SemiAnnualConsolidatedStatementOfComprehensiveIncomeHeading" order="2.0"/>
    <link:loc xlink:type="locator" xlink:href="../jpcrp_cor_2025-11-01.xsd#jpcrp_cor_SemiAnnualConsolidatedStatementOfComprehensiveIncomeTextBlock" xlink:label="SemiAnnualConsolidatedStatementOfComprehensiveIncomeTextBlock"/>
    <link:presentationArc xlink:type="arc" xlink:arcrole="http://www.xbrl.org/2003/arcrole/parent-child" xlink:from="SemiAnnualConsolidatedStatementOfComprehensiveIncomeHeading" xlink:to="SemiAnnualConsolidatedStatementOfComprehensiveIncomeTextBlock" order="1.0"/>
    <link:loc xlink:type="locator" xlink:href="../../../jppfs/2025-11-01/jppfs_cor_2025-11-01.xsd#jppfs_cor_Type1SemiAnnualConsolidatedStatementOfIncomeAndConsolidatedStatementOfComprehensiveIncomeHeading" xlink:label="Type1SemiAnnualConsolidatedStatementOfIncomeAndConsolidatedStatementOfComprehensiveIncomeHeading"/>
    <link:presentationArc xlink:type="arc" xlink:arcrole="http://www.xbrl.org/2003/arcrole/parent-child" xlink:from="ConsolidatedStatementOfIncomeAndConsolidatedStatementOfComprehensiveIncomeHeading" xlink:to="Type1SemiAnnualConsolidatedStatementOfIncomeAndConsolidatedStatementOfComprehensiveIncomeHeading" order="4.0" preferredLabel="http://disclosure.edinet-fsa.go.jp/jpcrp/std/alt/role/label"/>
    <link:loc xlink:type="locator" xlink:href="../../../jppfs/2025-11-01/jppfs_cor_2025-11-01.xsd#jppfs_cor_Type1SemiAnnualConsolidatedStatementOfIncomeHeading" xlink:label="Type1SemiAnnualConsolidatedStatementOfIncomeHeading"/>
    <link:presentationArc xlink:type="arc" xlink:arcrole="http://www.xbrl.org/2003/arcrole/parent-child" xlink:from="Type1SemiAnnualConsolidatedStatementOfIncomeAndConsolidatedStatementOfComprehensiveIncomeHeading" xlink:to="Type1SemiAnnualConsolidatedStatementOfIncomeHeading" order="1.0" preferredLabel="http://disclosure.edinet-fsa.go.jp/jpcrp/std/alt/role/label"/>
    <link:loc xlink:type="locator" xlink:href="../jpcrp_cor_2025-11-01.xsd#jpcrp_cor_Type1SemiAnnualConsolidatedStatementOfIncomeTextBlock" xlink:label="Type1SemiAnnualConsolidatedStatementOfIncomeTextBlock"/>
    <link:presentationArc xlink:type="arc" xlink:arcrole="http://www.xbrl.org/2003/arcrole/parent-child" xlink:from="Type1SemiAnnualConsolidatedStatementOfIncomeHeading" xlink:to="Type1SemiAnnualConsolidatedStatementOfIncomeTextBlock" order="1.0"/>
    <link:loc xlink:type="locator" xlink:href="../jpcrp_cor_2025-11-01.xsd#jpcrp_cor_SemiAnnualConsolidatedStatementOfIncomeUSGAAPTextBlock" xlink:label="SemiAnnualConsolidatedStatementOfIncomeUSGAAPTextBlock"/>
    <link:presentationArc xlink:type="arc" xlink:arcrole="http://www.xbrl.org/2003/arcrole/parent-child" xlink:from="Type1SemiAnnualConsolidatedStatementOfIncomeHeading" xlink:to="SemiAnnualConsolidatedStatementOfIncomeUSGAAPTextBlock" order="2.0"/>
    <link:loc xlink:type="locator" xlink:href="../../../jppfs/2025-11-01/jppfs_cor_2025-11-01.xsd#jppfs_cor_Type1SemiAnnualConsolidatedStatementOfComprehensiveIncomeHeading" xlink:label="Type1SemiAnnualConsolidatedStatementOfComprehensiveIncomeHeading"/>
    <link:presentationArc xlink:type="arc" xlink:arcrole="http://www.xbrl.org/2003/arcrole/parent-child" xlink:from="Type1SemiAnnualConsolidatedStatementOfIncomeAndConsolidatedStatementOfComprehensiveIncomeHeading" xlink:to="Type1SemiAnnualConsolidatedStatementOfComprehensiveIncomeHeading" order="2.0" preferredLabel="http://disclosure.edinet-fsa.go.jp/jpcrp/std/alt/role/label"/>
    <link:loc xlink:type="locator" xlink:href="../jpcrp_cor_2025-11-01.xsd#jpcrp_cor_Type1SemiAnnualConsolidatedStatementOfComprehensiveIncomeTextBlock" xlink:label="Type1SemiAnnualConsolidatedStatementOfComprehensiveIncomeTextBlock"/>
    <link:presentationArc xlink:type="arc" xlink:arcrole="http://www.xbrl.org/2003/arcrole/parent-child" xlink:from="Type1SemiAnnualConsolidatedStatementOfComprehensiveIncomeHeading" xlink:to="Type1SemiAnnualConsolidatedStatementOfComprehensiveIncomeTextBlock" order="1.0"/>
    <link:loc xlink:type="locator" xlink:href="../jpcrp_cor_2025-11-01.xsd#jpcrp_cor_SemiAnnualConsolidatedStatementOfComprehensiveIncomeUSGAAPTextBlock" xlink:label="SemiAnnualConsolidatedStatementOfComprehensiveIncomeUSGAAPTextBlock"/>
    <link:presentationArc xlink:type="arc" xlink:arcrole="http://www.xbrl.org/2003/arcrole/parent-child" xlink:from="Type1SemiAnnualConsolidatedStatementOfComprehensiveIncomeHeading" xlink:to="SemiAnnualConsolidatedStatementOfComprehensiveIncomeUSGAAPTextBlock" order="2.0"/>
    <link:loc xlink:type="locator" xlink:href="../../../jppfs/2025-11-01/jppfs_cor_2025-11-01.xsd#jppfs_cor_ConsolidatedStatementOfComprehensiveIncomeSingleStatementHeading" xlink:label="ConsolidatedStatementOfComprehensiveIncomeSingleStatementHeading"/>
    <link:presentationArc xlink:type="arc" xlink:arcrole="http://www.xbrl.org/2003/arcrole/parent-child" xlink:from="ConsolidatedFinancialStatementsHeading" xlink:to="ConsolidatedStatementOfComprehensiveIncomeSingleStatementHeading" order="3.0"/>
    <link:loc xlink:type="locator" xlink:href="../jpcrp_cor_2025-11-01.xsd#jpcrp_cor_ConsolidatedStatementOfComprehensiveIncomeSingleStatementTextBlock" xlink:label="ConsolidatedStatementOfComprehensiveIncomeSingleStatementTextBlock"/>
    <link:presentationArc xlink:type="arc" xlink:arcrole="http://www.xbrl.org/2003/arcrole/parent-child" xlink:from="ConsolidatedStatementOfComprehensiveIncomeSingleStatementHeading" xlink:to="ConsolidatedStatementOfComprehensiveIncomeSingleStatementTextBlock" order="1.0"/>
    <link:loc xlink:type="locator" xlink:href="../jpcrp_cor_2025-11-01.xsd#jpcrp_cor_ConsolidatedStatementOfComprehensiveIncomeSingleStatementUSGAAPTextBlock" xlink:label="ConsolidatedStatementOfComprehensiveIncomeSingleStatementUSGAAPTextBlock"/>
    <link:presentationArc xlink:type="arc" xlink:arcrole="http://www.xbrl.org/2003/arcrole/parent-child" xlink:from="ConsolidatedStatementOfComprehensiveIncomeSingleStatementHeading" xlink:to="ConsolidatedStatementOfComprehensiveIncomeSingleStatementUSGAAPTextBlock" order="2.0"/>
    <link:loc xlink:type="locator" xlink:href="../../../jppfs/2025-11-01/jppfs_cor_2025-11-01.xsd#jppfs_cor_SemiAnnualConsolidatedStatementOfComprehensiveIncomeSingleStatementHeading" xlink:label="SemiAnnualConsolidatedStatementOfComprehensiveIncomeSingleStatementHeading"/>
    <link:presentationArc xlink:type="arc" xlink:arcrole="http://www.xbrl.org/2003/arcrole/parent-child" xlink:from="ConsolidatedStatementOfComprehensiveIncomeSingleStatementHeading" xlink:to="SemiAnnualConsolidatedStatementOfComprehensiveIncomeSingleStatementHeading" order="3.0"/>
    <link:loc xlink:type="locator" xlink:href="../jpcrp_cor_2025-11-01.xsd#jpcrp_cor_SemiAnnualConsolidatedStatementOfComprehensiveIncomeSingleStatementTextBlock" xlink:label="SemiAnnualConsolidatedStatementOfComprehensiveIncomeSingleStatementTextBlock"/>
    <link:presentationArc xlink:type="arc" xlink:arcrole="http://www.xbrl.org/2003/arcrole/parent-child" xlink:from="SemiAnnualConsolidatedStatementOfComprehensiveIncomeSingleStatementHeading" xlink:to="SemiAnnualConsolidatedStatementOfComprehensiveIncomeSingleStatementTextBlock" order="1.0"/>
    <link:loc xlink:type="locator" xlink:href="../../../jppfs/2025-11-01/jppfs_cor_2025-11-01.xsd#jppfs_cor_Type1SemiAnnualConsolidatedStatementOfComprehensiveIncomeSingleStatementHeading" xlink:label="Type1SemiAnnualConsolidatedStatementOfComprehensiveIncomeSingleStatementHeading"/>
    <link:presentationArc xlink:type="arc" xlink:arcrole="http://www.xbrl.org/2003/arcrole/parent-child" xlink:from="ConsolidatedStatementOfComprehensiveIncomeSingleStatementHeading" xlink:to="Type1SemiAnnualConsolidatedStatementOfComprehensiveIncomeSingleStatementHeading" order="4.0" preferredLabel="http://disclosure.edinet-fsa.go.jp/jpcrp/std/alt/role/label"/>
    <link:loc xlink:type="locator" xlink:href="../jpcrp_cor_2025-11-01.xsd#jpcrp_cor_Type1SemiAnnualConsolidatedStatementOfComprehensiveIncomeSingleStatementTextBlock" xlink:label="Type1SemiAnnualConsolidatedStatementOfComprehensiveIncomeSingleStatementTextBlock"/>
    <link:presentationArc xlink:type="arc" xlink:arcrole="http://www.xbrl.org/2003/arcrole/parent-child" xlink:from="Type1SemiAnnualConsolidatedStatementOfComprehensiveIncomeSingleStatementHeading" xlink:to="Type1SemiAnnualConsolidatedStatementOfComprehensiveIncomeSingleStatementTextBlock" order="1.0"/>
    <link:loc xlink:type="locator" xlink:href="../jpcrp_cor_2025-11-01.xsd#jpcrp_cor_SemiAnnualConsolidatedStatementOfComprehensiveIncomeSingleStatementUSGAAPTextBlock" xlink:label="SemiAnnualConsolidatedStatementOfComprehensiveIncomeSingleStatementUSGAAPTextBlock"/>
    <link:presentationArc xlink:type="arc" xlink:arcrole="http://www.xbrl.org/2003/arcrole/parent-child" xlink:from="Type1SemiAnnualConsolidatedStatementOfComprehensiveIncomeSingleStatementHeading" xlink:to="SemiAnnualConsolidatedStatementOfComprehensiveIncomeSingleStatementUSGAAPTextBlock" order="2.0"/>
    <link:loc xlink:type="locator" xlink:href="../../../jppfs/2025-11-01/jppfs_cor_2025-11-01.xsd#jppfs_cor_ConsolidatedStatementOfChangesInEquityHeading" xlink:label="ConsolidatedStatementOfChangesInEquityHeading"/>
    <link:presentationArc xlink:type="arc" xlink:arcrole="http://www.xbrl.org/2003/arcrole/parent-child" xlink:from="ConsolidatedFinancialStatementsHeading" xlink:to="ConsolidatedStatementOfChangesInEquityHeading" order="4.0"/>
    <link:loc xlink:type="locator" xlink:href="../jpcrp_cor_2025-11-01.xsd#jpcrp_cor_ConsolidatedStatementOfChangesInEquityTextBlock" xlink:label="ConsolidatedStatementOfChangesInEquityTextBlock"/>
    <link:presentationArc xlink:type="arc" xlink:arcrole="http://www.xbrl.org/2003/arcrole/parent-child" xlink:from="ConsolidatedStatementOfChangesInEquityHeading" xlink:to="ConsolidatedStatementOfChangesInEquityTextBlock" order="1.0"/>
    <link:loc xlink:type="locator" xlink:href="../jpcrp_cor_2025-11-01.xsd#jpcrp_cor_ConsolidatedStatementOfEquityUSGAAPTextBlock" xlink:label="ConsolidatedStatementOfEquityUSGAAPTextBlock"/>
    <link:presentationArc xlink:type="arc" xlink:arcrole="http://www.xbrl.org/2003/arcrole/parent-child" xlink:from="ConsolidatedStatementOfChangesInEquityHeading" xlink:to="ConsolidatedStatementOfEquityUSGAAPTextBlock" order="2.0"/>
    <link:loc xlink:type="locator" xlink:href="../../../jppfs/2025-11-01/jppfs_cor_2025-11-01.xsd#jppfs_cor_SemiAnnualConsolidatedStatementOfChangesInEquityHeading" xlink:label="SemiAnnualConsolidatedStatementOfChangesInEquityHeading"/>
    <link:presentationArc xlink:type="arc" xlink:arcrole="http://www.xbrl.org/2003/arcrole/parent-child" xlink:from="ConsolidatedStatementOfChangesInEquityHeading" xlink:to="SemiAnnualConsolidatedStatementOfChangesInEquityHeading" order="3.0"/>
    <link:loc xlink:type="locator" xlink:href="../jpcrp_cor_2025-11-01.xsd#jpcrp_cor_SemiAnnualConsolidatedStatementOfChangesInEquityTextBlock" xlink:label="SemiAnnualConsolidatedStatementOfChangesInEquityTextBlock"/>
    <link:presentationArc xlink:type="arc" xlink:arcrole="http://www.xbrl.org/2003/arcrole/parent-child" xlink:from="SemiAnnualConsolidatedStatementOfChangesInEquityHeading" xlink:to="SemiAnnualConsolidatedStatementOfChangesInEquityTextBlock" order="1.0"/>
    <link:loc xlink:type="locator" xlink:href="../../../jppfs/2025-11-01/jppfs_cor_2025-11-01.xsd#jppfs_cor_ConsolidatedStatementOfCashFlowsHeading" xlink:label="ConsolidatedStatementOfCashFlowsHeading"/>
    <link:presentationArc xlink:type="arc" xlink:arcrole="http://www.xbrl.org/2003/arcrole/parent-child" xlink:from="ConsolidatedFinancialStatementsHeading" xlink:to="ConsolidatedStatementOfCashFlowsHeading" order="5.0"/>
    <link:loc xlink:type="locator" xlink:href="../jpcrp_cor_2025-11-01.xsd#jpcrp_cor_ConsolidatedStatementOfCashFlowsTextBlock" xlink:label="ConsolidatedStatementOfCashFlowsTextBlock"/>
    <link:presentationArc xlink:type="arc" xlink:arcrole="http://www.xbrl.org/2003/arcrole/parent-child" xlink:from="ConsolidatedStatementOfCashFlowsHeading" xlink:to="ConsolidatedStatementOfCashFlowsTextBlock" order="1.0"/>
    <link:loc xlink:type="locator" xlink:href="../jpcrp_cor_2025-11-01.xsd#jpcrp_cor_ConsolidatedStatementOfCashFlowsUSGAAPTextBlock" xlink:label="ConsolidatedStatementOfCashFlowsUSGAAPTextBlock"/>
    <link:presentationArc xlink:type="arc" xlink:arcrole="http://www.xbrl.org/2003/arcrole/parent-child" xlink:from="ConsolidatedStatementOfCashFlowsHeading" xlink:to="ConsolidatedStatementOfCashFlowsUSGAAPTextBlock" order="2.0"/>
    <link:loc xlink:type="locator" xlink:href="../../../jppfs/2025-11-01/jppfs_cor_2025-11-01.xsd#jppfs_cor_SemiAnnualConsolidatedStatementOfCashFlowsHeading" xlink:label="SemiAnnualConsolidatedStatementOfCashFlowsHeading"/>
    <link:presentationArc xlink:type="arc" xlink:arcrole="http://www.xbrl.org/2003/arcrole/parent-child" xlink:from="ConsolidatedStatementOfCashFlowsHeading" xlink:to="SemiAnnualConsolidatedStatementOfCashFlowsHeading" order="3.0"/>
    <link:loc xlink:type="locator" xlink:href="../jpcrp_cor_2025-11-01.xsd#jpcrp_cor_SemiAnnualConsolidatedStatementOfCashFlowsTextBlock" xlink:label="SemiAnnualConsolidatedStatementOfCashFlowsTextBlock"/>
    <link:presentationArc xlink:type="arc" xlink:arcrole="http://www.xbrl.org/2003/arcrole/parent-child" xlink:from="SemiAnnualConsolidatedStatementOfCashFlowsHeading" xlink:to="SemiAnnualConsolidatedStatementOfCashFlowsTextBlock" order="1.0"/>
    <link:loc xlink:type="locator" xlink:href="../../../jppfs/2025-11-01/jppfs_cor_2025-11-01.xsd#jppfs_cor_Type1SemiAnnualConsolidatedStatementOfCashFlowsHeading" xlink:label="Type1SemiAnnualConsolidatedStatementOfCashFlowsHeading"/>
    <link:presentationArc xlink:type="arc" xlink:arcrole="http://www.xbrl.org/2003/arcrole/parent-child" xlink:from="ConsolidatedStatementOfCashFlowsHeading" xlink:to="Type1SemiAnnualConsolidatedStatementOfCashFlowsHeading" order="4.0" preferredLabel="http://disclosure.edinet-fsa.go.jp/jpcrp/std/alt/role/label"/>
    <link:loc xlink:type="locator" xlink:href="../jpcrp_cor_2025-11-01.xsd#jpcrp_cor_Type1SemiAnnualConsolidatedStatementOfCashFlowsTextBlock" xlink:label="Type1SemiAnnualConsolidatedStatementOfCashFlowsTextBlock"/>
    <link:presentationArc xlink:type="arc" xlink:arcrole="http://www.xbrl.org/2003/arcrole/parent-child" xlink:from="Type1SemiAnnualConsolidatedStatementOfCashFlowsHeading" xlink:to="Type1SemiAnnualConsolidatedStatementOfCashFlowsTextBlock" order="1.0"/>
    <link:loc xlink:type="locator" xlink:href="../jpcrp_cor_2025-11-01.xsd#jpcrp_cor_SemiAnnualConsolidatedStatementOfCashFlowsUSGAAPTextBlock" xlink:label="SemiAnnualConsolidatedStatementOfCashFlowsUSGAAPTextBlock"/>
    <link:presentationArc xlink:type="arc" xlink:arcrole="http://www.xbrl.org/2003/arcrole/parent-child" xlink:from="Type1SemiAnnualConsolidatedStatementOfCashFlowsHeading" xlink:to="SemiAnnualConsolidatedStatementOfCashFlowsUSGAAPTextBlock" order="2.0"/>
    <link:loc xlink:type="locator" xlink:href="../jpcrp_cor_2025-11-01.xsd#jpcrp_cor_FinancialStatementsEtcHeading" xlink:label="FinancialStatementsEtcHeading"/>
    <link:presentationArc xlink:type="arc" xlink:arcrole="http://www.xbrl.org/2003/arcrole/parent-child" xlink:from="CabinetOfficeOrdinanceOnDisclosureOfCorporateInformationEtcFormNo74SecuritiesRegistrationStatementHeading" xlink:to="FinancialStatementsEtcHeading" order="2.0"/>
    <link:loc xlink:type="locator" xlink:href="../jpcrp_cor_2025-11-01.xsd#jpcrp_cor_FinancialStatementsHeading" xlink:label="FinancialStatementsHeading"/>
    <link:presentationArc xlink:type="arc" xlink:arcrole="http://www.xbrl.org/2003/arcrole/parent-child" xlink:from="FinancialStatementsEtcHeading" xlink:to="FinancialStatementsHeading" order="1.0"/>
    <link:loc xlink:type="locator" xlink:href="../../../jppfs/2025-11-01/jppfs_cor_2025-11-01.xsd#jppfs_cor_BalanceSheetHeading" xlink:label="BalanceSheetHeading"/>
    <link:presentationArc xlink:type="arc" xlink:arcrole="http://www.xbrl.org/2003/arcrole/parent-child" xlink:from="FinancialStatementsHeading" xlink:to="BalanceSheetHeading" order="1.0"/>
    <link:loc xlink:type="locator" xlink:href="../jpcrp_cor_2025-11-01.xsd#jpcrp_cor_BalanceSheetTextBlock" xlink:label="BalanceSheetTextBlock"/>
    <link:presentationArc xlink:type="arc" xlink:arcrole="http://www.xbrl.org/2003/arcrole/parent-child" xlink:from="BalanceSheetHeading" xlink:to="BalanceSheetTextBlock" order="1.0"/>
    <link:loc xlink:type="locator" xlink:href="../../../jppfs/2025-11-01/jppfs_cor_2025-11-01.xsd#jppfs_cor_SemiAnnualBalanceSheetHeading" xlink:label="SemiAnnualBalanceSheetHeading"/>
    <link:presentationArc xlink:type="arc" xlink:arcrole="http://www.xbrl.org/2003/arcrole/parent-child" xlink:from="BalanceSheetHeading" xlink:to="SemiAnnualBalanceSheetHeading" order="2.0"/>
    <link:loc xlink:type="locator" xlink:href="../jpcrp_cor_2025-11-01.xsd#jpcrp_cor_SemiAnnualBalanceSheetTextBlock" xlink:label="SemiAnnualBalanceSheetTextBlock"/>
    <link:presentationArc xlink:type="arc" xlink:arcrole="http://www.xbrl.org/2003/arcrole/parent-child" xlink:from="SemiAnnualBalanceSheetHeading" xlink:to="SemiAnnualBalanceSheetTextBlock" order="1.0"/>
    <link:loc xlink:type="locator" xlink:href="../../../jppfs/2025-11-01/jppfs_cor_2025-11-01.xsd#jppfs_cor_Type1SemiAnnualBalanceSheetHeading" xlink:label="Type1SemiAnnualBalanceSheetHeading"/>
    <link:presentationArc xlink:type="arc" xlink:arcrole="http://www.xbrl.org/2003/arcrole/parent-child" xlink:from="BalanceSheetHeading" xlink:to="Type1SemiAnnualBalanceSheetHeading" order="3.0" preferredLabel="http://disclosure.edinet-fsa.go.jp/jpcrp/std/alt/role/label"/>
    <link:loc xlink:type="locator" xlink:href="../jpcrp_cor_2025-11-01.xsd#jpcrp_cor_Type1SemiAnnualBalanceSheetTextBlock" xlink:label="Type1SemiAnnualBalanceSheetTextBlock"/>
    <link:presentationArc xlink:type="arc" xlink:arcrole="http://www.xbrl.org/2003/arcrole/parent-child" xlink:from="Type1SemiAnnualBalanceSheetHeading" xlink:to="Type1SemiAnnualBalanceSheetTextBlock" order="1.0"/>
    <link:loc xlink:type="locator" xlink:href="../../../jppfs/2025-11-01/jppfs_cor_2025-11-01.xsd#jppfs_cor_StatementOfIncomeHeading" xlink:label="StatementOfIncomeHeading"/>
    <link:presentationArc xlink:type="arc" xlink:arcrole="http://www.xbrl.org/2003/arcrole/parent-child" xlink:from="FinancialStatementsHeading" xlink:to="StatementOfIncomeHeading" order="2.0"/>
    <link:loc xlink:type="locator" xlink:href="../jpcrp_cor_2025-11-01.xsd#jpcrp_cor_StatementOfIncomeTextBlock" xlink:label="StatementOfIncomeTextBlock"/>
    <link:presentationArc xlink:type="arc" xlink:arcrole="http://www.xbrl.org/2003/arcrole/parent-child" xlink:from="StatementOfIncomeHeading" xlink:to="StatementOfIncomeTextBlock" order="1.0"/>
    <link:loc xlink:type="locator" xlink:href="../jpcrp_cor_2025-11-01.xsd#jpcrp_cor_DetailedScheduleOfManufacturingCostTextBlock" xlink:label="DetailedScheduleOfManufacturingCostTextBlock"/>
    <link:presentationArc xlink:type="arc" xlink:arcrole="http://www.xbrl.org/2003/arcrole/parent-child" xlink:from="StatementOfIncomeHeading" xlink:to="DetailedScheduleOfManufacturingCostTextBlock" order="2.0"/>
    <link:loc xlink:type="locator" xlink:href="../jpcrp_cor_2025-11-01.xsd#jpcrp_cor_DetailedScheduleOfCostOfSalesTextBlock" xlink:label="DetailedScheduleOfCostOfSalesTextBlock"/>
    <link:presentationArc xlink:type="arc" xlink:arcrole="http://www.xbrl.org/2003/arcrole/parent-child" xlink:from="StatementOfIncomeHeading" xlink:to="DetailedScheduleOfCostOfSalesTextBlock" order="3.0"/>
    <link:loc xlink:type="locator" xlink:href="../jpcrp_cor_2025-11-01.xsd#jpcrp_cor_DetailedScheduleOfOperatingExpensesForRailwayBusinessTextBlock" xlink:label="DetailedScheduleOfOperatingExpensesForRailwayBusinessTextBlock"/>
    <link:presentationArc xlink:type="arc" xlink:arcrole="http://www.xbrl.org/2003/arcrole/parent-child" xlink:from="StatementOfIncomeHeading" xlink:to="DetailedScheduleOfOperatingExpensesForRailwayBusinessTextBlock" order="4.0"/>
    <link:loc xlink:type="locator" xlink:href="../jpcrp_cor_2025-11-01.xsd#jpcrp_cor_DetailedScheduleOfOperatingExpensesForMotorwayBusinessTextBlock" xlink:label="DetailedScheduleOfOperatingExpensesForMotorwayBusinessTextBlock"/>
    <link:presentationArc xlink:type="arc" xlink:arcrole="http://www.xbrl.org/2003/arcrole/parent-child" xlink:from="StatementOfIncomeHeading" xlink:to="DetailedScheduleOfOperatingExpensesForMotorwayBusinessTextBlock" order="5.0"/>
    <link:loc xlink:type="locator" xlink:href="../jpcrp_cor_2025-11-01.xsd#jpcrp_cor_DetailedScheduleOfOperatingExpensesTelecommunicationsBusinessTextBlock" xlink:label="DetailedScheduleOfOperatingExpensesTelecommunicationsBusinessTextBlock"/>
    <link:presentationArc xlink:type="arc" xlink:arcrole="http://www.xbrl.org/2003/arcrole/parent-child" xlink:from="StatementOfIncomeHeading" xlink:to="DetailedScheduleOfOperatingExpensesTelecommunicationsBusinessTextBlock" order="6.0"/>
    <link:loc xlink:type="locator" xlink:href="../jpcrp_cor_2025-11-01.xsd#jpcrp_cor_DetailedScheduleOfElectricUtilityOperatingExpensesTextBlock" xlink:label="DetailedScheduleOfElectricUtilityOperatingExpensesTextBlock"/>
    <link:presentationArc xlink:type="arc" xlink:arcrole="http://www.xbrl.org/2003/arcrole/parent-child" xlink:from="StatementOfIncomeHeading" xlink:to="DetailedScheduleOfElectricUtilityOperatingExpensesTextBlock" order="7.0"/>
    <link:loc xlink:type="locator" xlink:href="../jpcrp_cor_2025-11-01.xsd#jpcrp_cor_DetailedScheduleOfOperatingExpensesGASTextBlock" xlink:label="DetailedScheduleOfOperatingExpensesGASTextBlock"/>
    <link:presentationArc xlink:type="arc" xlink:arcrole="http://www.xbrl.org/2003/arcrole/parent-child" xlink:from="StatementOfIncomeHeading" xlink:to="DetailedScheduleOfOperatingExpensesGASTextBlock" order="8.0"/>
    <link:loc xlink:type="locator" xlink:href="../jpcrp_cor_2025-11-01.xsd#jpcrp_cor_DetailedScheduleOfOperatingExpensesNonOperatingExpensesExtraordinaryLossesEtcForHighwayBusinessTextBlock" xlink:label="DetailedScheduleOfOperatingExpensesNonOperatingExpensesExtraordinaryLossesEtcForHighwayBusinessTextBlock"/>
    <link:presentationArc xlink:type="arc" xlink:arcrole="http://www.xbrl.org/2003/arcrole/parent-child" xlink:from="StatementOfIncomeHeading" xlink:to="DetailedScheduleOfOperatingExpensesNonOperatingExpensesExtraordinaryLossesEtcForHighwayBusinessTextBlock" order="9.0"/>
    <link:loc xlink:type="locator" xlink:href="../jpcrp_cor_2025-11-01.xsd#jpcrp_cor_DetailedScheduleOfOperatingExpensesEDUTextBlock" xlink:label="DetailedScheduleOfOperatingExpensesEDUTextBlock"/>
    <link:presentationArc xlink:type="arc" xlink:arcrole="http://www.xbrl.org/2003/arcrole/parent-child" xlink:from="StatementOfIncomeHeading" xlink:to="DetailedScheduleOfOperatingExpensesEDUTextBlock" order="10.0"/>
    <link:loc xlink:type="locator" xlink:href="../../../jppfs/2025-11-01/jppfs_cor_2025-11-01.xsd#jppfs_cor_SemiAnnualStatementOfIncomeHeading" xlink:label="SemiAnnualStatementOfIncomeHeading"/>
    <link:presentationArc xlink:type="arc" xlink:arcrole="http://www.xbrl.org/2003/arcrole/parent-child" xlink:from="StatementOfIncomeHeading" xlink:to="SemiAnnualStatementOfIncomeHeading" order="11.0"/>
    <link:loc xlink:type="locator" xlink:href="../jpcrp_cor_2025-11-01.xsd#jpcrp_cor_SemiAnnualStatementOfIncomeTextBlock" xlink:label="SemiAnnualStatementOfIncomeTextBlock"/>
    <link:presentationArc xlink:type="arc" xlink:arcrole="http://www.xbrl.org/2003/arcrole/parent-child" xlink:from="SemiAnnualStatementOfIncomeHeading" xlink:to="SemiAnnualStatementOfIncomeTextBlock" order="1.0"/>
    <link:loc xlink:type="locator" xlink:href="../../../jppfs/2025-11-01/jppfs_cor_2025-11-01.xsd#jppfs_cor_Type1SemiAnnualStatementOfIncomeHeading" xlink:label="Type1SemiAnnualStatementOfIncomeHeading"/>
    <link:presentationArc xlink:type="arc" xlink:arcrole="http://www.xbrl.org/2003/arcrole/parent-child" xlink:from="StatementOfIncomeHeading" xlink:to="Type1SemiAnnualStatementOfIncomeHeading" order="12.0" preferredLabel="http://disclosure.edinet-fsa.go.jp/jpcrp/std/alt/role/label"/>
    <link:loc xlink:type="locator" xlink:href="../jpcrp_cor_2025-11-01.xsd#jpcrp_cor_Type1SemiAnnualStatementOfIncomeTextBlock" xlink:label="Type1SemiAnnualStatementOfIncomeTextBlock"/>
    <link:presentationArc xlink:type="arc" xlink:arcrole="http://www.xbrl.org/2003/arcrole/parent-child" xlink:from="Type1SemiAnnualStatementOfIncomeHeading" xlink:to="Type1SemiAnnualStatementOfIncomeTextBlock" order="1.0"/>
    <link:loc xlink:type="locator" xlink:href="../../../jppfs/2025-11-01/jppfs_cor_2025-11-01.xsd#jppfs_cor_StatementOfChangesInEquityHeading" xlink:label="StatementOfChangesInEquityHeading"/>
    <link:presentationArc xlink:type="arc" xlink:arcrole="http://www.xbrl.org/2003/arcrole/parent-child" xlink:from="FinancialStatementsHeading" xlink:to="StatementOfChangesInEquityHeading" order="3.0"/>
    <link:loc xlink:type="locator" xlink:href="../jpcrp_cor_2025-11-01.xsd#jpcrp_cor_StatementOfChangesInEquityTextBlock" xlink:label="StatementOfChangesInEquityTextBlock"/>
    <link:presentationArc xlink:type="arc" xlink:arcrole="http://www.xbrl.org/2003/arcrole/parent-child" xlink:from="StatementOfChangesInEquityHeading" xlink:to="StatementOfChangesInEquityTextBlock" order="1.0"/>
    <link:loc xlink:type="locator" xlink:href="../../../jppfs/2025-11-01/jppfs_cor_2025-11-01.xsd#jppfs_cor_SemiAnnualStatementOfChangesInEquityHeading" xlink:label="SemiAnnualStatementOfChangesInEquityHeading"/>
    <link:presentationArc xlink:type="arc" xlink:arcrole="http://www.xbrl.org/2003/arcrole/parent-child" xlink:from="StatementOfChangesInEquityHeading" xlink:to="SemiAnnualStatementOfChangesInEquityHeading" order="2.0"/>
    <link:loc xlink:type="locator" xlink:href="../jpcrp_cor_2025-11-01.xsd#jpcrp_cor_SemiAnnualStatementOfChangesInEquityTextBlock" xlink:label="SemiAnnualStatementOfChangesInEquityTextBlock"/>
    <link:presentationArc xlink:type="arc" xlink:arcrole="http://www.xbrl.org/2003/arcrole/parent-child" xlink:from="SemiAnnualStatementOfChangesInEquityHeading" xlink:to="SemiAnnualStatementOfChangesInEquityTextBlock" order="1.0"/>
    <link:loc xlink:type="locator" xlink:href="../../../jppfs/2025-11-01/jppfs_cor_2025-11-01.xsd#jppfs_cor_StatementOfCashFlowsHeading" xlink:label="StatementOfCashFlowsHeading"/>
    <link:presentationArc xlink:type="arc" xlink:arcrole="http://www.xbrl.org/2003/arcrole/parent-child" xlink:from="FinancialStatementsHeading" xlink:to="StatementOfCashFlowsHeading" order="4.0"/>
    <link:loc xlink:type="locator" xlink:href="../jpcrp_cor_2025-11-01.xsd#jpcrp_cor_StatementOfCashFlowsTextBlock" xlink:label="StatementOfCashFlowsTextBlock"/>
    <link:presentationArc xlink:type="arc" xlink:arcrole="http://www.xbrl.org/2003/arcrole/parent-child" xlink:from="StatementOfCashFlowsHeading" xlink:to="StatementOfCashFlowsTextBlock" order="1.0"/>
    <link:loc xlink:type="locator" xlink:href="../../../jppfs/2025-11-01/jppfs_cor_2025-11-01.xsd#jppfs_cor_SemiAnnualStatementOfCashFlowsHeading" xlink:label="SemiAnnualStatementOfCashFlowsHeading"/>
    <link:presentationArc xlink:type="arc" xlink:arcrole="http://www.xbrl.org/2003/arcrole/parent-child" xlink:from="StatementOfCashFlowsHeading" xlink:to="SemiAnnualStatementOfCashFlowsHeading" order="2.0"/>
    <link:loc xlink:type="locator" xlink:href="../jpcrp_cor_2025-11-01.xsd#jpcrp_cor_SemiAnnualStatementOfCashFlowsTextBlock" xlink:label="SemiAnnualStatementOfCashFlowsTextBlock"/>
    <link:presentationArc xlink:type="arc" xlink:arcrole="http://www.xbrl.org/2003/arcrole/parent-child" xlink:from="SemiAnnualStatementOfCashFlowsHeading" xlink:to="SemiAnnualStatementOfCashFlowsTextBlock" order="1.0"/>
    <link:loc xlink:type="locator" xlink:href="../../../jppfs/2025-11-01/jppfs_cor_2025-11-01.xsd#jppfs_cor_Type1SemiAnnualStatementOfCashFlowsHeading" xlink:label="Type1SemiAnnualStatementOfCashFlowsHeading"/>
    <link:presentationArc xlink:type="arc" xlink:arcrole="http://www.xbrl.org/2003/arcrole/parent-child" xlink:from="StatementOfCashFlowsHeading" xlink:to="Type1SemiAnnualStatementOfCashFlowsHeading" order="3.0" preferredLabel="http://disclosure.edinet-fsa.go.jp/jpcrp/std/alt/role/label"/>
    <link:loc xlink:type="locator" xlink:href="../jpcrp_cor_2025-11-01.xsd#jpcrp_cor_Type1SemiAnnualStatementOfCashFlowsTextBlock" xlink:label="Type1SemiAnnualStatementOfCashFlowsTextBlock"/>
    <link:presentationArc xlink:type="arc" xlink:arcrole="http://www.xbrl.org/2003/arcrole/parent-child" xlink:from="Type1SemiAnnualStatementOfCashFlowsHeading" xlink:to="Type1SemiAnnualStatementOfCashFlowsTextBlock" order="1.0"/>
  </link:presentationLink>
</link:linkbase>
