<?xml version="1.0" encoding="UTF-8"?>
<!--  (c) Financial Services Agency, The Japanese Government.
      All Rights Reserved.
      For intellectual property policy and authorized uses of EDINET Taxonomy,
      refer to “EDINET Taxonomy Legal Statement” at http://www.fsa.go.jp/search/EDINET_Taxonomy_Legal_Statement.html
-->
<link:linkbase xmlns:link="http://www.xbrl.org/2003/linkbase" xmlns:xsi="http://www.w3.org/2001/XMLSchema-instance" xmlns:xlink="http://www.w3.org/1999/xlink" xmlns:xbrli="http://www.xbrl.org/2003/instance">
  <link:roleRef roleURI="http://disclosure.edinet-fsa.go.jp/role/jpcrp/rol_std_Shareholdings-16" xlink:type="simple" xlink:href="../jpcrp_rt_2025-11-01.xsd#rol_std_Shareholdings-16"/>
  <link:presentationLink xlink:type="extended" xlink:role="http://disclosure.edinet-fsa.go.jp/role/jpcrp/rol_std_Shareholdings-16">
    <link:loc xlink:type="locator" xlink:href="../jpcrp_cor_2025-11-01.xsd#jpcrp_cor_ShareholdingsHeading" xlink:label="ShareholdingsHeading"/>
    <link:loc xlink:type="locator" xlink:href="../jpcrp_cor_2025-11-01.xsd#jpcrp_cor_GroupCompanyHoldingSecondLargestAmountOfInvestmentEquitySecuritiesInGroupEquitySecuritiesHeldAbstract" xlink:label="GroupCompanyHoldingSecondLargestAmountOfInvestmentEquitySecuritiesInGroupEquitySecuritiesHeldAbstract"/>
    <link:presentationArc xlink:type="arc" xlink:arcrole="http://www.xbrl.org/2003/arcrole/parent-child" xlink:from="ShareholdingsHeading" xlink:to="GroupCompanyHoldingSecondLargestAmountOfInvestmentEquitySecuritiesInGroupEquitySecuritiesHeldAbstract" order="1.0"/>
    <link:loc xlink:type="locator" xlink:href="../jpcrp_cor_2025-11-01.xsd#jpcrp_cor_InvestmentEquitySecuritiesHeldForPureInvestmentSecondLargestHoldingCompanyAbstract" xlink:label="InvestmentEquitySecuritiesHeldForPureInvestmentSecondLargestHoldingCompanyAbstract"/>
    <link:presentationArc xlink:type="arc" xlink:arcrole="http://www.xbrl.org/2003/arcrole/parent-child" xlink:from="GroupCompanyHoldingSecondLargestAmountOfInvestmentEquitySecuritiesInGroupEquitySecuritiesHeldAbstract" xlink:to="InvestmentEquitySecuritiesHeldForPureInvestmentSecondLargestHoldingCompanyAbstract" order="1.0"/>
    <link:loc xlink:type="locator" xlink:href="../jpcrp_cor_2025-11-01.xsd#jpcrp_cor_EquitySecuritiesNotListedInvestmentEquitySecuritiesHeldForPureInvestmentSecondLargestHoldingCompanyAbstract" xlink:label="EquitySecuritiesNotListedInvestmentEquitySecuritiesHeldForPureInvestmentSecondLargestHoldingCompanyAbstract"/>
    <link:presentationArc xlink:type="arc" xlink:arcrole="http://www.xbrl.org/2003/arcrole/parent-child" xlink:from="InvestmentEquitySecuritiesHeldForPureInvestmentSecondLargestHoldingCompanyAbstract" xlink:to="EquitySecuritiesNotListedInvestmentEquitySecuritiesHeldForPureInvestmentSecondLargestHoldingCompanyAbstract" order="1.0"/>
    <link:loc xlink:type="locator" xlink:href="../jpcrp_cor_2025-11-01.xsd#jpcrp_cor_NumberOfIssuesSharesNotListedInvestmentSharesHeldForPureInvestmentSecondLargestHoldingCompany" xlink:label="NumberOfIssuesSharesNotListedInvestmentSharesHeldForPureInvestmentSecondLargestHoldingCompany"/>
    <link:presentationArc xlink:type="arc" xlink:arcrole="http://www.xbrl.org/2003/arcrole/parent-child" xlink:from="EquitySecuritiesNotListedInvestmentEquitySecuritiesHeldForPureInvestmentSecondLargestHoldingCompanyAbstract" xlink:to="NumberOfIssuesSharesNotListedInvestmentSharesHeldForPureInvestmentSecondLargestHoldingCompany" order="1.0"/>
    <link:loc xlink:type="locator" xlink:href="../jpcrp_cor_2025-11-01.xsd#jpcrp_cor_BookValueEquitySecuritiesNotListedInvestmentEquitySecuritiesHeldForPureInvestmentSecondLargestHoldingCompany" xlink:label="BookValueEquitySecuritiesNotListedInvestmentEquitySecuritiesHeldForPureInvestmentSecondLargestHoldingCompany"/>
    <link:presentationArc xlink:type="arc" xlink:arcrole="http://www.xbrl.org/2003/arcrole/parent-child" xlink:from="EquitySecuritiesNotListedInvestmentEquitySecuritiesHeldForPureInvestmentSecondLargestHoldingCompanyAbstract" xlink:to="BookValueEquitySecuritiesNotListedInvestmentEquitySecuritiesHeldForPureInvestmentSecondLargestHoldingCompany" order="2.0"/>
    <link:loc xlink:type="locator" xlink:href="../jpcrp_cor_2025-11-01.xsd#jpcrp_cor_TotalOfDividendsReceivedEquitySecuritiesNotListedInvestmentEquitySecuritiesHeldForPureInvestmentSecondLargestHoldingCompany" xlink:label="TotalOfDividendsReceivedEquitySecuritiesNotListedInvestmentEquitySecuritiesHeldForPureInvestmentSecondLargestHoldingCompany"/>
    <link:presentationArc xlink:type="arc" xlink:arcrole="http://www.xbrl.org/2003/arcrole/parent-child" xlink:from="EquitySecuritiesNotListedInvestmentEquitySecuritiesHeldForPureInvestmentSecondLargestHoldingCompanyAbstract" xlink:to="TotalOfDividendsReceivedEquitySecuritiesNotListedInvestmentEquitySecuritiesHeldForPureInvestmentSecondLargestHoldingCompany" order="3.0"/>
    <link:loc xlink:type="locator" xlink:href="../jpcrp_cor_2025-11-01.xsd#jpcrp_cor_TotalOfGainLossOnSaleEquitySecuritiesNotListedInvestmentEquitySecuritiesHeldForPureInvestmentSecondLargestHoldingCompany" xlink:label="TotalOfGainLossOnSaleEquitySecuritiesNotListedInvestmentEquitySecuritiesHeldForPureInvestmentSecondLargestHoldingCompany"/>
    <link:presentationArc xlink:type="arc" xlink:arcrole="http://www.xbrl.org/2003/arcrole/parent-child" xlink:from="EquitySecuritiesNotListedInvestmentEquitySecuritiesHeldForPureInvestmentSecondLargestHoldingCompanyAbstract" xlink:to="TotalOfGainLossOnSaleEquitySecuritiesNotListedInvestmentEquitySecuritiesHeldForPureInvestmentSecondLargestHoldingCompany" order="4.0"/>
    <link:loc xlink:type="locator" xlink:href="../jpcrp_cor_2025-11-01.xsd#jpcrp_cor_TotalOfValuationGainLossEquitySecuritiesNotListedInvestmentEquitySecuritiesHeldForPureInvestmentSecondLargestHoldingCompany" xlink:label="TotalOfValuationGainLossEquitySecuritiesNotListedInvestmentEquitySecuritiesHeldForPureInvestmentSecondLargestHoldingCompany"/>
    <link:presentationArc xlink:type="arc" xlink:arcrole="http://www.xbrl.org/2003/arcrole/parent-child" xlink:from="EquitySecuritiesNotListedInvestmentEquitySecuritiesHeldForPureInvestmentSecondLargestHoldingCompanyAbstract" xlink:to="TotalOfValuationGainLossEquitySecuritiesNotListedInvestmentEquitySecuritiesHeldForPureInvestmentSecondLargestHoldingCompany" order="5.0"/>
    <link:loc xlink:type="locator" xlink:href="../jpcrp_cor_2025-11-01.xsd#jpcrp_cor_EquitySecuritiesOtherThanThoseNotListedInvestmentEquitySecuritiesHeldForPureInvestmentSecondLargestHoldingCompanyAbstract" xlink:label="EquitySecuritiesOtherThanThoseNotListedInvestmentEquitySecuritiesHeldForPureInvestmentSecondLargestHoldingCompanyAbstract"/>
    <link:presentationArc xlink:type="arc" xlink:arcrole="http://www.xbrl.org/2003/arcrole/parent-child" xlink:from="InvestmentEquitySecuritiesHeldForPureInvestmentSecondLargestHoldingCompanyAbstract" xlink:to="EquitySecuritiesOtherThanThoseNotListedInvestmentEquitySecuritiesHeldForPureInvestmentSecondLargestHoldingCompanyAbstract" order="2.0"/>
    <link:loc xlink:type="locator" xlink:href="../jpcrp_cor_2025-11-01.xsd#jpcrp_cor_NumberOfIssuesSharesOtherThanThoseNotListedInvestmentSharesHeldForPureInvestmentSecondLargestHoldingCompany" xlink:label="NumberOfIssuesSharesOtherThanThoseNotListedInvestmentSharesHeldForPureInvestmentSecondLargestHoldingCompany"/>
    <link:presentationArc xlink:type="arc" xlink:arcrole="http://www.xbrl.org/2003/arcrole/parent-child" xlink:from="EquitySecuritiesOtherThanThoseNotListedInvestmentEquitySecuritiesHeldForPureInvestmentSecondLargestHoldingCompanyAbstract" xlink:to="NumberOfIssuesSharesOtherThanThoseNotListedInvestmentSharesHeldForPureInvestmentSecondLargestHoldingCompany" order="1.0"/>
    <link:loc xlink:type="locator" xlink:href="../jpcrp_cor_2025-11-01.xsd#jpcrp_cor_BookValueEquitySecuritiesOtherThanThoseNotListedInvestmentEquitySecuritiesHeldForPureInvestmentSecondLargestHoldingCompany" xlink:label="BookValueEquitySecuritiesOtherThanThoseNotListedInvestmentEquitySecuritiesHeldForPureInvestmentSecondLargestHoldingCompany"/>
    <link:presentationArc xlink:type="arc" xlink:arcrole="http://www.xbrl.org/2003/arcrole/parent-child" xlink:from="EquitySecuritiesOtherThanThoseNotListedInvestmentEquitySecuritiesHeldForPureInvestmentSecondLargestHoldingCompanyAbstract" xlink:to="BookValueEquitySecuritiesOtherThanThoseNotListedInvestmentEquitySecuritiesHeldForPureInvestmentSecondLargestHoldingCompany" order="2.0"/>
    <link:loc xlink:type="locator" xlink:href="../jpcrp_cor_2025-11-01.xsd#jpcrp_cor_TotalOfDividendsReceivedEquitySecuritiesOtherThanThoseNotListedInvestmentEquitySecuritiesHeldForPureInvestmentSecondLargestHoldingCompany" xlink:label="TotalOfDividendsReceivedEquitySecuritiesOtherThanThoseNotListedInvestmentEquitySecuritiesHeldForPureInvestmentSecondLargestHoldingCompany"/>
    <link:presentationArc xlink:type="arc" xlink:arcrole="http://www.xbrl.org/2003/arcrole/parent-child" xlink:from="EquitySecuritiesOtherThanThoseNotListedInvestmentEquitySecuritiesHeldForPureInvestmentSecondLargestHoldingCompanyAbstract" xlink:to="TotalOfDividendsReceivedEquitySecuritiesOtherThanThoseNotListedInvestmentEquitySecuritiesHeldForPureInvestmentSecondLargestHoldingCompany" order="3.0"/>
    <link:loc xlink:type="locator" xlink:href="../jpcrp_cor_2025-11-01.xsd#jpcrp_cor_TotalOfGainLossOnSaleEquitySecuritiesOtherThanThoseNotListedInvestmentEquitySecuritiesHeldForPureInvestmentSecondLargestHoldingCompany" xlink:label="TotalOfGainLossOnSaleEquitySecuritiesOtherThanThoseNotListedInvestmentEquitySecuritiesHeldForPureInvestmentSecondLargestHoldingCompany"/>
    <link:presentationArc xlink:type="arc" xlink:arcrole="http://www.xbrl.org/2003/arcrole/parent-child" xlink:from="EquitySecuritiesOtherThanThoseNotListedInvestmentEquitySecuritiesHeldForPureInvestmentSecondLargestHoldingCompanyAbstract" xlink:to="TotalOfGainLossOnSaleEquitySecuritiesOtherThanThoseNotListedInvestmentEquitySecuritiesHeldForPureInvestmentSecondLargestHoldingCompany" order="4.0"/>
    <link:loc xlink:type="locator" xlink:href="../jpcrp_cor_2025-11-01.xsd#jpcrp_cor_TotalOfValuationGainLossEquitySecuritiesOtherThanThoseNotListedInvestmentEquitySecuritiesHeldForPureInvestmentSecondLargestHoldingCompany" xlink:label="TotalOfValuationGainLossEquitySecuritiesOtherThanThoseNotListedInvestmentEquitySecuritiesHeldForPureInvestmentSecondLargestHoldingCompany"/>
    <link:presentationArc xlink:type="arc" xlink:arcrole="http://www.xbrl.org/2003/arcrole/parent-child" xlink:from="EquitySecuritiesOtherThanThoseNotListedInvestmentEquitySecuritiesHeldForPureInvestmentSecondLargestHoldingCompanyAbstract" xlink:to="TotalOfValuationGainLossEquitySecuritiesOtherThanThoseNotListedInvestmentEquitySecuritiesHeldForPureInvestmentSecondLargestHoldingCompany" order="5.0"/>
  </link:presentationLink>
</link:linkbase>
