<?xml version="1.0" encoding="UTF-8"?>
<!--  (c) Financial Services Agency, The Japanese Government.
      All Rights Reserved.
      For intellectual property policy and authorized uses of EDINET Taxonomy,
      refer to “EDINET Taxonomy Legal Statement” at http://www.fsa.go.jp/search/EDINET_Taxonomy_Legal_Statement.html
-->
<link:linkbase xmlns:link="http://www.xbrl.org/2003/linkbase" xmlns:xsi="http://www.w3.org/2001/XMLSchema-instance" xmlns:xlink="http://www.w3.org/1999/xlink" xmlns:xbrli="http://www.xbrl.org/2003/instance">
  <link:roleRef roleURI="http://disclosure.edinet-fsa.go.jp/role/jpcrp/rol_std_NotesSegmentInformationEtcConsolidatedFinancialStatements-05" xlink:type="simple" xlink:href="../jpcrp_rt_2025-11-01.xsd#rol_std_NotesSegmentInformationEtcConsolidatedFinancialStatements-05"/>
  <link:presentationLink xlink:type="extended" xlink:role="http://disclosure.edinet-fsa.go.jp/role/jpcrp/rol_std_NotesSegmentInformationEtcConsolidatedFinancialStatements-05">
    <link:loc xlink:type="locator" xlink:href="../../../jppfs/2025-11-01/jppfs_cor_2025-11-01.xsd#jppfs_cor_ConsolidatedOrNonConsolidatedAxis" xlink:label="ConsolidatedOrNonConsolidatedAxis"/>
    <link:loc xlink:type="locator" xlink:href="../../../jppfs/2025-11-01/jppfs_cor_2025-11-01.xsd#jppfs_cor_ConsolidatedMember" xlink:label="ConsolidatedMember"/>
    <link:presentationArc xlink:type="arc" xlink:arcrole="http://www.xbrl.org/2003/arcrole/parent-child" xlink:from="ConsolidatedOrNonConsolidatedAxis" xlink:to="ConsolidatedMember" order="1.0"/>
    <link:loc xlink:type="locator" xlink:href="../jpcrp_cor_2025-11-01.xsd#jpcrp_cor_NotesSegmentInformationEtcConsolidatedFinancialStatementsHeading" xlink:label="NotesSegmentInformationEtcConsolidatedFinancialStatementsHeading"/>
    <link:loc xlink:type="locator" xlink:href="../jpcrp_cor_2025-11-01.xsd#jpcrp_cor_NotesSegmentInformationEtcConsolidatedFinancialStatementsTable" xlink:label="NotesSegmentInformationEtcConsolidatedFinancialStatementsTable"/>
    <link:presentationArc xlink:type="arc" xlink:arcrole="http://www.xbrl.org/2003/arcrole/parent-child" xlink:from="NotesSegmentInformationEtcConsolidatedFinancialStatementsHeading" xlink:to="NotesSegmentInformationEtcConsolidatedFinancialStatementsTable" order="1.0"/>
    <link:presentationArc xlink:type="arc" xlink:arcrole="http://www.xbrl.org/2003/arcrole/parent-child" xlink:from="NotesSegmentInformationEtcConsolidatedFinancialStatementsTable" xlink:to="ConsolidatedOrNonConsolidatedAxis" order="1.0"/>
    <link:loc xlink:type="locator" xlink:href="../jpcrp_cor_2025-11-01.xsd#jpcrp_cor_NotesSegmentInformationEtcConsolidatedFinancialStatementsLineItems" xlink:label="NotesSegmentInformationEtcConsolidatedFinancialStatementsLineItems"/>
    <link:presentationArc xlink:type="arc" xlink:arcrole="http://www.xbrl.org/2003/arcrole/parent-child" xlink:from="NotesSegmentInformationEtcConsolidatedFinancialStatementsHeading" xlink:to="NotesSegmentInformationEtcConsolidatedFinancialStatementsLineItems" order="2.0"/>
    <link:loc xlink:type="locator" xlink:href="../jpcrp_cor_2025-11-01.xsd#jpcrp_cor_DescriptionOfImpairmentLossNotAllocatedToReportableSegments" xlink:label="DescriptionOfImpairmentLossNotAllocatedToReportableSegments"/>
    <link:presentationArc xlink:type="arc" xlink:arcrole="http://www.xbrl.org/2003/arcrole/parent-child" xlink:from="NotesSegmentInformationEtcConsolidatedFinancialStatementsLineItems" xlink:to="DescriptionOfImpairmentLossNotAllocatedToReportableSegments" order="1.0"/>
  </link:presentationLink>
</link:linkbase>
