<?xml version="1.0" encoding="UTF-8"?>
<!--  (c) Financial Services Agency, The Japanese Government.
      All Rights Reserved.
      For intellectual property policy and authorized uses of EDINET Taxonomy,
      refer to “EDINET Taxonomy Legal Statement” at http://www.fsa.go.jp/search/EDINET_Taxonomy_Legal_Statement.html
-->
<link:linkbase xmlns:link="http://www.xbrl.org/2003/linkbase" xmlns:xsi="http://www.w3.org/2001/XMLSchema-instance" xmlns:xlink="http://www.w3.org/1999/xlink" xmlns:xbrli="http://www.xbrl.org/2003/instance">
  <link:roleRef roleURI="http://disclosure.edinet-fsa.go.jp/role/jpcrp/rol_std_NotesSegmentInformationEtcConsolidatedFinancialStatements-07" xlink:type="simple" xlink:href="../jpcrp_rt_2020-11-01.xsd#rol_std_NotesSegmentInformationEtcConsolidatedFinancialStatements-07"/>
  <link:presentationLink xlink:type="extended" xlink:role="http://disclosure.edinet-fsa.go.jp/role/jpcrp/rol_std_NotesSegmentInformationEtcConsolidatedFinancialStatements-07">
    <link:loc xlink:type="locator" xlink:href="../../../jppfs/2020-11-01/jppfs_cor_2020-11-01.xsd#jppfs_cor_ConsolidatedOrNonConsolidatedAxis" xlink:label="ConsolidatedOrNonConsolidatedAxis"/>
    <link:loc xlink:type="locator" xlink:href="../../../jppfs/2020-11-01/jppfs_cor_2020-11-01.xsd#jppfs_cor_ConsolidatedMember" xlink:label="ConsolidatedMember"/>
    <link:presentationArc xlink:type="arc" xlink:arcrole="http://www.xbrl.org/2003/arcrole/parent-child" xlink:from="ConsolidatedOrNonConsolidatedAxis" xlink:to="ConsolidatedMember" order="1.0"/>
    <link:loc xlink:type="locator" xlink:href="../jpcrp_cor_2020-11-01.xsd#jpcrp_cor_OperatingSegmentsAxis" xlink:label="OperatingSegmentsAxis"/>
    <link:loc xlink:type="locator" xlink:href="../jpcrp_cor_2020-11-01.xsd#jpcrp_cor_EntityTotalMember" xlink:label="EntityTotalMember"/>
    <link:presentationArc xlink:type="arc" xlink:arcrole="http://www.xbrl.org/2003/arcrole/parent-child" xlink:from="OperatingSegmentsAxis" xlink:to="EntityTotalMember" order="1.0" preferredLabel="http://www.xbrl.org/2003/role/totalLabel"/>
    <link:loc xlink:type="locator" xlink:href="../jpcrp_cor_2020-11-01.xsd#jpcrp_cor_UnallocatedAmountsAndEliminationMember" xlink:label="UnallocatedAmountsAndEliminationMember"/>
    <link:presentationArc xlink:type="arc" xlink:arcrole="http://www.xbrl.org/2003/arcrole/parent-child" xlink:from="EntityTotalMember" xlink:to="UnallocatedAmountsAndEliminationMember" order="3.0"/>
    <link:loc xlink:type="locator" xlink:href="../jpcrp_cor_2020-11-01.xsd#jpcrp_cor_ReportableSegmentsMember" xlink:label="ReportableSegmentsMember"/>
    <link:loc xlink:type="locator" xlink:href="../jpcrp_cor_2020-11-01.xsd#jpcrp_cor_OtherReportableSegmentsMember" xlink:label="OtherReportableSegmentsMember"/>
    <link:presentationArc xlink:type="arc" xlink:arcrole="http://www.xbrl.org/2003/arcrole/parent-child" xlink:from="ReportableSegmentsMember" xlink:to="OtherReportableSegmentsMember" order="1.0"/>
    <link:loc xlink:type="locator" xlink:href="../jpcrp_cor_2020-11-01.xsd#jpcrp_cor_OperatingSegmentsNotIncludedInReportableSegmentsAndOtherRevenueGeneratingBusinessActivitiesMember" xlink:label="OperatingSegmentsNotIncludedInReportableSegmentsAndOtherRevenueGeneratingBusinessActivitiesMember"/>
    <link:presentationArc xlink:type="arc" xlink:arcrole="http://www.xbrl.org/2003/arcrole/parent-child" xlink:from="EntityTotalMember" xlink:to="OperatingSegmentsNotIncludedInReportableSegmentsAndOtherRevenueGeneratingBusinessActivitiesMember" order="2.0"/>
    <link:presentationArc xlink:type="arc" xlink:arcrole="http://www.xbrl.org/2003/arcrole/parent-child" xlink:from="EntityTotalMember" xlink:to="ReportableSegmentsMember" order="1.0"/>
    <link:loc xlink:type="locator" xlink:href="../jpcrp_cor_2020-11-01.xsd#jpcrp_cor_AmortizationAndUnamortizedBalanceOfNegativeGoodwillForEachReportableSegmentAbstract" xlink:label="AmortizationAndUnamortizedBalanceOfNegativeGoodwillForEachReportableSegmentAbstract"/>
    <link:loc xlink:type="locator" xlink:href="../jpcrp_cor_2020-11-01.xsd#jpcrp_cor_AmortizationAndUnamortizedBalanceOfNegativeGoodwillForEachReportableSegmentTable" xlink:label="AmortizationAndUnamortizedBalanceOfNegativeGoodwillForEachReportableSegmentTable"/>
    <link:presentationArc xlink:type="arc" xlink:arcrole="http://www.xbrl.org/2003/arcrole/parent-child" xlink:from="AmortizationAndUnamortizedBalanceOfNegativeGoodwillForEachReportableSegmentAbstract" xlink:to="AmortizationAndUnamortizedBalanceOfNegativeGoodwillForEachReportableSegmentTable" order="1.0"/>
    <link:presentationArc xlink:type="arc" xlink:arcrole="http://www.xbrl.org/2003/arcrole/parent-child" xlink:from="AmortizationAndUnamortizedBalanceOfNegativeGoodwillForEachReportableSegmentTable" xlink:to="ConsolidatedOrNonConsolidatedAxis" order="1.0"/>
    <link:presentationArc xlink:type="arc" xlink:arcrole="http://www.xbrl.org/2003/arcrole/parent-child" xlink:from="AmortizationAndUnamortizedBalanceOfNegativeGoodwillForEachReportableSegmentTable" xlink:to="OperatingSegmentsAxis" order="2.0"/>
    <link:loc xlink:type="locator" xlink:href="../jpcrp_cor_2020-11-01.xsd#jpcrp_cor_AmortizationAndUnamortizedBalanceOfNegativeGoodwillForEachReportableSegmentLineItems" xlink:label="AmortizationAndUnamortizedBalanceOfNegativeGoodwillForEachReportableSegmentLineItems"/>
    <link:presentationArc xlink:type="arc" xlink:arcrole="http://www.xbrl.org/2003/arcrole/parent-child" xlink:from="AmortizationAndUnamortizedBalanceOfNegativeGoodwillForEachReportableSegmentAbstract" xlink:to="AmortizationAndUnamortizedBalanceOfNegativeGoodwillForEachReportableSegmentLineItems" order="2.0"/>
    <link:loc xlink:type="locator" xlink:href="../../../jppfs/2020-11-01/jppfs_cor_2020-11-01.xsd#jppfs_cor_AmortizationOfNegativeGoodwillNOI" xlink:label="AmortizationOfNegativeGoodwillNOI"/>
    <link:presentationArc xlink:type="arc" xlink:arcrole="http://www.xbrl.org/2003/arcrole/parent-child" xlink:from="AmortizationAndUnamortizedBalanceOfNegativeGoodwillForEachReportableSegmentLineItems" xlink:to="AmortizationOfNegativeGoodwillNOI" order="1.0"/>
    <link:loc xlink:type="locator" xlink:href="../../../jppfs/2020-11-01/jppfs_cor_2020-11-01.xsd#jppfs_cor_NegativeGoodwill" xlink:label="NegativeGoodwill"/>
    <link:presentationArc xlink:type="arc" xlink:arcrole="http://www.xbrl.org/2003/arcrole/parent-child" xlink:from="AmortizationAndUnamortizedBalanceOfNegativeGoodwillForEachReportableSegmentLineItems" xlink:to="NegativeGoodwill" order="2.0"/>
    <link:loc xlink:type="locator" xlink:href="../jpcrp_cor_2020-11-01.xsd#jpcrp_cor_NegativeGoodwillBeforeOffsetting" xlink:label="NegativeGoodwillBeforeOffsetting"/>
    <link:presentationArc xlink:type="arc" xlink:arcrole="http://www.xbrl.org/2003/arcrole/parent-child" xlink:from="AmortizationAndUnamortizedBalanceOfNegativeGoodwillForEachReportableSegmentLineItems" xlink:to="NegativeGoodwillBeforeOffsetting" order="3.0"/>
    <link:loc xlink:type="locator" xlink:href="../jpcrp_cor_2020-11-01.xsd#jpcrp_cor_NotesSegmentInformationEtcConsolidatedFinancialStatementsHeading" xlink:label="NotesSegmentInformationEtcConsolidatedFinancialStatementsHeading"/>
    <link:presentationArc xlink:type="arc" xlink:arcrole="http://www.xbrl.org/2003/arcrole/parent-child" xlink:from="NotesSegmentInformationEtcConsolidatedFinancialStatementsHeading" xlink:to="AmortizationAndUnamortizedBalanceOfNegativeGoodwillForEachReportableSegmentAbstract" order="1.0"/>
  </link:presentationLink>
</link:linkbase>
