<?xml version="1.0" encoding="UTF-8"?>
<!--  (c) Financial Services Agency, The Japanese Government.
      All Rights Reserved.
      For intellectual property policy and authorized uses of EDINET Taxonomy,
      refer to “EDINET Taxonomy Legal Statement” at http://www.fsa.go.jp/search/EDINET_Taxonomy_Legal_Statement.html
-->
<link:linkbase xmlns:link="http://www.xbrl.org/2003/linkbase" xmlns:xsi="http://www.w3.org/2001/XMLSchema-instance" xmlns:xlink="http://www.w3.org/1999/xlink" xmlns:xbrli="http://www.xbrl.org/2003/instance">
  <link:roleRef roleURI="http://disclosure.edinet-fsa.go.jp/role/jpcrp/rol_std_NotesSignificantAccountingPoliciesForPreparationOfConsolidatedFinancialStatements" xlink:type="simple" xlink:href="../jpcrp_rt_2020-11-01.xsd#rol_std_NotesSignificantAccountingPoliciesForPreparationOfConsolidatedFinancialStatements"/>
  <link:presentationLink xlink:type="extended" xlink:role="http://disclosure.edinet-fsa.go.jp/role/jpcrp/rol_std_NotesSignificantAccountingPoliciesForPreparationOfConsolidatedFinancialStatements">
    <link:loc xlink:type="locator" xlink:href="../../../jppfs/2020-11-01/jppfs_cor_2020-11-01.xsd#jppfs_cor_ConsolidatedOrNonConsolidatedAxis" xlink:label="ConsolidatedOrNonConsolidatedAxis"/>
    <link:loc xlink:type="locator" xlink:href="../../../jppfs/2020-11-01/jppfs_cor_2020-11-01.xsd#jppfs_cor_ConsolidatedMember" xlink:label="ConsolidatedMember"/>
    <link:presentationArc xlink:type="arc" xlink:arcrole="http://www.xbrl.org/2003/arcrole/parent-child" xlink:from="ConsolidatedOrNonConsolidatedAxis" xlink:to="ConsolidatedMember" order="1.0"/>
    <link:loc xlink:type="locator" xlink:href="../jpcrp_cor_2020-11-01.xsd#jpcrp_cor_NotesSignificantAccountingPoliciesForPreparationOfConsolidatedFinancialStatementsHeading" xlink:label="NotesSignificantAccountingPoliciesForPreparationOfConsolidatedFinancialStatementsHeading"/>
    <link:loc xlink:type="locator" xlink:href="../jpcrp_cor_2020-11-01.xsd#jpcrp_cor_NotesSignificantAccountingPoliciesForPreparationOfConsolidatedFinancialStatementsTable" xlink:label="NotesSignificantAccountingPoliciesForPreparationOfConsolidatedFinancialStatementsTable"/>
    <link:presentationArc xlink:type="arc" xlink:arcrole="http://www.xbrl.org/2003/arcrole/parent-child" xlink:from="NotesSignificantAccountingPoliciesForPreparationOfConsolidatedFinancialStatementsHeading" xlink:to="NotesSignificantAccountingPoliciesForPreparationOfConsolidatedFinancialStatementsTable" order="1.0"/>
    <link:presentationArc xlink:type="arc" xlink:arcrole="http://www.xbrl.org/2003/arcrole/parent-child" xlink:from="NotesSignificantAccountingPoliciesForPreparationOfConsolidatedFinancialStatementsTable" xlink:to="ConsolidatedOrNonConsolidatedAxis" order="1.0"/>
    <link:loc xlink:type="locator" xlink:href="../jpcrp_cor_2020-11-01.xsd#jpcrp_cor_NotesSignificantAccountingPoliciesForPreparationOfConsolidatedFinancialStatementsLineItems" xlink:label="NotesSignificantAccountingPoliciesForPreparationOfConsolidatedFinancialStatementsLineItems"/>
    <link:presentationArc xlink:type="arc" xlink:arcrole="http://www.xbrl.org/2003/arcrole/parent-child" xlink:from="NotesSignificantAccountingPoliciesForPreparationOfConsolidatedFinancialStatementsHeading" xlink:to="NotesSignificantAccountingPoliciesForPreparationOfConsolidatedFinancialStatementsLineItems" order="2.0"/>
    <link:loc xlink:type="locator" xlink:href="../jpcrp_cor_2020-11-01.xsd#jpcrp_cor_DisclosureOfScopeOfConsolidationAbstract" xlink:label="DisclosureOfScopeOfConsolidationAbstract"/>
    <link:presentationArc xlink:type="arc" xlink:arcrole="http://www.xbrl.org/2003/arcrole/parent-child" xlink:from="NotesSignificantAccountingPoliciesForPreparationOfConsolidatedFinancialStatementsLineItems" xlink:to="DisclosureOfScopeOfConsolidationAbstract" order="1.0"/>
    <link:loc xlink:type="locator" xlink:href="../jpcrp_cor_2020-11-01.xsd#jpcrp_cor_NumberOfConsolidatedSubsidiariesAndNamesOfMajorConsolidatedSubsidiariesTextBlock" xlink:label="NumberOfConsolidatedSubsidiariesAndNamesOfMajorConsolidatedSubsidiariesTextBlock"/>
    <link:presentationArc xlink:type="arc" xlink:arcrole="http://www.xbrl.org/2003/arcrole/parent-child" xlink:from="DisclosureOfScopeOfConsolidationAbstract" xlink:to="NumberOfConsolidatedSubsidiariesAndNamesOfMajorConsolidatedSubsidiariesTextBlock" order="1.0"/>
    <link:loc xlink:type="locator" xlink:href="../jpcrp_cor_2020-11-01.xsd#jpcrp_cor_NumberOfConsolidatedSubsidiaries" xlink:label="NumberOfConsolidatedSubsidiaries"/>
    <link:presentationArc xlink:type="arc" xlink:arcrole="http://www.xbrl.org/2003/arcrole/parent-child" xlink:from="NumberOfConsolidatedSubsidiariesAndNamesOfMajorConsolidatedSubsidiariesTextBlock" xlink:to="NumberOfConsolidatedSubsidiaries" order="1.0"/>
    <link:loc xlink:type="locator" xlink:href="../jpcrp_cor_2020-11-01.xsd#jpcrp_cor_ChangesInScopeOfConsolidationTextBlock" xlink:label="ChangesInScopeOfConsolidationTextBlock"/>
    <link:presentationArc xlink:type="arc" xlink:arcrole="http://www.xbrl.org/2003/arcrole/parent-child" xlink:from="NumberOfConsolidatedSubsidiariesAndNamesOfMajorConsolidatedSubsidiariesTextBlock" xlink:to="ChangesInScopeOfConsolidationTextBlock" order="2.0"/>
    <link:loc xlink:type="locator" xlink:href="../jpcrp_cor_2020-11-01.xsd#jpcrp_cor_NamesOfMajorUnconsolidatedSubsidiariesAndReasonsForExclusionFromScopeOfConsolidationTextBlock" xlink:label="NamesOfMajorUnconsolidatedSubsidiariesAndReasonsForExclusionFromScopeOfConsolidationTextBlock"/>
    <link:presentationArc xlink:type="arc" xlink:arcrole="http://www.xbrl.org/2003/arcrole/parent-child" xlink:from="DisclosureOfScopeOfConsolidationAbstract" xlink:to="NamesOfMajorUnconsolidatedSubsidiariesAndReasonsForExclusionFromScopeOfConsolidationTextBlock" order="2.0"/>
    <link:loc xlink:type="locator" xlink:href="../jpcrp_cor_2020-11-01.xsd#jpcrp_cor_NamesOfCompaniesEtcAndReasonsForNotBeingDeemedAsSubsidiariesEvenThoughMoreThanHalfOfVotingRightsAreOwnedByReportingCompanyTextBlock" xlink:label="NamesOfCompaniesEtcAndReasonsForNotBeingDeemedAsSubsidiariesEvenThoughMoreThanHalfOfVotingRightsAreOwnedByReportingCompanyTextBlock"/>
    <link:presentationArc xlink:type="arc" xlink:arcrole="http://www.xbrl.org/2003/arcrole/parent-child" xlink:from="DisclosureOfScopeOfConsolidationAbstract" xlink:to="NamesOfCompaniesEtcAndReasonsForNotBeingDeemedAsSubsidiariesEvenThoughMoreThanHalfOfVotingRightsAreOwnedByReportingCompanyTextBlock" order="3.0"/>
    <link:loc xlink:type="locator" xlink:href="../jpcrp_cor_2020-11-01.xsd#jpcrp_cor_SummaryOfSpecialPurposeEntitiesSubjectToDisclosureOverviewAndAmountsOfTransactionsWithSuchEntitiesAndOtherRelevantMaterialInformationTextBlock" xlink:label="SummaryOfSpecialPurposeEntitiesSubjectToDisclosureOverviewAndAmountsOfTransactionsWithSuchEntitiesAndOtherRelevantMaterialInformationTextBlock"/>
    <link:presentationArc xlink:type="arc" xlink:arcrole="http://www.xbrl.org/2003/arcrole/parent-child" xlink:from="DisclosureOfScopeOfConsolidationAbstract" xlink:to="SummaryOfSpecialPurposeEntitiesSubjectToDisclosureOverviewAndAmountsOfTransactionsWithSuchEntitiesAndOtherRelevantMaterialInformationTextBlock" order="4.0"/>
    <link:loc xlink:type="locator" xlink:href="../jpcrp_cor_2020-11-01.xsd#jpcrp_cor_DisclosureAboutApplicationOfEquityMethodAbstract" xlink:label="DisclosureAboutApplicationOfEquityMethodAbstract"/>
    <link:presentationArc xlink:type="arc" xlink:arcrole="http://www.xbrl.org/2003/arcrole/parent-child" xlink:from="NotesSignificantAccountingPoliciesForPreparationOfConsolidatedFinancialStatementsLineItems" xlink:to="DisclosureAboutApplicationOfEquityMethodAbstract" order="2.0"/>
    <link:loc xlink:type="locator" xlink:href="../jpcrp_cor_2020-11-01.xsd#jpcrp_cor_NumberOfUnconsolidatedSubsidiariesAndAssociatesAccountedForUsingEquityMethodAndNamesOfMajorEntitiesAccountedForUsingEquityMethodTextBlock" xlink:label="NumberOfUnconsolidatedSubsidiariesAndAssociatesAccountedForUsingEquityMethodAndNamesOfMajorEntitiesAccountedForUsingEquityMethodTextBlock"/>
    <link:presentationArc xlink:type="arc" xlink:arcrole="http://www.xbrl.org/2003/arcrole/parent-child" xlink:from="DisclosureAboutApplicationOfEquityMethodAbstract" xlink:to="NumberOfUnconsolidatedSubsidiariesAndAssociatesAccountedForUsingEquityMethodAndNamesOfMajorEntitiesAccountedForUsingEquityMethodTextBlock" order="1.0"/>
    <link:loc xlink:type="locator" xlink:href="../jpcrp_cor_2020-11-01.xsd#jpcrp_cor_NumberOfUnconsolidatedSubsidiariesAndAssociatesAccountedForUsingEquityMethod" xlink:label="NumberOfUnconsolidatedSubsidiariesAndAssociatesAccountedForUsingEquityMethod"/>
    <link:presentationArc xlink:type="arc" xlink:arcrole="http://www.xbrl.org/2003/arcrole/parent-child" xlink:from="NumberOfUnconsolidatedSubsidiariesAndAssociatesAccountedForUsingEquityMethodAndNamesOfMajorEntitiesAccountedForUsingEquityMethodTextBlock" xlink:to="NumberOfUnconsolidatedSubsidiariesAndAssociatesAccountedForUsingEquityMethod" order="1.0"/>
    <link:loc xlink:type="locator" xlink:href="../jpcrp_cor_2020-11-01.xsd#jpcrp_cor_ChangesInScopeOfApplicationOfEquityMethodTextBlock" xlink:label="ChangesInScopeOfApplicationOfEquityMethodTextBlock"/>
    <link:presentationArc xlink:type="arc" xlink:arcrole="http://www.xbrl.org/2003/arcrole/parent-child" xlink:from="NumberOfUnconsolidatedSubsidiariesAndAssociatesAccountedForUsingEquityMethodAndNamesOfMajorEntitiesAccountedForUsingEquityMethodTextBlock" xlink:to="ChangesInScopeOfApplicationOfEquityMethodTextBlock" order="2.0"/>
    <link:loc xlink:type="locator" xlink:href="../jpcrp_cor_2020-11-01.xsd#jpcrp_cor_NumberOfUnconsolidatedSubsidiariesAccountedForUsingEquityMethod" xlink:label="NumberOfUnconsolidatedSubsidiariesAccountedForUsingEquityMethod"/>
    <link:presentationArc xlink:type="arc" xlink:arcrole="http://www.xbrl.org/2003/arcrole/parent-child" xlink:from="NumberOfUnconsolidatedSubsidiariesAndAssociatesAccountedForUsingEquityMethodAndNamesOfMajorEntitiesAccountedForUsingEquityMethodTextBlock" xlink:to="NumberOfUnconsolidatedSubsidiariesAccountedForUsingEquityMethod" order="3.0"/>
    <link:loc xlink:type="locator" xlink:href="../jpcrp_cor_2020-11-01.xsd#jpcrp_cor_ChangesInScopeOfApplicationOfEquityMethodUnconsolidatedSubsidiariesTextBlock" xlink:label="ChangesInScopeOfApplicationOfEquityMethodUnconsolidatedSubsidiariesTextBlock"/>
    <link:presentationArc xlink:type="arc" xlink:arcrole="http://www.xbrl.org/2003/arcrole/parent-child" xlink:from="NumberOfUnconsolidatedSubsidiariesAndAssociatesAccountedForUsingEquityMethodAndNamesOfMajorEntitiesAccountedForUsingEquityMethodTextBlock" xlink:to="ChangesInScopeOfApplicationOfEquityMethodUnconsolidatedSubsidiariesTextBlock" order="4.0"/>
    <link:loc xlink:type="locator" xlink:href="../jpcrp_cor_2020-11-01.xsd#jpcrp_cor_NumberOfAssociatesAccountedForUsingEquityMethod" xlink:label="NumberOfAssociatesAccountedForUsingEquityMethod"/>
    <link:presentationArc xlink:type="arc" xlink:arcrole="http://www.xbrl.org/2003/arcrole/parent-child" xlink:from="NumberOfUnconsolidatedSubsidiariesAndAssociatesAccountedForUsingEquityMethodAndNamesOfMajorEntitiesAccountedForUsingEquityMethodTextBlock" xlink:to="NumberOfAssociatesAccountedForUsingEquityMethod" order="5.0"/>
    <link:loc xlink:type="locator" xlink:href="../jpcrp_cor_2020-11-01.xsd#jpcrp_cor_ChangesInScopeOfApplicationOfEquityMethodAssociatesTextBlock" xlink:label="ChangesInScopeOfApplicationOfEquityMethodAssociatesTextBlock"/>
    <link:presentationArc xlink:type="arc" xlink:arcrole="http://www.xbrl.org/2003/arcrole/parent-child" xlink:from="NumberOfUnconsolidatedSubsidiariesAndAssociatesAccountedForUsingEquityMethodAndNamesOfMajorEntitiesAccountedForUsingEquityMethodTextBlock" xlink:to="ChangesInScopeOfApplicationOfEquityMethodAssociatesTextBlock" order="6.0"/>
    <link:loc xlink:type="locator" xlink:href="../jpcrp_cor_2020-11-01.xsd#jpcrp_cor_NamesOfMajorUnconsolidatedSubsidiariesAndAssociatesAndReasonsForNotBeingAccountedForUsingEquityMethodTextBlock" xlink:label="NamesOfMajorUnconsolidatedSubsidiariesAndAssociatesAndReasonsForNotBeingAccountedForUsingEquityMethodTextBlock"/>
    <link:presentationArc xlink:type="arc" xlink:arcrole="http://www.xbrl.org/2003/arcrole/parent-child" xlink:from="DisclosureAboutApplicationOfEquityMethodAbstract" xlink:to="NamesOfMajorUnconsolidatedSubsidiariesAndAssociatesAndReasonsForNotBeingAccountedForUsingEquityMethodTextBlock" order="2.0"/>
    <link:loc xlink:type="locator" xlink:href="../jpcrp_cor_2020-11-01.xsd#jpcrp_cor_NamesOfCompaniesEtcAndReasonsForNotBeingDeemedAsAssociatesEvenThoughMoreThan20PerCentAndLessThanHalfOfVotingRightsAreOwnedByReportingCompanyTextBlock" xlink:label="NamesOfCompaniesEtcAndReasonsForNotBeingDeemedAsAssociatesEvenThoughMoreThan20PerCentAndLessThanHalfOfVotingRightsAreOwnedByReportingCompanyTextBlock"/>
    <link:presentationArc xlink:type="arc" xlink:arcrole="http://www.xbrl.org/2003/arcrole/parent-child" xlink:from="DisclosureAboutApplicationOfEquityMethodAbstract" xlink:to="NamesOfCompaniesEtcAndReasonsForNotBeingDeemedAsAssociatesEvenThoughMoreThan20PerCentAndLessThanHalfOfVotingRightsAreOwnedByReportingCompanyTextBlock" order="3.0"/>
    <link:loc xlink:type="locator" xlink:href="../jpcrp_cor_2020-11-01.xsd#jpcrp_cor_OtherSpecificInformationIfDeemedNecessaryAboutApplicationOfEquityMethodTextBlock" xlink:label="OtherSpecificInformationIfDeemedNecessaryAboutApplicationOfEquityMethodTextBlock"/>
    <link:presentationArc xlink:type="arc" xlink:arcrole="http://www.xbrl.org/2003/arcrole/parent-child" xlink:from="DisclosureAboutApplicationOfEquityMethodAbstract" xlink:to="OtherSpecificInformationIfDeemedNecessaryAboutApplicationOfEquityMethodTextBlock" order="4.0"/>
    <link:loc xlink:type="locator" xlink:href="../jpcrp_cor_2020-11-01.xsd#jpcrp_cor_DisclosureAboutFiscalYearsEtcOfConsolidatedSubsidiariesTextBlock" xlink:label="DisclosureAboutFiscalYearsEtcOfConsolidatedSubsidiariesTextBlock"/>
    <link:presentationArc xlink:type="arc" xlink:arcrole="http://www.xbrl.org/2003/arcrole/parent-child" xlink:from="NotesSignificantAccountingPoliciesForPreparationOfConsolidatedFinancialStatementsLineItems" xlink:to="DisclosureAboutFiscalYearsEtcOfConsolidatedSubsidiariesTextBlock" order="3.0"/>
    <link:loc xlink:type="locator" xlink:href="../jpcrp_cor_2020-11-01.xsd#jpcrp_cor_DisclosureOfAccountingPoliciesAbstract" xlink:label="DisclosureOfAccountingPoliciesAbstract"/>
    <link:presentationArc xlink:type="arc" xlink:arcrole="http://www.xbrl.org/2003/arcrole/parent-child" xlink:from="NotesSignificantAccountingPoliciesForPreparationOfConsolidatedFinancialStatementsLineItems" xlink:to="DisclosureOfAccountingPoliciesAbstract" order="4.0"/>
    <link:loc xlink:type="locator" xlink:href="../jpcrp_cor_2020-11-01.xsd#jpcrp_cor_DisclosureOfAccountingPoliciesTextBlock" xlink:label="DisclosureOfAccountingPoliciesTextBlock"/>
    <link:presentationArc xlink:type="arc" xlink:arcrole="http://www.xbrl.org/2003/arcrole/parent-child" xlink:from="DisclosureOfAccountingPoliciesAbstract" xlink:to="DisclosureOfAccountingPoliciesTextBlock" order="1.0"/>
  </link:presentationLink>
</link:linkbase>
