<?xml version="1.0" encoding="UTF-8"?>
<!--  (c) Financial Services Agency, The Japanese Government.
      All Rights Reserved.
      For intellectual property policy and authorized uses of EDINET Taxonomy,
      refer to “EDINET Taxonomy Legal Statement” at http://www.fsa.go.jp/search/EDINET_Taxonomy_Legal_Statement.html
-->
<link:linkbase xmlns:link="http://www.xbrl.org/2003/linkbase" xmlns:xsi="http://www.w3.org/2001/XMLSchema-instance" xmlns:xlink="http://www.w3.org/1999/xlink" xmlns:xbrli="http://www.xbrl.org/2003/instance">
  <link:roleRef roleURI="http://disclosure.edinet-fsa.go.jp/role/jpcrp/rol_std_NotesConsolidatedStatementOfChangesInEquity" xlink:type="simple" xlink:href="../jpcrp_rt_2020-11-01.xsd#rol_std_NotesConsolidatedStatementOfChangesInEquity"/>
  <link:presentationLink xlink:type="extended" xlink:role="http://disclosure.edinet-fsa.go.jp/role/jpcrp/rol_std_NotesConsolidatedStatementOfChangesInEquity">
    <link:loc xlink:type="locator" xlink:href="../../../jppfs/2020-11-01/jppfs_cor_2020-11-01.xsd#jppfs_cor_ConsolidatedOrNonConsolidatedAxis" xlink:label="ConsolidatedOrNonConsolidatedAxis"/>
    <link:loc xlink:type="locator" xlink:href="../../../jppfs/2020-11-01/jppfs_cor_2020-11-01.xsd#jppfs_cor_ConsolidatedMember" xlink:label="ConsolidatedMember"/>
    <link:presentationArc xlink:type="arc" xlink:arcrole="http://www.xbrl.org/2003/arcrole/parent-child" xlink:from="ConsolidatedOrNonConsolidatedAxis" xlink:to="ConsolidatedMember" order="1.0"/>
    <link:loc xlink:type="locator" xlink:href="../jpcrp_cor_2020-11-01.xsd#jpcrp_cor_NotesConsolidatedStatementOfChangesInEquityHeading" xlink:label="NotesConsolidatedStatementOfChangesInEquityHeading"/>
    <link:loc xlink:type="locator" xlink:href="../jpcrp_cor_2020-11-01.xsd#jpcrp_cor_NotesConsolidatedStatementOfChangesInEquityTable" xlink:label="NotesConsolidatedStatementOfChangesInEquityTable"/>
    <link:presentationArc xlink:type="arc" xlink:arcrole="http://www.xbrl.org/2003/arcrole/parent-child" xlink:from="NotesConsolidatedStatementOfChangesInEquityHeading" xlink:to="NotesConsolidatedStatementOfChangesInEquityTable" order="1.0"/>
    <link:presentationArc xlink:type="arc" xlink:arcrole="http://www.xbrl.org/2003/arcrole/parent-child" xlink:from="NotesConsolidatedStatementOfChangesInEquityTable" xlink:to="ConsolidatedOrNonConsolidatedAxis" order="1.0"/>
    <link:loc xlink:type="locator" xlink:href="../jpcrp_cor_2020-11-01.xsd#jpcrp_cor_NotesConsolidatedStatementOfChangesInEquityLineItems" xlink:label="NotesConsolidatedStatementOfChangesInEquityLineItems"/>
    <link:presentationArc xlink:type="arc" xlink:arcrole="http://www.xbrl.org/2003/arcrole/parent-child" xlink:from="NotesConsolidatedStatementOfChangesInEquityHeading" xlink:to="NotesConsolidatedStatementOfChangesInEquityLineItems" order="2.0"/>
    <link:loc xlink:type="locator" xlink:href="../jpcrp_cor_2020-11-01.xsd#jpcrp_cor_NotesRegardingIssuedSharesAndTreasurySharesTextBlock" xlink:label="NotesRegardingIssuedSharesAndTreasurySharesTextBlock"/>
    <link:presentationArc xlink:type="arc" xlink:arcrole="http://www.xbrl.org/2003/arcrole/parent-child" xlink:from="NotesConsolidatedStatementOfChangesInEquityLineItems" xlink:to="NotesRegardingIssuedSharesAndTreasurySharesTextBlock" order="1.0"/>
    <link:loc xlink:type="locator" xlink:href="../jpcrp_cor_2020-11-01.xsd#jpcrp_cor_NotesRegardingNewShareSubscriptionRightsEtcTextBlock" xlink:label="NotesRegardingNewShareSubscriptionRightsEtcTextBlock"/>
    <link:presentationArc xlink:type="arc" xlink:arcrole="http://www.xbrl.org/2003/arcrole/parent-child" xlink:from="NotesConsolidatedStatementOfChangesInEquityLineItems" xlink:to="NotesRegardingNewShareSubscriptionRightsEtcTextBlock" order="2.0"/>
    <link:loc xlink:type="locator" xlink:href="../jpcrp_cor_2020-11-01.xsd#jpcrp_cor_NotesRegardingDividendTextBlock" xlink:label="NotesRegardingDividendTextBlock"/>
    <link:presentationArc xlink:type="arc" xlink:arcrole="http://www.xbrl.org/2003/arcrole/parent-child" xlink:from="NotesConsolidatedStatementOfChangesInEquityLineItems" xlink:to="NotesRegardingDividendTextBlock" order="3.0"/>
  </link:presentationLink>
</link:linkbase>
